{"train/loss": 0.1716, "train/grad_norm": 0.013717233203351498, "train/learning_rate": 2.5942350332594233e-05, "train/epoch": 16.0, "train/global_step": 2672, "_timestamp": 1739784173.038607, "_runtime": 2433.3611857891083, "_step": 339, "test/loss": 1.5097087621688843, "test/accuracy": 0.7916666666666666, "test/precision": 0.7151898351415751, "test/recall": 0.48855196660074707, "test/f1": 0.5211951447245565, "test/runtime": 4.4308, "test/samples_per_second": 37.916, "test/steps_per_second": 4.74, "epoch": 16.0, "train/f1": 0.7770416384972432, "train/accuracy": 0.9887640449438202, "train/precision": 0.95877323769611, "train/recall": 0.7882918465921268, "val/f1": 0.591251968503937, "val/accuracy": 0.844311377245509, "val/precision": 0.7386208836768537, "val/recall": 0.6575, "val/loss": 1.1534578800201416, "eval/loss": 1.089392900466919, "eval/accuracy": 0.844311377245509, "eval/precision": 0.7589015151515152, "eval/recall": 0.6620833333333334, "eval/f1": 0.6202380952380953, "eval/runtime": 4.4031, "eval/samples_per_second": 37.928, "eval/steps_per_second": 4.769, "train_runtime": 2420.6957, "train_samples_per_second": 16.545, "train_steps_per_second": 2.07, "total_flos": 5620304312156160.0, "train_loss": 0.28511683532653076, "label_metrics": {"_type": "table-file", "sha256": "b50c4407d337ee3e8790a21e41b62d36fcd92bd235eccc8423e3aa784b321a6f", "size": 616, "artifact_path": "wandb-client-artifact://oglkde0ydl7f4774x8ucqtocn88zz1qfkhrs6dxmabsd0h7dooara3otf4gxv59s8e9r8cc5pppjxf207lg46zhn5ui4p1rr2oedqn2hiy42i1tsfhqdsualkyeuzrj4/label_metrics.table.json", "_latest_artifact_path": "wandb-client-artifact://4y87ivuo0cs234zujuybqqyh1htsg5dl3r546xlcs1wpslgmi6fwgz11ub5020cxz08vr0h27a1zxo0yvtfd86rrr1xk3lptk8hd30nmqcy43v3aioxpct5dvev8t4ro:latest/label_metrics.table.json", "path": "media/table/label_metrics_334_b50c4407d337ee3e8790.table.json", "ncols": 6, "nrows": 5}, "test_predictions": {"_type": "table-file", "sha256": "ab8b90779c3e9d69a5584008033fde9a33c57125d5ed6f1629e1b123f070214d", "size": 90459, "artifact_path": "wandb-client-artifact://z2o62gsphfwejtyv4szugie1mmv31zmgielsdvqjaxhyg9qdv5dlhlqbndczkgaz4u8l2yyqhsddr0ju0dkigug5uwtbtze0logemeh18y2chbpal2rv02ximctk7s1y/test_predictions.table.json", "_latest_artifact_path": "wandb-client-artifact://u0yozqu8w12uhbfnm881pv0bkw3bvbl3n5aa8iiyfioy4giov5omalq5ho1e2irmbb1eqihsth4mwpowqnjin1lt704fwcv4eqsz7e9c0gv27aytwml7i75zjertdjg1:latest/test_predictions.table.json", "path": "media/table/test_predictions_335_ab8b90779c3e9d69a558.table.json", "ncols": 8, "nrows": 168}, "test-metrics": {"_type": "table-file", "sha256": "427214e349163ac4449f82add12b5236efb9c94badae59989d60b6e246c02206", "size": 195, "artifact_path": "wandb-client-artifact://vomdb55u8cvh8v6856m4exy8lai6jabx8c8hn8o1lcoow95i1rex3brn0ti6x2rpdd8wz8q5r3ik72xtui6phqw6sm6lz6lf3zl6fyrw3xx616lrzzg64te7b8f41ozd/test-metrics.table.json", "_latest_artifact_path": "wandb-client-artifact://0mzx18obnmi32xufrwmhii0u746gdg0oid5hb3un3wupm1gjuynsyiya1f9i68v1yn2jl2758fn0tjv3evp4x2qj29f510vov0wsl13oaakg7q216emqusv22l4bdlfv:latest/test-metrics.table.json", "path": "media/table/test-metrics_336_427214e349163ac4449f.table.json", "ncols": 5, "nrows": 1}, "test_connective_metrics": {"_type": "table-file", "sha256": "e73dacceeacdb64f155bc29c42b624c8fcf03b94c165ab545b63e5016e8a077a", "size": 423, "artifact_path": "wandb-client-artifact://m3s75gu9oudl7z5cemcq2zxasqcyk7jpm2clzcbnepj8byoznfnc3l7qzkk6h9bvpugceqc5z4iv57xy2p9s3gpuca5ksnfi0wkpvxlfkucbtssjqh052orn5m914cpy/test_connective_metrics.table.json", "_latest_artifact_path": "wandb-client-artifact://pko2qayj3q4kntsdalyd0rtn8xx8t57mkrcymekvexjfgv6fcm4lps272iv3vlw7lxc2uh69zja8b57aq9y306dm8gf5bieysdl4lzcvn80ctxolcqbxem8dai7ugm2f:latest/test_connective_metrics.table.json", "path": "media/table/test_connective_metrics_337_e73dacceeacdb64f155b.table.json", "ncols": 6, "nrows": 3}, "Exclude_counts": {"_type": "table-file", "sha256": "082fcc874914d75958d68e780085931cf5c17034575e8b060f4acd16accf2d9e", "size": 71, "artifact_path": "wandb-client-artifact://81xal9lkbngznzffo0cu4yqy1znyjdw2zppvq6koczdj8kob3cu15q2n6x2zqqcnpknffr2eoc3u3vpcq5y7dcgo8iup0v6g6i71sshcuct8an1jvwkfgfwlr5rgp180/Exclude_counts.table.json", "_latest_artifact_path": "wandb-client-artifact://tbhxl3dt0tnn4c99wh1rfr72z8ffqmk5ok4e0ray1v0a4y3wv0yu5b8ycls2u0nt9o1ksbl2k71e62dwidei9d9rufj3do9ktrsds164v9xazftyira90i01mt0kvvtk:latest/Exclude_counts.table.json", "path": "media/table/Exclude_counts_338_082fcc874914d75958d6.table.json", "ncols": 2, "nrows": 1}, "_wandb": {"runtime": 2441}}