{"train/loss": 0.4513, "train/grad_norm": 4.252290725708008, "train/learning_rate": 3.337028824833703e-05, "train/epoch": 12.0, "train/global_step": 2004, "_timestamp": 1736785593.1126869, "_runtime": 870.7293589115143, "_step": 255, "test/loss": 0.854203999042511, "test/accuracy": 0.6964285714285714, "test/precision": 0.5457191780821917, "test/recall": 0.25669523181718307, "test/f1": 0.2619169947868041, "test/runtime": 1.8669, "test/samples_per_second": 89.989, "test/steps_per_second": 11.249, "epoch": 12.0, "train/f1": 0.6267870937223745, "train/accuracy": 0.899625468164794, "train/precision": 0.8594489749381053, "train/recall": 0.5859132787957707, "val/f1": 0.38067625258636495, "val/accuracy": 0.7544910179640718, "val/precision": 0.570578231292517, "val/recall": 0.3541666666666667, "val/loss": 0.8081298470497131, "eval/loss": 0.7508023977279663, "eval/accuracy": 0.7485029940119761, "eval/precision": 0.6649305555555556, "eval/recall": 0.4175, "eval/f1": 0.455058275058275, "eval/runtime": 1.8497, "eval/samples_per_second": 90.283, "eval/steps_per_second": 11.353, "train_runtime": 863.4233, "train_samples_per_second": 46.385, "train_steps_per_second": 5.802, "total_flos": 4215152642273280.0, "train_loss": 0.6595642119348644, "label_metrics": {"_type": "table-file", "sha256": "daab25340bc272236ee51e662b7994dbcb992afcb8063b52e10c6853a2acac46", "size": 627, "artifact_path": "wandb-client-artifact://88pw6usw6272iuucd4xncvy7aciy1rkgq1rpu97q7x3mhb9eaon98un0jftndq0zrt8ahz4myvbpf4lpbowxsfekm7l32kam939d5cjma5ecs78sm9dghl7jkfut9kft/label_metrics.table.json", "_latest_artifact_path": "wandb-client-artifact://q59cyiysjjvoaxbfjo0kmkxdawy8weh29qk4nrwjad39jwr8re565q73hgf2pmn1chwho9hpveg4jeohtsx6st9t2rcdjp9w0fdrreyiltz5il3pjb9igby69xhcqjam:latest/label_metrics.table.json", "path": "media/table/label_metrics_251_daab25340bc272236ee5.table.json", "ncols": 6, "nrows": 5}, "test_predictions": {"_type": "table-file", "sha256": "65ab0564f00bb7f4764a41078d887c8b6ef9675b4a2594679c429fa8a7010f90", "size": 86649, "artifact_path": "wandb-client-artifact://8q2zxwxzoj4ecywdp5012kv7opms9tqkjlmvp4domhp6m3syyuxang2fr09t5eodejiv40dc9jxszt515ilsf0fl8qrk3wvrnmtv21mj900tdnp9j1qdfq63q8bo5gk7/test_predictions.table.json", "_latest_artifact_path": "wandb-client-artifact://csl7jydukjpfja78y3e5kufu0dnms0mfzwklhxfcnkshkqs5iek7vrrhc5ol39f6sfza6dxkhwpmzwdu0gm3dw5ytpvkugwc91p3sy1mltv0lssmqlxkx54w79fu9pc6:latest/test_predictions.table.json", "path": "media/table/test_predictions_252_65ab0564f00bb7f4764a.table.json", "ncols": 8, "nrows": 168}, "test-metrics": {"_type": "table-file", "sha256": "ada79bf02d0e1d4d7cceca867ddc096af91251b4644518bb9ab6a358bbc5a7c5", "size": 211, "artifact_path": "wandb-client-artifact://dvcouatd298eu809r9nh1xw1tpnekz9fnp8yazzt8cjv85nagtm38lls6lovz3tor278moh8po4s1xjmt9ba0vtq0jo1ljjvq2hafvdbz5wshnjupq28xaymlti46oou/test-metrics.table.json", "_latest_artifact_path": "wandb-client-artifact://byy5odu45s582hiy6hx9yq4ovmtj0oybusoij7nmvtaedqgtu102rzth9et39qsnda41vj3gmx51x7ee8yijpjv0k1p0qng9erky1ozgi2nu64hhakg24l08bec3ti3z:latest/test-metrics.table.json", "path": "media/table/test-metrics_253_ada79bf02d0e1d4d7cce.table.json", "ncols": 5, "nrows": 1}, "test_connective_metrics": {"_type": "table-file", "sha256": "b5ff9678f8f72eef463dab1d1ebd388f79dcbc2b6b1a45b7644620e3a4930af1", "size": 441, "artifact_path": "wandb-client-artifact://hfmlkl8s64kovif06lizq7z3zn5azbn69ycgeprtjd3mia9ec8bxg01fkqek65ge5io816d2x8qguy1gmgxh32ei8llmmh1ymjhzikymptvcnkabqbvkvh9i6wdn7ds0/test_connective_metrics.table.json", "_latest_artifact_path": "wandb-client-artifact://0d1x8b2h0d1vaeqskl5v09giarf7x028rjyz3zwdsuuj1cye0wpplwwo8afyzgraq2b6uo0m0ngo3qde662l6wksn1z2yrrl5nz8yre8dyam7zvuosr2f5xrwv6b2px8:latest/test_connective_metrics.table.json", "path": "media/table/test_connective_metrics_254_b5ff9678f8f72eef463d.table.json", "ncols": 6, "nrows": 3}, "Exclude_counts": {"_type": "table-file", "sha256": "b29489d20e57d05bb6aec67be60a99d8dcef8e432ded61216e66508bd510be58", "size": 90, "artifact_path": "wandb-client-artifact://tn74mr3h3buautp96ob3hrggp9lzs1y7d4ipc9tja0kmmjdudrzh3cuphbppz735szly79i1ypajcf0qxhw4mv2uplqhj9t8wymhdauljn0eq5zgmboaus08b6g4lqa0/Exclude_counts.table.json", "_latest_artifact_path": "wandb-client-artifact://mjfeauivqlhmts3wedv59zs1ksok2yclw3hs2exybq5vioxwxm5rk3yiotyq0kzrk1p29yul7t5fqad07dbh9ywhuzpzgapzadrnnzd9vox6eub5mcl5am89g65iap4i:latest/Exclude_counts.table.json", "path": "media/table/Exclude_counts_255_b29489d20e57d05bb6ae.table.json", "ncols": 2, "nrows": 1}, "_wandb": {"runtime": 878}}