{"train/loss": 0.3376, "train/grad_norm": 1.9203318357467651, "train/learning_rate": 3.7028824833702884e-05, "train/epoch": 10.0, "train/global_step": 1670, "_timestamp": 1736068791.8057785, "_runtime": 763.7444894313812, "_step": 213, "test/loss": 0.9076634645462036, "test/accuracy": 0.6666666666666666, "test/precision": 0.5460324935248411, "test/recall": 0.23564051856734786, "test/f1": 0.22401433691756276, "test/runtime": 1.899, "test/samples_per_second": 88.468, "test/steps_per_second": 11.058, "epoch": 10.0, "train/f1": 0.6350297180503313, "train/accuracy": 0.8808988764044944, "train/precision": 0.8642473505759509, "train/recall": 0.5774006850700253, "val/f1": 0.4531995182657568, "val/accuracy": 0.7844311377245509, "val/precision": 0.6850574712643678, "val/recall": 0.4179166666666667, "val/loss": 0.7116853594779968, "eval/loss": 0.6416904926300049, "eval/accuracy": 0.7844311377245509, "eval/precision": 0.6667542016806722, "eval/recall": 0.4833333333333334, "eval/f1": 0.49722919937205645, "eval/runtime": 1.8947, "eval/samples_per_second": 88.139, "eval/steps_per_second": 11.083, "train_runtime": 755.0153, "train_samples_per_second": 53.045, "train_steps_per_second": 6.636, "total_flos": 3512627201894400.0, "train_loss": 0.6694982034717492, "label_metrics": {"_type": "table-file", "sha256": "a485194e51b0ed174fd3fbb827ecff4e7675431296fe6dd55fde8bf4356fe892", "size": 525, "artifact_path": "wandb-client-artifact://gp8efxyfkqrzme7w2yfhelpquevyf1e9yb4rpauxsnuaikjd9nc6sdcunkw4j2qqdvn1k1b18rmpxbushxdkye4vme18hdu563jtbl3o82dtb24uat84nq3kzlcrgxz8/label_metrics.table.json", "_latest_artifact_path": "wandb-client-artifact://adyexdvzyjjem3884g49nb41g5r4qnqtnpkeg7p224h4xtjt8lph5ftdcv2pphf35fnm4fvmmvx07q1stpeg7fqcaapy6hriihp6iv4xjv6fptudczcol87yhnd9m5tz:latest/label_metrics.table.json", "path": "media/table/label_metrics_210_a485194e51b0ed174fd3.table.json", "ncols": 5, "nrows": 5}, "test_predictions": {"_type": "table-file", "sha256": "5a2b4d666d80cf11e2083754c5a56776f91c666d2fc37775db9e66f344ddbb85", "size": 81674, "artifact_path": "wandb-client-artifact://13mo8uttuuzdnribql263dzapmtin11fudtlzvwdncryeyffzne7hmjxknoyb8icv1jzspimnsxr2urcpr05wuv531ugcj203smxrwl6w6oe5etiukwi6jg9l87eqg7q/test_predictions.table.json", "_latest_artifact_path": "wandb-client-artifact://f1tdor9kncnbfnu5lll6ilbxh550kw1bj4wjds19dtkdk73weiatp4te03md4eny546ucng9aimy691pynaeuytdma1ff8cnkdiaxuk8i5ta5zuivthi1rcryqympic9:latest/test_predictions.table.json", "path": "media/table/test_predictions_211_5a2b4d666d80cf11e208.table.json", "ncols": 7, "nrows": 168}, "test-metrics": {"_type": "table-file", "sha256": "2e602ac691d9d0a804af4a6a9abf9b21edd9e33fa48ec1b1056c4033012a2aa3", "size": 212, "artifact_path": "wandb-client-artifact://v4lkqagtr8lnlk6liyc55dn3vycbplgxd3zsgvooyp205nah3o9qf0ng5im831sbcjzr1fuwlgd1svjn4j2l2ixwmbal3fl9lorp4mhkpwemsqq2sih11bto9m45c9av/test-metrics.table.json", "_latest_artifact_path": "wandb-client-artifact://v2evld3knp1s5e78vi5gguef660iu9dyd72bs7e31erkc7zy6tuqe7xlkh3evlwluzfv2ud2irnp63k0m3f1r4m3r9t6618ts3uagd86t9zvar0xtm1ef0h5msj6aixa:latest/test-metrics.table.json", "path": "media/table/test-metrics_212_2e602ac691d9d0a804af.table.json", "ncols": 5, "nrows": 1}, "test_connective_metrics": {"_type": "table-file", "sha256": "090efb23cc8f80b0794d3645719efc6bd626e3dd010224a5e23ca5fc229a24dc", "size": 443, "artifact_path": "wandb-client-artifact://m1ajcqlfz8r2p2grvhpzdv6bgb23j0f1i90x3tswdcnmgebcnrb98xve7qapzmfy1mxj7pxfdwktn22nr1ruwhxwkaqzj0ohbg9fdrd5qgfnyuyv63vqfutg8rci46z3/test_connective_metrics.table.json", "_latest_artifact_path": "wandb-client-artifact://f1gwbbqgbnsbrvzetd2blh479r2l5t2lk47jpvvppb3pwieg8ffzrl77hyfoumhci1byffh91vczj82n00u2zrac19qyhzl1ojwfdep4pegecpjjvdl8z8d0drix9j0w:latest/test_connective_metrics.table.json", "path": "media/table/test_connective_metrics_213_090efb23cc8f80b0794d.table.json", "ncols": 6, "nrows": 3}, "_wandb": {"runtime": 770}}