{"train/loss": 0.6641, "train/grad_norm": 9.368803024291992, "train/learning_rate": 1.6000000000000003e-05, "train/epoch": 1.0, "train/global_step": 167, "_timestamp": 1736413385.6766226, "_runtime": 80.79322052001953, "_step": 27, "test/loss": 0.7409750819206238, "test/accuracy": 0.7738095238095238, "test/precision": 0.7240404991758889, "test/recall": 0.2957591738079543, "test/f1": 0.2885304659498208, "test/runtime": 1.8602, "test/samples_per_second": 90.312, "test/steps_per_second": 11.289, "epoch": 1.0, "train/f1": 0.2852821585940557, "train/accuracy": 0.8172284644194756, "train/precision": 0.7261037234042553, "train/recall": 0.28739401930084785, "val/f1": 0.2733333333333333, "val/accuracy": 0.7844311377245509, "val/precision": 0.6923309178743962, "val/recall": 0.2779166666666667, "val/loss": null, "eval/loss": 0.6733443140983582, "eval/accuracy": 0.7844311377245509, "eval/precision": 0.6923309178743962, "eval/recall": 0.2779166666666667, "eval/f1": 0.2733333333333333, "eval/runtime": 1.8495, "eval/samples_per_second": 90.295, "eval/steps_per_second": 11.354, "train_runtime": 73.2605, "train_samples_per_second": 18.223, "train_steps_per_second": 2.28, "total_flos": 351262720189440.0, "train_loss": 0.9336317884707879, "label_metrics": {"_type": "table-file", "sha256": "b65ad10eeff58a34898bd2660c5a542ed27fb5807b41ffe72802f495ae85150b", "size": 424, "artifact_path": "wandb-client-artifact://tn17urseviacnvuc63p16gzuavm6a21s4n86zlgj749c66abqlzlu0apvli3nv2h99tv6795xpjryjtiw2j0mopaghjxj6o54svjryuendopdz09s9u1yi81b1lfp7qe/label_metrics.table.json", "_latest_artifact_path": "wandb-client-artifact://vcfoxt6cphgadlh85ls9fq2shoe0xz7dpjtq6umn7d7vhdnw36jfyjqurai9czhvbzc3rmzz1tepi8tlvdp6ifpb55eodkwu6e146xij51ua0sp5aybfk9pfb2kh1yve:latest/label_metrics.table.json", "path": "media/table/label_metrics_23_b65ad10eeff58a34898b.table.json", "ncols": 5, "nrows": 5}, "test_predictions": {"_type": "table-file", "sha256": "c39074d92519a7db6f642576bb6f389f7c44483b3ca3da3f8c6f19d1f9110fc1", "size": 86380, "artifact_path": "wandb-client-artifact://38t4hf12d817iaebd6twoelzbf20fg9hn55gjk7l84o9fiw7b4b16pcmd0mwpbqv6wwo5wlc2692otv7zc57fh46ber9dvvld27b6xow95athsf0bxsobj4c6f8qsa35/test_predictions.table.json", "_latest_artifact_path": "wandb-client-artifact://47ln5kvb2klf12t3182vub59wd7ao7t46zmfioqofm35kjrctd8x0bqg6cwogk3bfmfjq03uggglv1gv2ptc8a1ixv9m9srmtjh7bjfv4lscojrv6mx5u7ashu277xq3:latest/test_predictions.table.json", "path": "media/table/test_predictions_24_c39074d92519a7db6f64.table.json", "ncols": 7, "nrows": 168}, "test-metrics": {"_type": "table-file", "sha256": "47505a642e5b549b10ee729ca8b02172ef8be352440de9d3789d0fe5fe7b58c8", "size": 190, "artifact_path": "wandb-client-artifact://xysh888zlmmvqal02mvu7p1fpok0izlhvb59fj3kdv91zoks9pyrwqse0aq48yzrpujzhz7bqohmkt4qlcsb6r347bn7gdkc1qw78m0tt72pk27xaie0ra5id7kvpyty/test-metrics.table.json", "_latest_artifact_path": "wandb-client-artifact://ko79sh330s32k2oeb6pdofy85zvvr225lds4m7ateqn3pyvwotyicmucd94wpz7tq6gg4wbcx9ht1n2noh721jdz1aioasatfxvdzxn765xeln7wnzwb6w4ig38vi0o6:latest/test-metrics.table.json", "path": "media/table/test-metrics_25_47505a642e5b549b10ee.table.json", "ncols": 5, "nrows": 1}, "test_connective_metrics": {"_type": "table-file", "sha256": "55f136982bb6246e6178a3d8b648b120da2d4219f98876dd1b2925e062f29934", "size": 365, "artifact_path": "wandb-client-artifact://6bddr4euh625o9hylutr94b1o7nl3kohmgk5jljz27vjg2fg6tkwr0r5g9sdbovlqctm5oc9rbl7t4y328r3iqclclhhrch6bkdy56as6kww0hl46kla2k3d1bu48s0r/test_connective_metrics.table.json", "_latest_artifact_path": "wandb-client-artifact://d5zv02i2eyqzvrtcrbebq85w6legr9et5lnpnir3xx8yz5oxsxkyhx2phnz9jjn01zvn4uh7vudmhrnhsfy4u1trfkqy96zenytxzwvhx4trmnrtueuklwrw1opdpnln:latest/test_connective_metrics.table.json", "path": "media/table/test_connective_metrics_26_55f136982bb6246e6178.table.json", "ncols": 6, "nrows": 3}, "Exclude_counts": {"_type": "table-file", "sha256": "3a3e16eee488be4d9705c81c282778d2e17c222f184cef71ed7ae945012d1110", "size": 66, "artifact_path": "wandb-client-artifact://3s1qgxjtusnog1yww71bgs73rrufctkdyts8hu2q9z0927913vfc0lveo2u7w7j38jgee2nfndvrwo2sbcn76dnaax27ca77cdkjsw9n4j5ffbu6j6bfxft2zb9916i5/Exclude_counts.table.json", "_latest_artifact_path": "wandb-client-artifact://8lcg2beecfbxal80ld2jc941w0n0ms6tfz1ob6ofp8dqo4n1qxybcqd6e5be07g6no9r4x0wiud2m757fef1fxggvzvwcoud1bxmqwh9jk5zygrdgz2o1bdr8naj03xi:latest/Exclude_counts.table.json", "path": "media/table/Exclude_counts_27_3a3e16eee488be4d9705.table.json", "ncols": 2, "nrows": 1}, "_wandb": {"runtime": 88}}