{"train/loss": 0.2213, "train/grad_norm": 0.10622167587280273, "train/learning_rate": 4.26829268292683e-05, "train/epoch": 7.0, "train/global_step": 1169, "_timestamp": 1739795619.671669, "_runtime": 1070.4664299488068, "_step": 152, "test/loss": 0.4860876500606537, "test/accuracy": 0.8392857142857143, "test/precision": 0.7994641970051806, "test/recall": 0.6329422105031861, "test/f1": 0.6125639295167191, "test/runtime": 4.4304, "test/samples_per_second": 37.92, "test/steps_per_second": 4.74, "epoch": 7.0, "train/f1": 0.7675126127068693, "train/accuracy": 0.9820224719101124, "train/precision": 0.9387339982928218, "train/recall": 0.7874625906972224, "val/f1": 0.5767145135566188, "val/accuracy": 0.8263473053892215, "val/precision": 0.7193854844231428, "val/recall": 0.6616666666666667, "val/loss": 0.7606303691864014, "eval/loss": 0.45538824796676636, "eval/accuracy": 0.844311377245509, "eval/precision": 0.7627931034482759, "eval/recall": 0.6804166666666667, "eval/f1": 0.6274473067915691, "eval/runtime": 4.4029, "eval/samples_per_second": 37.93, "eval/steps_per_second": 4.77, "train_runtime": 1057.6925, "train_samples_per_second": 37.865, "train_steps_per_second": 4.737, "total_flos": 2458883136568320.0, "train_loss": 0.44404180378990105, "label_metrics": {"_type": "table-file", "sha256": "182d8bdc5b36640837bc2e37941969ed7b4b6c49ce077551fbf3a6394128ad78", "size": 583, "artifact_path": "wandb-client-artifact://792qfgkrzdmoxmi2etenaqjsdjxt24fsj3tub50ckoo6npxp34yph76m8pt03gh31c66y29v06r4kdstdu8wjimx2qislk9y2zkhtudbxzerakcjs1b2revo5r01na9s/label_metrics.table.json", "_latest_artifact_path": "wandb-client-artifact://a9cjqsj2wikrbkjaauj0s33lvyd1260mlk19izwq6vw76iw7z7uz8ys8brqmkwrpsw358w2nm4iallw6lqk8rru1w3blbs6uyl9oycvm6udn13gskk8pxxv0je01w7x5:latest/label_metrics.table.json", "path": "media/table/label_metrics_147_182d8bdc5b36640837bc.table.json", "ncols": 6, "nrows": 5}, "test_predictions": {"_type": "table-file", "sha256": "ed9216eeb4562fc5053336b47d60c715be90ab4ca6509a0259e97a48808bf31b", "size": 90921, "artifact_path": "wandb-client-artifact://oyikaa99223z3nqd9xzwjnu6ldx4n4nzr6f9y0jfqvhxhx9nvkye1j9e47rdl521zevhrfq1fh0irdnjihrqywpcbbs6a2lcwq0pqn0ni7l7jv250pyqcr5pm2j4cklg/test_predictions.table.json", "_latest_artifact_path": "wandb-client-artifact://vs9idzcszkhn4ba2vf5ce6zwom3dwtcc6u10hfbukn295w8exbpkdpu0cgtvwvmylaxwkcf7vi16wv1qwu73jr0zny8tzh8kotq3by1q5yk8jw0q9qvxlpul67t8k312:latest/test_predictions.table.json", "path": "media/table/test_predictions_148_ed9216eeb4562fc50533.table.json", "ncols": 8, "nrows": 168}, "test-metrics": {"_type": "table-file", "sha256": "a81a43945005b04c334cb810ba7bb2054713da061937fae15da8630d28420fb0", "size": 196, "artifact_path": "wandb-client-artifact://1jvboehdn4xz0w5g32ngfy02i5p4o23ovcmea5d9yvqrqa8c0ljbtwpcy1o29g6rh5l8ytljh1xe9wah4enw2mfhnh5mfi73dimxjrfxgoc5cjkm70ppkv35lynweybu/test-metrics.table.json", "_latest_artifact_path": "wandb-client-artifact://6n0vx4tylk0ie7yho1b4qfkcril32mpboj5oi0g1jhh6gsba8bfoly0jxyyziqjr7qbt6wjc7qkmkhn5kzh1ofd1egmdybrrnl4xutzduyff2hki50v6d7badvkiobs2:latest/test-metrics.table.json", "path": "media/table/test-metrics_149_a81a43945005b04c334c.table.json", "ncols": 5, "nrows": 1}, "test_connective_metrics": {"_type": "table-file", "sha256": "2944f98b5566a5df3b13ea79acacdd342bdb6cead994428075167a1a2ded046f", "size": 439, "artifact_path": "wandb-client-artifact://4tuq50z7jjvbjh69qg1djdyxtzsqbmnr9l5yj7bb2it3r6kotxmuxrpf2auwi457yoiqktcgsyk5lykvhx3ywx7imebmpbm4qonnvd1ylq5z4wql4z0f09ge4t52razv/test_connective_metrics.table.json", "_latest_artifact_path": "wandb-client-artifact://lwtwa0jhggb8ck6diyb07p3xcgklemlo9bz4ocftd0jvlgea730p4xwwck02z5tiwihi3mlw64jlt5w1t13qaxfnjeqh20n7kffvsuj1c5lz03daomuojtmmnk7qxve1:latest/test_connective_metrics.table.json", "path": "media/table/test_connective_metrics_150_2944f98b5566a5df3b13.table.json", "ncols": 6, "nrows": 3}, "Exclude_counts": {"_type": "table-file", "sha256": "1b351f34479cdfe9bb187a7d7913779d5623e98ab90b705bfa6a94767059f967", "size": 72, "artifact_path": "wandb-client-artifact://p8l2c2wvn2dexr7ikiz8e1291ehvzhpmo4y17qcy5o5valzl4ei3w2yy3061dqv2h1ect5z7s45uolaunwtyak5raya1j7dqko2aoqp9g4ob83e4ng8wczddy862rl3b/Exclude_counts.table.json", "_latest_artifact_path": "wandb-client-artifact://5zcvrntu4xvkjk3eddf9cr40di6v8u6myhw5vn6yw2e3xtadu28c0xhb0kis6ecsuomzcvuow51k297aosiqsengas67l83xreveu52i1mzwkj8qd02v2frj8uemln7t:latest/Exclude_counts.table.json", "path": "media/table/Exclude_counts_151_1b351f34479cdfe9bb18.table.json", "ncols": 2, "nrows": 1}, "_wandb": {"runtime": 1079}}