{"train/loss": 0.9948, "train/grad_norm": 6.201130390167236, "train/learning_rate": 4.8226164079822614e-05, "train/epoch": 4.0, "train/global_step": 668, "_timestamp": 1739905901.5848327, "_runtime": 617.4171025753021, "_step": 90, "test/loss": 1.058943271636963, "test/accuracy": 0.6666666666666666, "test/precision": 0.8323353293413174, "test/recall": 0.20487804878048782, "test/f1": 0.16923603973963686, "test/runtime": 4.4303, "test/samples_per_second": 37.921, "test/steps_per_second": 4.74, "epoch": 4.0, "train/f1": 0.17150192554557125, "train/accuracy": 0.750561797752809, "train/precision": 0.750561797752809, "train/recall": 0.2, "val/f1": 0.1672473867595819, "val/accuracy": 0.718562874251497, "val/precision": 0.718562874251497, "val/recall": 0.2, "val/loss": 0.958008885383606, "eval/loss": 0.954073965549469, "eval/accuracy": 0.718562874251497, "eval/precision": 0.718562874251497, "eval/recall": 0.2, "eval/f1": 0.1672473867595819, "eval/runtime": 4.4023, "eval/samples_per_second": 37.935, "eval/steps_per_second": 4.77, "train_runtime": 604.4044, "train_samples_per_second": 66.264, "train_steps_per_second": 8.289, "total_flos": 1405076078039040.0, "train_loss": 0.8335390269399403, "label_metrics": {"_type": "table-file", "sha256": "e509594879c679ac05ed69d9c88bda46699a922bd54f7508bbcf075e120f46b9", "size": 608, "artifact_path": "wandb-client-artifact://p0tyv4z24508kc3xsm45wxch1k0lds67hstgea271s3iyk8ig8jpp0ocbt328vepnznxjzi11c9b5panfgpwsnkmdjre4rk9342xpnc2f59611c9kra288d4eqlnnzdg/label_metrics.table.json", "_latest_artifact_path": "wandb-client-artifact://gib8lqexfd18r18mcxv2ogfsx1uyfezhkvltzg2pl32nc1b9yxuj295tdfxoif5878rymcrerv5zfx2aud04g6m6x1yil3rojcgvt7feebebsmvs1otqqsvzf7vzt39q:latest/label_metrics.table.json", "path": "media/table/label_metrics_85_e509594879c679ac05ed.table.json", "ncols": 6, "nrows": 5}, "test_predictions": {"_type": "table-file", "sha256": "4ea537f8fbeefc6a8e4382a75545ad46a5e29007ce859b0a072c526bc29494ee", "size": 91142, "artifact_path": "wandb-client-artifact://ybwd6un0y3aumszetpmx3fm4f73hxrzbkckprr8eke2at20wtpmn85vu4cxmnhx7r6xy7hba8tsk2pnvbjhuxhesjxy3wkcmd59lpjlb5z3ckfhmfkipyw91btl2bc0o/test_predictions.table.json", "_latest_artifact_path": "wandb-client-artifact://gmx6oohuu0h7mxqouy2qa0ys2tij1liw9n35qci8ty63kg7wbrs75nh37ls3swsslzn90duwwcazpe47m3mg8nn1tqtcjmjag9b8758xc6kaau0dyknhfqtvl84oet5m:latest/test_predictions.table.json", "path": "media/table/test_predictions_86_4ea537f8fbeefc6a8e43.table.json", "ncols": 8, "nrows": 168}, "test-metrics": {"_type": "table-file", "sha256": "becb2e17c8ae70f3d7a60ad9d616b18f8312a77e9248990e4f4078c1b0a35e93", "size": 217, "artifact_path": "wandb-client-artifact://kf4b4s3ffgg31mqvdrlumphkyx7kvmdjl8fqxi95a1sb4b2h7skkqoheipw4okchay78ej7tdgo9n4bh72rmxji1po1s0i8c8alqi3px00rj8x1mvskdkzuryc3muhxo/test-metrics.table.json", "_latest_artifact_path": "wandb-client-artifact://wjrkqremw3ah9kjs70q9c14zzm0jo9esgenmyglm6almh68l0w8vlepo2o4ffskm561tu93al6o8a1yum2yws9pk7nzr13eembbx7sy8x0rpa79ux1q33omehi0u2myg:latest/test-metrics.table.json", "path": "media/table/test-metrics_87_becb2e17c8ae70f3d7a6.table.json", "ncols": 5, "nrows": 1}, "test_connective_metrics": {"_type": "table-file", "sha256": "ec7006b8475017062355a687ecda50501682df23dcf41311fd8788bf52a4c4fd", "size": 418, "artifact_path": "wandb-client-artifact://quf9qu153phhffu3jrfmwclj9qfyru1h66smeci977ybcbr6x1n9q4so90hpbulklfxzab0g4cfp1d02arzuipk8pu4zaq4dpx8qw067jx07pq8y5uudcqc5l98lxu8y/test_connective_metrics.table.json", "_latest_artifact_path": "wandb-client-artifact://zaovmxzz92fa4p3hsqk0aav6ioeixdh6kw1up1a5ijzmw0p2jli9d0jas72r4287tx1azw5dh3xoqck6c0eva8mvqojhucgug7qb981um4wwujx5y1q3cztnywreykm7:latest/test_connective_metrics.table.json", "path": "media/table/test_connective_metrics_88_ec7006b8475017062355.table.json", "ncols": 6, "nrows": 3}, "Exclude_counts": {"_type": "table-file", "sha256": "83103ea35ea937c5aafb1fde568b44549369be67e2f5e61e6a3b2ec01d6ce634", "size": 94, "artifact_path": "wandb-client-artifact://q5irrxvz9lcn0e0ncdrk9zy8o6pacueic9ed7j6eiqahbxdflukwlu7bcjrwhr542ou2hua1pdslyawdpjqas0mskrxa484rj88x2wd97vr2bary9gh4sha7i658q7v5/Exclude_counts.table.json", "_latest_artifact_path": "wandb-client-artifact://ejglnxn81la3qn5tm79bq69mjjc8s1ueh1d60mo4ztkk52t0iqlrxj30msp9znawgblphbawboidlsqw1ini9d5wcptud8wqncc9qzvtb4j1qc7if6g9zlq5e8vmq58y:latest/Exclude_counts.table.json", "path": "media/table/Exclude_counts_89_83103ea35ea937c5aafb.table.json", "ncols": 2, "nrows": 1}, "_wandb": {"runtime": 625}}