{"train/loss": 0.1301, "train/grad_norm": 0.04089699313044548, "train/learning_rate": 4.26829268292683e-05, "train/epoch": 7.0, "train/global_step": 1169, "_timestamp": 1736796276.3800468, "_runtime": 509.3978638648987, "_step": 151, "test/loss": 0.6693559885025024, "test/accuracy": 0.8095238095238095, "test/precision": 0.7728042328042328, "test/recall": 0.5801098659635244, "test/f1": 0.6147643867673651, "test/runtime": 1.8815, "test/samples_per_second": 89.292, "test/steps_per_second": 11.161, "epoch": 7.0, "train/f1": 0.974071009881972, "train/accuracy": 0.9925093632958801, "train/precision": 0.9890522081793496, "train/recall": 0.9612076633103387, "val/f1": 0.5503694730466384, "val/accuracy": 0.8323353293413174, "val/precision": 0.8080845771144278, "val/recall": 0.5475, "val/loss": 1.2364463806152344, "eval/loss": 0.4368360936641693, "eval/accuracy": 0.874251497005988, "eval/precision": 0.780162989465315, "eval/recall": 0.6283333333333333, "eval/f1": 0.6239220573979487, "eval/runtime": 1.867, "eval/samples_per_second": 89.45, "eval/steps_per_second": 11.248, "train_runtime": 500.7949, "train_samples_per_second": 79.973, "train_steps_per_second": 10.004, "total_flos": 2458839041326080.0, "train_loss": 0.3415736537693599, "label_metrics": {"_type": "table-file", "sha256": "4c2d1f2aea20c0f65bc1c236e46e78428b1b74e41b2433690ca8fd85ef7be5f4", "size": 661, "artifact_path": "wandb-client-artifact://posh9ll8ewvr5g783efo40inkmxwlcam40hpwlpknq57f1oftylrfc5oti4yzesq9h5rkwhqvouaevwz69l2f3w139b79hervqh6t105dq9tja1f8djmcx1xlu491gs7/label_metrics.table.json", "_latest_artifact_path": "wandb-client-artifact://lfly00witcnow7ojotnqaf0b1qkak0gmfmdakbevyvri3eqkcf3y9rcz0zwzz85t4lxbw0nqm1jovbjygg3px9k6cw27jevpl03o38ra8daiprq0qikp358j10y6hm1m:latest/label_metrics.table.json", "path": "media/table/label_metrics_147_4c2d1f2aea20c0f65bc1.table.json", "ncols": 6, "nrows": 5}, "test_predictions": {"_type": "table-file", "sha256": "bee59adfa4100b1e78d980ff491b8dbb74f1c3f79919d2a985c5d2d7c7299f52", "size": 86998, "artifact_path": "wandb-client-artifact://jfp6koa24795pyvhk6rl25y2ndsua80arzsb57s9pka62c8ne1s9gn8r5zbm5x7s8qwntfk7gi2r4yrv3dtt30oelbpm1zt970c36kxi0vqpiy0iaoxmjui2cvthih08/test_predictions.table.json", "_latest_artifact_path": "wandb-client-artifact://s0ze1zhik08mc4543vrxtsfz6vuqy6ge7tyqsn3y9i0p8fngxc9qiuf5qmsgrvpb7ffwwzhld16mo3uijg94kd6yap5ncsx2hbli3u96asbqh6libws3dsd3ff30mzvi:latest/test_predictions.table.json", "path": "media/table/test_predictions_148_bee59adfa4100b1e78d9.table.json", "ncols": 8, "nrows": 168}, "test-metrics": {"_type": "table-file", "sha256": "541cd308802eee73f640eb54c7e23d74fc27e3ba309565c826ef8cfc1e4ac481", "size": 203, "artifact_path": "wandb-client-artifact://srrx1zcdfl9g5xp6r0ob6drvhgeisku7dkq2nemm72ys8z572eq0b2lw2kr0sntvh0e8rccssir2rncyntpy3fyhbx2jlgofxcctkdtfepzmn7pkka4i95hha2vfhtzu/test-metrics.table.json", "_latest_artifact_path": "wandb-client-artifact://egxmmxggywo3x8rvkebysu8l10iodr7rhu3e0j9iy2iatkt5pxqlmfawk6v3hkyum583bsu0buinlvlcze9tn15i7o6r9e8dzbiq5do08iov7ffd02tsbpu1jjnjkxvj:latest/test-metrics.table.json", "path": "media/table/test-metrics_149_541cd308802eee73f640.table.json", "ncols": 5, "nrows": 1}, "test_connective_metrics": {"_type": "table-file", "sha256": "cd95e6db15efc12a432470fbc0a8a37bae7eb163f58ebab9089e721716be84a5", "size": 445, "artifact_path": "wandb-client-artifact://ccdy7w950c7h4o6djghhkwi39tixw5z96ncpvp83x3mqsvve11a8yay85wluzz52kj93ppe5ov78fa063o8nzop5hwk1nlsaaum42e1n35x1c5maeeo37vvanu83qejw/test_connective_metrics.table.json", "_latest_artifact_path": "wandb-client-artifact://mjzpon1lcb0t8xofb5r6krnqh1ell6h3qhc2bznzm4rp9i3ia032o6yygz09hbp5u4ochljsi1cqt8l56wuf6fb6jvhltlo2wmd186wp3ig13ej6ygdkhk8ctsehjsnf:latest/test_connective_metrics.table.json", "path": "media/table/test_connective_metrics_150_cd95e6db15efc12a4324.table.json", "ncols": 6, "nrows": 3}, "Exclude_counts": {"_type": "table-file", "sha256": "6b61ed8104e7789baa2a078cd4b3e82ab1d17bd9254552ac8bfb5d3efebbd3dd", "size": 81, "artifact_path": "wandb-client-artifact://tksgu06y7yz6kcr9nzeumy1ir4d4qlvcp8xxotd3872ijzw6b1ml0f3gldkp8492c4k9ag5m5dy4sg4gpk6oq2f3n7dcqbqaxzfh08a7b70t0108la4szcy7gvceicit/Exclude_counts.table.json", "_latest_artifact_path": "wandb-client-artifact://025w3fyrcgfiqbyz609p1wc3n17a162ef9dccs69mv5e34n98d0i8uaovji5on8frl6b9vdpryc24neqwg0xw6gj98he234499g763pxr945f5kwth02pmscordlbng0:latest/Exclude_counts.table.json", "path": "media/table/Exclude_counts_151_6b61ed8104e7789baa2a.table.json", "ncols": 2, "nrows": 1}, "_wandb": {"runtime": 517}}