{"epoch": 14, "valid/loss": 0.03171781330051536, "valid/accuracy": 0.718562874251497, "valid/precision": 0.1437125748502994, "valid/recall": 0.2, "valid/f1": 0.1672473867595819, "_timestamp": 1718460987.8391175, "_runtime": 616.7209434509277, "_step": 31, "trains/loss": 0.0033876110998432287, "trains/accuracy": 0.7528089887640449, "trains/precision": 0.23136363636363635, "trains/recall": 0.20490578476075375, "trains/f1": 0.1823934524403633, "test-metrics": {"_type": "table-file", "sha256": "a0a531e15f432b4cae0811db5c871f3e6fc75cea0aeabb4cca6d1f09f7b29720", "size": 213, "artifact_path": "wandb-client-artifact://jkb823hpafyhodidoc1zdjulh6wmpwd3f239wk3gwqfm1rdy36630fsitd22y28csl1q1j6jhq9w12bzy36rpodfht6akqy6eicyy4ay1map45qx2ajnzyowy7bvbdtn/test-metrics.table.json", "_latest_artifact_path": "wandb-client-artifact://o4c4ifikl265vijf9yfmub9w412gaezf2r4waio7c0hayhhoakhk4p0pwm2l5lspdazb7m23pslr35kygt8i72kvb7067z0g4m4wxoq9hznfonyu4x1hefnga2404wc6:latest/test-metrics.table.json", "path": "media/table/test-metrics_31_a0a531e15f432b4cae08.table.json", "ncols": 6, "nrows": 1}, "_wandb": {"runtime": 613}}