{"train/loss": 0.0341, "train/grad_norm": 0.010082165710628033, "train/learning_rate": 1.2468827930174563e-07, "train/epoch": 15.0, "train/global_step": 2505, "_timestamp": 1735898575.5647285, "_runtime": 1094.7428624629974, "_step": 316, "test/loss": 0.8518139719963074, "test/accuracy": 0.8809523809523809, "test/precision": 0.8765516123804893, "test/recall": 0.7911799604482532, "test/f1": 0.8066513409961686, "test/runtime": 1.8532, "test/samples_per_second": 90.653, "test/steps_per_second": 11.332, "epoch": 15.0, "train/f1": 0.977721904744077, "train/accuracy": 0.9940074906367041, "train/precision": 0.9924072169165192, "train/recall": 0.9647275073806416, "val/f1": 0.883199166967039, "val/accuracy": 0.9101796407185628, "val/precision": 0.9033577533577534, "val/recall": 0.8808333333333334, "val/loss": 0.7266252040863037, "eval/loss": 0.6979272365570068, "eval/accuracy": 0.9161676646706587, "eval/precision": 0.910251968503937, "eval/recall": 0.8825, "eval/f1": 0.8867167919799499, "eval/runtime": 1.8388, "eval/samples_per_second": 90.821, "eval/steps_per_second": 11.421, "train_runtime": 1086.7372, "train_samples_per_second": 18.427, "train_steps_per_second": 2.305, "total_flos": 5268940802841600.0, "train_loss": 0.16074301523998558, "label_metrics": {"_type": "table-file", "sha256": "ac3093be8432677f09dfd6ede098097432e504b14e4a062ef784e6046ad54e6e", "size": 469, "artifact_path": "wandb-client-artifact://5vd8p1ul7ypflpimy2sezzbzn2uu0yt98ozyyc386bzxcxpp5hwsnk2z3uibptw45bcsfxre2x57tqq5798846t51fbr8g2hunwmyn701soeeknzm80884ob7mj97qkg/label_metrics.table.json", "_latest_artifact_path": "wandb-client-artifact://5v7jwk81c0ww23co4z441jidt7o0dqs5sn5f6lfrvjdljeoj33t0pcmfpvopzz4wy2bwq93fv75ffnv6fvqoe3pm6sgwz2af6yhco3x38l6tytuci2kirbunw3lgv7v9:latest/label_metrics.table.json", "path": "media/table/label_metrics_313_ac3093be8432677f09df.table.json", "ncols": 5, "nrows": 5}, "test_predictions": {"_type": "table-file", "sha256": "b03114a5acf7d006027128610cb867d9909bb00ab200820f96c37fd2a947d8c7", "size": 86290, "artifact_path": "wandb-client-artifact://aaq50okbwdu7d3urdfv86nqftsz6gnjlr43ql21m6avyefgujlmzww10gq9xv3yr3b1f3rc6k06so3whjc2ehpin5rzzym0o9a5por5b6r9abws0rfyzll3qfasjpidm/test_predictions.table.json", "_latest_artifact_path": "wandb-client-artifact://ibt25ivfpryxm7hdizmswty94stvpd1s5e9clgnlsyvvxpmnare6b8odo4q7vp2v5l9ukurv3jzembxhtsr994fgag405gulo0bquwcv55syjz8v1ay574ae3iuuksxq:latest/test_predictions.table.json", "path": "media/table/test_predictions_314_b03114a5acf7d0060271.table.json", "ncols": 7, "nrows": 168}, "test-metrics": {"_type": "table-file", "sha256": "e2e248d831b79b1d8ca6d5d2cf3a9e878cc08164608811dd70168b3ddabbbbe5", "size": 190, "artifact_path": "wandb-client-artifact://f71df7ln5o9h90vmxj7foz02gt6qizxy3udo8dg7kvfeat9qlwvv678umivvyd8bnp52upj4xl2avjcvtzcvqf7ku06olaax70g3sknwi80rxpdvoh608qyllvmk7o74/test-metrics.table.json", "_latest_artifact_path": "wandb-client-artifact://rtaldx87h4oj7d67a5x9hdn3grq92x57mdc86s9pqgped2k945sm7k4gqq2x5m0cc1mmxtde0eeajjen3a57r1jfp22qw1hiqg2xzc6l7b7dk6obxmwd960pa9ef80cf:latest/test-metrics.table.json", "path": "media/table/test-metrics_315_e2e248d831b79b1d8ca6.table.json", "ncols": 5, "nrows": 1}, "test_connective_metrics": {"_type": "table-file", "sha256": "19c5de427f7950b01563f56502e2fcf16d49d6947ba0660e15ac3ee2b589bd31", "size": 422, "artifact_path": "wandb-client-artifact://1vlyeqgngj8ny1fl9gtj7450c37yzdhnu5ceq5ff1mgysd6neuz0kfh7g7wfktfqmw8vsu1gjqay2v0ooy7v1uocfxrciobottdex4gwddwue6x0s7ky0rrj97nsbj43/test_connective_metrics.table.json", "_latest_artifact_path": "wandb-client-artifact://qkxjgdnya5tjm24w6gxws1tq821tvjgk5umuayg4kyfey4it1tf55xbof4q1etvg4c8l7duf3kw425yqr10dhnlxyldexrhrenbmejf6cv7c0uhorxdptd2lo2jyl4v2:latest/test_connective_metrics.table.json", "path": "media/table/test_connective_metrics_316_19c5de427f7950b01563.table.json", "ncols": 6, "nrows": 3}, "_wandb": {"runtime": 1101}}