{"train/loss": 0.5743, "train/grad_norm": 5.247121810913086, "train/learning_rate": 2.4168514412416855e-05, "train/epoch": 17.0, "train/global_step": 2839, "_timestamp": 1739924924.607648, "_runtime": 2584.2842597961426, "_step": 359, "test/loss": 0.8605069518089294, "test/accuracy": 0.6845238095238095, "test/precision": 0.4935805422647528, "test/recall": 0.286152493957372, "test/f1": 0.2593612482189106, "test/runtime": 4.43, "test/samples_per_second": 37.923, "test/steps_per_second": 4.74, "epoch": 17.0, "train/f1": 0.31171887236413587, "train/accuracy": 0.7895131086142322, "train/precision": 0.6187556823394974, "train/recall": 0.3369514182643886, "val/f1": 0.2603174603174603, "val/accuracy": 0.7245508982035929, "val/precision": 0.388235294117647, "val/recall": 0.29500000000000004, "val/loss": 0.7697046995162964, "eval/loss": 0.7862967252731323, "eval/accuracy": 0.7425149700598802, "eval/precision": 0.5492834367006553, "eval/recall": 0.31375000000000003, "eval/f1": 0.29758060476532366, "eval/runtime": 4.4048, "eval/samples_per_second": 37.913, "eval/steps_per_second": 4.768, "train_runtime": 2571.6038, "train_samples_per_second": 15.574, "train_steps_per_second": 1.948, "total_flos": 5971573331665920.0, "train_loss": 0.748086874650456, "label_metrics": {"_type": "table-file", "sha256": "1a778c726020fcffa1730338c50bd5c9c39e35e23a3a3ad5192eba39f8404f84", "size": 643, "artifact_path": "wandb-client-artifact://x84w1ewmwl1jlv6j25v18eql55rp4bq5wsysamlshop90ah0te4ldzj5gpqyv6fskvaaucm1j3b5zavyk73mfqlx7y3mxrfkktf68539dkqgoqy99ga12dsln8rpwcec/label_metrics.table.json", "_latest_artifact_path": "wandb-client-artifact://dc0opiiz2ribite7ucztbgwm7p8tk8xctw2mhuq2d0jpm7wjhg7gaj6sdz8e4w30l58nzyd8v8hqjiehagabakh7az27ul7huga24g6mcfgdp558ibcni2jsvjwbp30n:latest/label_metrics.table.json", "path": "media/table/label_metrics_354_1a778c726020fcffa173.table.json", "ncols": 6, "nrows": 5}, "test_predictions": {"_type": "table-file", "sha256": "f508e10e17099f43a36ff61434263fa1a14904ebdc3cc9636acffd768448f301", "size": 138063, "artifact_path": "wandb-client-artifact://unbwfphkb0laluqafw7ffucfv9l3nzoxjjpq3q21jypddl9fm73rrqq9y6yyaxc4kmpom3ghcb9v7aklx4tfubhlw8dp0br6ffmmlhrmfj2wmco2d75esxw6pzzh89ch/test_predictions.table.json", "_latest_artifact_path": "wandb-client-artifact://zn58d0rmspjm2uwx8syorbonzyg088srrptcix0a0whl9b41dmdr5jekl3e3kookseskk6u2zk40kgxa9ybetwdtnifbxa4g54a4k7fibhw3fbzwiob8ersc5p7uq300:latest/test_predictions.table.json", "path": "media/table/test_predictions_355_f508e10e17099f43a36f.table.json", "ncols": 8, "nrows": 168}, "test-metrics": {"_type": "table-file", "sha256": "5be287d21cff50e69caab2967864142d65bc94dd7fe0f5298f71990d0e680649", "size": 209, "artifact_path": "wandb-client-artifact://3mrizy3snn78unnfj4yjmhbla0xmnbuc3vfx1yzpf1878pglxxtx1daczpy423lhcyorogq6g2qzvh51chvqaxd2old3ixguztrfhqge57i3v4r5zq2m7tqmnjib5twm/test-metrics.table.json", "_latest_artifact_path": "wandb-client-artifact://olqr1xavow61sj4lz4clqmv57lst2j0j9c93e07p2g55afcq1jsp58am2xghdovsdb85mwlvp52cyi7xi78xhg7rl8obhs2zg1ag6hne63a3q3xdjvnvqyelxc2cow2y:latest/test-metrics.table.json", "path": "media/table/test-metrics_356_5be287d21cff50e69caa.table.json", "ncols": 5, "nrows": 1}, "test_connective_metrics": {"_type": "table-file", "sha256": "6192d665a9fc6fcf585b9adf6c48ee1a4ce75d6ea2473cd36516e20557f67828", "size": 468, "artifact_path": "wandb-client-artifact://758xcaesjs3r617o13n9dzd5dqn5blze2dnal1sp24cgwpzslg1daqx6lqroshoq71vycpf1xsx1pxcy8g887youwd6nq35yw5jtirs9euw252mk9e923sncw6ptc73z/test_connective_metrics.table.json", "_latest_artifact_path": "wandb-client-artifact://rzpxixlas5nuzuv00zi26jy24zs3cmpoq5b64yp35lt1vl1jq5scd5gmmwyyjuw3jhcqbietctro4qgarbr5ae6gkoe280u5f2z62jm2sn256yerwnvl1l0qq9nk0tpj:latest/test_connective_metrics.table.json", "path": "media/table/test_connective_metrics_357_6192d665a9fc6fcf585b.table.json", "ncols": 6, "nrows": 3}, "Exclude_counts": {"_type": "table-file", "sha256": "b29489d20e57d05bb6aec67be60a99d8dcef8e432ded61216e66508bd510be58", "size": 90, "artifact_path": "wandb-client-artifact://mhdb890lx3cqeifwi9yt5gwo36tc5cr4ush4koa8ig5vl6hsaejb3pqx7lnks9y9r1dwv7h8ks4vwul6icjfx0y3160t8sh2jyo7pi1im9dmo9to7kewqs080v97yt4g/Exclude_counts.table.json", "_latest_artifact_path": "wandb-client-artifact://k1csh26oyd42mjixtsb7hzl5z4da6zk9lbe9s450orvnw102ytbzwetz9f1108d9kw6mhvkn9podsjzc5eezk11l3aguzl3fniiipwyj9kmxldu9oemhzf59s95343gk:latest/Exclude_counts.table.json", "path": "media/table/Exclude_counts_358_b29489d20e57d05bb6ae.table.json", "ncols": 2, "nrows": 1}, "_wandb": {"runtime": 2593}}