{"test/loss": 1.6637099981307983, "test/accuracy": 0.1, "test/precision": 0.2222222222222222, "test/recall": 0.1, "test/f1": 0.11428571428571428, "test/runtime": 0.1152, "test/samples_per_second": 86.816, "test/steps_per_second": 17.363, "_timestamp": 1721572355.377843, "_runtime": 58.288726806640625, "_step": 131, "epoch": 30.0, "train/f1": 1.0, "train/accuracy": 1.0, "train/precision": 1.0, "train/recall": 1.0, "val/f1": 0.06666666666666667, "val/accuracy": 0.2, "val/precision": 0.2, "val/recall": 0.2, "train/loss": 0.8741, "val/loss": 1.7061588764190674, "eval/loss": 1.7637073993682861, "eval/accuracy": 0.2, "eval/precision": 0.19047619047619047, "eval/recall": 0.2, "eval/f1": 0.16, "eval/runtime": 0.1146, "eval/samples_per_second": 87.27, "eval/steps_per_second": 17.454, "train/epoch": 30.0, "train/global_step": 60, "train/grad_norm": 11.605035781860352, "train/learning_rate": 6e-06, "train_runtime": 54.6308, "train_samples_per_second": 5.491, "train_steps_per_second": 1.098, "total_flos": 78935442739200.0, "train_loss": 1.3643651167551676, "label_metrics": {"_type": "table-file", "sha256": "ce1f62b30babe079751a50a7ac478a3e413f9be1471b1057f97cc9295f8109b7", "size": 335, "artifact_path": "wandb-client-artifact://92p03ht2ujq952vnau2j7ed591nrnukaaq6s5gyi8u0xbub2jv1djtfplqav7fp60n48txky6sys1kgwyc6fdytpvq7rxkwvypgawhx7a3p25njj02ofc09gdzdjuo58/label_metrics.table.json", "_latest_artifact_path": "wandb-client-artifact://bwwjzh48j8hpbz7luz1fuz9mekg7lst47dbbxjdcy9uw7vtmtxoeb0z8a0ee1u3pcktpaqa34au2b5hgv2tsphz9lspjd3am316om8dxwsavlwllz5oh4d82fhrd916h:latest/label_metrics.table.json", "path": "media/table/label_metrics_129_ce1f62b30babe079751a.table.json", "ncols": 5, "nrows": 4}, "test_predictions": {"_type": "table-file", "sha256": "9a1b54c515f29920f03219653a542206e43fa855590ed6ee59154160ee30e556", "size": 4599, "artifact_path": "wandb-client-artifact://uiaozapx2f4ja4nhzlmflw06e0igt5tocbu1mty0eepiwf7bvuuubk5iciaox10s9bx7iuuak0cgvwsgg9z8wr98tqppd6fds534v9px813424lb6unkksd5xq11lmrp/test_predictions.table.json", "_latest_artifact_path": "wandb-client-artifact://kjoedw8nqjny9fp69r6j68gkjdmnnyuapbuj7aly45s6qcba6d16dl5koopbbduuiw2qbymj6eurtukzu91g5j66in3v9ljze5i8abv28o0z1w0wpzpqmszyam0gqssi:latest/test_predictions.table.json", "path": "media/table/test_predictions_130_9a1b54c515f29920f032.table.json", "ncols": 6, "nrows": 10}, "test-metrics": {"_type": "table-file", "sha256": "f4172d1328036553212660d8258f85b9c750cfbb8f52f88aceee4f3d38f64175", "size": 168, "artifact_path": "wandb-client-artifact://we4xmj4k4orq721h08c3v9ni1due4xueitgl6ttb0m7bhyf649he25wtrrg82hjdzte0kyhf76qxdmsulusl50ptgboyju70r1c4z4f1ixdhkotuipcn1q66quxc3181/test-metrics.table.json", "_latest_artifact_path": "wandb-client-artifact://u5pvt32vtww9km43vh94zmv1r959d6jhj3i42h0mbjnxws7exqaxlkwzvehj3u8q30m9tmgpocwr4vowbw5g2ggkttzca9djmrf9odg3ddjp5ll1x2tpkcvxugnofb9g:latest/test-metrics.table.json", "path": "media/table/test-metrics_131_f4172d13280365532126.table.json", "ncols": 5, "nrows": 1}, "_wandb": {"runtime": 62}}