{"train/loss": 0.1303, "train/grad_norm": 0.1161058321595192, "train/learning_rate": 4.0798226164079826e-05, "train/epoch": 8.0, "train/global_step": 1336, "_timestamp": 1739694930.981517, "_runtime": 1231.508229970932, "_step": 173, "test/loss": 0.8565676808357239, "test/accuracy": 0.8095238095238095, "test/precision": 0.7935508061492313, "test/recall": 0.46678971654581414, "test/f1": 0.5091586432143708, "test/runtime": 4.4265, "test/samples_per_second": 37.953, "test/steps_per_second": 4.744, "epoch": 8.0, "train/f1": 0.7652688678084408, "train/accuracy": 0.9820224719101124, "train/precision": 0.9328039882605594, "train/recall": 0.7872192705022458, "val/f1": 0.610676095574842, "val/accuracy": 0.874251497005988, "val/precision": 0.7318228366615463, "val/recall": 0.6608333333333334, "val/loss": 0.5830603837966919, "eval/loss": 0.546220064163208, "eval/accuracy": 0.8922155688622755, "eval/precision": 0.8613633477266954, "eval/recall": 0.67, "eval/f1": 0.667129361866204, "eval/runtime": 4.3975, "eval/samples_per_second": 37.976, "eval/steps_per_second": 4.775, "train_runtime": 1218.7715, "train_samples_per_second": 32.861, "train_steps_per_second": 4.111, "total_flos": 2810152156078080.0, "train_loss": 0.44452531607319673, "label_metrics": {"_type": "table-file", "sha256": "da3b646e76cf6e6fc96746732b96e9c20423ea55a1892907d389b55b3be0b7c0", "size": 636, "artifact_path": "wandb-client-artifact://dk4o0vqj71dem3ff0ipygsbip9n03g1p6zxao1sb4x1rp7339bmlw8bm4y2n9ygagdbjspnvk89m5ivpsgjjlemrcgtzf4iwjvfvhiwzav7g6wwfc1io9lwa3wa6chab/label_metrics.table.json", "_latest_artifact_path": "wandb-client-artifact://02l947dxvgrzmdndzevbdyiaah7tilz3sj9k9cz0wjiemthj9rkieuctzdhoy9d8nc5ghzzczlxps54pw42zbmvpgjmy49um43nyi6qdca6eoz9i1qhsihy1vhggbvbr:latest/label_metrics.table.json", "path": "media/table/label_metrics_168_da3b646e76cf6e6fc967.table.json", "ncols": 6, "nrows": 5}, "test_predictions": {"_type": "table-file", "sha256": "0bf2e58190a45c0f339661b499df964b8af49dfa80eeedc29fa098ecce30f373", "size": 88258, "artifact_path": "wandb-client-artifact://drd8y8oqucr2uynqh1td16pdg0prjz81oz3cbefgllpx8znis0irqe904hgpegdmgpg2k1eqwr3j1rzfj5akigammvmgbayqzdn9dmjo18muvns6wtbi0h9c0enzlqsl/test_predictions.table.json", "_latest_artifact_path": "wandb-client-artifact://qcxxmllh93k64q48lxhkukfsls3jzj3zk75visrbphk924qqjpy1kitxb9g7hvdznmih5f4fcjlk0w5gs3lszeyyujcxlmbgtqw47k9kvox7edc5zh7lhd1ovgrqfq84:latest/test_predictions.table.json", "path": "media/table/test_predictions_169_0bf2e58190a45c0f3396.table.json", "ncols": 8, "nrows": 168}, "test-metrics": {"_type": "table-file", "sha256": "173bf2f83e6b521ac2a6fe8c7fe2e563294beffe191afbef9e047642748acf88", "size": 202, "artifact_path": "wandb-client-artifact://qei5ll5fsezuil0a3t1appf06mt0mwj3biiqf4b09gkbp4vsp1c9wzn70fib8w0xb79zmw318tuye6oujgxa5fuldn6ggi715cguqbsrrf0dcrc36lxjixm5xibyxmz0/test-metrics.table.json", "_latest_artifact_path": "wandb-client-artifact://jy85fr3s6otyq1ejcmoe3zt2biniuq2f9dp6yt06ewbpdgxy9habzta6ac23nj9xab1b4mwbs2rby8oysl3ixpot4vymbh181fe61of2a2mnwb290vxj3io3nc6ky7bn:latest/test-metrics.table.json", "path": "media/table/test-metrics_170_173bf2f83e6b521ac2a6.table.json", "ncols": 5, "nrows": 1}, "test_connective_metrics": {"_type": "table-file", "sha256": "6981b1f2ef10de040ee327cc5d493f5ada6ceacc37d11da3ef3b16ddb66ffe4d", "size": 457, "artifact_path": "wandb-client-artifact://zw8bti56n4pkltj1vfuyz1idio4c78uccer453ttiqpvp95m7xxqrtth9nspd6x0363zy44encxg3331j3fwuyeh476hlxvlq83w3ksjx5f17nprht9ggt8wsf2tqxug/test_connective_metrics.table.json", "_latest_artifact_path": "wandb-client-artifact://ii2slt400c07ioka7m5aoklv3jie76ts7fdvtbjbqm52fmo6e49j4hy815g8olrrbcwpqinbs4vhxlcscj2sp1jh6a3rzxc2piizskwyiin3wqy0zw2z3z3xpwheau2f:latest/test_connective_metrics.table.json", "path": "media/table/test_connective_metrics_171_6981b1f2ef10de040ee3.table.json", "ncols": 6, "nrows": 3}, "Exclude_counts": {"_type": "table-file", "sha256": "77258b7129a4391441f72a7439756a1d881e220753ec917f090c57798cc106a7", "size": 79, "artifact_path": "wandb-client-artifact://wjo0vbklsjbu0rnzsgy45fe0ogrl0ytnckdomc161m3ru9o4ulvftdew8rte8mk3e2m5zkht6nm8jrp6u20lsxm89kvncpfzmlt3vx84zqdfrc0nfw506x1b4e5x7phm/Exclude_counts.table.json", "_latest_artifact_path": "wandb-client-artifact://lfbvtss90td1827xe4vhsnrxv367bi0npeoj9chbh3rqp16krhge2rang25u6fmcn09alrkzza153wtm235l6wuhlxcsz6jwb240nwjrq2gvs357ywh7r071r3doul1t:latest/Exclude_counts.table.json", "path": "media/table/Exclude_counts_172_77258b7129a4391441f7.table.json", "ncols": 2, "nrows": 1}, "_wandb": {"runtime": 1239}}