{"epoch": 4, "valid/loss": 0.042910275345077055, "valid/accuracy": 0.718562874251497, "valid/precision": 0.1437125748502994, "valid/recall": 0.2, "valid/f1": 0.1672473867595819, "_timestamp": 1715565134.6958208, "_runtime": 73.45031785964966, "_step": 11, "trains/loss": 0.004626784788981805, "trains/accuracy": 0.7490636704119851, "trains/precision": 0.35045180722891567, "trains/recall": 0.2024781206817135, "trains/f1": 0.17756275198335283, "test-metrics": {"_type": "table-file", "sha256": "6e197842a3558e710117c6081132ed9c50f450b14ac20a0cd67233c9ddcaf32d", "size": 213, "artifact_path": "wandb-client-artifact://3igkjsvncrp1gm6wwwl3jopq3o8rx9oszsolc3e86xtt4yg3v6gc1t0y79uluww5noxcqfccsi3dzdpihh1g8vcs20anem352nhmhgwi8kwj4163s1pn4w7lyro80dax/test-metrics.table.json", "_latest_artifact_path": "wandb-client-artifact://ruxzh1xcsf5ecdvcqt7iri0ueyridytbxzb4j4kfvb25f43gbyvhr569tc5h75k7rqz27v9e1ig5v2bn3s8cc31goftq06cv11lmixghrgiakkx3qerte7o761k5dhft:latest/test-metrics.table.json", "path": "media/table/test-metrics_11_6e197842a3558e710117.table.json", "ncols": 6, "nrows": 1}, "_wandb": {"runtime": 71}}