{"train/loss": 0.0471, "train/grad_norm": 0.005604289937764406, "train/learning_rate": 3.148558758314856e-05, "train/epoch": 13.0, "train/global_step": 2171, "_timestamp": 1743061390.3960404, "_runtime": 939.750298500061, "_step": 277, "test/loss": 1.1018269062042236, "test/accuracy": 0.8392857142857143, "test/precision": 0.8000658571722576, "test/recall": 0.730125247198418, "test/f1": 0.7059523809523809, "test/runtime": 1.8813, "test/samples_per_second": 89.299, "test/steps_per_second": 11.162, "epoch": 13.0, "train/f1": 0.9776065551549546, "train/accuracy": 0.9940074906367041, "train/precision": 0.996972294672333, "train/recall": 0.96016520341714, "val/f1": 0.6891369047619047, "val/accuracy": 0.8562874251497006, "val/precision": 0.8401960784313726, "val/recall": 0.6904166666666667, "val/loss": 0.8999415636062622, "eval/loss": 0.7955581545829773, "eval/accuracy": 0.8922155688622755, "eval/precision": 0.8243471582181259, "eval/recall": 0.8108333333333334, "eval/f1": 0.8168852459016392, "eval/runtime": 1.8713, "eval/samples_per_second": 89.242, "eval/steps_per_second": 11.222, "train_runtime": 932.3768, "train_samples_per_second": 42.955, "train_steps_per_second": 5.373, "total_flos": 4566415362462720.0, "train_loss": 0.21116824568945203, "label_metrics": {"_type": "table-file", "sha256": "809595b19e32539aa4ae10d662a946b61720b9a60674c87fcd39763a660629ca", "size": 706, "artifact_path": "wandb-client-artifact://p0x8wmn6d8xm5d1412cvep6mlr6cl5vuem0votpzk41w40kv6gcfvb7k1xm5voooqgf8ndd9lczsfdp9p90yg1dcggjkedh0s0gd2ewu3vwvirusd20b4ny3s6lw5u4r/label_metrics.table.json", "_latest_artifact_path": "wandb-client-artifact://ahkbj86b1u689aeq4p8ln4qp4j58uztljc5r3vgmrfy9gzgbittecv8lh14foqzwz08tjgcpu3g4y980869o9txnvendsv4a0xithvsmqtav3bujw2v3sz5zlzcoiga2:latest/label_metrics.table.json", "path": "media/table/label_metrics_272_809595b19e32539aa4ae.table.json", "ncols": 6, "nrows": 5}, "test_predictions": {"_type": "table-file", "sha256": "b682517ed96f3422629e4df0968bd96997275ea8465e440eae90a3f999b311aa", "size": 92962, "artifact_path": "wandb-client-artifact://bnsl9ebtb17xshtataperklxtzoqhae7bbun0wren4od83b0t8k168q424a4g6x27wi3i32f8wudw226qjq4ngvlwexqqwbenxk1nhtbtpx8izl8ptlb7usv6ruxeq2o/test_predictions.table.json", "_latest_artifact_path": "wandb-client-artifact://xcxbiuclrwo429k5o0ssbze1g1msl3upijx0h15m7r3jkx76di1gtm710hzsar72vrw0imnqgy755dh06ozsr1u28i84tvhtvcq5kufnd7yev2pteih4qmjlq7x0mp9n:latest/test_predictions.table.json", "path": "media/table/test_predictions_273_b682517ed96f3422629e.table.json", "ncols": 8, "nrows": 168}, "test-metrics": {"_type": "table-file", "sha256": "00962c9c77e8d9d9d421aed20e83b16a032ff857d70da723eaf47ebf9e377cf5", "size": 211, "artifact_path": "wandb-client-artifact://rynavholk61tzwz6or748n2upjva2y91ripkojjv8f73lrcfkhjga6635p8il46464otvqbqlb8la14s3q4d9e0qo8m1cnbqn1tnps6etnvh90xok5uchmdz56r7sopl/test-metrics.table.json", "_latest_artifact_path": "wandb-client-artifact://cx96aun7sdd6exd25po7jym8px4oi19ryrsk8wan1ygj3l8mvg2j7pn6dxpwpwiyz6fty1zclbgx16w4mhqp68hs2wdvxuz9017d5fcva815vag5ixtaxc2x9dt0923n:latest/test-metrics.table.json", "path": "media/table/test-metrics_274_00962c9c77e8d9d9d421.table.json", "ncols": 5, "nrows": 1}, "test_connective_metrics": {"_type": "table-file", "sha256": "5912e318ac7ca75a51a45b1d389eff0a5244e97c32dd0c11c68807285804443a", "size": 468, "artifact_path": "wandb-client-artifact://s4fpxrwmhmyc4o7vzarwtyvdqawrnazlrzslok894zw6o9exdkphhkipfo93nfurtlulno3jo543d2ydmye3g2k51utbcl0i3frfi9l4l9vys38l0x4d3xjp5n63e609/test_connective_metrics.table.json", "_latest_artifact_path": "wandb-client-artifact://0ghuyjlm3jg6zgy78xicivzqa2erbywlnk01qp9qvfmqr6lqxu7upjhq09a6ux73yul5mf139lod5ngk8tvay9ddba2g2j42c6q2s2g8am5szxa15ug5dblhjez62ttc:latest/test_connective_metrics.table.json", "path": "media/table/test_connective_metrics_275_5912e318ac7ca75a51a4.table.json", "ncols": 6, "nrows": 3}, "Exclude_counts": {"_type": "table-file", "sha256": "25a1c51bc7d78f8f0c485181ff588729b74bed10d613faf3814f153d95fa71a3", "size": 90, "artifact_path": "wandb-client-artifact://7qmf5i1plfplw4rz7t5jme9taqy8vg300bkiyfb0jysfhg45i84xon7wrlmjpdaygxpip36i88ngxx5hk7c9027rz1x62l785hz3xqqgr9v58tsme05fkhxw1fp934qm/Exclude_counts.table.json", "_latest_artifact_path": "wandb-client-artifact://csmmnopt6j938dl0fjfmnbkde9g1m0cln9tv3t12p6r7i9g62wc3u44ptca94rnkuuoeu1kkmsyg66rac2wz7dabgy401kieuzkn9tz0uqaf30g1l450tc0hs66xspo3:latest/Exclude_counts.table.json", "path": "media/table/Exclude_counts_276_25a1c51bc7d78f8f0c48.table.json", "ncols": 2, "nrows": 1}, "_wandb": {"runtime": 947}}