{"test/loss": 1.5750049352645874, "test/accuracy": 0.3, "test/precision": 0.2333333333333333, "test/recall": 0.3125, "test/f1": 0.2222222222222222, "test/runtime": 0.115, "test/samples_per_second": 86.937, "test/steps_per_second": 17.387, "_timestamp": 1736579760.672058, "_runtime": 126.4639801979065, "_step": 99, "epoch": 1.0, "train/f1": 0.19444444444444442, "train/accuracy": 0.3, "train/precision": 0.27777777777777773, "train/recall": 0.18333333333333335, "val/f1": 0.14583333333333331, "val/accuracy": 0.2, "val/precision": 0.19444444444444442, "val/recall": 0.14583333333333331, "train/loss": null, "val/loss": null, "eval/loss": 1.5421490669250488, "eval/accuracy": 0.2, "eval/precision": 0.19444444444444442, "eval/recall": 0.14583333333333331, "eval/f1": 0.14583333333333331, "eval/runtime": 0.115, "eval/samples_per_second": 86.971, "eval/steps_per_second": 17.394, "train/epoch": 1.0, "train/global_step": 2, "train_runtime": 13.3354, "train_samples_per_second": 0.75, "train_steps_per_second": 0.15, "total_flos": 2631181424640.0, "train_loss": 1.6293275356292725, "label_metrics": {"_type": "table-file", "sha256": "6113a18ecf12fde84aa6b45771f99031cd68cf2d86712b064c889d7a61ceb54e", "size": 407, "artifact_path": "wandb-client-artifact://y7qy8vjfyqw3hxi12zy231vq449vt0dldk6fia1oi0xmp29q99zdjckzvx6bekjn3rl9qfki0oi10rqtk7fu22n33icz4q23f882qhczd6n2up6x2t0mvdukkoxr0crn/label_metrics.table.json", "_latest_artifact_path": "wandb-client-artifact://4q1sva89cl3mgkzyzoi113o6ufvb0lb9r1v7b7lzqgzb0nwgxu6b5yinoq2fr0pjc2z181cu1dx55il8x6pr9ntzmlbq1cfedklfj9usuegrkcgyaav1dywlv2wofxt0:latest/label_metrics.table.json", "path": "media/table/label_metrics_97_6113a18ecf12fde84aa6.table.json", "ncols": 5, "nrows": 4}, "test_predictions": {"_type": "table-file", "sha256": "e032822caffc177aee38a7053f96666a3cd55c75c74dfd28e0c63a4c122183b6", "size": 4952, "artifact_path": "wandb-client-artifact://nf02rn3umg8yx9g22sfn5vjjd90guukedxl5lggfgb961t3j7lvrp5do6myafbzi1nu7iqs2kyxd8tmvjl8bvu7okwbmq8ru350ehqnaih5dmk6qimmb5de9kryo4yds/test_predictions.table.json", "_latest_artifact_path": "wandb-client-artifact://vk2o6ovwrrmsyojcbwrd5tze5hi96pfus4g2t7mph89q2kond972ywaayiwgqzhjxib85y8gtlkz0rwg4kct0ghbj41elj3jcil370h3z1ncnsm569ii5j3jrou6lsth:latest/test_predictions.table.json", "path": "media/table/test_predictions_98_e032822caffc177aee38.table.json", "ncols": 8, "nrows": 10}, "test-metrics": {"_type": "table-file", "sha256": "8bbe7a3b1b070115485ca1eb43b8591c26de3ee9d2d49c5e63b42f109ef96c08", "size": 187, "artifact_path": "wandb-client-artifact://b33jn4q6chc0vocho7uumzh7gyfr1xnxrttylpedjkq6svope04vn2gpy8vlc3olz2ersbayz6tuv0umtbvcqsnwwvgdi56bmk16adftbu1ej8gcyeby4x0pw59hbjr5/test-metrics.table.json", "_latest_artifact_path": "wandb-client-artifact://9dwd2s3o9iym4ubaf2y3zm5kfygbbqszufb1upa1rtqm82j83p4behbz6e5a9h9q4gvpj4wy4uh1mwl3k2g8g1pmgbahl9u0pjovsz9xaz0smbawry2dl4or2z0ftbil:latest/test-metrics.table.json", "path": "media/table/test-metrics_99_8bbe7a3b1b070115485c.table.json", "ncols": 5, "nrows": 1}, "_wandb": {"runtime": 130}}