{"train/loss": 0.7019, "train/grad_norm": 8.20925521850586, "train/learning_rate": 1.6000000000000003e-05, "train/epoch": 1.0, "train/global_step": 167, "_timestamp": 1736581875.4418004, "_runtime": 83.96048331260681, "_step": 27, "test/loss": 0.791114091873169, "test/accuracy": 0.6666666666666666, "test/precision": 0.6343558282208589, "test/recall": 0.21103054273785982, "test/f1": 0.18521104411298, "test/runtime": 1.8509, "test/samples_per_second": 90.765, "test/steps_per_second": 11.346, "epoch": 1.0, "train/f1": 0.3114639051858331, "train/accuracy": 0.7872659176029962, "train/precision": 0.8325032850852115, "train/recall": 0.28453681204985937, "val/f1": 0.3709524687941954, "val/accuracy": 0.7724550898203593, "val/precision": 0.919831223628692, "val/recall": 0.35, "val/loss": null, "eval/loss": 0.6476062536239624, "eval/accuracy": 0.7724550898203593, "eval/precision": 0.919831223628692, "eval/recall": 0.35, "eval/f1": 0.3709524687941954, "eval/runtime": 1.8332, "eval/samples_per_second": 91.096, "eval/steps_per_second": 11.455, "train_runtime": 76.4315, "train_samples_per_second": 17.467, "train_steps_per_second": 2.185, "total_flos": 351262720189440.0, "train_loss": 1.002867781473491, "label_metrics": {"_type": "table-file", "sha256": "d301ab5d1a2adc83eccbb7e8ee3ce56b7e92c57b876aad055528d38b23407c83", "size": 437, "artifact_path": "wandb-client-artifact://s0zqbdxyvdy8lsijbnp7f4gu04bslhl20jbosnfa8wek71dkhr5nrxk92n95k8l7gihb3wsu7id8vvawubzt4ckkkdllp5jtk6dixkeajv8egraz7xgrzw3a8sy9g30x/label_metrics.table.json", "_latest_artifact_path": "wandb-client-artifact://qqc6aq75nvzljh7htcx1x8vn32e0cimvoq0n9br8llt35vnkre6od17josk26z8sle843tgkmkspf8mgie01bxto9vqs1bp9rqcjxloo5q9vg3q9sa0mgd9ka90sps9x:latest/label_metrics.table.json", "path": "media/table/label_metrics_23_d301ab5d1a2adc83eccb.table.json", "ncols": 5, "nrows": 5}, "test_predictions": {"_type": "table-file", "sha256": "e3f618afffbab721c5ae5efda8a815e3ae642502640340710877c7b4056abdc5", "size": 53580, "artifact_path": "wandb-client-artifact://m04oeoo18jy3igozb2qs7il7us2d5wkasg6ex68sqrl8sp3ds8jg5aawkswk1lcnctk729hdarlxsp2xxe59aj5lqemaagp2evmuck3fp04y2dzbsqbyo403cw1mkj8g/test_predictions.table.json", "_latest_artifact_path": "wandb-client-artifact://590nvr04pl5uw4vnfx8u7b052wwrm7ka96hidir5drv9qn4a6iuwdx2xh1y3ef78ajj6ubfgfjry41ofjv7tmehvtlchu6qbo7d6d7bjfe6nzzo7aj1dc5adl3gwnru2:latest/test_predictions.table.json", "path": "media/table/test_predictions_24_e3f618afffbab721c5ae.table.json", "ncols": 8, "nrows": 168}, "test-metrics": {"_type": "table-file", "sha256": "c8a1d2b608c7fef510c454945cafbed3a5a626c0724bac97c49e4af4a8d5533a", "size": 194, "artifact_path": "wandb-client-artifact://yg9wvzd5h4nl4qhnk0pqfeowj1mootmt4wweas87nrj4hjd7hn5d8tcl3r1ljkwefbfk48ijbtzjri6glz54qgebjt5e0ah42h4l2qa0628gjrwqpfv0cduiigjgqz0m/test-metrics.table.json", "_latest_artifact_path": "wandb-client-artifact://4ur9fuh30c85wetfvy66qvkznjfa6vdhypae8t5wan73kkprk2tn81kf5pswc6tiqvmce5fcdzxlrft20plbnb0pwfazhub22ha6ptsxso2t1pkkxzk31ewl347pn4ch:latest/test-metrics.table.json", "path": "media/table/test-metrics_25_c8a1d2b608c7fef510c4.table.json", "ncols": 5, "nrows": 1}, "test_connective_metrics": {"_type": "table-file", "sha256": "5cfe9ddee296182528107302a3c3fea63ec0fd7a24d55350408b9b04bf178471", "size": 410, "artifact_path": "wandb-client-artifact://fpgw0wkl7jevpjcfisdyz876r4vhhbzs1ev7w6tjdm2puoei2f5zfhgs69s3mf53x98z4q5tycwylov1l9wshcnnc0dnjrvcfcjiasze8km3002mqukeg1yzgzl586bl/test_connective_metrics.table.json", "_latest_artifact_path": "wandb-client-artifact://sdnobdv2tcsltwqaegdtsgh9utqczv77brjhyqlx24psyyqkyvkf0giq5t3h2te641kx91hmu2rzi8ctk350kd99tyt5h570pc0ncrkyhpyruigbana4df03a6xp4ue6:latest/test_connective_metrics.table.json", "path": "media/table/test_connective_metrics_26_5cfe9ddee29618252810.table.json", "ncols": 6, "nrows": 3}, "Exclude_counts": {"_type": "table-file", "sha256": "469f5541e1beb61dd109e12c66ef07212dbf682edb7baeae9a8944b054c3df69", "size": 71, "artifact_path": "wandb-client-artifact://iir1y3e9ughjsajf872h4exwrfip1t2emmzh096uzk0su98usi2lsmgmjrrgcbxlgh7ltfwu6hggiwzv5232yyyiebwhnb0zjz1q8jnvg5fvjgsilk2095essms06hdc/Exclude_counts.table.json", "_latest_artifact_path": "wandb-client-artifact://hd7w44wtb3j0cjw9bzffw65vmnxhqmw4es1njd93qovcz6e2avnb35e9hkxiye313liafltn5vwqanisldb9xr2ef3cb7rs3dxyevr652irhpyf0ravf7aaexi98emz1:latest/Exclude_counts.table.json", "path": "media/table/Exclude_counts_27_469f5541e1beb61dd109.table.json", "ncols": 2, "nrows": 1}, "_wandb": {"runtime": 91}}