{"test/loss": 1.7210233211517334, "test/accuracy": 0.0, "test/precision": 0.0, "test/recall": 0.0, "test/f1": 0.0, "test/runtime": 0.1137, "test/samples_per_second": 87.953, "test/steps_per_second": 17.591, "_timestamp": 1736580332.1305332, "_runtime": 19.685078144073486, "_step": 23, "epoch": 4.0, "train/f1": 0.0, "train/accuracy": 0.0, "train/precision": 0.0, "train/recall": 0.0, "val/f1": 0.21333333333333332, "val/accuracy": 0.4, "val/precision": 0.275, "val/recall": 0.2708333333333333, "train/loss": null, "val/loss": 1.6062074899673462, "eval/loss": 1.6092712879180908, "eval/accuracy": 0.4, "eval/precision": 0.3125, "eval/recall": 0.2708333333333333, "eval/f1": 0.22999999999999998, "eval/runtime": 0.1137, "eval/samples_per_second": 87.982, "eval/steps_per_second": 17.596, "train/epoch": 4.0, "train/global_step": 8, "train_runtime": 15.5578, "train_samples_per_second": 19.283, "train_steps_per_second": 3.857, "total_flos": 10524725698560.0, "train_loss": 1.685721516609192, "label_metrics": {"_type": "table-file", "sha256": "dfa99dc5d0e498b95dd03405a28ba1f20eb7f56ad04c8a500028e2b8363063f3", "size": 320, "artifact_path": "wandb-client-artifact://0srvcpi8h3vzs861ybsxixroew9cjbajq6d5ndwa3trc01hx8m14slyqcdask4qqc74aq5yhu6gus1y5a99k6cztqqetqsa4meaijav5f3bzf2x77h89229x3943y2yt/label_metrics.table.json", "_latest_artifact_path": "wandb-client-artifact://10nb7sldvn5ep6g38smye0a93338s4dedrdmboo9106u04b48jw3qdvt4ufwvk8al46inlbtw8wnbi354ttbvchdcrvt6vd2q9vsnmptnjwdcry2qkr78xww6hwsftyw:latest/label_metrics.table.json", "path": "media/table/label_metrics_19_dfa99dc5d0e498b95dd0.table.json", "ncols": 5, "nrows": 4}, "test_predictions": {"_type": "table-file", "sha256": "d63567c6f0bb94da6a04c52e1abcf89dac556ca7e9e387d6c21eb903ba8f76ad", "size": 4998, "artifact_path": "wandb-client-artifact://tgz2pdyfuiyqllbf0io9tgiy502h13yxg9x4jxvb560id2djysgi6jf800zf6i0rmtjbd48teamcdm8ous36ksc4kx0i8llwvw1f6ys2y6dbr9i7iilqyoexpp2wocuv/test_predictions.table.json", "_latest_artifact_path": "wandb-client-artifact://z1uuj71gag40kv7x7r58pd7pohau5gcu8z0iyh5t3q9h91xkpvy6l3pnsfczmdublzd08fls5c6e0hgh65ba6rbmniffjpv8okg28jtpzpky9hrnjmrj9xp0mvt3gmqn:latest/test_predictions.table.json", "path": "media/table/test_predictions_20_d63567c6f0bb94da6a04.table.json", "ncols": 8, "nrows": 10}, "test-metrics": {"_type": "table-file", "sha256": "24521518710df0361d73f4efba0e299e575f6615f01de29e76f7206802849c67", "size": 140, "artifact_path": "wandb-client-artifact://sgfu2km1k7a6rfh1w1bqpp0aslpf27tqb7h8cdxbdye7393u5492gsrkwiqkmdn0lgt50qderalh2b229z568qpu77ej2wsdj9g0murw7xxt2o3b7s1ogqd2dj2zh4cq/test-metrics.table.json", "_latest_artifact_path": "wandb-client-artifact://r2a2w8c9iq2eiv4aa6iw8tcnxhdemppdi207ljn0582jkj5p631rfj3u8rmc3vwzwbz0mdwoizh6jsya6ynemebg8iubjier30eqbw7hcet8arn3icbyrmtsueu29nqy:latest/test-metrics.table.json", "path": "media/table/test-metrics_21_24521518710df0361d73.table.json", "ncols": 5, "nrows": 1}, "test_connective_metrics": {"_type": "table-file", "sha256": "fcbb75750f45f5e4b754d3358a8f6faae42656105c75805c4a62079b91d15297", "size": 161, "artifact_path": "wandb-client-artifact://dube0fl28ua0x27vxmhl5tvn632aw2ol42s7uv2bgho67e1yfyw85g4l3gwevk5vh95tbdf3dawhcsouyp8gakameffw5kbcslyry22bqdvrownq4sr0x1p8byk91x7u/test_connective_metrics.table.json", "_latest_artifact_path": "wandb-client-artifact://dcyj8el45f7z92b1ssicx26eln507dz9294da65sq14w0yextt1mlh1uob3g64mr3j7sgdg9q3ict2aclix1dii2svba9g0751vt29ngyjc9jdk79zv0xsctb3axudrv:latest/test_connective_metrics.table.json", "path": "media/table/test_connective_metrics_22_fcbb75750f45f5e4b754.table.json", "ncols": 6, "nrows": 1}, "Exclude_counts": {"_type": "table-file", "sha256": "4a906846cf009fd1162d813a4dabb3de95a7af376eeacca97f34e145c9fe6dda", "size": 77, "artifact_path": "wandb-client-artifact://y5aa1w5avcw87rkrr6of414ju9qaeiu51rksxsr793v7a8o02r8jo8gnsu9fsihzydrmn1a97oxz55or91k6yivpqe8cefoh4kjxu34mz1dxl5tgqo5we11tcri96e3z/Exclude_counts.table.json", "_latest_artifact_path": "wandb-client-artifact://1bh2pjlq9zoqdgcljrfc4hpqr8vncv7kankfb9ea1ucipp3f2xif2g14cp32def7wqm1ody78xiop2jokbffca9n1ibf4vd0iz4prjusyezapsq4n5wnl0l1dnq4nilq:latest/Exclude_counts.table.json", "path": "media/table/Exclude_counts_23_4a906846cf009fd1162d.table.json", "ncols": 2, "nrows": 1}, "_wandb": {"runtime": 27}}