{"train/loss": 0.0001, "train/grad_norm": 0.0011950730113312602, "train/learning_rate": 0.0, "train/epoch": 30.0, "train/global_step": 5010, "_timestamp": 1735412990.0597203, "_runtime": 2162.2481253147125, "_step": 627, "test/loss": 0.9438941478729248, "test/accuracy": 0.8452380952380952, "test/precision": 0.8355297665879885, "test/recall": 0.7980641617226982, "test/f1": 0.8015140415140415, "test/runtime": 1.8545, "test/samples_per_second": 90.589, "test/steps_per_second": 11.324, "epoch": 30.0, "train/f1": 0.9775911498091971, "train/accuracy": 0.9940074906367041, "train/precision": 0.9984158415841584, "train/recall": 0.9587295426286252, "val/f1": 0.7727210884353741, "val/accuracy": 0.9041916167664671, "val/precision": 0.8698857142857144, "val/recall": 0.7870833333333334, "val/loss": 0.8712804913520813, "eval/loss": 0.6294431686401367, "eval/accuracy": 0.9041916167664671, "eval/precision": 0.948062015503876, "eval/recall": 0.8699999999999999, "eval/f1": 0.9022375215146299, "eval/runtime": 1.8365, "eval/samples_per_second": 90.932, "eval/steps_per_second": 11.435, "train_runtime": 2154.8341, "train_samples_per_second": 18.586, "train_steps_per_second": 2.325, "total_flos": 1.05378816056832e+16, "train_loss": 0.09762450059103926, "label_metrics": {"_type": "table-file", "sha256": "8448f04465c21bd208b0cc02ec6b8967207fcbd86424514eecc76e98d048faa1", "size": 501, "artifact_path": "wandb-client-artifact://g78ecsjaoeqcpn7o3wds8jvpe2b44s21zocv7o7ce1766k572a8p6yd6i2kp3o9ek6rp2wbzpmgy8gwgwom8kz9gz5rw38r2lveu1ye2w581m02qwl5nawb3yzs2fol0/label_metrics.table.json", "_latest_artifact_path": "wandb-client-artifact://6wyobrjgapyu7ibbutrmd5jqk86ltxxnn1jqrlc87rkx791ubwt990chb1evpci4tzca3y82xf3lyyki5mq90u4nsknoh2zzqmy3ili3innf5ewu6xm20xonw74mva2t:latest/label_metrics.table.json", "path": "media/table/label_metrics_624_8448f04465c21bd208b0.table.json", "ncols": 5, "nrows": 5}, "test_predictions": {"_type": "table-file", "sha256": "e76689ec8954c192fcec98a7a64e6f4c193c533b4bb625c5c1fff3ead5535c77", "size": 88202, "artifact_path": "wandb-client-artifact://i5djrmd4dnk8qmb99a8znhp1xrxs9oov9c24i4s8qsio6gz1wnuey42ogx3ltjq25w2vlj70l7q0tgskjpsn7biibb3h2qyxvmjmyc3fnncglwzmy4s4x5nrawpmgepc/test_predictions.table.json", "_latest_artifact_path": "wandb-client-artifact://5vvoylqb2p6koj1dowk1kjcsysl8ar73482i8q8ojfwhzn90b27z3xbcjde2oxtftz19knnc941aeq4ruhuavqk1w2nwy3rd51m068ck78e1l14dc4b8kwhuuewb6fk3:latest/test_predictions.table.json", "path": "media/table/test_predictions_625_e76689ec8954c192fcec.table.json", "ncols": 7, "nrows": 168}, "test-metrics": {"_type": "table-file", "sha256": "ba01db791d2af92efe681a1acfa802ba6cfea37a53c3fccf586fc2dbeaef71ec", "size": 196, "artifact_path": "wandb-client-artifact://0v4fz364v1eta4xu2glkkilmmid1ky95mgeg4b39wq77tx8h0jjxf7ouqhtclb394vau0b6ukinxtptxrf9kpof6bfeo95o2qfccq131qxhayvenvrdwp1qkh6xo3a7v/test-metrics.table.json", "_latest_artifact_path": "wandb-client-artifact://ed3kz7mtnhzdrztosbsb4snkuqbinmuccpq6dtqmevcb9xiz8p89nplgm9yr1047xlnxlt78xe5562lwqkcrqn2n3i1nqbhln2yfrqduq7rvx7j8s8ozeqtxi5vmzs6c:latest/test-metrics.table.json", "path": "media/table/test-metrics_626_ba01db791d2af92efe68.table.json", "ncols": 5, "nrows": 1}, "test_connective_metrics": {"_type": "table-file", "sha256": "2daa738e5fbda5d8cd52de702fc9f122b7a46d1d1051424800faa30bf6f1e996", "size": 440, "artifact_path": "wandb-client-artifact://vqzjednvaopb5ohhcs7jm3jo4lkm2huao3ozl8nor3iicuck14b8v58ja10nfkhn1t9jwx9ll37ufj6i4m8z4gls5vcfy1qe69wfartdo4cci3kx71s17sfl5devgmf7/test_connective_metrics.table.json", "_latest_artifact_path": "wandb-client-artifact://2dzgv926eqyxciz97hhqxu9x8992jr4qdsaq5lv7dqfpgp037qd080c88mpg0lc7v3f7jpohzhwur0b7ahkt7jndwqytp2fld8triyb4d27vthoxwto7d0c2hct3mrq7:latest/test_connective_metrics.table.json", "path": "media/table/test_connective_metrics_627_2daa738e5fbda5d8cd52.table.json", "ncols": 6, "nrows": 3}, "_wandb": {"runtime": 2169}}