{"train/loss": 0.6756, "train/grad_norm": 10.282312393188477, "train/learning_rate": 4.26829268292683e-05, "train/epoch": 7.0, "train/global_step": 1169, "_timestamp": 1743044263.4184213, "_runtime": 511.33321022987366, "_step": 152, "test/loss": 0.8501931428909302, "test/accuracy": 0.6726190476190477, "test/precision": 0.5115440115440115, "test/recall": 0.23410678971654586, "test/f1": 0.22654088050314466, "test/runtime": 1.8853, "test/samples_per_second": 89.108, "test/steps_per_second": 11.139, "epoch": 7.0, "train/f1": 0.4656974015113063, "train/accuracy": 0.8367041198501872, "train/precision": 0.810543883554626, "train/recall": 0.4086859449766663, "val/f1": 0.32964659315804357, "val/accuracy": 0.7604790419161677, "val/precision": 0.566101152368758, "val/recall": 0.3041666666666667, "val/loss": 0.972119927406311, "eval/loss": 0.6867659687995911, "eval/accuracy": 0.7604790419161677, "eval/precision": 0.7327078734363504, "eval/recall": 0.3279166666666667, "eval/f1": 0.3529576204852957, "eval/runtime": 1.8743, "eval/samples_per_second": 89.102, "eval/steps_per_second": 11.204, "train_runtime": 503.461, "train_samples_per_second": 79.549, "train_steps_per_second": 9.951, "total_flos": 2458839041326080.0, "train_loss": 0.7306237290107459, "label_metrics": {"_type": "table-file", "sha256": "badacb3d8ec4df3d5332e03052166b69d90a792d7059dbdbd9705e6aca4cb4fc", "size": 638, "artifact_path": "wandb-client-artifact://g6kjd4de8790xq8jiihr0mzuu170jniqp71hj6wi6dhtgmcuif7ga9wb3yaghzey26utx70jo4lm4pjjg28b9qz4jwa4y9w345btaie4uf893rcq3631tbx9rvtpep8e/label_metrics.table.json", "_latest_artifact_path": "wandb-client-artifact://va3m4cjid6va6ocpumhktv3fboxjb2au4rn6w2m1qsgsiz4cs5arz94214u7kj0l7ddqc45bijn11gky37pzw3t6lmlbfroo9we84t5ko587pg6p1drlopsevf90hohh:latest/label_metrics.table.json", "path": "media/table/label_metrics_147_badacb3d8ec4df3d5332.table.json", "ncols": 6, "nrows": 5}, "test_predictions": {"_type": "table-file", "sha256": "84a79e1e4309da99f0a4651a52c5261458af70aa4f20d69b7f07c894da8c93bb", "size": 138159, "artifact_path": "wandb-client-artifact://u3mieu64m7az9r2z91u6lxxao2j2c040p4qmiqlwedetmhz8tz50ajedzfmc1ytdohe7vywkwtxx1ovoc3l1b0ddl3992wutuwsztjmdbcrx5gzbhr5p9yihiqqqyeiy/test_predictions.table.json", "_latest_artifact_path": "wandb-client-artifact://m7h5mko9qhf0ic6yz3em4ic0rdewu1f4cj23bm6fk2wtfa0xd1mb0v6hpaq8t5n4xuw0wjceqizbd6n5ny8u266ukgk6r0y7ozgyf248q86cvdh6gtyewz9ijxzptida:latest/test_predictions.table.json", "path": "media/table/test_predictions_148_84a79e1e4309da99f0a4.table.json", "ncols": 8, "nrows": 168}, "test-metrics": {"_type": "table-file", "sha256": "6b48a76c4d93a5d910d8525d92c164529ec6d57826dc929f5d1ea9b905a79041", "size": 212, "artifact_path": "wandb-client-artifact://ny0v3a8e2uomfdb607pidasnee37amd5qsvqqmpgtfsvhfqjhdj7s2mf2plfp1oz01an31kq2n9i3bisk8166dt4iugkqp5mmex9ve0ur053ipq65gc8rwjldkgbri9p/test-metrics.table.json", "_latest_artifact_path": "wandb-client-artifact://9x04ygnxihygy4wenv93qxa7caqtrlldb7jzvps3vsr2mg68odn06l0glwvprxhtfpukljnb6yhrdhxxqa1cf3vrlr3s6zg0sq5d80owidvvzm97n6ot3nkghmv71srz:latest/test-metrics.table.json", "path": "media/table/test-metrics_149_6b48a76c4d93a5d910d8.table.json", "ncols": 5, "nrows": 1}, "test_connective_metrics": {"_type": "table-file", "sha256": "163a05d515aaf07402c45e98ff7b5685a11de650c02e56f54710b21a8479e413", "size": 455, "artifact_path": "wandb-client-artifact://lkorblx0el7dmqp09vgz3i2fodsksevb6vci4kpz4zeqlsxgcqvcuoy1ar973rryo3jyqpbdszym0km9baudwvyylmemt21talarwqr4y9fbt9g5yblq2jo6nw1vpxr4/test_connective_metrics.table.json", "_latest_artifact_path": "wandb-client-artifact://5ooszdsvttl963zd6y5mszwv1w93xzfwetst1twezd30zyvswn2b42vm2nt8audlu7vmer3mnnw7hbgv9vpqi1b42khttiil2rubr28pd36zsd9l7j4yz8nerrhbspsm:latest/test_connective_metrics.table.json", "path": "media/table/test_connective_metrics_150_163a05d515aaf07402c4.table.json", "ncols": 6, "nrows": 3}, "Exclude_counts": {"_type": "table-file", "sha256": "b29489d20e57d05bb6aec67be60a99d8dcef8e432ded61216e66508bd510be58", "size": 90, "artifact_path": "wandb-client-artifact://jjrcbkb4w38nv01ykfbg1wrm58t2jxi8tja92b46ru469vbkbu4w5w7tjxtn8i4it1sgr2nzovckisnojhk7vclpo0s8abkgbnxitdn77d8rs4gavmtvkdnmm8nqun2v/Exclude_counts.table.json", "_latest_artifact_path": "wandb-client-artifact://e5nbbmjlynvd8t3o1k5asvyjb421pp35r34bmhp89xpgh2crv90dxvvl11wee99i39dzksmkw1dhu7gijuqzqsee7o801ybpgij4lju1bxi1mowyscdlnnhx6tdrkm7x:latest/Exclude_counts.table.json", "path": "media/table/Exclude_counts_151_b29489d20e57d05bb6ae.table.json", "ncols": 2, "nrows": 1}, "_wandb": {"runtime": 520}}