{"train/loss": 0.0819, "train/grad_norm": 0.0246958639472723, "train/learning_rate": 4.26829268292683e-05, "train/epoch": 7.0, "train/global_step": 1169, "_timestamp": 1736789835.1066248, "_runtime": 508.53456377983093, "_step": 151, "test/loss": 0.9245962500572205, "test/accuracy": 0.7797619047619048, "test/precision": 0.7406455862977602, "test/recall": 0.43932322566468907, "test/f1": 0.4642334907395148, "test/runtime": 1.881, "test/samples_per_second": 89.315, "test/steps_per_second": 11.164, "epoch": 7.0, "train/f1": 0.9744842822875752, "train/accuracy": 0.9925093632958801, "train/precision": 0.9870563441280573, "train/recall": 0.9636104753895778, "val/f1": 0.5432327022570924, "val/accuracy": 0.8323353293413174, "val/precision": 0.7516339869281046, "val/recall": 0.5095833333333333, "val/loss": 1.1762139797210693, "eval/loss": 0.7321118712425232, "eval/accuracy": 0.8502994011976048, "eval/precision": 0.8772628955659002, "eval/recall": 0.59875, "eval/f1": 0.6293942441841601, "eval/runtime": 1.8679, "eval/samples_per_second": 89.403, "eval/steps_per_second": 11.242, "train_runtime": 501.0136, "train_samples_per_second": 79.938, "train_steps_per_second": 10.0, "total_flos": 2458839041326080.0, "train_loss": 0.37681927517418157, "label_metrics": {"_type": "table-file", "sha256": "b6ed7f692a2637b6f19b4c5e25638d23de1c6ec3c0926733fc445561886e5a1a", "size": 634, "artifact_path": "wandb-client-artifact://6ivi9fz4iyx8tprypi8vdzxyejxlpv01nettuir4z4t2ze0flh47ls258ofebkufrwyms5se00o0g2dguk5ghafhv31heqwvaki41hcjpx31qcv6nluh75s5goji9zv4/label_metrics.table.json", "_latest_artifact_path": "wandb-client-artifact://b4pukr87k628aiwvd3hs4gxqh9x9r68h5gp14mjsrxyzi49sh1mhy36ztjxlmqk76wwckkk0tvcbenhzp5xxyoamxss8y895okvj1lkkhjws7z1rgpps1udcgk96xwl4:latest/label_metrics.table.json", "path": "media/table/label_metrics_147_b6ed7f692a2637b6f19b.table.json", "ncols": 6, "nrows": 5}, "test_predictions": {"_type": "table-file", "sha256": "802e6a2fc0a6b8d464a05a9b2b805ad8e81de4e5da5e5ea6eb85d90144eee729", "size": 87046, "artifact_path": "wandb-client-artifact://tbxh98iluu3wf0wxeeuobwh19g7qzjf37xrkjhhrjni56udk65wx0eibwk67hipzewrbrfekyuplp5pjtwqg1rgnn2kasqsi1s6ngkdinq8qwtc97bj73djd3q2q7k2b/test_predictions.table.json", "_latest_artifact_path": "wandb-client-artifact://y398bpec5p2es7nm1c3zd9nbpxpl7aq4jd0p14fv7vjf9jpn7rkhbgk429fzsourj3to7nb7xgiq6iadvf7spcj9lifsyqrpb0a7pq4yqr79iwqiquubqon5eadrmirb:latest/test_predictions.table.json", "path": "media/table/test_predictions_148_802e6a2fc0a6b8d464a0.table.json", "ncols": 8, "nrows": 168}, "test-metrics": {"_type": "table-file", "sha256": "5f111577f3b2e110fa880fab88e1422445b65f902eda04e1c18189946e2d277f", "size": 204, "artifact_path": "wandb-client-artifact://cvvsqkvqo5gbs7ubzxja3wlgxspr5pd7vnhjo3obrpukwg0s0xf26tx3nb3tg22vue6e5rmsbrnuntdjywgrlbyuo1kfu9nz7nvi0nmpnegltukrswvzqvgto50xlia2/test-metrics.table.json", "_latest_artifact_path": "wandb-client-artifact://6rvmxjbho3oz4v9hb68nuzircdnocpbd7d61c41tbiq88nilv3zumo6q49uira17cl6nbwwftpgj9q9vmrm7wzpmlcz01vnvmlr43gciki03cc223px569r5rsvzqjed:latest/test-metrics.table.json", "path": "media/table/test-metrics_149_5f111577f3b2e110fa88.table.json", "ncols": 5, "nrows": 1}, "test_connective_metrics": {"_type": "table-file", "sha256": "e4acf1d85750c388b1cd7f83a03d5058bc802782d7be896c82621776c7e51537", "size": 448, "artifact_path": "wandb-client-artifact://j6irrit5xaoixuxnf88gxyvxzjyeu4kwjx39six9rv18wt156yhrb9bkourrn4ro6uciyuiv3ldbzx2cvrvmos3n6vozx3d05ijuunoz1pnns1vtwg33lb27hn72nvjb/test_connective_metrics.table.json", "_latest_artifact_path": "wandb-client-artifact://2pqygua791ixqqcauvvh3adjhc1fa6two25m8wpj4qg2kc1of9vlppjbxk35t1e9cxel11xe31z63tz6z8dek8fca9k054ua8y80jvxb9gmmp3yegmweg5oekb255h59:latest/test_connective_metrics.table.json", "path": "media/table/test_connective_metrics_150_e4acf1d85750c388b1cd.table.json", "ncols": 6, "nrows": 3}, "Exclude_counts": {"_type": "table-file", "sha256": "6b61ed8104e7789baa2a078cd4b3e82ab1d17bd9254552ac8bfb5d3efebbd3dd", "size": 81, "artifact_path": "wandb-client-artifact://nzgwzckhjn9rk50pbzjp11mm4s4745bqi6b38ee3wk5srfs4zqqvifkozm13xld9l0mkci2pfwze71rewn1cj1i5e57ckcwhr59fshefafv8myxhvvnv3kc2y8tmqn9a/Exclude_counts.table.json", "_latest_artifact_path": "wandb-client-artifact://3qqj32ctpzcqydmarr2a4tuq590etz3a31fx2wqe7omewihmbmvlajuktcvf5hk2h05seei0evqeymi2z17ozh8ejr4ab9hthh7kb2a6zm2qe787tz1w4rk1hp3qlb5a:latest/Exclude_counts.table.json", "path": "media/table/Exclude_counts_151_6b61ed8104e7789baa2a.table.json", "ncols": 2, "nrows": 1}, "_wandb": {"runtime": 516}}