{"train/loss": 0.1323, "train/grad_norm": 0.0587443932890892, "train/learning_rate": 4.0798226164079826e-05, "train/epoch": 8.0, "train/global_step": 1336, "_timestamp": 1736779680.3585267, "_runtime": 579.2077357769012, "_step": 172, "test/loss": 0.874881386756897, "test/accuracy": 0.7976190476190477, "test/precision": 0.7987878787878788, "test/recall": 0.6305976708415733, "test/f1": 0.6785675846786957, "test/runtime": 1.8762, "test/samples_per_second": 89.544, "test/steps_per_second": 11.193, "epoch": 8.0, "train/f1": 0.9448035005418134, "train/accuracy": 0.9775280898876404, "train/precision": 0.9720605881704406, "train/recall": 0.9247624339988236, "val/f1": 0.5713975799714339, "val/accuracy": 0.8323353293413174, "val/precision": 0.690703125, "val/recall": 0.6029166666666667, "val/loss": 0.7851133942604065, "eval/loss": 0.5814868807792664, "eval/accuracy": 0.8682634730538922, "eval/precision": 0.769137022397892, "eval/recall": 0.6408333333333334, "eval/f1": 0.6198634768740032, "eval/runtime": 1.8591, "eval/samples_per_second": 89.827, "eval/steps_per_second": 11.296, "train_runtime": 571.707, "train_samples_per_second": 70.053, "train_steps_per_second": 8.763, "total_flos": 2810101761515520.0, "train_loss": 0.43188391238016016, "label_metrics": {"_type": "table-file", "sha256": "6f3124011b28017ba4b94adb49b7c0f14e258b3af8620035ecb8889afa13a997", "size": 693, "artifact_path": "wandb-client-artifact://dsgcvf4hapv8ajsfxv2mlrp1ssign9vu501g13ir7v2reogiphxe1p7d61bt66d0sxqmc0k6vp72l4rw9rbuhn7r534auuxe6dn7bfrl9obio7q1wml6hkdzrpcjhxd3/label_metrics.table.json", "_latest_artifact_path": "wandb-client-artifact://qwl9mls1qjwicd5sxlmkfzb5wdzx8ei587avi0yzsg9qhw69m3xm2geou9697fvfg47d8bln14pcviyz7uy3sezkooaarvu3r9szdidshe9ucwyiiug3tsii60a5n3un:latest/label_metrics.table.json", "path": "media/table/label_metrics_168_6f3124011b28017ba4b9.table.json", "ncols": 6, "nrows": 5}, "test_predictions": {"_type": "table-file", "sha256": "fda5ccef7c9872415fee1d4374a1418a921ab7fa9c5b7f2ebea1b94f932de7e7", "size": 91355, "artifact_path": "wandb-client-artifact://utwdp987imkinvj2hhrblxll49qfwpo31y38y60hnak0zlff517lcsewfkib3jb4l16zvlk9c04t3eaokpyjn7f0oeiitkv6k51nnp99hazzujyhui5sa67v2agt91hc/test_predictions.table.json", "_latest_artifact_path": "wandb-client-artifact://bj1218ypdyg7row5dyndc2nho81sb5e5ne6u15mdffr7re466g1z1tq5axrtbwivrr8swbkrw93uugtg05u5f24ujw7r6lslo8co5964ng35ydrodtadrkyot9b1t7zp:latest/test_predictions.table.json", "path": "media/table/test_predictions_169_fda5ccef7c9872415fee.table.json", "ncols": 8, "nrows": 168}, "test-metrics": {"_type": "table-file", "sha256": "2eb4a6eb0c9cd695b4ae855644927c94d870df0adbb9ac09355c5a4650787dee", "size": 214, "artifact_path": "wandb-client-artifact://ps63hfba577uwk2vpja76nhkwoo6sidngdzk2400iezetllk4cslv5gx50zqpds8wo2t1qcjec8wx54wp4ykbazho39i0yhcrnvoa5pepqhiicygxfmxvra25o3mx0rv/test-metrics.table.json", "_latest_artifact_path": "wandb-client-artifact://ck2quzvh5hycn5o04je4d0gnsl0xzhdybs65o1j3q4fbtjty9zx43esn3nx5txa22ckzkaabu8n4id2a3ywdmr6crxj1o6fplfbt06v3gu0qktbvc9crbrgkvwzmzflt:latest/test-metrics.table.json", "path": "media/table/test-metrics_170_2eb4a6eb0c9cd695b4ae.table.json", "ncols": 5, "nrows": 1}, "test_connective_metrics": {"_type": "table-file", "sha256": "e40bbb9d43c08bcada7202483593fb8ce4d15043b6a5f4e9826997e4efb6e168", "size": 493, "artifact_path": "wandb-client-artifact://wn00hdpn2umsuo6gm36hipgiaopdhizyvjwquno7d835wkwxaerlb88037z4w0rmavv03fqyumlfj3o65hbeykv3r1fb95eqswc65eq62uyh0nvmc9dtzxx6vstxshr5/test_connective_metrics.table.json", "_latest_artifact_path": "wandb-client-artifact://cgae638rr6fvebjkohqiudaqpm90fhf30bb6x258cjxfxn4zydhvppjg6odu91irz66g4in4k7g50bg1chedtchwog4i26jyucztblc1qrgrxzmeutlg7lwylwzdqwh8:latest/test_connective_metrics.table.json", "path": "media/table/test_connective_metrics_171_e40bbb9d43c08bcada72.table.json", "ncols": 6, "nrows": 3}, "Exclude_counts": {"_type": "table-file", "sha256": "c34a277c71c512b8edf166c56baf83d9cf5f1d112b0d9e9e2b7fd47129239695", "size": 93, "artifact_path": "wandb-client-artifact://frfe0ve7shprvjeefu0ckbxygsehz8g5zxdvfb594n3m83skb5p7630m7emxdrhxfdmkrr9wed16cayve8aq1ju8kgmjmeiw35j9d79h1zzvaic62w66yg7u0m0zn4kb/Exclude_counts.table.json", "_latest_artifact_path": "wandb-client-artifact://7g77z3cl7jv4ympod0kug6n7cj0kukkwws8rqtnb7lhsxe8ugpgw2is1kwp1llcrriwjv1y3scucu24fjki2v32c7gv87n5wn5hcceamjr70lvbsc244nxn8ov78nen2:latest/Exclude_counts.table.json", "path": "media/table/Exclude_counts_172_c34a277c71c512b8edf1.table.json", "ncols": 2, "nrows": 1}, "_wandb": {"runtime": 587}}