{"train/loss": 0.7603, "train/grad_norm": 8.171448707580566, "train/learning_rate": 1.6000000000000003e-05, "train/epoch": 1.0, "train/global_step": 167, "_timestamp": 1736582087.234727, "_runtime": 94.35033893585205, "_step": 27, "test/loss": 0.8426010608673096, "test/accuracy": 0.6666666666666666, "test/precision": 0.8323353293413174, "test/recall": 0.20487804878048782, "test/f1": 0.16923603973963686, "test/runtime": 1.8512, "test/samples_per_second": 90.754, "test/steps_per_second": 11.344, "epoch": 1.0, "train/f1": 0.18115620407617974, "train/accuracy": 0.7543071161048689, "train/precision": 0.5578295663458419, "train/recall": 0.20458715596330274, "val/f1": 0.17995337995337995, "val/accuracy": 0.7245508982035929, "val/precision": 0.8614457831325302, "val/recall": 0.20625, "val/loss": null, "eval/loss": 0.7889495491981506, "eval/accuracy": 0.7245508982035929, "eval/precision": 0.8614457831325302, "eval/recall": 0.20625, "eval/f1": 0.17995337995337995, "eval/runtime": 1.8308, "eval/samples_per_second": 91.218, "eval/steps_per_second": 11.47, "train_runtime": 87.1871, "train_samples_per_second": 15.312, "train_steps_per_second": 1.915, "total_flos": 351262720189440.0, "train_loss": 0.9183575750111106, "label_metrics": {"_type": "table-file", "sha256": "194155bc2fb642a6b36647e081010a8c288dd7157c25d4021fb2d3a408a6035d", "size": 479, "artifact_path": "wandb-client-artifact://oej8sly8gf5don73iglu6rxiu5g3gooz69kjvmhaxvhwemsrvnxk0b9cceicehzwczjf93v1pxmmylmbrikzrnri4syc16za6r7yapb1r4h8hjqom52rbo5oukwymph2/label_metrics.table.json", "_latest_artifact_path": "wandb-client-artifact://q60927um7454dtmpkd0wadl5552mnx42vte039gxl41aknoxtxrheaues5cia1rp0hyvlq6mc415v1cphoec5w6ei8hwzlwmcs89pne4qwayccv8yvzcxlexorh72wmn:latest/label_metrics.table.json", "path": "media/table/label_metrics_23_194155bc2fb642a6b366.table.json", "ncols": 5, "nrows": 5}, "test_predictions": {"_type": "table-file", "sha256": "18d556cc93fd77736eebf6079fea0ea086d9eb7169f850197804570c672eb431", "size": 62150, "artifact_path": "wandb-client-artifact://n75k9ox233bcrg0xp18nh9d4u1c7ne7mfzvvoxt6tboewd3296mj517auapf4kml2jfb3l93jl4e0h22nmt2grd603x9arya6nmc8psywpd6kz50dvp24ehtekjny0dr/test_predictions.table.json", "_latest_artifact_path": "wandb-client-artifact://keqitj8nyy5wt6awz2vz06zesgqlv2qkrf44v4ev8c8aazq5j991x2o0bpfibp8j8b5ouu7xutk7sgmb5dyhkqc0ryi8ra2ddpyt6gctruduf49aw7atddlitlfynfoy:latest/test_predictions.table.json", "path": "media/table/test_predictions_24_18d556cc93fd77736eeb.table.json", "ncols": 8, "nrows": 168}, "test-metrics": {"_type": "table-file", "sha256": "2b06be443d771bfb74002a29e1c5a73e2e112048243cd2386d7ee7801b5bfc5c", "size": 208, "artifact_path": "wandb-client-artifact://76seqkfkqyimo98aobrn4fiv1f1n4vkd6x77d9snw9vtye4r3juk5g4dsi4frs73d74785538olyn480qwk5a59vrfsijqea0vrn8smjmsxiehdotkj64mi738iqp3x1/test-metrics.table.json", "_latest_artifact_path": "wandb-client-artifact://ouwm0f4puxmwtnxtw0l3grmu8a4sb9wtr5r2wvtbpkkhessg5g0ep2n879wfok3h619qj8eyezt870gax2qyj6jpoj8fmjt1gi10em1z07pmlplhy2szjmugzo4n2bls:latest/test-metrics.table.json", "path": "media/table/test-metrics_25_2b06be443d771bfb7400.table.json", "ncols": 5, "nrows": 1}, "test_connective_metrics": {"_type": "table-file", "sha256": "53e5b657e2ffdedfc45047571e646e8fb786b4a9e482088aca7084bccd64c7f7", "size": 425, "artifact_path": "wandb-client-artifact://avw7hfmw7rcr7p1nahy1fll6oewmyo8kz6qzbsyfiv7ia9ywe4ca4jovc7ho8jagyjv7fqo55liu1qwg2aidduzbvzpl361o1l1q0ww622ulu5t95r8iwj83xpf18s6s/test_connective_metrics.table.json", "_latest_artifact_path": "wandb-client-artifact://yhcquytow3hnnept5w0960q7llcok1mv7o9vh7arhxq507111le8wm3wb0v91bzze1ee0lt5u6boc20lc6sabeez8cmdu7cwbk4hu1niogl2vxiqm7q0zkwo5dqww6j9:latest/test_connective_metrics.table.json", "path": "media/table/test_connective_metrics_26_53e5b657e2ffdedfc450.table.json", "ncols": 6, "nrows": 3}, "Exclude_counts": {"_type": "table-file", "sha256": "92504b126567f736cbedb8586a5e833f3c5632191cd4c7ca2291163d6a06ccb8", "size": 85, "artifact_path": "wandb-client-artifact://pkarp10lm13zfrmbzhal6z5csr73asfpnnpmwntufs3e5lh2mvn7rbwxzjqnfm7h4kkcstn2nx889xezxroavk7acwidbmzk732fft7o2xgcqh8pmfded81fuicdlf9e/Exclude_counts.table.json", "_latest_artifact_path": "wandb-client-artifact://m6tzll63qcehvfvryhdcmclaptxp8gbc50fh73rhv336sc34y1kaqd62634u9avu3me8mk55m9stofxyd1ji3ce9pmbiyg607lm90q3siz6vj4vgs5abqytoruurwh73:latest/Exclude_counts.table.json", "path": "media/table/Exclude_counts_27_92504b126567f736cbed.table.json", "ncols": 2, "nrows": 1}, "_wandb": {"runtime": 102}}