{"train/loss": 0.0595, "train/grad_norm": 0.0032118128146976233, "train/learning_rate": 3.148558758314856e-05, "train/epoch": 13.0, "train/global_step": 2171, "_timestamp": 1736807858.7682562, "_runtime": 941.6552813053131, "_step": 276, "test/loss": 1.0940427780151367, "test/accuracy": 0.8571428571428571, "test/precision": 0.8363616268788683, "test/recall": 0.7688508020215338, "test/f1": 0.7771488007831621, "test/runtime": 1.8821, "test/samples_per_second": 89.26, "test/steps_per_second": 11.158, "epoch": 13.0, "train/f1": 0.9775988924164318, "train/accuracy": 0.9940074906367041, "train/precision": 0.9976851851851851, "train/recall": 0.9594473730228825, "val/f1": 0.734096459096459, "val/accuracy": 0.8802395209580839, "val/precision": 0.8137878787878787, "val/recall": 0.7175, "val/loss": 0.970450222492218, "eval/loss": 0.7406760454177856, "eval/accuracy": 0.9041916167664671, "eval/precision": 0.8608806963645673, "eval/recall": 0.81875, "eval/f1": 0.8348551223768196, "eval/runtime": 1.8706, "eval/samples_per_second": 89.276, "eval/steps_per_second": 11.226, "train_runtime": 934.3522, "train_samples_per_second": 42.864, "train_steps_per_second": 5.362, "total_flos": 4566415362462720.0, "train_loss": 0.2101149855280965, "label_metrics": {"_type": "table-file", "sha256": "4363c6553a0d962996761ec29b03a59d2a0e2275c95fa39bff2ed5b8889c08ca", "size": 622, "artifact_path": "wandb-client-artifact://gvjcfcectooiglqlnst2q4hef2aabpznunywjd7i155fud39c452c6jbvz6uh89ch1srgfe9sa034ock6ojd9qw391jh1rdhcehndeyw43b64yt04ahbq5625kg5sn85/label_metrics.table.json", "_latest_artifact_path": "wandb-client-artifact://30hse3c9i8mrdrwow4vjqg3reb2jy7yt51s9ekwyvw6iyb3ysmewljpu1rilybdpoqdfiho9xi4gvor5xoci9akr4ihoppjh2vmbn4mfbh0wihmnv1ue6i055s735oyo:latest/label_metrics.table.json", "path": "media/table/label_metrics_272_4363c6553a0d96299676.table.json", "ncols": 6, "nrows": 5}, "test_predictions": {"_type": "table-file", "sha256": "fc4c66f061c41cca5446f492d6026318ac5a6e3d1aa37365e90b7ebf925be4e9", "size": 89128, "artifact_path": "wandb-client-artifact://4iea1pc5nholvqrph48ls6j6t1b7o09vdrmk3z0fsdppxk69w54geak369423hhe6l50c9ix4m9g6kk2ql7yvf2ttt29mfnj885p2jbtd7vajwnuij10zfs369bplle4/test_predictions.table.json", "_latest_artifact_path": "wandb-client-artifact://1uxufwx2svh7gcdc4spoty89fojw3cbbiodjd23c090m5266rvf9026vpdish3oqghy7xm7dzq2an9b2ag3di1mjnrvsxacojr8197wagu93zi4i9m3bj218z4pxb2vy:latest/test_predictions.table.json", "path": "media/table/test_predictions_273_fc4c66f061c41cca5446.table.json", "ncols": 8, "nrows": 168}, "test-metrics": {"_type": "table-file", "sha256": "480933de972d31597918c1139d49a562221fd6cf263ceb2c9f171ae6cebb21ed", "size": 203, "artifact_path": "wandb-client-artifact://v7g6snusykpf45vaxg7w84ayuym0enm1s1jzxanfrnwontjj1gnuxqzgod19lan7k8xhbxh1wa0p94ff00bc333u0mnckfnswt18hhf7rnrk612m2q1wkau8mkqthnmf/test-metrics.table.json", "_latest_artifact_path": "wandb-client-artifact://a5msqgj3kmulutb1i0d4z9g3ifbu9fetr3rqx0n5jalrxogkg77c1ryopmx5md3wfrj3dktfdqhfkyoq4wsurym3dt39fielc8rqm0wgo87h5f3ky32fbhh1104fwcop:latest/test-metrics.table.json", "path": "media/table/test-metrics_274_480933de972d31597918.table.json", "ncols": 5, "nrows": 1}, "test_connective_metrics": {"_type": "table-file", "sha256": "80be8502f09394f52957c863cab3806a9501fd91429f8e9736429b131efed211", "size": 447, "artifact_path": "wandb-client-artifact://dl7y33fkbmcxuvtvrcm4jo1bzkcvlpq5aahp86l0j4x6h1kjgezcvlg8k6lv5tqrwk65v9ysps0oesnzzkyyytqa4ntyaa1nwq4z5u829oui18ck93x2udubuigybwgy/test_connective_metrics.table.json", "_latest_artifact_path": "wandb-client-artifact://hkrvahbvinyzl9e8c3i7iicma52738tr2oolezd0rdtv7u5f2mpfgqu4lcczmm8ru4706kqf6ve8vhuspiivwe1kbumshjwbr4na6nwqbdxlxtisqnb4i0j53bgym3p9:latest/test_connective_metrics.table.json", "path": "media/table/test_connective_metrics_275_80be8502f09394f52957.table.json", "ncols": 6, "nrows": 3}, "Exclude_counts": {"_type": "table-file", "sha256": "547cae2440c483556c6bc9f26fe482e70b5ab8e6358db48cca1b14065bf1a37d", "size": 81, "artifact_path": "wandb-client-artifact://6xpo1x0ifd1glg8jv3tv22ckcnhxfxlmwgurghttbrk601rojgxclczmk7402cni5y4v6slllsbjnboj60zx233zp8oxx3t6pzfl7nhg724u8bwvq8l75h8m82gumv4q/Exclude_counts.table.json", "_latest_artifact_path": "wandb-client-artifact://x5lnr6hs1iw4dvla7o3lspnr2t9sv5ofi8voyjfres0mzgaqa4ygmp4q45uqr6jp8xy442f2xfgkadu6ea36usf3ng7ikv157h4wq6yc979cbkhimujk6lf29c2bfrq3:latest/Exclude_counts.table.json", "path": "media/table/Exclude_counts_276_547cae2440c483556c6b.table.json", "ncols": 2, "nrows": 1}, "_wandb": {"runtime": 951}}