{"train/loss": 0.1613, "train/grad_norm": 0.0776163786649704, "train/learning_rate": 3.337028824833703e-05, "train/epoch": 12.0, "train/global_step": 2004, "_timestamp": 1739666648.0401468, "_runtime": 1835.757418870926, "_step": 256, "test/loss": 1.1475251913070679, "test/accuracy": 0.7559523809523809, "test/precision": 0.7387522943612072, "test/recall": 0.5192836739178203, "test/f1": 0.4796856906534326, "test/runtime": 4.4209, "test/samples_per_second": 38.001, "test/steps_per_second": 4.75, "epoch": 12.0, "train/f1": 0.8452112581874017, "train/accuracy": 0.9722846441947566, "train/precision": 0.8651640263563717, "train/recall": 0.8621451058966854, "val/f1": 0.5428193384223918, "val/accuracy": 0.8143712574850299, "val/precision": 0.7910798122065728, "val/recall": 0.505, "val/loss": 0.9262628555297852, "eval/loss": 0.8035772442817688, "eval/accuracy": 0.8383233532934131, "eval/precision": 0.7775735294117647, "eval/recall": 0.61375, "eval/f1": 0.5853766025641025, "eval/runtime": 4.3949, "eval/samples_per_second": 37.999, "eval/steps_per_second": 4.778, "train_runtime": 1822.8792, "train_samples_per_second": 21.971, "train_steps_per_second": 2.748, "total_flos": 4215228234117120.0, "train_loss": 0.44989213201323314, "label_metrics": {"_type": "table-file", "sha256": "989275670b0c4c43ca6065d127d98fb77521a86ca5d7f480557d4b267cba33e2", "size": 659, "artifact_path": "wandb-client-artifact://iwm97onoqccgg1h9kpghopcdguwp279uz1y8p26av4f3qqg9btie4626m7fxwvs24zpjc85up8bau3ye32i5lnbjkidjgjoeyejljwffs1dvjshubjaz1pcpo5t19dbl/label_metrics.table.json", "_latest_artifact_path": "wandb-client-artifact://e8ptcgjynnmvi8kpbeddr4om7dxfy828wn0k76w8suhvskuob0djf75yojzjrlznovvz25fx491ha2waku65efs5r0hbeo5yn3o72jscjtugv8obqscwsgp8crdh5l1h:latest/label_metrics.table.json", "path": "media/table/label_metrics_251_989275670b0c4c43ca60.table.json", "ncols": 6, "nrows": 5}, "test_predictions": {"_type": "table-file", "sha256": "8eb97bf6d4dc3c9c1f64e6f1d833bc684bb4a9ffb32f450ae823d6264d97faae", "size": 52955, "artifact_path": "wandb-client-artifact://8k32tr92az3uw4hvm4ba6cfmi5w3nj6kqxu8qj6b24zy4njfsfe22k2m3dup7mj7fb3wxw4hjpuxulzo68fdp9akbyw2pezy5a1crh43s8lq65omjcc2nx8r000biyqa/test_predictions.table.json", "_latest_artifact_path": "wandb-client-artifact://0z7yt1f4xexim3fuepr01ah19bq1wd8i6juzq3whas0tijnong28myn1vcu6t7c8hr9jt5p06aqee04svybltxcjyh71ooewfj4jcftppeb77s9iilciu2rhjj1n7ruo:latest/test_predictions.table.json", "path": "media/table/test_predictions_252_8eb97bf6d4dc3c9c1f64.table.json", "ncols": 8, "nrows": 168}, "test-metrics": {"_type": "table-file", "sha256": "67e3d41afaf6bc1aeb8b4d1c6a795801aef767ab45bba3410cd47b9e4f2496e5", "size": 205, "artifact_path": "wandb-client-artifact://baijmlhtm9dh1n95fi8b5ekl3x93v6uf3gfr9i46hda29au5g1h677ok5ugzcv9f9g9zfm8xa42pc5u4ysgy8g88a1tm8vkl1k503swdazrnwfl42idr29af8i3021e2/test-metrics.table.json", "_latest_artifact_path": "wandb-client-artifact://2ze7xb1mi0fbmyg6vctsn9dwiyr6z9a2wo5yz7uml6s6j3rw9lmarqauh1nvwodzdq9lwcuwcnsrfeqqr81oll3sb8mof65lh11uriuc2yr1j6tlx3wbtipw6hrns0pv:latest/test-metrics.table.json", "path": "media/table/test-metrics_253_67e3d41afaf6bc1aeb8b.table.json", "ncols": 5, "nrows": 1}, "test_connective_metrics": {"_type": "table-file", "sha256": "f302662ec1ddaeec71f86ca343a350417d3d2751941b7b8fffb8f361e3ae60fd", "size": 453, "artifact_path": "wandb-client-artifact://hlf27fgga9r36ejx32uzq53p47lw4l8sen9gwiwmpqcnitcfzolkmi0pm0rs1urfnzwthubfbgk607ycdrgtjcxbehqsg2cza138z1egnybqgdnle6v40tqgf8dbeixi/test_connective_metrics.table.json", "_latest_artifact_path": "wandb-client-artifact://4lsudhvvpwxxjafi4z9da7fx6244r1nyjznefwgsuyzjl081wmclnprvbgpxtc6sk944div0m2ccs3kzuq3tepd2w4491ul3e6utwf0f4yhcs8fk4hmt8esrycxzpuya:latest/test_connective_metrics.table.json", "path": "media/table/test_connective_metrics_254_f302662ec1ddaeec71f8.table.json", "ncols": 6, "nrows": 3}, "Exclude_counts": {"_type": "table-file", "sha256": "e0904507c7a3e3f62f0831416757fbded3c24349ee8ce39d59ff399ee82bffe7", "size": 84, "artifact_path": "wandb-client-artifact://i7vng4jg8gn6dtvr69yv6x6luuxlp5spgl7wro6wgos9qmfjqwi15x9kcxa3q8vybuzzj6pp93vtmjbc1k94zkibq7fif5v2b054zlp5fhi3gjaubmyi8h2dbzjhr5n0/Exclude_counts.table.json", "_latest_artifact_path": "wandb-client-artifact://er7w300cn0c7nhxoaxmmr2bvimls3wyl95vp4bozwwi3hscd8iqrebhavnhnloilq5k96c93putguvdnze1dosm1higovar4kgqnmfjg6nvl4om29kmjwt8ndy5p9s8y:latest/Exclude_counts.table.json", "path": "media/table/Exclude_counts_255_e0904507c7a3e3f62f08.table.json", "ncols": 2, "nrows": 1}, "_wandb": {"runtime": 1845}}