{"test/loss": 1.3693492412567139, "test/accuracy": 0.5, "test/precision": 0.32, "test/recall": 0.5, "test/f1": 0.38095238095238093, "test/runtime": 0.1155, "test/samples_per_second": 86.543, "test/steps_per_second": 17.309, "_timestamp": 1721571675.145019, "_runtime": 58.3167200088501, "_step": 131, "epoch": 30.0, "train/f1": 0.6246153846153847, "train/accuracy": 0.7, "train/precision": 0.6125, "train/recall": 0.7, "val/f1": 0.2, "val/accuracy": 0.3, "val/precision": 0.2, "val/recall": 0.3, "train/loss": 1.1185, "val/loss": 1.6736046075820923, "eval/loss": 1.6398370265960693, "eval/accuracy": 0.2, "eval/precision": 0.04, "eval/recall": 0.2, "eval/f1": 0.06666666666666667, "eval/runtime": 0.1156, "eval/samples_per_second": 86.515, "eval/steps_per_second": 17.303, "train/epoch": 30.0, "train/global_step": 60, "train/grad_norm": 18.62430763244629, "train/learning_rate": 6e-06, "train_runtime": 54.7299, "train_samples_per_second": 5.481, "train_steps_per_second": 1.096, "total_flos": 78935442739200.0, "train_loss": 1.4495418071746826, "label_metrics": {"_type": "table-file", "sha256": "d29859a6d55d710650bd8a07626b575fe87133fda840720399ebd59c5be89b6b", "size": 367, "artifact_path": "wandb-client-artifact://9hyoqa4wuto3mhzt31yny2qjmlzmpf0ffi7bxkfu8n3a7eniqr0h3qk85t2ka9ffzs23i90jqo9d43xzhpnyg5d9fr9jzq5z6uwx4idx20bctv4r7p6jv87mccztv8fh/label_metrics.table.json", "_latest_artifact_path": "wandb-client-artifact://r8emir74jb7ep7ngwelwzlnavtqe16ulb9fhttlhrqk8cioqkya5mcucrfts24bt5g26bmkmqgg2yx3zbnkl6t9bvpe7eirbvovmoiiwweax2itry93et6flmg94okob:latest/label_metrics.table.json", "path": "media/table/label_metrics_129_d29859a6d55d710650bd.table.json", "ncols": 5, "nrows": 4}, "test_predictions": {"_type": "table-file", "sha256": "4bbd292036b90f11457698e6e04d856167d3f2aff39098b13b6527ecf0180c0f", "size": 4611, "artifact_path": "wandb-client-artifact://p43q3ns5xzku1titui26p56glbu8hizf6o4jpvi2abh17twvw7ookaqw6hiz4uas7gmq0478u5icnd706nv6gpfzj0qv6zuk7wv9sfqq3udh6ihxv7vykbmydv267irr/test_predictions.table.json", "_latest_artifact_path": "wandb-client-artifact://sss23mp4goebo5uzmjgxhvrlkybiptun0uk01q3kqreeo42txwluq4g2p1xsihvrixww4sgmd0nzolnfnxwqyez94uwvv1hqsfrfnzzcddk52dnexs3t3lh4xhlyq5b2:latest/test_predictions.table.json", "path": "media/table/test_predictions_130_4bbd292036b90f114576.table.json", "ncols": 6, "nrows": 10}, "test-metrics": {"_type": "table-file", "sha256": "042f84fd4dac0b0c2276f8355fee8624089259e50ab2876b88f72651a1b549d4", "size": 162, "artifact_path": "wandb-client-artifact://dlrho0wdexao952898q0zmgn8mwskxsf746elusa8mkt3epws8gkpsttcd80l6q0e85i0m18hiy0y40hjy5c2z090jpb45uadfz17pkjfinduq2e6hpj5ea3n9d6amuj/test-metrics.table.json", "_latest_artifact_path": "wandb-client-artifact://94bct5w4zfqp8pheunxq0w9x2bo8nipvbu60lfmmoyrhr3tjzf1seqj83vmg8w5fm59trqvn1oi5cr4mcg9kkdkisf3yagv7cptwf24f1oesvuec21dhb9cx1189pqlq:latest/test-metrics.table.json", "path": "media/table/test-metrics_131_042f84fd4dac0b0c2276.table.json", "ncols": 5, "nrows": 1}}