{"train/loss": 0.1912, "train/grad_norm": 0.06710178405046463, "train/learning_rate": 3.8913525498891355e-05, "train/epoch": 9.0, "train/global_step": 1503, "_timestamp": 1736808527.3766403, "_runtime": 651.5944464206696, "_step": 193, "test/loss": 0.986484706401825, "test/accuracy": 0.8273809523809523, "test/precision": 0.8025641025641026, "test/recall": 0.7106372225884421, "test/f1": 0.7066194368503588, "test/runtime": 1.8823, "test/samples_per_second": 89.253, "test/steps_per_second": 11.157, "epoch": 9.0, "train/f1": 0.9777142435865084, "train/accuracy": 0.9940074906367041, "train/precision": 0.9931193263698234, "train/recall": 0.9640096769863842, "val/f1": 0.7680440287085077, "val/accuracy": 0.8682634730538922, "val/precision": 0.857844611528822, "val/recall": 0.75125, "val/loss": 0.8553295731544495, "eval/loss": 0.7064728140830994, "eval/accuracy": 0.8862275449101796, "eval/precision": 0.9369592875318066, "eval/recall": 0.7720833333333333, "eval/f1": 0.840263707076456, "eval/runtime": 1.8667, "eval/samples_per_second": 89.464, "eval/steps_per_second": 11.25, "train_runtime": 644.2303, "train_samples_per_second": 62.167, "train_steps_per_second": 7.777, "total_flos": 3161364481704960.0, "train_loss": 0.29654958281797406, "label_metrics": {"_type": "table-file", "sha256": "ed270d73759ba7fd20a814f180f09943dd6c63395e9df862763416e583a240e2", "size": 608, "artifact_path": "wandb-client-artifact://cl6dbv6cqn5uk7oizf02hg8i43ded138tcp01vkkf0919j2flntg6c77hss6q4995dgff0ky8horg8j2yuprkh62b9bkli3uirll2ezdmu0fqkxiypy5x1bylwfug1xk/label_metrics.table.json", "_latest_artifact_path": "wandb-client-artifact://fabuy6l0u22fmhql1bpanp1w9ig6uryhrl37gq2v48r00mx5uxexqn0y7cqb5bgn2k44khuvh3dxt0l95jgrca7ex28ctj08auomock1sr2n75dx1bxdzsmqz3tuu2o8:latest/label_metrics.table.json", "path": "media/table/label_metrics_189_ed270d73759ba7fd20a8.table.json", "ncols": 6, "nrows": 5}, "test_predictions": {"_type": "table-file", "sha256": "9736427bbd720d617f8224312c9cc148eb3d2e4a691ebbf0fe5bb8ea021570df", "size": 89068, "artifact_path": "wandb-client-artifact://qmafhxnsith3aqu9bod1e0u6rexr2jwrz8s74ebbh9mnrvpgbpg1wh3unempr2pjomxx4dvjuavlxijji2dw2umrx9rsu0eb7xdf8o85grhb78lpalljf49wh1e7c2yo/test_predictions.table.json", "_latest_artifact_path": "wandb-client-artifact://jgzr14lrcfj3n7co08e84uo4ascd2eul6pus28thngi7h2gmo831nxb4i2mmus2sqbx1boxbs6t5h9w3a1qnoygo2cfp3t9lrpofbwa8tjv9jj3xavij8gw5y78m9hhs:latest/test_predictions.table.json", "path": "media/table/test_predictions_190_9736427bbd720d617f82.table.json", "ncols": 8, "nrows": 168}, "test-metrics": {"_type": "table-file", "sha256": "ca189c0a3e2f03843db6057aca4a34dec3daa49bf7526c531bade62c59b4787a", "size": 203, "artifact_path": "wandb-client-artifact://isxfav8r3uqwpep9jx8rs511leksp0pj6aqgbxcy5qfebkurh6f7mho7agg56nzr3abjlm1hae6kaamq5v4mf1khv2zxmo9e8jvdiiuko1bp31uki8z6n6nk365y8hdf/test-metrics.table.json", "_latest_artifact_path": "wandb-client-artifact://oyh1x1bk1qsyutc0nrv8lgx0kozjho4d6alga5pavsfhosggkdr17u2ksimi88m3r91msz0clh7l8iy96mvp7t6ceaznwmchnds7dxxdi7j20vnj0tilcmpxs43dk5kz:latest/test-metrics.table.json", "path": "media/table/test-metrics_191_ca189c0a3e2f03843db6.table.json", "ncols": 5, "nrows": 1}, "test_connective_metrics": {"_type": "table-file", "sha256": "300dfa5a18f1c1258239f86f4f9a9fa360d0e1f14bfaa1eb4ac56632de8aa71f", "size": 431, "artifact_path": "wandb-client-artifact://diycxpx5qfv3r7zrm0tw88mzox4udmk53sqrhkq17p209qvb65gk4do7dr351dhg37uki0bc9ghtbnfjyv7rcdztpxz2kgbh4tuf4yegl3viijriaykpgr18hre9tmg6/test_connective_metrics.table.json", "_latest_artifact_path": "wandb-client-artifact://bpp7a92zxavvluw9cmkbm4vtg740149cxbvfgst4t6ehm6lt40hwpz2b2kcdw3aoz8cji6ckfqh4lkgxsn6g6eq2eu3e9adenyh46cwtwvcq5swz3q9ovzfrj0i98thg:latest/test_connective_metrics.table.json", "path": "media/table/test_connective_metrics_192_300dfa5a18f1c1258239.table.json", "ncols": 6, "nrows": 3}, "Exclude_counts": {"_type": "table-file", "sha256": "547cae2440c483556c6bc9f26fe482e70b5ab8e6358db48cca1b14065bf1a37d", "size": 81, "artifact_path": "wandb-client-artifact://p6kvaqm1igoe2csp4oxxbz1unytc7tld1dqboqje45wj8swbgmwldetkhaf2gf4hq9tat5b9wirllvpcg02gpd9wbpsnwctjzdrr3afkpktleyxgyad5q8jbxw8zvq1v/Exclude_counts.table.json", "_latest_artifact_path": "wandb-client-artifact://5a71nam2mkn2b7n4hbj8t7y056qw50014nc5ev3n3ti5bmut43mw24wfmfz393edqvayilpds4bexzzhsaoxgw62fgt1tl0vx1qzyd6bf66gggcmw1oo043xobpshjyv:latest/Exclude_counts.table.json", "path": "media/table/Exclude_counts_193_547cae2440c483556c6b.table.json", "ncols": 2, "nrows": 1}, "_wandb": {"runtime": 660}}