{"epoch": 4, "valid/loss": 0.03008079029128937, "valid/accuracy": 0.718562874251497, "valid/precision": 0.1437125748502994, "valid/recall": 0.2, "valid/f1": 0.1672473867595819, "_timestamp": 1715562042.9516375, "_runtime": 208.07338953018188, "_step": 11, "trains/loss": 0.003553338666980186, "trains/accuracy": 0.750561797752809, "trains/precision": 0.1501123595505618, "trains/recall": 0.2, "trains/f1": 0.17150192554557125, "test-metrics": {"_type": "table-file", "sha256": "5b3f3aaabcd59e8a5b66915945e257500552f240d102c6fc42a6f56eef25088c", "size": 199, "artifact_path": "wandb-client-artifact://4p6mq2dxzg8sl6y2zkj12eitip89wcahqfj6lzbrzb5mldf08fg31sui7d2iqh7ntes06o7xeowj07dqaoresq0ape407aqjuncppko57mp9lkp05glhj9wecllhqxl2/test-metrics.table.json", "_latest_artifact_path": "wandb-client-artifact://ea33qnexfnudgdit3d28afxkviqd3cks4c2n1pm4t98sx7116ym1wowiv2j1oihlav7j7vx6ycodz304v9b15tano28np8e7horfr4ct47kise1v1levb3exmlws9swt:latest/test-metrics.table.json", "path": "media/table/test-metrics_11_5b3f3aaabcd59e8a5b66.table.json", "ncols": 6, "nrows": 1}, "_wandb": {"runtime": 206}}