epoch,loss,accuracy,precision,recall,f1
,0.01029386974516369,0.08333333333333333,0.04320063066614111,0.22666666666666666,0.06252623780713669
