epoch,loss,accuracy,precision,recall,f1
,0.013399539593451037,0.12574850299401197,0.2409090909090909,0.14844444444444443,0.07241246633320508
