{"epoch": 4, "valid/loss": 0.03032394440588123, "valid/accuracy": 0.718562874251497, "valid/precision": 0.1437125748502994, "valid/recall": 0.2, "valid/f1": 0.1672473867595819, "_timestamp": 1715561625.3460586, "_runtime": 322.3715395927429, "_step": 11, "trains/loss": 0.003521211450912533, "trains/accuracy": 0.750561797752809, "trains/precision": 0.1501123595505618, "trains/recall": 0.2, "trains/f1": 0.17150192554557125, "test-metrics": {"_type": "table-file", "sha256": "b55d73d3a026841408ef0448fde51c3667547fee0f0de369622e7a136aea5ebc", "size": 199, "artifact_path": "wandb-client-artifact://fflvexus4ml9j7ym31dukof492dkj0g11y8dsa6kvivujhuw1816ar5ejrbwb2nnd866yxu39uvnnz7ksmqoe6jwwvxt4xnszkow8m685st5yakscj69tvqoa0pgx3r7/test-metrics.table.json", "_latest_artifact_path": "wandb-client-artifact://4a22k74smmhq5rcmzjgzg6v8t7v5w8r978sgrek2c3mzoploarjd7oeygcnx2niqrlpubjgyxsek4xbxkqlsr7zax6kxifg92yp3m2bmwe0mmo1xv1udzqksklbn0uin:latest/test-metrics.table.json", "path": "media/table/test-metrics_11_b55d73d3a026841408ef.table.json", "ncols": 6, "nrows": 1}, "_wandb": {"runtime": 309}}