{"train/loss": 0.0002, "train/grad_norm": 0.006696618627756834, "train/learning_rate": 3.52549889135255e-05, "train/epoch": 11.0, "train/global_step": 1837, "_timestamp": 1742978592.8967094, "_runtime": 791.5686473846436, "_step": 235, "test/loss": 1.4116572141647339, "test/accuracy": 0.8035714285714286, "test/precision": 0.6974573643410852, "test/recall": 0.6716282135794331, "test/f1": 0.6622727272727273, "test/runtime": 1.8722, "test/samples_per_second": 89.735, "test/steps_per_second": 11.217, "epoch": 11.0, "train/f1": 0.9962103761807655, "train/accuracy": 0.9977528089887641, "train/precision": 0.9938300505464686, "train/recall": 0.9986833672105331, "val/f1": 0.6459761549925485, "val/accuracy": 0.8562874251497006, "val/precision": 0.6608709677419354, "val/recall": 0.70875, "val/loss": 1.0642110109329224, "eval/loss": 0.67233806848526, "eval/accuracy": 0.8682634730538922, "eval/precision": 0.7918879855465221, "eval/recall": 0.7883333333333333, "eval/f1": 0.7604903396805468, "eval/runtime": 1.8592, "eval/samples_per_second": 89.823, "eval/steps_per_second": 11.295, "train_runtime": 784.3075, "train_samples_per_second": 51.064, "train_steps_per_second": 6.388, "total_flos": 3863889922083840.0, "train_loss": 0.212379105761305, "label_metrics": {"_type": "table-file", "sha256": "4d9c698f450d5dcd5c9371cbc29cb4b342b51385ca1e9466eab4eca8e5d8eee2", "size": 521, "artifact_path": "wandb-client-artifact://nz2wwxhcvo8roi9zypar3vbak3jco4sxdjqczmte8whm6heylvdlzazjr010ekkc7bnipkstc1ngteghgzczkbjhymc6xp7yzlzc39vwadcuchpdzq55ktp22i2q6e3n/label_metrics.table.json", "_latest_artifact_path": "wandb-client-artifact://w8ja4uaayi0vhg89k9d15l7cfmxliq4yy1zsoqghdra6g2m1nkqe0b8pqi822bfdg69ajl9ds7jt3jm48rtmw96oj187zhoncow4kj6mc2h4w9of7v11mvftyftdkql0:latest/label_metrics.table.json", "path": "media/table/label_metrics_230_4d9c698f450d5dcd5c93.table.json", "ncols": 6, "nrows": 5}, "test_predictions": {"_type": "table-file", "sha256": "20b373c4dbf93dca6d2917c431310be45c6d9cb7559e68aeb86b23e37c8401ed", "size": 53568, "artifact_path": "wandb-client-artifact://ulvxj71dtiil5oqyunxmzbr32jqqhr4p7p4svj7vs6flsgp5qey0egv2edkukl9tmcsfvuptz5n7tqhxgatil5oe5rpo1k614lhdm9fuvl18250iv02e6fg29xpqkfjc/test_predictions.table.json", "_latest_artifact_path": "wandb-client-artifact://b5elec291eox20ai9bvsl06z1n1n6uk2t7nok14yfm5cu2acp3cf08axho1fax7frnbxe6nyz4b3lewmg110w4ftsv3ufxt1whffsd4932mi464rgqy2sf2vj8g8v6p4:latest/test_predictions.table.json", "path": "media/table/test_predictions_231_20b373c4dbf93dca6d29.table.json", "ncols": 8, "nrows": 168}, "test-metrics": {"_type": "table-file", "sha256": "515692ca91d563c7dd5c93c42ca17e97b2206c631362325c6eb75ed94362faf3", "size": 195, "artifact_path": "wandb-client-artifact://7njiv7b40ux3jzkaxwjlczqvce4alpnqqomtvkm0j2suczpmkims42lr3gnsfuhdyna8sx77zhf6uimmokurfddiynlbmzsw64pkka6imkrzgu1xkrtoc9g1vgd71eys/test-metrics.table.json", "_latest_artifact_path": "wandb-client-artifact://24u4dzv941sqs91eqzkaybnd2qv2odjt28mq2ftkxygccikixq45ot602yjnddvwgyp3i9b0hl9fp2cx3dl1m52qjde922q4rvm5vw3d69c97f5v3sbk2xu9r30bmbjy:latest/test-metrics.table.json", "path": "media/table/test-metrics_232_515692ca91d563c7dd5c.table.json", "ncols": 5, "nrows": 1}, "test_connective_metrics": {"_type": "table-file", "sha256": "fa861fe0daba40d82cbd2a22b07a3407e54965fb3a03bf931dc8d8cb70b633af", "size": 409, "artifact_path": "wandb-client-artifact://9rxdi9rf75ijylgthn35tofte69q69cxdpqoiqouzc5rvj29t541tg1rlfs2ncowusituhxvt6cpcbry7e93rdo2tdw7qjruw6nfqqwg6dzbktzvffyvyti2uh9m4l4w/test_connective_metrics.table.json", "_latest_artifact_path": "wandb-client-artifact://8oz95c6mg640xtzuszagt04z7d4r6lqpkezpv9dal3ltmw0hj8h2cxuw62fhwnakpwyv37xuc75v6ibf1qo2wyq9k3l4xgil8d22uzdgzox3jnb40x1dx8lrzjjekl8y:latest/test_connective_metrics.table.json", "path": "media/table/test_connective_metrics_233_fa861fe0daba40d82cbd.table.json", "ncols": 6, "nrows": 3}, "Exclude_counts": {"_type": "table-file", "sha256": "14b17048af7d70db18371f6d087e4493b63d0c540484cbe27bc06c81be6115b0", "size": 74, "artifact_path": "wandb-client-artifact://whkhq523qplu8i5lr7ob9h0a2xor13q12z76hmmjrelcz0yg49wj1ur3ekijwc0hrt5uuo0p0isguqgkm8cry8fconodwypj722ksold9inyvlbpqrbssjre321gttzy/Exclude_counts.table.json", "_latest_artifact_path": "wandb-client-artifact://lljqm7zi54kbkdddcuxysbeatdayblx72y4mttthpubifa273ppowzqt32uvxxl9aw7c8riwdappgfdv5s129o3jdwl559xfmdla6w9y82r9npsxbb01nf9mdlzlsmge:latest/Exclude_counts.table.json", "path": "media/table/Exclude_counts_234_14b17048af7d70db1837.table.json", "ncols": 2, "nrows": 1}, "_wandb": {"runtime": 798}}