{"train/loss": 0.0897, "train/grad_norm": 0.0067183757200837135, "train/learning_rate": 3.8913525498891355e-05, "train/epoch": 9.0, "train/global_step": 1503, "_timestamp": 1736723527.874021, "_runtime": 650.716747045517, "_step": 193, "test/loss": 0.8138066530227661, "test/accuracy": 0.8452380952380952, "test/precision": 0.6345106861642295, "test/recall": 0.5834695671281037, "test/f1": 0.5968335160151017, "test/runtime": 1.8757, "test/samples_per_second": 89.565, "test/steps_per_second": 11.196, "epoch": 9.0, "train/f1": 0.9772489625208657, "train/accuracy": 0.9932584269662922, "train/precision": 0.9895188227859528, "train/recall": 0.9669367193629679, "val/f1": 0.7161286060693944, "val/accuracy": 0.8682634730538922, "val/precision": 0.7799443865137297, "val/recall": 0.7375, "val/loss": 0.9573196768760681, "eval/loss": 0.5111305117607117, "eval/accuracy": 0.8862275449101796, "eval/precision": 0.8853594771241831, "eval/recall": 0.73125, "eval/f1": 0.7401666666666668, "eval/runtime": 1.8656, "eval/samples_per_second": 89.517, "eval/steps_per_second": 11.257, "train_runtime": 643.1524, "train_samples_per_second": 62.271, "train_steps_per_second": 7.79, "total_flos": 3161364481704960.0, "train_loss": 0.32852775486947067, "label_metrics": {"_type": "table-file", "sha256": "cdb46778dc08b09404d3f04dc57fa41fab789c342d9ba1a32974eb2261479928", "size": 603, "artifact_path": "wandb-client-artifact://az2l5rn9h53hmbgfvlnguj3en1mdy8h8nam16zksp9hi765rfezkk53akdg11qmiuii2irasutjra1qmh66nqes6n8ow6j5vs4x88qptjq5272vo3j2o05i1coamr7q7/label_metrics.table.json", "_latest_artifact_path": "wandb-client-artifact://aatofm79tmzbjflbe89tajk7yhb7qcme3mbq4n3y8b8ia5axp62773u316xr0km5klb2ovkw8z6st98psfgmfhwm3yqwtd1ggte2s669rtkskpv1k3pd3erwqmym1bqz:latest/label_metrics.table.json", "path": "media/table/label_metrics_189_cdb46778dc08b09404d3.table.json", "ncols": 6, "nrows": 5}, "test_predictions": {"_type": "table-file", "sha256": "00c7d4d05df5837fcd92e420a0d778a0830da7e1a5f83509dace213e8d58205a", "size": 90405, "artifact_path": "wandb-client-artifact://s9y2jtzfmgp3mto7qu5k5mfy3htsp2igzgypibmx2o5nm5aqzmln89h5r6e0yhgpfcdm2jjith9nzh1n2ttkpk5k6i904xj4i7d9oa5ih03pz7czjdfjo7y6sps2c7mr/test_predictions.table.json", "_latest_artifact_path": "wandb-client-artifact://9kpi5egsbw7cmlwiddaqb9jl03ukl65pw5lm7fbfw0nlnn9tgckgqoufdzajhwgwbpb8ij5nje9r4br1b6xzyk5hnhepbd1jnnqtzhp7gphpt6ch0oncawlgb5jrg8h4:latest/test_predictions.table.json", "path": "media/table/test_predictions_190_00c7d4d05df5837fcd92.table.json", "ncols": 8, "nrows": 168}, "test-metrics": {"_type": "table-file", "sha256": "7225472bc2905d37a8ccc80dda4203122541b0f9e71b6e9b9627fa2d6b66a9bf", "size": 194, "artifact_path": "wandb-client-artifact://5l621t2cttd2pzsrhaa4zol4o1w5zfgn7c6bhtxtx8iyc93th2fn3eljmfexcrg9xp0djtnse2wy7dwuq6taof27e9hptcb85gqv5i0hyg5tg84jjd156u1jq924v7ki/test-metrics.table.json", "_latest_artifact_path": "wandb-client-artifact://l27td402wb1kl3fmjkxerl2s3i9ox0eg0eou2n3ucuc2m3z1x6qk9we9xotm1h7h94asynr9tu74mbuho2gm1lblelh7m6jjaxljkveac5oau0r4r79cmce32n324je6:latest/test-metrics.table.json", "path": "media/table/test-metrics_191_7225472bc2905d37a8cc.table.json", "ncols": 5, "nrows": 1}, "test_connective_metrics": {"_type": "table-file", "sha256": "66d37d5c7f217e08259aeb53ce5469e44cfea595e53d782dec4a409fb5d75e9a", "size": 434, "artifact_path": "wandb-client-artifact://zsd8uucwomxozj2gsltroi7po6tlx1iggdydlokkm7sg0t5xtngvyvrqxpwk947et1wue9fihmng9mn0q735girdcspfc2c442fi5i4b16oide9gvbaf1eqxa7drud5t/test_connective_metrics.table.json", "_latest_artifact_path": "wandb-client-artifact://799bzyex07x2z5m9nxeaoce9lhjs0ea2gh11bg2y8k3jjag9q7gi7fzkxevaobhs13nmzorne5x7b2sppmnmf5wasmkx1gthhazgltaozx4lll14jshwjupm6zcre68w:latest/test_connective_metrics.table.json", "path": "media/table/test_connective_metrics_192_66d37d5c7f217e08259a.table.json", "ncols": 6, "nrows": 3}, "Exclude_counts": {"_type": "table-file", "sha256": "082fcc874914d75958d68e780085931cf5c17034575e8b060f4acd16accf2d9e", "size": 71, "artifact_path": "wandb-client-artifact://emw0jbheqi6umutyhcmjarz7s6bux9xmn1aqav200emlpkby2x19fmm7vho04b8fz1zxus419tvvtw338qombr2rebiszxld4qp744nab2yrx6yl77u8g2mfy6ubjhuf/Exclude_counts.table.json", "_latest_artifact_path": "wandb-client-artifact://k06lfd6ikm2p309a4x8vfuy3ryfpdjqnxnghxazzsfl9ha98dncog74gz5ia0nsnbbv8of0kj3ct1refqea9tc1za57hruambpoj2royxv7a11sgqpe8m17yrfck8p8n:latest/Exclude_counts.table.json", "path": "media/table/Exclude_counts_193_082fcc874914d75958d6.table.json", "ncols": 2, "nrows": 1}, "_wandb": {"runtime": 658}}