{"train/loss": 0.0913, "train/grad_norm": 0.10781873762607574, "train/learning_rate": 3.148558758314856e-05, "train/epoch": 13.0, "train/global_step": 2171, "_timestamp": 1739825131.0151, "_runtime": 1983.0234279632568, "_step": 277, "test/loss": 1.455916166305542, "test/accuracy": 0.7440476190476191, "test/precision": 0.7237542904485739, "test/recall": 0.4431311799604483, "test/f1": 0.4292671845895234, "test/runtime": 4.423, "test/samples_per_second": 37.983, "test/steps_per_second": 4.748, "epoch": 13.0, "train/f1": 0.7601075797908917, "train/accuracy": 0.9745318352059925, "train/precision": 0.9502465987303352, "train/recall": 0.7610122149088253, "val/f1": 0.5242735042735043, "val/accuracy": 0.8203592814371258, "val/precision": 0.7315476190476191, "val/recall": 0.53, "val/loss": 1.2024370431900024, "eval/loss": 0.9319020509719849, "eval/accuracy": 0.8383233532934131, "eval/precision": 0.7308006535947713, "eval/recall": 0.5862499999999999, "eval/f1": 0.5639305555555556, "eval/runtime": 4.3969, "eval/samples_per_second": 37.981, "eval/steps_per_second": 4.776, "train_runtime": 1970.2265, "train_samples_per_second": 20.328, "train_steps_per_second": 2.543, "total_flos": 4566497253626880.0, "train_loss": 0.4337265461692711, "label_metrics": {"_type": "table-file", "sha256": "37dfc1319224bdf6e4f5e545173a56c98df6381049ca39cfc76083681827ce40", "size": 660, "artifact_path": "wandb-client-artifact://0cm16hhsot1w9os2ktgwl5yu9u5tqb5z53s5dj307o86mqtqfo31zkhoi43oghxufjx5kz2rotjpmy3r72h9g5eg3i5d6gpn7bk8nc3s5irlc537nwnxp4xhm7aqgr0f/label_metrics.table.json", "_latest_artifact_path": "wandb-client-artifact://m42bp1b7ocemhqqxs5xd0oslavfkvlnmk3tybzycwknq3injrpd41n01i5fud73l4q2gbdm9oa517nif2ftk49frpkxi876ahlcan5jejbctdhss1lfm10wnkjuad4nx:latest/label_metrics.table.json", "path": "media/table/label_metrics_272_37dfc1319224bdf6e4f5.table.json", "ncols": 6, "nrows": 5}, "test_predictions": {"_type": "table-file", "sha256": "a894c6a1ff2eaf66c00eb9548e62316f7578a2c1ac6c216067967d4a4735bd86", "size": 52973, "artifact_path": "wandb-client-artifact://efl8au7sy2i47fomorvq3gtrotszvf4ccr0qntwsfkj4w353wu15hyrbclath3rorf98z0y7v7vrr0ix07utlbni6zg7bw0r4f9ro9h42y50dx5lul1xhig9fjaup6sn/test_predictions.table.json", "_latest_artifact_path": "wandb-client-artifact://abrog37qnv25rirrjr1tacewmk3d63t1gu76z9mlq2u2wrs6moeks4oqhz52tmxdjbcrlnafkq4ru6m7slb658hw19365eh9ix64i3bj4cohv53l6w56yxu3c5exyhe8:latest/test_predictions.table.json", "path": "media/table/test_predictions_273_a894c6a1ff2eaf66c00e.table.json", "ncols": 8, "nrows": 168}, "test-metrics": {"_type": "table-file", "sha256": "6c47d3ece1b21d757c0cc7928063ab185c9160994bc5b158ef9134001c76d72a", "size": 205, "artifact_path": "wandb-client-artifact://c14slk13xpj2qaz2o14qtgb4bk9z91xpcc71gaurlr9r538wsd1c6mh9jdfg2c7bjzin76en4hyyr3rwvtfz036iy0kas8mog6mhti7odc9szyganub8tmuhtl57u341/test-metrics.table.json", "_latest_artifact_path": "wandb-client-artifact://j5aiyusywzi9znykpgdj7fdv71yw1x9xpwtqre2k9n8gqw3fxvwypa61sahhpkrx0uxcg0fed697llbscnxd8ongdfg5i654iu2m3v6jmc1o4kv4rhzimv273gcl4h9j:latest/test-metrics.table.json", "path": "media/table/test-metrics_274_6c47d3ece1b21d757c0c.table.json", "ncols": 5, "nrows": 1}, "test_connective_metrics": {"_type": "table-file", "sha256": "672af89fb4b755cde8eee0cc4bfbcf8c78eaafb5d15449de9c192d5e7989e0aa", "size": 457, "artifact_path": "wandb-client-artifact://5a1bxo02pxtpyndpedsj3p0yja1or4d71z59ncvu7cawsetrhtk9gg8p2tp3ax8uhxukof46wc78cmybqf5gy3enh31tr25gjv9oixuropi00fufl4jx40voo6sa0xhd/test_connective_metrics.table.json", "_latest_artifact_path": "wandb-client-artifact://km790kl33rlhsj9mt5414jjlj71p009q849sidhprlu7xvs7qnetj9nv6txgfjkgukbwfwg04tbeoyy2ar027exhjjvoxt390xvwsjng9imcoqowf7wpdw1v25jyj7rs:latest/test_connective_metrics.table.json", "path": "media/table/test_connective_metrics_275_672af89fb4b755cde8ee.table.json", "ncols": 6, "nrows": 3}, "Exclude_counts": {"_type": "table-file", "sha256": "e0904507c7a3e3f62f0831416757fbded3c24349ee8ce39d59ff399ee82bffe7", "size": 84, "artifact_path": "wandb-client-artifact://ilt64ydq78woypz7khul5p7lch8ja4o5zzz0c651ryrin27z46cqgk65afjhyldsdim0kr6ym3lnfo1is248a9jw4rjebmvhmgsoq1tnxbbegknmjydwfoc5fd5f4gki/Exclude_counts.table.json", "_latest_artifact_path": "wandb-client-artifact://okcmee7l07knbg1xiu8d2we51i9555f8oucwc9d0dyfvhawahp0xjmwnhn1om4pcxx2xctlj4kasv9yq7drojz3dk5nj0aufkbqyg2muh57yln4tzdd9ic6pc2xeqey7:latest/Exclude_counts.table.json", "path": "media/table/Exclude_counts_276_e0904507c7a3e3f62f08.table.json", "ncols": 2, "nrows": 1}, "_wandb": {"runtime": 1991}}