{"train/loss": 0.7606, "train/grad_norm": 6.724871635437012, "train/learning_rate": 1.6000000000000003e-05, "train/epoch": 1.0, "train/global_step": 167, "_timestamp": 1736407539.7910662, "_runtime": 80.55598211288452, "_step": 27, "test/loss": 0.7629240155220032, "test/accuracy": 0.6666666666666666, "test/precision": 0.503030303030303, "test/recall": 0.20487804878048782, "test/f1": 0.16996047430830039, "test/runtime": 1.8749, "test/samples_per_second": 89.607, "test/steps_per_second": 11.201, "epoch": 1.0, "train/f1": 0.20835654984362612, "train/accuracy": 0.7632958801498128, "train/precision": 0.4916115828650178, "train/recall": 0.21918548224651616, "val/f1": 0.19046277665995975, "val/accuracy": 0.7245508982035929, "val/precision": 0.6961382113821137, "val/recall": 0.21083333333333334, "val/loss": null, "eval/loss": 0.7255797982215881, "eval/accuracy": 0.7245508982035929, "eval/precision": 0.6961382113821137, "eval/recall": 0.21083333333333334, "eval/f1": 0.19046277665995975, "eval/runtime": 1.8587, "eval/samples_per_second": 89.846, "eval/steps_per_second": 11.298, "train_runtime": 73.4509, "train_samples_per_second": 18.175, "train_steps_per_second": 2.274, "total_flos": 351262720189440.0, "train_loss": 0.9901382908849659, "label_metrics": {"_type": "table-file", "sha256": "5ab45f4073ecb9ffd15f479253fc4d0e28b12144ced10956d6f7da78a2881258", "size": 464, "artifact_path": "wandb-client-artifact://g702bn317q85s0ldwxdt0ijcu9fpik7kx6ol592n1v0egp0nu8kktewd8t17xjpf0nuo9xhrhe7qzw10fnkjj2euovug97d5y2oonfawonpjhwe7b2kdav4dkdrqmopt/label_metrics.table.json", "_latest_artifact_path": "wandb-client-artifact://fx29u4dmvthzq7nhdd5r0t2vwqvjxh1dmvjlaq0rpatddcssoeuiaikwgbw9av31gffshilqhwka9fb0n3obwtur3e0d39oceneadsq48r2tm6dvpr5o1by0hodxupm3:latest/label_metrics.table.json", "path": "media/table/label_metrics_23_5ab45f4073ecb9ffd15f.table.json", "ncols": 5, "nrows": 5}, "test_predictions": {"_type": "table-file", "sha256": "cce4536fdaded29a8138f64567efd7049aeeeee58940ce3aa56dcfb1ebcfc01f", "size": 71547, "artifact_path": "wandb-client-artifact://w4figmeyu5e2z9v987lgesvaseyryhp6tlwo5kfcxmm93xjhjchpwsevsgdgpji8iiu7swljlwqru9zxj91svy78o1fqql36il2uqqflbbebsotbhqd25sbzafc4crdr/test_predictions.table.json", "_latest_artifact_path": "wandb-client-artifact://nwye7kz8ncyn30xs0zzvlpcowuf3dqow5puom0fld41rvfbf26r4dww07uiw2fulz5b4ch8p8znjr81y0h6t2t2ime2plvyqsfo4dchl9hnw10f8b1pmuj24h8yx1vs7:latest/test_predictions.table.json", "path": "media/table/test_predictions_24_cce4536fdaded29a8138.table.json", "ncols": 7, "nrows": 168}, "test-metrics": {"_type": "table-file", "sha256": "161b04e41a35d396effe1473eb6ddbd1ca23d1c96b4969a8fdea19fa93a1f86c", "size": 201, "artifact_path": "wandb-client-artifact://at4u5660cbpx4o7pqzlhzyr3xgizuyiulafgx6935aomcdhiilknkfam8l30n8ypyfmknz4mv2xbnr2i27a1uauuze73v6w1bmc1h53gs9tjyo5w3tdzo2u8hmn6fvqc/test-metrics.table.json", "_latest_artifact_path": "wandb-client-artifact://kgy4ha169mxqp5kbhtffb3cgofxy4gm18kzn1s3vv7y6ldmzlqj87f3gsljwcr8v7uwqx32wx33eidg51jpl6yyyo57tzdmvi618onk0n5pwg5lm8madkibu9zuvhgtf:latest/test-metrics.table.json", "path": "media/table/test-metrics_25_161b04e41a35d396effe.table.json", "ncols": 5, "nrows": 1}, "test_connective_metrics": {"_type": "table-file", "sha256": "29319f21616fc4540621c53d83dcf3d0ba7f5f5260cbb269633b424798765984", "size": 373, "artifact_path": "wandb-client-artifact://w6i5xzcp26y7e4ttri9ay2llt4x723xtze75srqqj6dj5f3sh33au42jg2ovcte1cr45167xlyly904dh2u04hpodpzq4pjkoqr43bxps78347mgq3xyuv49oiaqwyaf/test_connective_metrics.table.json", "_latest_artifact_path": "wandb-client-artifact://35pbe96osgg42uubxky5js3q1hji2q9a4wcrgrhw3zcaukvoon7vc23dwnz02cki9mo0l9h24ny44d86obdx5phsi9uwsr3u66zbapunc4i5ylc6dh09osclcnnby49y:latest/test_connective_metrics.table.json", "path": "media/table/test_connective_metrics_26_29319f21616fc4540621.table.json", "ncols": 6, "nrows": 3}, "exclude_count": 4094, "_wandb": {"runtime": 88}}