{"train/loss": 0.1812, "train/grad_norm": 0.03984057530760765, "train/learning_rate": 3.8913525498891355e-05, "train/epoch": 9.0, "train/global_step": 1503, "_timestamp": 1736751883.2912574, "_runtime": 655.8262593746185, "_step": 193, "test/loss": 1.1547882556915283, "test/accuracy": 0.75, "test/precision": 0.45166573086281114, "test/recall": 0.3005976708415733, "test/f1": 0.3108125624976853, "test/runtime": 1.8643, "test/samples_per_second": 90.116, "test/steps_per_second": 11.264, "epoch": 9.0, "train/f1": 0.9731056552872047, "train/accuracy": 0.9910112359550561, "train/precision": 0.9907552955867196, "train/recall": 0.9572133090407551, "val/f1": 0.4979288411846552, "val/accuracy": 0.7784431137724551, "val/precision": 0.6769323671497585, "val/recall": 0.5091666666666667, "val/loss": 1.200085997581482, "eval/loss": 0.7762149572372437, "eval/accuracy": 0.8383233532934131, "eval/precision": 0.860825078206465, "eval/recall": 0.5304166666666668, "eval/f1": 0.5703087144849863, "eval/runtime": 1.8505, "eval/samples_per_second": 90.245, "eval/steps_per_second": 11.348, "train_runtime": 648.527, "train_samples_per_second": 61.755, "train_steps_per_second": 7.725, "total_flos": 3161364481704960.0, "train_loss": 0.3948555821732569, "label_metrics": {"_type": "table-file", "sha256": "aeb69f20954546a08cd613505dd767522a8e12d5768fb4a16da924f3bc3680c6", "size": 628, "artifact_path": "wandb-client-artifact://n8hakonczp0o7369b6cnejetbny5cww9rhhhtn0t5k9miy63rtt5pav138s4fxmeqxurloa37gi3bg4ex2c40qi5csiijwp0vp8j9ygz128xktkukali4rv1wbqljzke/label_metrics.table.json", "_latest_artifact_path": "wandb-client-artifact://4dhjy2il4nlfk6vy0dbiixu2uc0r0hgvzkpyjub601efiyqan48ocjaecixtobimr0w1xvxshzoz5mwlh8kpijdf6q7a5vzjk43he9e7v73ubc2ymqk8tpojyvj9nrrp:latest/label_metrics.table.json", "path": "media/table/label_metrics_189_aeb69f20954546a08cd6.table.json", "ncols": 6, "nrows": 5}, "test_predictions": {"_type": "table-file", "sha256": "41c3668788294b0284fb68b40754d63bcbd05c7049ed9451ebe37d3b03314e49", "size": 53081, "artifact_path": "wandb-client-artifact://4i3pq8w4vzi9eh7jrlg1msb4alj6kthrnjfe3p4iip8s4hibwcm4ave5hc9sdnbvnsps25cqi5xj32e3af9it5gokwh1fsnqtk7bo9fccsdjvba0zqapi10gc4lkicv7/test_predictions.table.json", "_latest_artifact_path": "wandb-client-artifact://nm2nbzqn6rvvr8f5eqztalj13pjjzi4lhp40yx53iimzykgwjc68zg601wvfk6l9y3ved58lpcbgx76xemrxa9vxxfpo9c2k9r84l0kz9o6lpsty0smwbjhsc8opmpw7:latest/test_predictions.table.json", "path": "media/table/test_predictions_190_41c3668788294b0284fb.table.json", "ncols": 8, "nrows": 168}, "test-metrics": {"_type": "table-file", "sha256": "905f335a9e38fd1976069d7f2e28f4fc6ba1d4aa85b56c0c92da1f6b19a0aa2e", "size": 192, "artifact_path": "wandb-client-artifact://99bg274ro17vq8t9923xs9rpi1dp7uv9bjebgglahorj17shg2h1o5upx3yqfyacu1mt22i9mo2fk8ykjf06aq2ffbi1ocm69pase42h6i829no8wbwr6g4y6vt0y35r/test-metrics.table.json", "_latest_artifact_path": "wandb-client-artifact://jipb60x9dnpgs44eeg9ly3skoyy98np6je3983e4bwt4w16c7cuggrfgn9wq78g4szv6rvewvssbkbnlmw16yqjugwudezjj20w31o0axtzlp2y7737arir1be2gjjhz:latest/test-metrics.table.json", "path": "media/table/test-metrics_191_905f335a9e38fd197606.table.json", "ncols": 5, "nrows": 1}, "test_connective_metrics": {"_type": "table-file", "sha256": "4ad9710b9f6ad71fbc7d04c13c5e5203373ef03dc15ce4ce5f98e4605ac6e49a", "size": 438, "artifact_path": "wandb-client-artifact://80ysdg985k0qcanz83tw7aky93yupb6g7gaog1nec5x97fx4opqabgavpit8dsmg3smci6uniinkrtgz79oa89ojcpe8f2kojqbe1tgrxi0q2xnsr2lm0oel0g8gmhpk/test_connective_metrics.table.json", "_latest_artifact_path": "wandb-client-artifact://pplgqx0zbbkjphyd2lap5r0mhlxdderyd58x7rev88otnnbozqxa9w1ohm9zbw3e7guvfpdhqdj6y0t2ktx9o9809bld4sa9r80nazonmxw405ujagjznnxhq45d2xss:latest/test_connective_metrics.table.json", "path": "media/table/test_connective_metrics_192_4ad9710b9f6ad71fbc7d.table.json", "ncols": 6, "nrows": 3}, "Exclude_counts": {"_type": "table-file", "sha256": "e0904507c7a3e3f62f0831416757fbded3c24349ee8ce39d59ff399ee82bffe7", "size": 84, "artifact_path": "wandb-client-artifact://h72f8kkogxdckte2mbr0n8zghkr0fk66juc9ydmyw8125z2djsgg67o83x862brzp96b4p7yut9thogvq2q8zpowwyejsqn0yssg180mcgro7ows2u5uv8dzicyy5gtp/Exclude_counts.table.json", "_latest_artifact_path": "wandb-client-artifact://1tsxrg9ooo1un7m7c2o8o8yb1sowtq28ju00turffegkr9d4pmolamv76ckp69225v264kov3jv262tyxdgnpaq04yb1mateowdihfzwwtjwne5shuj7ht8dj7za1ezv:latest/Exclude_counts.table.json", "path": "media/table/Exclude_counts_193_e0904507c7a3e3f62f08.table.json", "ncols": 2, "nrows": 1}, "_wandb": {"runtime": 664}}