{"train/loss": 0.0001, "train/grad_norm": 0.0037873191758990288, "train/learning_rate": 1.2468827930174563e-07, "train/epoch": 15.0, "train/global_step": 2505, "_timestamp": 1735634362.7792485, "_runtime": 1073.3269605636597, "_step": 316, "test/loss": 1.545291543006897, "test/accuracy": 0.8154761904761905, "test/precision": 0.7553383458646616, "test/recall": 0.7342012744451768, "test/f1": 0.7131508901815617, "test/runtime": 1.8584, "test/samples_per_second": 90.399, "test/steps_per_second": 11.3, "epoch": 15.0, "train/f1": 0.999440479261616, "train/accuracy": 0.9992509363295881, "train/precision": 0.9998005982053838, "train/recall": 0.9990825688073395, "val/f1": 0.6460180239707799, "val/accuracy": 0.8083832335329342, "val/precision": 0.7524248323599394, "val/recall": 0.5904166666666667, "val/loss": 1.6078730821609497, "eval/loss": 1.477203369140625, "eval/accuracy": 0.8203592814371258, "eval/precision": 0.7885714285714286, "eval/recall": 0.6637500000000001, "eval/f1": 0.6870807453416149, "eval/runtime": 1.8445, "eval/samples_per_second": 90.541, "eval/steps_per_second": 11.385, "train_runtime": 1066.1428, "train_samples_per_second": 18.783, "train_steps_per_second": 2.35, "total_flos": 5268940802841600.0, "train_loss": 0.15978392262528548, "label_metrics": {"_type": "table-file", "sha256": "66c2dca5b6eef419815dab48a613604597176c0c69577447c1eb5ef91eb3cd2b", "size": 499, "artifact_path": "wandb-client-artifact://xpbvuzi49hvezekh9bha6lcogxnv0rkcz5gdrs7pa13jxkphlu3f7ik12c76su7lx5vzrjik1a7n6vp1vokk5ofgh7nqzs2zcmyjcrtvple5qv50t5eyz20ewg47540k/label_metrics.table.json", "_latest_artifact_path": "wandb-client-artifact://7r6hqj7h47w97yf3bkpom248e6dwli8s0bjgxh9zjs51phunirjfnzhitlqql0j13a3s4e3g4pepx1tka9xiruzqxngep765wue641dy4h0surpr884wkcx4a6g399do:latest/label_metrics.table.json", "path": "media/table/label_metrics_313_66c2dca5b6eef419815d.table.json", "ncols": 5, "nrows": 5}, "test_predictions": {"_type": "table-file", "sha256": "b4623ebc32c66a2b5e5c48dd48f9f2218ac8a431758cb76a4582a53a283dc046", "size": 52603, "artifact_path": "wandb-client-artifact://56muqw0mjhgfs5yrulj4qlqueht1mnet7jdvhb9yeilim1swkaqkyf44xgc9ft7qz1gq08xo6z6tzw5f7zh9stfw0nub2lh8e0nfmwrj2nc6rfcfv6wymtcgjlacvbr0/test_predictions.table.json", "_latest_artifact_path": "wandb-client-artifact://aiax3eazubhx5y36kpjjw0qksvexr8eb60ff8cizc050fyxnhd8q61upt6yr10f8hgym4vhxnlds59g30lsjb99l4svkwfreto0ow0i70d7a25qur9djh8qvymugl2hv:latest/test_predictions.table.json", "path": "media/table/test_predictions_314_b4623ebc32c66a2b5e5c.table.json", "ncols": 7, "nrows": 168}, "test-metrics": {"_type": "table-file", "sha256": "3cbceeae5bd3a1904a570c9a8ab02a95482948200afb7ed45c761bea79a22a41", "size": 195, "artifact_path": "wandb-client-artifact://dmydqwl65c637hc7osp0n7gcwfeqy34t8kutlxhd3ulqlm4wg1i9tq77iiep1r0t2eevmzpsf1qv2mocet8wzrwtknsmazjdv3qcg52i6kynxool7jl35rnkknvj5dnx/test-metrics.table.json", "_latest_artifact_path": "wandb-client-artifact://kmcj8ri1xqg9h0k6z3gr2u9lqc1n8kyb43v0kr6z5xa0dm2yfkamf1p3diiseukjo6w8wu8kcnioo7xv8a9ck77w9u527uk9unroxvv4v3c24dkuxw25lhyzpuuqij4o:latest/test-metrics.table.json", "path": "media/table/test-metrics_315_3cbceeae5bd3a1904a57.table.json", "ncols": 5, "nrows": 1}, "test_connective_metrics": {"_type": "table-file", "sha256": "6347fa51d22e0a6a2ef79cd81d3da63405e4684f8ccf3a1bf93f0b62145b83b7", "size": 411, "artifact_path": "wandb-client-artifact://taw4eoe24kmtc2bfob6uwe3txwa0g1nm57mdyroqc3moi8oerzah21a0491tm478o5q9nqdgluyoe2nxief51b540winyyyro6d6z340dq0ai7jxee3qyzxwaiz4tcfd/test_connective_metrics.table.json", "_latest_artifact_path": "wandb-client-artifact://h0a928fewzif3lhlrnhorb3z96wpqqin5l2n8b4kemhckrd8yokhilv9qu6u5s429zc2naeo4tax90yalez16aj5oas4rb5swsobba7d6t489e9yeyigwhn4it46hwb7:latest/test_connective_metrics.table.json", "path": "media/table/test_connective_metrics_316_6347fa51d22e0a6a2ef7.table.json", "ncols": 6, "nrows": 3}, "_wandb": {"runtime": 1079}}