{"train/loss": 0.0535, "train/grad_norm": 0.17026230692863464, "train/learning_rate": 3.52549889135255e-05, "train/epoch": 11.0, "train/global_step": 1837, "_timestamp": 1742997948.4941456, "_runtime": 792.7560105323792, "_step": 235, "test/loss": 1.8829116821289062, "test/accuracy": 0.7321428571428571, "test/precision": 0.7054869186046512, "test/recall": 0.5167106130520764, "test/f1": 0.5164840182648403, "test/runtime": 1.8768, "test/samples_per_second": 89.515, "test/steps_per_second": 11.189, "epoch": 11.0, "train/f1": 0.9778318507001359, "train/accuracy": 0.9940074906367041, "train/precision": 0.9882758253301571, "train/recall": 0.969289811344143, "val/f1": 0.3527231527093596, "val/accuracy": 0.7604790419161677, "val/precision": 0.43974358974358974, "val/recall": 0.36416666666666664, "val/loss": 1.710531234741211, "eval/loss": 1.5132989883422852, "eval/accuracy": 0.7724550898203593, "eval/precision": 0.7195417578980294, "eval/recall": 0.42791666666666667, "eval/f1": 0.42779298779298774, "eval/runtime": 1.8635, "eval/samples_per_second": 89.615, "eval/steps_per_second": 11.269, "train_runtime": 785.1994, "train_samples_per_second": 51.006, "train_steps_per_second": 6.381, "total_flos": 3863889922083840.0, "train_loss": 0.29973068859790153, "label_metrics": {"_type": "table-file", "sha256": "abc25bb715c018bf47927e96c97f34987a4d8d7808bc77f71eb615d4643f5177", "size": 578, "artifact_path": "wandb-client-artifact://yx03krydl2stv7sqeqd0x65ifvma2p9cb48ioifcx9f9eqbdvcg3ys4qaoedzt05f0gi916yr61cjbr6s8q1x6ql3kzzu9p8qzckd1sshrdt67gvoalktb2u7goglhbj/label_metrics.table.json", "_latest_artifact_path": "wandb-client-artifact://nqpu8lkq5pvij87g1r4poi3307gmu0a0peznysh6ayjkzoh5iko20gpyk6pcx1jgmpr71he7suenyl70jaemvo5mr9djf3b752hvw43f2uz1felx437z6542blbz6f2z:latest/label_metrics.table.json", "path": "media/table/label_metrics_230_abc25bb715c018bf4792.table.json", "ncols": 6, "nrows": 5}, "test_predictions": {"_type": "table-file", "sha256": "0e8611c22bc76fc427dd0e793ae0180ef268182e4437178c32d7e4e8019e12ba", "size": 62252, "artifact_path": "wandb-client-artifact://wf6wnuaflqjmq0bochwbqymafzfbgvp7ejqyt7tbiyw3v6fuawock5r3jqx2lg6auujkbubcml6rgpywjwbei4ad5z8f9pmhmy22tx6i24sg7oe8kew503gobw1hl705/test_predictions.table.json", "_latest_artifact_path": "wandb-client-artifact://efz72gyekl76heddzbidjyep7wyv6g80c51e97ydh0q7ze4y0x1wzpwas3i78ggdvig8dio9p57tqpffugr0b8xo0zxkjm5lihrc7sc2aqzhyhzyvkpl4j9z61oa3tv3:latest/test_predictions.table.json", "path": "media/table/test_predictions_231_0e8611c22bc76fc427dd.table.json", "ncols": 8, "nrows": 168}, "test-metrics": {"_type": "table-file", "sha256": "3a6bf4add65259a43f3bf3ed2ec1e9dd1e3c4dc18a17a7740697a1b2ee125abf", "size": 206, "artifact_path": "wandb-client-artifact://1h09kccc51v7kqtabrwczgdayz2t11il747hll07otiq9jtnj75bxlptr9tbnfydmpajvx5yegnlu8p1oy7n154wlocvz1pxw8a8giaymfbuy1mq8tce9fa41ti9xkol/test-metrics.table.json", "_latest_artifact_path": "wandb-client-artifact://dfledg87fqn60dl2t6aywq3cgz5fqwnmznex2buqzgdf8saqmbrdfncgvw7rhgxv529vt0z2sxbb7ltj62b6vicquer5f0avw75g4mtblg8y0mnivs8kuald63ey82he:latest/test-metrics.table.json", "path": "media/table/test-metrics_232_3a6bf4add65259a43f3b.table.json", "ncols": 5, "nrows": 1}, "test_connective_metrics": {"_type": "table-file", "sha256": "a082b50449080db50550be4da28f37c68cb7b5d92447bb89521ccd0c0364a573", "size": 419, "artifact_path": "wandb-client-artifact://gznihrao1dsl6mtfedexsbyy66e74mtjuy76xizksy501fatpl0a3n2yb1avatk4my7mgggj0b68lx4mmw9n22c1jn8us120yjm9gipzc0qvcf8n66ae5o2tgnekr5ki/test_connective_metrics.table.json", "_latest_artifact_path": "wandb-client-artifact://j8m9q6zq3g1yzp3s01lljz80uv0moxd3gy5vaphaqu165btjl2n9tw7q79vju2uw1mbewl2zc74w2xbvzk6ipz4hwdp144gzzqa5zue5cla1wa2julwq69yvw0ri8mcn:latest/test_connective_metrics.table.json", "path": "media/table/test_connective_metrics_233_a082b50449080db50550.table.json", "ncols": 6, "nrows": 3}, "Exclude_counts": {"_type": "table-file", "sha256": "92504b126567f736cbedb8586a5e833f3c5632191cd4c7ca2291163d6a06ccb8", "size": 85, "artifact_path": "wandb-client-artifact://s2ndxbp8kfviu3zqx8dbtcbgzqq2xm18mmwk8igmkpj8sgu2mzmmcu1ffecdl3w7b1vd59myvc2of98f10qlzms6xc3i2fkjpox5mj102twgwqyexket9vzkrw5kpoee/Exclude_counts.table.json", "_latest_artifact_path": "wandb-client-artifact://6x3y78gaamk4rpgry8iutktqy421okodnhxpg3mchddlpz0mbort61mv2r4vllsp3xkk7lg9omjze6e5w0arkk5kwj81uu5pwa8nk9tegpxirmmtf67zub3ebmemnzmx:latest/Exclude_counts.table.json", "path": "media/table/Exclude_counts_234_92504b126567f736cbed.table.json", "ncols": 2, "nrows": 1}, "_wandb": {"runtime": 801}}