{"train/loss": 0.7606, "train/grad_norm": 6.7248735427856445, "train/learning_rate": 1.6000000000000003e-05, "train/epoch": 1.0, "train/global_step": 167, "_timestamp": 1736582286.8098598, "_runtime": 92.49171280860901, "_step": 27, "test/loss": 0.7629240155220032, "test/accuracy": 0.6666666666666666, "test/precision": 0.503030303030303, "test/recall": 0.20487804878048782, "test/f1": 0.16996047430830039, "test/runtime": 1.8496, "test/samples_per_second": 90.831, "test/steps_per_second": 11.354, "epoch": 1.0, "train/f1": 0.20835654984362612, "train/accuracy": 0.7632958801498128, "train/precision": 0.4916115828650178, "train/recall": 0.21918548224651616, "val/f1": 0.19046277665995975, "val/accuracy": 0.7245508982035929, "val/precision": 0.6961382113821137, "val/recall": 0.21083333333333334, "val/loss": null, "eval/loss": 0.7255797386169434, "eval/accuracy": 0.7245508982035929, "eval/precision": 0.6961382113821137, "eval/recall": 0.21083333333333334, "eval/f1": 0.19046277665995975, "eval/runtime": 1.8425, "eval/samples_per_second": 90.638, "eval/steps_per_second": 11.398, "train_runtime": 85.2444, "train_samples_per_second": 15.661, "train_steps_per_second": 1.959, "total_flos": 351262720189440.0, "train_loss": 0.9901382994509029, "label_metrics": {"_type": "table-file", "sha256": "5ab45f4073ecb9ffd15f479253fc4d0e28b12144ced10956d6f7da78a2881258", "size": 464, "artifact_path": "wandb-client-artifact://nt90i2yvdlxap7ef86s1zb14wsrhec1ppq4jivwndrx6my916dko0ladwcwngp8kor7v19ueqtvnbwfbogxdluu7879382kz41s1zchtys1ofjv0za1qxhys4s393iaa/label_metrics.table.json", "_latest_artifact_path": "wandb-client-artifact://4ij9nt1z1ctjt63fpmjn9fthhauqm36qnyft207ng0xrr16remtnc5g46xxyzdgue3xbc2vs7i019wy67ypo6tahozonlsdpf2ir182duzl0xlm2gbk9g5dwwp19m21x:latest/label_metrics.table.json", "path": "media/table/label_metrics_23_5ab45f4073ecb9ffd15f.table.json", "ncols": 5, "nrows": 5}, "test_predictions": {"_type": "table-file", "sha256": "02a6c6f07f3a50925975d8993c6eb4f0818d97f54a016dc91409f6379bdf62f5", "size": 74926, "artifact_path": "wandb-client-artifact://534y6vmrjn9ifl7n6pkucih2i15223cblc2xia5khs3lzcdflb5iqou1mix78lcwaq2n245uf4pzwxwi5gi3scftqepwjxtk6r9frmphm7bq7a5zgqosk5wrryv0sb0e/test_predictions.table.json", "_latest_artifact_path": "wandb-client-artifact://heswq0zn69mosoua9dr5o22es7l46yegrzg2tvld20e7p7qfq8b2j92vgixd4ik9bpcwuwpt6umvacqm9fn74n1bfync69w9h5dpo6ceh8kdtk9eumj96icdwyz4p7zg:latest/test_predictions.table.json", "path": "media/table/test_predictions_24_02a6c6f07f3a50925975.table.json", "ncols": 8, "nrows": 168}, "test-metrics": {"_type": "table-file", "sha256": "002fd384a41465a642d8dc324f2d7d31c78940dfaf2de935709b1f01771381e8", "size": 201, "artifact_path": "wandb-client-artifact://915khfn2j3homb32tc0cl1j6xd1fh63vyh8f7j63upqtxeg5ni3hbbqcohhwtrhisosikbr5s270iqn7ytrhotsybh0yragpdzxvs0hw0of4nrn9qybrbz5kex4a9y5w/test-metrics.table.json", "_latest_artifact_path": "wandb-client-artifact://x4qd4i0p9u9qttuvktqiw5s3v37sxtd99ajr0gjc6s1n4bynjecy2xhkdcg2uikjeeofeiltvensw5hvfih4nk8d580x3l8n3h2nv46u1q2rzcaynnd0ihnuw61g8hfq:latest/test-metrics.table.json", "path": "media/table/test-metrics_25_002fd384a41465a642d8.table.json", "ncols": 5, "nrows": 1}, "test_connective_metrics": {"_type": "table-file", "sha256": "29319f21616fc4540621c53d83dcf3d0ba7f5f5260cbb269633b424798765984", "size": 373, "artifact_path": "wandb-client-artifact://6nlfgp9otb5hp4i8bbtumugcpzny68etdxrljwwiu0j2qquzmje1u2sg1hklpfodezgaxnomvokm638wdzi40mken89p0qr5ye88hhvihur4azw6esfdyl09bjbb52dz/test_connective_metrics.table.json", "_latest_artifact_path": "wandb-client-artifact://og12q0qywsjhr9i0yu7uyl6nkec9sp6drpcrz8v8usb5q75mczvp0mgxeuc49e37e0gvzaoc5tabsaj02d9gm9nb9tyuq5z35pj1iz07nq9exhkbjflehs6cdf4wocc6:latest/test_connective_metrics.table.json", "path": "media/table/test_connective_metrics_26_29319f21616fc4540621.table.json", "ncols": 6, "nrows": 3}, "Exclude_counts": {"_type": "table-file", "sha256": "e1c9680c5dbf27c108a9c47e201f13cfb20008c24fc3198b33ecbe61bb69d2a1", "size": 79, "artifact_path": "wandb-client-artifact://c8zjbp2svsti76of608ur7u55yvhxwf28qla98sw0xjevr5zanl6lu4os5n2jlcc7ynn5wzkwyqbp43kf3z6au3nnzjax8ysuau9zro4vr5urnrbh0261cx95pxgrdkj/Exclude_counts.table.json", "_latest_artifact_path": "wandb-client-artifact://v48smhrd0bxe3feht4oaukjylusb1hnztb7gq5ymdyzmw1tdhqrjxsj7iifx03ddxvutmrtumveq0c021w8xf5zqw5rez9rr8iq09i947lcyxzqxycrys43cm7p8bjmn:latest/Exclude_counts.table.json", "path": "media/table/Exclude_counts_27_e1c9680c5dbf27c108a9.table.json", "ncols": 2, "nrows": 1}, "_wandb": {"runtime": 100}}