{"train/loss": 0.0, "train/grad_norm": 0.0008844327530823648, "train/learning_rate": 0.0, "train/epoch": 30.0, "train/global_step": 5010, "_timestamp": 1735406479.9501514, "_runtime": 2153.2829434871674, "_step": 627, "test/loss": 0.9174310564994812, "test/accuracy": 0.8095238095238095, "test/precision": 0.6788515406162465, "test/recall": 0.5544605581190947, "test/f1": 0.5348245480010185, "test/runtime": 1.8418, "test/samples_per_second": 91.214, "test/steps_per_second": 11.402, "epoch": 30.0, "train/f1": 0.999440479261616, "train/accuracy": 0.9992509363295881, "train/precision": 0.9998005982053838, "train/recall": 0.9990825688073395, "val/f1": 0.5991903470502693, "val/accuracy": 0.8143712574850299, "val/precision": 0.7375801813758017, "val/recall": 0.54375, "val/loss": 1.8011131286621094, "eval/loss": 1.0003397464752197, "eval/accuracy": 0.8203592814371258, "eval/precision": 0.7412574947334305, "eval/recall": 0.6008333333333333, "eval/f1": 0.6259197786998617, "eval/runtime": 1.8269, "eval/samples_per_second": 91.409, "eval/steps_per_second": 11.495, "train_runtime": 2145.8446, "train_samples_per_second": 18.664, "train_steps_per_second": 2.335, "total_flos": 1.05378816056832e+16, "train_loss": 0.08955290644194237, "label_metrics": {"_type": "table-file", "sha256": "20d0ae09ed7c808c928a7f5969db9c420319b1849f67c3c10a0841e0e99ab887", "size": 498, "artifact_path": "wandb-client-artifact://ytr50g5o63qni44zfv1zg1yb5wlbkxp9x00ugk9sf97rcf2zf555du6sflr7ro5ts4ex1twluagbsvh7dhzdbebz0z1ngnl038v5s4cs5pyexkpt2tusqfpzk7451og2/label_metrics.table.json", "_latest_artifact_path": "wandb-client-artifact://cl841643nksgliomm2taafierzu6xpiozl50ak06rkpoj54zrkfut6h4d12vqwo51ii8kw89hgkvmwdxlk3w5177uaxl0brpviptryljdtmhh2rfrniauh9vtkwtj9py:latest/label_metrics.table.json", "path": "media/table/label_metrics_624_20d0ae09ed7c808c928a.table.json", "ncols": 5, "nrows": 5}, "test_predictions": {"_type": "table-file", "sha256": "f7eece1512cf87f16fa2a148ff572b48d75854b95178d0d3636dad2a0b266923", "size": 52687, "artifact_path": "wandb-client-artifact://hcef3ivp3n021bvn5bh1eb0cdwatvjgnksf9ffwgev58c71iofbgp3w9rlotw3p1ttq82gi3lp8qkld592577t6nf6ff5d7qf6xcpgvs8ckso9nhqv1gz05xnz8uvy8a/test_predictions.table.json", "_latest_artifact_path": "wandb-client-artifact://mm5t69sl7hbm2r3fmeqomdfqo7llywlkuw8rtuqpjskteugyj729m5g1re8bzo4lrhcvjgd8313fb36t106qbkqb234vr0ucbs69x06ui74rfkhuhgr49r61yarovrm1:latest/test_predictions.table.json", "path": "media/table/test_predictions_625_f7eece1512cf87f16fa2.table.json", "ncols": 7, "nrows": 168}, "test-metrics": {"_type": "table-file", "sha256": "10b5080f843b14f9e10ed15f42f1028d3176781d4134f869796693831fc056c8", "size": 195, "artifact_path": "wandb-client-artifact://fycpeh9zqfp1dr94g9cligfeii2djftxuak7dzyema38dytb4fxrfarygzgs25x88kyij4thn2xm6ocdnzj6lpjhnhbpngmok66wx7i8fkacmo5yj1ukdbmav51pfvnd/test-metrics.table.json", "_latest_artifact_path": "wandb-client-artifact://coyivym6rajjmvvcrd1eppbz7zsjlmx7p2r9cfy6q42ujzkvm0rof80lh1ymp6zida3i6nfyh241jmopmd8vmu6mfra4ll075f1hvdhxvc8noiowsj8tgcfleb9sqq2o:latest/test-metrics.table.json", "path": "media/table/test-metrics_626_10b5080f843b14f9e10e.table.json", "ncols": 5, "nrows": 1}, "test_connective_metrics": {"_type": "table-file", "sha256": "d388f226f28ea2d9d0128381399916d5ca07b4e0a5b07f6a3352ded5dfbb9ebc", "size": 422, "artifact_path": "wandb-client-artifact://pzfpa9u5clu6jvp4npa8xogz03kavuwp0ingin2evjlfmikss6nxevak6ecoyyca06z0x3a8yl7jtkrsjo79n5brg9jhyzmj4gisb35wobyzn7p4mo88btgrshfta55r/test_connective_metrics.table.json", "_latest_artifact_path": "wandb-client-artifact://oi0yr49o6mxj5hnvttnimap64qv6wre7xvel52o83fjr4sbi3dq7nzvesseio1uamaivk4d8v88ydq20wz38e25qvu2ltx94of357hbjz0lylg7zdm4llvyr7iqhucn6:latest/test_connective_metrics.table.json", "path": "media/table/test_connective_metrics_627_d388f226f28ea2d9d012.table.json", "ncols": 6, "nrows": 3}, "_wandb": {"runtime": 2160}}