{"train/loss": 0.0006, "train/grad_norm": 0.011626309715211391, "train/learning_rate": 3.7028824833702884e-05, "train/epoch": 10.0, "train/global_step": 1670, "_timestamp": 1736752633.3924475, "_runtime": 731.0294663906097, "_step": 214, "test/loss": 1.2680578231811523, "test/accuracy": 0.7976190476190477, "test/precision": 0.7129096045197739, "test/recall": 0.6475368050977808, "test/f1": 0.6500361205455819, "test/runtime": 1.8742, "test/samples_per_second": 89.64, "test/steps_per_second": 11.205, "epoch": 10.0, "train/f1": 0.9775911498091971, "train/accuracy": 0.9940074906367041, "train/precision": 0.9984158415841584, "train/recall": 0.9587295426286252, "val/f1": 0.6457397504456328, "val/accuracy": 0.8023952095808383, "val/precision": 0.7724798711755233, "val/recall": 0.5841666666666667, "val/loss": 1.3952254056930542, "eval/loss": 1.0277891159057617, "eval/accuracy": 0.8562874251497006, "eval/precision": 0.878125, "eval/recall": 0.6545833333333333, "eval/f1": 0.7357650951199338, "eval/runtime": 1.8608, "eval/samples_per_second": 89.748, "eval/steps_per_second": 11.286, "train_runtime": 723.4922, "train_samples_per_second": 55.357, "train_steps_per_second": 6.925, "total_flos": 3512627201894400.0, "train_loss": 0.2800289188935505, "label_metrics": {"_type": "table-file", "sha256": "cf086f2416c8e5d4b8f3fa88fc79792928e7ef683f1bb0964dd7399fe6fe5839", "size": 621, "artifact_path": "wandb-client-artifact://35zoonk5h3ssf2hhwa7ycun16pm0op50997eeb9r657ybpp3xgt0ohvgb32ye433yp2npgvcyl8lz59wej4gc1hkuauxpvwnpfw2vm1fh7oa98oz87w7qb578as6jyut/label_metrics.table.json", "_latest_artifact_path": "wandb-client-artifact://f9lx1tm0c3zk1wwkobrb4uvv3sni7vocfuznhygosxbqotjdkec218m6abyq1sgij0kkhe35mtwy9ur7kplou3c6p008bz897r0bgzepdsks8dr24xmxpbofpye83z27:latest/label_metrics.table.json", "path": "media/table/label_metrics_210_cf086f2416c8e5d4b8f3.table.json", "ncols": 6, "nrows": 5}, "test_predictions": {"_type": "table-file", "sha256": "9b873ac14ee30f36d057bd4d989c49ad5b04752d9120b7305513c2bee3c7a318", "size": 75058, "artifact_path": "wandb-client-artifact://u3evme8i4aqvfv1aftrmjbpgf4be7m71jz049wbxn7l2q4g7o21vno77c3gb01708fg667p3ftc0wqg67z0z0zafhm54y5kqb9usuzb6cpp1qml2cxreiual646d7rhe/test_predictions.table.json", "_latest_artifact_path": "wandb-client-artifact://1inq6zakvk6p2k6gbdr70qb1tlya9qe4496zf27ly5ylhcqa2xv3pnkbo6ms0swdrfdwhvcqp0xk4tu07wixhdbb5tfxlgnjc483q8e5l87itfn8gytfe7ffavxlcbm4:latest/test_predictions.table.json", "path": "media/table/test_predictions_211_9b873ac14ee30f36d057.table.json", "ncols": 8, "nrows": 168}, "test-metrics": {"_type": "table-file", "sha256": "e65f93973854c84e4e2bc8f4a92b9e6df46ee65d355b6c17ed84fd91b79e9b87", "size": 200, "artifact_path": "wandb-client-artifact://lzbr21l6tobrnbll4tfhtzxb2l6aenqpthotynfcju2x7d1ajlomzb7ejegs0iods8kt20akzohi2rt17sen2mrf0j2dyjqfnz8lax8eq6xravda4s6l8vguklib75ix/test-metrics.table.json", "_latest_artifact_path": "wandb-client-artifact://mmhmu3bsozidzvtmw243mlp8g34mled1p7dgvk8eeck7zl7ljkxf4goj59qwvacjszm44pldqlpepwwbwde9ia3vh9490s2d9v4kdpecm8byit2qp96np5hvsbhqng6i:latest/test-metrics.table.json", "path": "media/table/test-metrics_212_e65f93973854c84e4e2b.table.json", "ncols": 5, "nrows": 1}, "test_connective_metrics": {"_type": "table-file", "sha256": "83b3536e8c1eac1923229f1c33344c99672cbac24a9d740e0912c77aa29bf10f", "size": 439, "artifact_path": "wandb-client-artifact://0q795ess5h1ixyqzduxhaow2zs8khsw06e1h2wi6ioo1pvl4yxgthk95nvs668ty0hon8pb0if04lfmv56fqa4lcyb8jee0a910coc90sxlnkgh91slcqw7kx38uv45b/test_connective_metrics.table.json", "_latest_artifact_path": "wandb-client-artifact://jjh5reg0c7ckyvd20w78c86r5os2cinoqd592widuqll029ses5hz4kstycws2bahkr483s2xelwbqfdtp5qxijreh56cq5hrtofrbd0bj3woxqbvuf2m9zuoxzz0dl1:latest/test_connective_metrics.table.json", "path": "media/table/test_connective_metrics_213_83b3536e8c1eac192322.table.json", "ncols": 6, "nrows": 3}, "Exclude_counts": {"_type": "table-file", "sha256": "e1c9680c5dbf27c108a9c47e201f13cfb20008c24fc3198b33ecbe61bb69d2a1", "size": 79, "artifact_path": "wandb-client-artifact://lcew9v3hd4q7rfr8m0u39qadavemx5ll37txew6t9yij4stjyve4uprvc4zq5wznvvgw4grwmg6df19fyw769vyunrh3qhomasve01m7l2pxc34y5z3gzidkrjm3nj45/Exclude_counts.table.json", "_latest_artifact_path": "wandb-client-artifact://589r3ampo70ckvepfjux9ps4iltbzymao0zbucf679e3um333xcd7gib9kqqdf7mpmxxk2ov0ywaxv9kijzktnuk536fori3fsdbuxp5ckz6v8sdbcc8mqyzlbtt3sqw:latest/Exclude_counts.table.json", "path": "media/table/Exclude_counts_214_e1c9680c5dbf27c108a9.table.json", "ncols": 2, "nrows": 1}, "_wandb": {"runtime": 739}}