{"train/loss": 0.3724, "train/grad_norm": 175.77935791015625, "train/learning_rate": 3.52549889135255e-05, "train/epoch": 11.0, "train/global_step": 1837, "_timestamp": 1739645643.261696, "_runtime": 1679.452513217926, "_step": 235, "test/loss": 1.430647850036621, "test/accuracy": 0.7678571428571429, "test/precision": 0.5579117063492063, "test/recall": 0.4598264117776313, "test/f1": 0.43916734788245104, "test/runtime": 4.4269, "test/samples_per_second": 37.95, "test/steps_per_second": 4.744, "epoch": 11.0, "train/f1": 0.7621690551713359, "train/accuracy": 0.9850187265917603, "train/precision": 0.9300282197843808, "train/recall": 0.7844165203215909, "val/f1": 0.35128674179257835, "val/accuracy": 0.7305389221556886, "val/precision": 0.42914810250576674, "val/recall": 0.46333333333333326, "val/loss": 1.6776068210601807, "eval/loss": 1.3786524534225464, "eval/accuracy": 0.7664670658682635, "eval/precision": 0.6823966165413534, "eval/recall": 0.49124999999999996, "eval/f1": 0.4202574948570372, "eval/runtime": 4.4003, "eval/samples_per_second": 37.952, "eval/steps_per_second": 4.772, "train_runtime": 1666.4607, "train_samples_per_second": 24.033, "train_steps_per_second": 3.006, "total_flos": 3863959214607360.0, "train_loss": 0.4332555947134806, "label_metrics": {"_type": "table-file", "sha256": "59229372968becf4e732f19bdf268be711bc8bef0ec3945ab9caf70c8cb068c6", "size": 610, "artifact_path": "wandb-client-artifact://0pe6mv15664juz4uxochkcf9b3w25t0kb7hm2pn82ig17uvfcfsfoqkkdc60h7udpvhpcc268oivsob57bdole8ss8ivd8e6xf16lbfrxpnqes7tpe7qlq74xwh1ycxk/label_metrics.table.json", "_latest_artifact_path": "wandb-client-artifact://ns0e0tzp1bj0x70pmzgunp8p75rlumruzmi3s46jok2gcucy2m3kreank48ow6m9b7y9xi82a9ymwfd6db2fyz9sqt35pl209yd8spmmmk99rr2trajq1a5u3jn9jm9c:latest/label_metrics.table.json", "path": "media/table/label_metrics_230_59229372968becf4e732.table.json", "ncols": 6, "nrows": 5}, "test_predictions": {"_type": "table-file", "sha256": "165fc1f6b162e9bf2c620a3499e6faab5bd74bdc45a14dff6d76f63a719db7e3", "size": 62240, "artifact_path": "wandb-client-artifact://h8gslf4sp4267m1ftd894hbrj8qlhnbkouaq6bx4lraqwpgbxj6yyg5tyjbfuk4rotcxjckk8iinc7ukan7q7m6htyp9ixldy6bmv0ko3qf8682svt7eeb982agp6uzo/test_predictions.table.json", "_latest_artifact_path": "wandb-client-artifact://yd6wnab6ybiprxb9zzcm79dquudi0stgpkg28si0a3rcvsg3il4dvao84hymp4mdxbhsbbddx38leulgqpqvtaogppuhgcxzkl6pqdxhp4tpo5vhecsdiw2w3mymkp21:latest/test_predictions.table.json", "path": "media/table/test_predictions_231_165fc1f6b162e9bf2c62.table.json", "ncols": 8, "nrows": 168}, "test-metrics": {"_type": "table-file", "sha256": "50b8280acc24f411e97243e19e42011d62aa5c36c10220f14ffaeffb5ee38280", "size": 207, "artifact_path": "wandb-client-artifact://sx9n852aocbdih0q7kxowzwz2nd06v914iajw2udtwzj3euzpxix714cxf9zh1yvlg2eu8y15zses3873shp8w0znyej5lhzpkbuymac76jhell5bbldmzelf2l3maom/test-metrics.table.json", "_latest_artifact_path": "wandb-client-artifact://6eoi3b3i0sja57m0vwo1m77jm5abz0mu2n9d0662nbp1y6ycwadgt5h34wya4wp6r591be2b4jli2pvyntovxheer5mm8go7w7xmxtyarpl51wdg31osmgfq152vx3se:latest/test-metrics.table.json", "path": "media/table/test-metrics_232_50b8280acc24f411e972.table.json", "ncols": 5, "nrows": 1}, "test_connective_metrics": {"_type": "table-file", "sha256": "30afc16003f07ad034c3b474d3e9cf419870cda5a41001ce97c94512ecb8bc9e", "size": 445, "artifact_path": "wandb-client-artifact://87645vw3gwicn7bu59sxr2t73xox3wv746jjsvz082fi0u6rnjsafvopsruw6fi5u7xhz1cucgnh5z2l7om82wtaa2e3gfvu5nft1keb3zsb7cnb2z1qtue8hc8hcvgt/test_connective_metrics.table.json", "_latest_artifact_path": "wandb-client-artifact://2gpqp2zggnu6he6w48ujlm4x6pqfjmfkvs66j640jhqyxb4ncbxri08nsq91x70xyqkb8r88j47o0eop4zbuebc95mx9m4wgwzwvzmorfvgrdmgzsfg2iffxwnu2y6cl:latest/test_connective_metrics.table.json", "path": "media/table/test_connective_metrics_233_30afc16003f07ad034c3.table.json", "ncols": 6, "nrows": 3}, "Exclude_counts": {"_type": "table-file", "sha256": "92504b126567f736cbedb8586a5e833f3c5632191cd4c7ca2291163d6a06ccb8", "size": 85, "artifact_path": "wandb-client-artifact://zfjk1tq0125qdo70wpxn1fmyf5wf1l1ipdk2ebdsp4jzqsmfntx6i3g2jpabvx2a30rm2jajbyn4b8r9dit1l9zmrwtb035fjlp8efatbn6fkpvky1u2wj9j2dg4tqzp/Exclude_counts.table.json", "_latest_artifact_path": "wandb-client-artifact://nnzifornalyw8n7wlq8lxmoc627xkzves9uyh2vf2vhagdhxf3anfxwqo6e9ottc6ibwomb06yop0iefyy825vdrmtq2n1l27c9oigy76xisjcxv50uxbv89fmwltcph:latest/Exclude_counts.table.json", "path": "media/table/Exclude_counts_234_92504b126567f736cbed.table.json", "ncols": 2, "nrows": 1}, "_wandb": {"runtime": 1689}}