epoch,loss,accuracy,precision,recall,f1
,1.6093535423278809,0.09090909090909091,0.03636363636363636,0.4,0.06666666666666668
