{"train/loss": 0.0037, "train/grad_norm": 0.0035438521299511194, "train/learning_rate": 3.8913525498891355e-05, "train/epoch": 9.0, "train/global_step": 1503, "_timestamp": 1742967000.5171402, "_runtime": 649.152987241745, "_step": 194, "test/loss": 1.193812608718872, "test/accuracy": 0.8273809523809523, "test/precision": 0.9164122137404579, "test/recall": 0.7288354207866402, "test/f1": 0.7876187054052666, "test/runtime": 1.8713, "test/samples_per_second": 89.777, "test/steps_per_second": 11.222, "epoch": 9.0, "train/f1": 0.9988829680089364, "train/accuracy": 0.998501872659176, "train/precision": 0.9988829680089364, "train/recall": 0.9988829680089364, "val/f1": 0.5289999248063764, "val/accuracy": 0.7904191616766467, "val/precision": 0.765920928030303, "val/recall": 0.5025, "val/loss": 1.4684414863586426, "eval/loss": 1.2855913639068604, "eval/accuracy": 0.8143712574850299, "eval/precision": 0.849290780141844, "eval/recall": 0.5783333333333334, "eval/f1": 0.6686436781609195, "eval/runtime": 1.8579, "eval/samples_per_second": 89.885, "eval/steps_per_second": 11.303, "train_runtime": 641.701, "train_samples_per_second": 62.412, "train_steps_per_second": 7.807, "total_flos": 3161364481704960.0, "train_loss": 0.2934960200426064, "label_metrics": {"_type": "table-file", "sha256": "79687b2738d1645501a4f13fe23c0c6ce007e99aee40e2571773666d4dc092da", "size": 579, "artifact_path": "wandb-client-artifact://n1f9l1lnmi9cpzu0z4i6wg2pey4q56wjv44g97rl0bjkjfscmppinf9dot2mm539rdelsk1ujr2k855kh4blu7eujia5fahyqiaddqdlkc1dclb4hcsjddx4voawtqr5/label_metrics.table.json", "_latest_artifact_path": "wandb-client-artifact://5orlj4dh7irqsx74gvooe8mxa42urnerjtpsgbq0cgejpcx2gz6rz36p2j4irp62a767pud23u4wf72wh00ekydsqi6p5pfjmzzdv1dv9t6rz35efv709sld6wwuk9x7:latest/label_metrics.table.json", "path": "media/table/label_metrics_189_79687b2738d1645501a4.table.json", "ncols": 6, "nrows": 5}, "test_predictions": {"_type": "table-file", "sha256": "b2c31c27ff23977c95f6082f3cacdeb6b6a49aaeabb4c7ac79838a984f17c4e8", "size": 55232, "artifact_path": "wandb-client-artifact://jh88occi710afwolwrjdx1bvukrvrxqpdjqy0ra6mtvd2qzk0a2vdt6k4iragucxdiooyenuahtc819xugnujbyyb2vc75nkm35tar51vun2v1f4xwftkbmgz6x0gzac/test_predictions.table.json", "_latest_artifact_path": "wandb-client-artifact://xnwh134r28vqwttt4y0rcr6a80qiveevsey8bdsqt9x27l92mbecevxty4akj33x0a693bkppi30jk4z4vtirs87vnimwjbowfm6g6qz5dz06eni7ur44z3b9bp2uj9p:latest/test_predictions.table.json", "path": "media/table/test_predictions_190_b2c31c27ff23977c95f6.table.json", "ncols": 8, "nrows": 168}, "test-metrics": {"_type": "table-file", "sha256": "f5a35d6a8fc586fd7b2967ab938ea8837ee790ab6306a26c9349c30182ed6414", "size": 195, "artifact_path": "wandb-client-artifact://5k0z1w420y9mrb7myintzqbpwx932scro9qk3b34qausy7yhz01rhdaps0pjjfrnm4dzu00am2x2fsl8ljkcv485glkg7vn12olxtw8x8buvypak3w8lgxd04t68cbmc/test-metrics.table.json", "_latest_artifact_path": "wandb-client-artifact://9ya7oxppm8l8i2rspbgn7xvrua3qe4lf8p5vrezxzc1n95b6fb4f87c24tvcilsbt1qe8gmzyexoqskbntk5t33yqsljpku6jc1mmryo29oeszaxybh8jypbe7uyb733:latest/test-metrics.table.json", "path": "media/table/test-metrics_191_f5a35d6a8fc586fd7b29.table.json", "ncols": 5, "nrows": 1}, "test_connective_metrics": {"_type": "table-file", "sha256": "66a2795553af2a41fe47aabcebfd4571500fe724c07d32e78b0670156320d917", "size": 405, "artifact_path": "wandb-client-artifact://3k86u42iidin10mtivpwke5lh6oagre05pmcx736mc18ogmhulj71buwo4f88xe55np4wcqtazcudbowo7fnxt5n9ac9n2x2accuxtile3t2gq8ij3rkised7clx86og/test_connective_metrics.table.json", "_latest_artifact_path": "wandb-client-artifact://ar91iynrio924obtozbcat96yfj9vm5w2omhuw9ztrk2n396va8nk26zkuxi1rg5ml9dq16s70t51xqat4s624g40i5panyal8vbui2pes76lajf4uvs0qs6i6nxteq9:latest/test_connective_metrics.table.json", "path": "media/table/test_connective_metrics_192_66a2795553af2a41fe47.table.json", "ncols": 6, "nrows": 3}, "Exclude_counts": {"_type": "table-file", "sha256": "fa22c4da7120bb2d050f2b48bfbb63b94fd3760be735d6d12002cc9214cc8ce6", "size": 74, "artifact_path": "wandb-client-artifact://415boki8hmyo01dvhbw86ls8bdi9prkdmfmvd9pmx8ljvyrqje0ghlumb7bxxyxikpce0ky99ta9eiyqt7enkzuo8cfzpa7einqbsqgte3bgoi8ncdbp21qeuxv3hwun/Exclude_counts.table.json", "_latest_artifact_path": "wandb-client-artifact://27ctxoqzfcpre57k68mg5fz42ew7irk19nuvuqi3pvtgondvdbjnd1fbqgyh2asao8refovmdtk81n64o1nxx4ltovot6f7v19dk4h5gp6s2shji7ugsxe589n4jhvqf:latest/Exclude_counts.table.json", "path": "media/table/Exclude_counts_193_fa22c4da7120bb2d050f.table.json", "ncols": 2, "nrows": 1}, "_wandb": {"runtime": 656}}