{"train/loss": 0.6876, "train/grad_norm": 6.7975921630859375, "train/learning_rate": 1.6000000000000003e-05, "train/epoch": 1.0, "train/global_step": 167, "_timestamp": 1736583016.7632756, "_runtime": 91.66938161849976, "_step": 27, "test/loss": 0.6976630687713623, "test/accuracy": 0.7321428571428571, "test/precision": 0.7033333333333334, "test/recall": 0.25853658536585367, "test/f1": 0.2514708747321254, "test/runtime": 1.859, "test/samples_per_second": 90.37, "test/steps_per_second": 11.296, "epoch": 1.0, "train/f1": 0.2753586147407431, "train/accuracy": 0.8067415730337079, "train/precision": 0.7449249118411916, "train/recall": 0.27311432181508544, "val/f1": 0.2615769712140175, "val/accuracy": 0.7784431137724551, "val/precision": 0.7280701754385965, "val/recall": 0.2625, "val/loss": null, "eval/loss": 0.6883202195167542, "eval/accuracy": 0.7784431137724551, "eval/precision": 0.7280701754385965, "eval/recall": 0.2625, "eval/f1": 0.2615769712140175, "eval/runtime": 1.8461, "eval/samples_per_second": 90.459, "eval/steps_per_second": 11.375, "train_runtime": 84.3954, "train_samples_per_second": 15.818, "train_steps_per_second": 1.979, "total_flos": 351262720189440.0, "train_loss": 0.954964746258216, "label_metrics": {"_type": "table-file", "sha256": "b93495eb91bf306b2a38a0bc71dc58a2caa058989d26cfff7eaf96bc55ada2cf", "size": 461, "artifact_path": "wandb-client-artifact://9thyw7vs8up40nto6htqvflsrv5o4f26b796gpkmfgtrfupjq055ig30pf24jdomridtpckkzhz0msqghrvcwzfu9gwwtcgwfw13moym3rvwg70vy8y8yjq0vxz1av82/label_metrics.table.json", "_latest_artifact_path": "wandb-client-artifact://tbnpre0am4dp983fhgxt2qrhx5box0z7u15docqee255hg7yb80txpjce8sn4pjvvp1m0ljx1fzkvf09iourloz6ziu0bpsh13vy3f2lz6qifvli4sq6uvax24i23by5:latest/label_metrics.table.json", "path": "media/table/label_metrics_23_b93495eb91bf306b2a38.table.json", "ncols": 5, "nrows": 5}, "test_predictions": {"_type": "table-file", "sha256": "3f26a042c023259619e1e1732c0086ed2242d160351f3bca1a646cbd68b0f0f9", "size": 89110, "artifact_path": "wandb-client-artifact://bban065pr2o6gb396z7h15dosr8pz5b187eq7enqzy2f2hwedlg9zksknww6fhdj331do8hzru7878ldh3luru1cjyxxkb51n6jpirlz4j6lzt84i2z6xtidzu49bfrq/test_predictions.table.json", "_latest_artifact_path": "wandb-client-artifact://j3sxfrdmc7xng4i1f79uhejseunmbod69gon6qgnlnps81zuqwhkjfa2uscpcavgplf18qov4wq23dazxb9w208aeel0mcdt6n316retk1abfxbmu6nqrr3h7g8z5q40:latest/test_predictions.table.json", "path": "media/table/test_predictions_24_3f26a042c023259619e1.table.json", "ncols": 8, "nrows": 168}, "test-metrics": {"_type": "table-file", "sha256": "160880a1f711e082fc5cdfc99ff3d0257263631f4ae7f6df784a467e2a871f01", "size": 204, "artifact_path": "wandb-client-artifact://finobrwsz3gqncs3kkd3rzhpf1ha2b052sr9fqs1foo5bq66gvga9pam30v3ymjv8gyzhhv341qqvmrjm6hm42tepbajlqgemwjl5fifnd0sbx7fl985xi9rbg4hwvm9/test-metrics.table.json", "_latest_artifact_path": "wandb-client-artifact://8ufroqsymoyxn33itnwg9tm2sg6prqbacljn1n84b0sxyg6vvwzevpz6rthq1pucfb3i9e9uvqw16xphog4kckfpyppxbyy714plzt92axh9keujq9pobv2cmpv2i64w:latest/test-metrics.table.json", "path": "media/table/test-metrics_25_160880a1f711e082fc5c.table.json", "ncols": 5, "nrows": 1}, "test_connective_metrics": {"_type": "table-file", "sha256": "0c04ba15fd694313471d390e49ef5eecd739846f7e39040c02a8892899067892", "size": 435, "artifact_path": "wandb-client-artifact://1s0thgnclb1ob7zquyjtex3qn01365rirk6ifqd1jr0wrqzqkj0bryk728rbwfjckmvunmyr9giuecwu8ho8t714yhn4bxy9jt7kbaeqemy4qvi6kvsr1idscwyg15ei/test_connective_metrics.table.json", "_latest_artifact_path": "wandb-client-artifact://o0mbjbf2ldkbyorphggpij5smf2q4244u86eamecgpz94sxp1yin6jr69w96vyb12zxnmkhotsft9zrtj8yrhudrf6f95279b3h0xle2kmxq34ejatvqb25p3cc53grz:latest/test_connective_metrics.table.json", "path": "media/table/test_connective_metrics_26_0c04ba15fd694313471d.table.json", "ncols": 6, "nrows": 3}, "Exclude_counts": {"_type": "table-file", "sha256": "547cae2440c483556c6bc9f26fe482e70b5ab8e6358db48cca1b14065bf1a37d", "size": 81, "artifact_path": "wandb-client-artifact://9k9xmbd41x7yenoak69qgyaeu3segf1e3vekq2rcfzaikgikef2cijrqt6i61gw6dwi08etgr1a901r6nzynvsktgfto03czmexa0m425smq4f76vrlxi8h710j0hwmj/Exclude_counts.table.json", "_latest_artifact_path": "wandb-client-artifact://q9ux623s732p3p410va3vbn6dkater8no786cbxshz5rw68ybhb7uvd3mr42cp50v9q0dite7quirgbrt5kqdpl2qokvf5qtiu7ejv8tu2xaw0z44qna1vtve81e9hag:latest/Exclude_counts.table.json", "path": "media/table/Exclude_counts_27_547cae2440c483556c6b.table.json", "ncols": 2, "nrows": 1}, "_wandb": {"runtime": 103}}