{"test/loss": 1.76084303855896, "test/accuracy": 0.2, "test/precision": 0.14285714285714285, "test/recall": 0.2, "test/f1": 0.13333333333333333, "test/runtime": 0.1144, "test/samples_per_second": 87.406, "test/steps_per_second": 17.481, "_timestamp": 1721572214.93118, "_runtime": 14.452845096588135, "_step": 28, "epoch": 7.0, "train/f1": 0.17619047619047618, "train/accuracy": 0.2, "train/precision": 0.27, "train/recall": 0.2, "val/f1": 0.13333333333333333, "val/accuracy": 0.2, "val/precision": 0.1, "val/recall": 0.2, "train/loss": 1.7229, "val/loss": 1.7617483139038086, "eval/loss": 1.76084303855896, "eval/accuracy": 0.2, "eval/precision": 0.14285714285714285, "eval/recall": 0.2, "eval/f1": 0.13333333333333333, "eval/runtime": 0.1138, "eval/samples_per_second": 87.908, "eval/steps_per_second": 17.582, "train/epoch": 7.0, "train/global_step": 14, "train/grad_norm": 15.841835021972656, "train/learning_rate": 1.0000000000000002e-06, "_wandb": {"runtime": 14}}