{"train/loss": 0.1598, "train/grad_norm": 0.0597480945289135, "train/learning_rate": 4.0798226164079826e-05, "train/epoch": 8.0, "train/global_step": 1336, "_timestamp": 1739822041.8047295, "_runtime": 1220.4246463775635, "_step": 173, "test/loss": 0.8364993333816528, "test/accuracy": 0.7738095238095238, "test/precision": 0.601207319373703, "test/recall": 0.40446055811909465, "test/f1": 0.37854026393751683, "test/runtime": 4.4185, "test/samples_per_second": 38.022, "test/steps_per_second": 4.753, "epoch": 8.0, "train/f1": 0.7261975370719741, "train/accuracy": 0.9677902621722847, "train/precision": 0.9029559610211841, "train/recall": 0.7385760387683147, "val/f1": 0.34341809819049174, "val/accuracy": 0.688622754491018, "val/precision": 0.5098804177575873, "val/recall": 0.47375, "val/loss": 1.409641146659851, "eval/loss": 0.8698650002479553, "eval/accuracy": 0.7664670658682635, "eval/precision": 0.5952380952380952, "eval/recall": 0.48624999999999996, "eval/f1": 0.398640059127864, "eval/runtime": 4.3896, "eval/samples_per_second": 38.044, "eval/steps_per_second": 4.784, "train_runtime": 1207.5879, "train_samples_per_second": 33.165, "train_steps_per_second": 4.149, "total_flos": 2810152156078080.0, "train_loss": 0.5347411266254808, "label_metrics": {"_type": "table-file", "sha256": "ce3387b17a5da071e5c9ce92bb6ccd4d094a7bb268f38479780429457c3e72f4", "size": 601, "artifact_path": "wandb-client-artifact://bxvcv0i4ldxtrxswtneiy3r0tcnb7c00b6maol9f8jtg812vnjy83g29gu8i62w7rw3k4ov3mr8dl921kyk2gp2n0xi3w17kxat61xpjukn7oxugjlbe6r75569vw0td/label_metrics.table.json", "_latest_artifact_path": "wandb-client-artifact://orctziunomahtuc4adzmqdgaasd0ts1gc6za7zz38gxrt3kne930fepp7d2mafbcbxsz6bzu9ayvn58dtnfcm20d84cla4js7zp3r7wmda47q6zu16b86qivaorwvpv2:latest/label_metrics.table.json", "path": "media/table/label_metrics_168_ce3387b17a5da071e5c9.table.json", "ncols": 6, "nrows": 5}, "test_predictions": {"_type": "table-file", "sha256": "23f21c30056da4e13b4bd4f5187892c2b08923fe22e64b38a9fb6bd1227dabc5", "size": 62300, "artifact_path": "wandb-client-artifact://tkno40tflc2emdkmk90owzeb2tw4ug3qtydowdlv49z4dx7x3w9x8kfzy3dx8pzpyl48qu0bbix6hb15iv97qib7bu7rbdbpbdwwxnl0x0fa2238kqmzzpy2eds0gxon/test_predictions.table.json", "_latest_artifact_path": "wandb-client-artifact://r01y41e3gxyd3i1l2o8zcyu5ziptjem4m7kd9fk970doxrjdpdqa900q2z0xogbzi3js953ym475ygnm0zfbykh29e9wgyocrn4sha7bmy2mnqvm5h7428gn1fyy7dac:latest/test_predictions.table.json", "path": "media/table/test_predictions_169_23f21c30056da4e13b4b.table.json", "ncols": 8, "nrows": 168}, "test-metrics": {"_type": "table-file", "sha256": "ed88503be222e81c4591638a36d3ecc6f9d0fb54669c0f85d973367017878776", "size": 207, "artifact_path": "wandb-client-artifact://en3fx8l8f3afqjmy19y2deaxndv666td3vobqrosurn18hpz9p37clhum8edp4ezncum4nwmrg5rpspzcb2lvjgss5i53eivg2yn806vmsckhm6j9w19iht2r8rjyw7h/test-metrics.table.json", "_latest_artifact_path": "wandb-client-artifact://j422a2qraazpyrwzrpet3zrgib27y5qi2gbqpsvviocl2l7240s18m0ahx7yu66gcp3b56gyeikcf61plmlqiruy22mnyjtyou5wzfgj99txr72vz87teid26kw3448y:latest/test-metrics.table.json", "path": "media/table/test-metrics_170_ed88503be222e81c4591.table.json", "ncols": 5, "nrows": 1}, "test_connective_metrics": {"_type": "table-file", "sha256": "b3e40f8bb57734ed09f187e687de761cccbe83bf4f06718159bd5bebdc842f6c", "size": 446, "artifact_path": "wandb-client-artifact://6pgcus0i7sr0ai5kccnu56uom01a0ccc8us6qfetx9ley6n6g0pqh8yw5eb9pro764fsh831gnysyng5zju301qx6pqevn4mp9zracy49vueuw46ye74qm5nvds8vr0n/test_connective_metrics.table.json", "_latest_artifact_path": "wandb-client-artifact://2mecr822fqk54rn1ib1sdkxc1ljrjp88r6n50t579oudo4c2ywxokylu7cgnwnb8vfkyawggbeoslxrwfbqki3t1erw6dbzblfqjfjh8y2kfmf5drz4kbabdekhdjact:latest/test_connective_metrics.table.json", "path": "media/table/test_connective_metrics_171_b3e40f8bb57734ed09f1.table.json", "ncols": 6, "nrows": 3}, "Exclude_counts": {"_type": "table-file", "sha256": "92504b126567f736cbedb8586a5e833f3c5632191cd4c7ca2291163d6a06ccb8", "size": 85, "artifact_path": "wandb-client-artifact://blp360rgwvvzo2ce2kli3lpu4xkuod9rfdsfwnl8r3aymba886w00rhw10dpx5v8wntb0kevm6spl5bo1eotb9d23hnafjjbsx9w6ckb1dityzma1yej5he2jsb65pbk/Exclude_counts.table.json", "_latest_artifact_path": "wandb-client-artifact://nb6bwj52wdgubua0pa9pn85zhg1ujhanjet4xshdu2dn0s929thqtgf9ham9laah0yi371kh3fdjdbspz3aggqkqxquolxtu7uoqw4rqg4l2bknsmvq6ox9akve444wa:latest/Exclude_counts.table.json", "path": "media/table/Exclude_counts_172_92504b126567f736cbed.table.json", "ncols": 2, "nrows": 1}, "_wandb": {"runtime": 1228}}