{"train/loss": 0.0005, "train/grad_norm": 0.00926667544990778, "train/learning_rate": 3.7028824833702884e-05, "train/epoch": 10.0, "train/global_step": 1670, "_timestamp": 1736717371.5055385, "_runtime": 723.7502593994141, "_step": 214, "test/loss": 1.7975431680679321, "test/accuracy": 0.7857142857142857, "test/precision": 0.8204232804232804, "test/recall": 0.6357196220610855, "test/f1": 0.642635518166596, "test/runtime": 1.855, "test/samples_per_second": 90.566, "test/steps_per_second": 11.321, "epoch": 10.0, "train/f1": 0.9967698967698968, "train/accuracy": 0.998501872659176, "train/precision": 0.9940298507462687, "train/recall": 0.9996007984031936, "val/f1": 0.6111182934712346, "val/accuracy": 0.8562874251497006, "val/precision": 0.7088805732873529, "val/recall": 0.7020833333333333, "val/loss": 0.9425033926963806, "eval/loss": 0.8415310978889465, "eval/accuracy": 0.874251497005988, "eval/precision": 0.7473015873015874, "eval/recall": 0.7666666666666667, "eval/f1": 0.7349617947307292, "eval/runtime": 1.8407, "eval/samples_per_second": 90.727, "eval/steps_per_second": 11.409, "train_runtime": 716.3875, "train_samples_per_second": 55.905, "train_steps_per_second": 6.993, "total_flos": 3512627201894400.0, "train_loss": 0.23854870112573806, "label_metrics": {"_type": "table-file", "sha256": "acd6229ebe128f00cb5742c290a993696397007c9e084db60b6c2fb7e3c33987", "size": 623, "artifact_path": "wandb-client-artifact://bshvljbhgpc0w5k0zpxbedcdath9hf7s2dw53vg7a5w9g97ciahg0w1wim9ngg3u3bjknswvn0r8o01qolkrsia3z5w3apa8zcehz9yv3vcxmzj6ql34g86m59ydiinf/label_metrics.table.json", "_latest_artifact_path": "wandb-client-artifact://brqok88dsi5aqiu90odtttk2wjft9q49aqhcwlax5kdvo591ys0xxhdxwcs4kq29wv2ozzz9itw166cqx9120rho0y8ylm607cebbsqpyy25zjgdrepss9zwas6avrug:latest/label_metrics.table.json", "path": "media/table/label_metrics_210_acd6229ebe128f00cb57.table.json", "ncols": 6, "nrows": 5}, "test_predictions": {"_type": "table-file", "sha256": "9880121db7471bfa616c73f67970c2f793138c99d5aed1d6a541626289f1e18e", "size": 53550, "artifact_path": "wandb-client-artifact://iwj7njr2c8cbpdf95kd232fg8ibn2if7awx905nyco2iq07r6i53sjd19gmgr41q6wtxweay0vtuea0j0fthzho6jih0xrihtaptvrmms5req6c73hxg7atpcbc6ui92/test_predictions.table.json", "_latest_artifact_path": "wandb-client-artifact://dbahuovuufljsofm7n536q3fr7qb9idmj5hix0hsazyuq8r20n5tsjcvcontebju81ocmpjsf97sjrqmbfl44qxb2sgocvvzngbjvmzv344yedumbdeplcvidfg7fuiy:latest/test_predictions.table.json", "path": "media/table/test_predictions_211_9880121db7471bfa616c.table.json", "ncols": 8, "nrows": 168}, "test-metrics": {"_type": "table-file", "sha256": "cc6c81ac03f9c1970d2631689da3ec3d2711b5f49445422ff1642610fcd22703", "size": 194, "artifact_path": "wandb-client-artifact://nklf0ypzcg2jk5tyyyxj67ocb5vww96io12huunii979v0rgsdzstcp9ojkmxpzqjahtx8ls5fz3qe8j7josrs88maz8bynkajpl7vegim0ky3g0wtpi27gjek9j2sos/test-metrics.table.json", "_latest_artifact_path": "wandb-client-artifact://ijmtncruiastdakevws6qr7l8p598zq0df827h55pnpu3sb794tb9mayljyj4392f08iq2d3hie621j6mnxeoejdt96gqtf88sakvbz6bfou0mwlgwwdj82sx92fed3a:latest/test-metrics.table.json", "path": "media/table/test-metrics_212_cc6c81ac03f9c1970d26.table.json", "ncols": 5, "nrows": 1}, "test_connective_metrics": {"_type": "table-file", "sha256": "fc1fe58643e33fde31e1d5b9eb28f44ff995b93dd3c23605046fbb1a773f50b7", "size": 382, "artifact_path": "wandb-client-artifact://ti07wfkvfd02rtbptf2jn9c9k00i5zwj0lyie9vc0yim5fsqvq9waekj35l1m3cyaql0m73qa4b7z5h0dpsi74zwi6on2llrrvdtttnkqev835jbja03vwwxxuym7jih/test_connective_metrics.table.json", "_latest_artifact_path": "wandb-client-artifact://c2f1hiy5rutpjjcj8fnu590ri3ii2og6pq635i9r9xkgdfmky2dttudrg9dz6u8g14l705d18qk0n7bvdevgzecqnlc7b3mjgzrbz5lp2rm7fnytzm1yozkwxpx42jw3:latest/test_connective_metrics.table.json", "path": "media/table/test_connective_metrics_213_fc1fe58643e33fde31e1.table.json", "ncols": 6, "nrows": 3}, "Exclude_counts": {"_type": "table-file", "sha256": "1a3d918c3f53b28b05bc7e06d7cc4103e58474eb9b0eaf7e5c9ed70b55818bea", "size": 75, "artifact_path": "wandb-client-artifact://xnvgwnfvksb4yv842b3zks4e1snnh4n4u78l3r0oiz9yr93osaqdr3z3yek4qz5obq5w2jne5dyb9g01fgthcfqq92m0hkdmd17eony82ps9nnayh4cvq08bbtvvtf63/Exclude_counts.table.json", "_latest_artifact_path": "wandb-client-artifact://l6u25twq9msteod5d1kmqxwj9ej8btzal5eiizozwc8evpj1icutxbccbd3gv5fpws3kcwlevafkqgs0y6aofdkmeluvx62werl4he5b7xwj9m7fjhogbswmwiy3ohfy:latest/Exclude_counts.table.json", "path": "media/table/Exclude_counts_214_1a3d918c3f53b28b05bc.table.json", "ncols": 2, "nrows": 1}, "_wandb": {"runtime": 731}}