epoch,loss,accuracy,precision,recall,f1
,0.0652601069319034,0.2574850299401197,0.184818442427138,0.2304166666666666,0.1232575757575757
0.0,0.057541165523186416,0.5748502994011976,0.18768115942028984,0.16458333333333333,0.15839793281653747
