{"train/loss": 0.0042, "train/grad_norm": 0.004653106909245253, "train/learning_rate": 2.971175166297118e-05, "train/epoch": 14.0, "train/global_step": 2338, "_timestamp": 1736659939.3192763, "_runtime": 1011.7535424232483, "_step": 296, "test/loss": 0.9599674940109253, "test/accuracy": 0.8690476190476191, "test/precision": 0.7657991803278689, "test/recall": 0.7163019116677652, "test/f1": 0.7313921464876149, "test/runtime": 1.8625, "test/samples_per_second": 90.204, "test/steps_per_second": 11.275, "epoch": 14.0, "train/f1": 0.9777065025555134, "train/accuracy": 0.9940074906367041, "train/precision": 0.9938492063492064, "train/recall": 0.9632918465921267, "val/f1": 0.7592888888888888, "val/accuracy": 0.9101796407185628, "val/precision": 0.8739860139860139, "val/recall": 0.7795833333333333, "val/loss": 0.7068727016448975, "eval/loss": 0.6775689721107483, "eval/accuracy": 0.9101796407185628, "eval/precision": 0.9078125, "eval/recall": 0.87625, "eval/f1": 0.8815668202764977, "eval/runtime": 1.8511, "eval/samples_per_second": 90.218, "eval/steps_per_second": 11.345, "train_runtime": 1004.2906, "train_samples_per_second": 39.879, "train_steps_per_second": 4.989, "total_flos": 4917678082652160.0, "train_loss": 0.19525787736734548, "label_metrics": {"_type": "table-file", "sha256": "5e176aeaaac02337451d405263a97f76ec92238718028e6d1d70800e06350f7a", "size": 458, "artifact_path": "wandb-client-artifact://y7kqx8ssqbr6spaykcdov25dy05bzeige6wkkzqy0aekdtd5xeg2fkgyfkd0ow2h40wwjc5m3g4oh5x0z3r0hq4r9cm99qqj0r6h34kez1083jzbcpb86dq3qsnct2uv/label_metrics.table.json", "_latest_artifact_path": "wandb-client-artifact://jr35fhqjkski48e2cb29z40jn04kxb92gfr7mom8cir6l102f2wgmox039g446aca46plfz5sy4tqgkkq7mt6suub6o0mz05bb2gz9erq3vd8ehzvx0k22ldhyoqos8u:latest/label_metrics.table.json", "path": "media/table/label_metrics_292_5e176aeaaac02337451d.table.json", "ncols": 5, "nrows": 5}, "test_predictions": {"_type": "table-file", "sha256": "d1ec9a6d78778cf9295de53dc4b2b33e91d6badaf49b1a48c256bfe6e4ee9bbb", "size": 87959, "artifact_path": "wandb-client-artifact://haalyfsce25i5s7tcev50nq66e8xwxie5b3f3dizf9omzc6k1zcco7xcucgiti3on10gkenpj76mt4ua50m2asvbx47gr6n4r5nrzkuah32cn5afj424wazfb6vkm2cf/test_predictions.table.json", "_latest_artifact_path": "wandb-client-artifact://wv0n3jpm3a4jd9drillf86ajcmmk75bshp7kl37bsyyse9zvmicra9z36kz3qoscd1eopuh78pti02y2xvjkyhlajts9546m862983josc6qp3w37sh8ebaw1g8s5p5c:latest/test_predictions.table.json", "path": "media/table/test_predictions_293_d1ec9a6d78778cf9295d.table.json", "ncols": 8, "nrows": 168}, "test-metrics": {"_type": "table-file", "sha256": "3a71653139c0123a9d4dba89c656698fe94c008aa05136891550747948038799", "size": 190, "artifact_path": "wandb-client-artifact://j1wgmv2qokqdbqhqytatd88iootcwentiy1ygx732yduccn09u01fuzbwf7dtm1giju84cr3v4d58qxidfw2qfcyy8ymz2ar7wghgvow9f1ymgbf5jknqn4rjyvpxlk3/test-metrics.table.json", "_latest_artifact_path": "wandb-client-artifact://8uvjb57y4bnica0dwo84hkrsk5newv3f5o1o30racx8dnz8lgm0txmjdihlspbqp7wsz4ebrgqvmmkkeyzv96v89x65nuobe9ealscx4r079qneo1se3gs58bq5fo4mv:latest/test-metrics.table.json", "path": "media/table/test-metrics_294_3a71653139c0123a9d4d.table.json", "ncols": 5, "nrows": 1}, "test_connective_metrics": {"_type": "table-file", "sha256": "64dc2adcb1e0b93e7a4875f1946804d38519df12f06b144fc97e31703d2a039b", "size": 409, "artifact_path": "wandb-client-artifact://ibnkpm5nz98vnk9iab064nleyg3yp7qskoodktdqy9h4r2div98lglbw9hb6dch3fq9h4m2u5hsvltv1scpy9xrykylckcrajtk1imexruc1i32hcv6a0wyxlgrct8lh/test_connective_metrics.table.json", "_latest_artifact_path": "wandb-client-artifact://m2jduzd3cqut2u0xj8q4ult4jjrqyc01w0jtdd4lsim4yupzqxzi5jti8njh8wiejtd1zglqsben2rsg3q6zg14im16uwuo8iyl2cih6vndraxr6tj8l7ktf72os86va:latest/test_connective_metrics.table.json", "path": "media/table/test_connective_metrics_295_64dc2adcb1e0b93e7a48.table.json", "ncols": 6, "nrows": 3}, "Exclude_counts": {"_type": "table-file", "sha256": "3a3e16eee488be4d9705c81c282778d2e17c222f184cef71ed7ae945012d1110", "size": 66, "artifact_path": "wandb-client-artifact://otzccfqfl90uhduzomlgwtluhob0xn2fs7tu89vd0oqrcfxuhzxpk0mi1gmjgz9j3wwbhzpgy4l3sebpzppw1zm06ozgeh0oisq76ipyugibvihjl7uv89h1allogwh4/Exclude_counts.table.json", "_latest_artifact_path": "wandb-client-artifact://irznoicz1egyq2c7tc3gtx0cv6kxomwfk8ztxxtljdmkdizesbe3aj05saigdygnh2d4zmmeuc6jrlyv3oi6me25rpcnhejxbojmitvtlr2zenaxuxyq97bj0thzn5d7:latest/Exclude_counts.table.json", "path": "media/table/Exclude_counts_296_3a3e16eee488be4d9705.table.json", "ncols": 2, "nrows": 1}, "_wandb": {"runtime": 1019}}