{"train/loss": 0.6839, "train/grad_norm": 14.373172760009766, "train/learning_rate": 1.6000000000000003e-05, "train/epoch": 1.0, "train/global_step": 167, "_timestamp": 1736581978.7769303, "_runtime": 88.75009727478027, "_step": 27, "test/loss": 0.67449551820755, "test/accuracy": 0.7619047619047619, "test/precision": 0.7446153846153847, "test/recall": 0.2860030762469787, "test/f1": 0.282319255547602, "test/runtime": 1.855, "test/samples_per_second": 90.565, "test/steps_per_second": 11.321, "epoch": 1.0, "train/f1": 0.2897131622371239, "train/accuracy": 0.8164794007490637, "train/precision": 0.7557778494648433, "train/recall": 0.2886300792909594, "val/f1": 0.26349836856291675, "val/accuracy": 0.7604790419161677, "val/precision": 0.6795499021526419, "val/recall": 0.2666666666666667, "val/loss": null, "eval/loss": 0.7478435039520264, "eval/accuracy": 0.7604790419161677, "eval/precision": 0.6795499021526419, "eval/recall": 0.2666666666666667, "eval/f1": 0.26349836856291675, "eval/runtime": 1.8405, "eval/samples_per_second": 90.734, "eval/steps_per_second": 11.41, "train_runtime": 80.0285, "train_samples_per_second": 16.682, "train_steps_per_second": 2.087, "total_flos": 351262720189440.0, "train_loss": 0.995624136781978, "label_metrics": {"_type": "table-file", "sha256": "5e50684ad48deced50da98245eed1ac504be43c1ef90ee9cb1ce8a6274cbd038", "size": 441, "artifact_path": "wandb-client-artifact://xuemgd6xdyvor8bq1x2ltzh2354yy6gfmfmo3zlxd2dda5mej2fad12vakctbeqi1zx18ogavjldzh0w5ekqurk39yl6po93p8xsdu9o02841iaaeb6c9rokfnwe0jg3/label_metrics.table.json", "_latest_artifact_path": "wandb-client-artifact://slscnn6c5k0mijs3esexepywfob0lrauh6yc96pb5e6cjzxrhtgpmmowkn480nkxue2a4yrpvpndwshru10318kso4clwpt4ttqpfy5nc4eizwrbq0j5ch5glk5qref5:latest/label_metrics.table.json", "path": "media/table/label_metrics_23_5e50684ad48deced50da.table.json", "ncols": 5, "nrows": 5}, "test_predictions": {"_type": "table-file", "sha256": "afb7ef3ad09728510edc17b9b8281d47a024d86acead25c5186038ce8d70194b", "size": 90993, "artifact_path": "wandb-client-artifact://ln6wtw1i6q756bzph1gop8hung91ybpcixm9tjhw3f3vgdnekqb672k83v26pm0677v3fr0yeqftv3mka7sygkydcc13gmqxxula54twhiqwohn7hbd1dwgoftsxwhzw/test_predictions.table.json", "_latest_artifact_path": "wandb-client-artifact://8y9at9pm43ue83uvde2pzwpvqx4s1bwisvuhty5itbwz9rj6bmtyav2227drt0m8enuqox44z356si8i8ggovjdm89sj46qhffmf4y5xlbbrlobcdkhgoc85tpm2saxl:latest/test_predictions.table.json", "path": "media/table/test_predictions_24_afb7ef3ad09728510edc.table.json", "ncols": 8, "nrows": 168}, "test-metrics": {"_type": "table-file", "sha256": "ced27341f06b837ebec29e4030d88630de141b982ea36134e90c5364d50b25fd", "size": 195, "artifact_path": "wandb-client-artifact://0qfjtx764he47ervhsy7vp25g0ubkx5psmeonhm3f77pwvmnncl9eurif54jkg4qdkoxzf7wvgk9vywf4pinizsfyt7dwafnbwz4b8zq666ydjda2g6a5y7l47gcbr0p/test-metrics.table.json", "_latest_artifact_path": "wandb-client-artifact://8tz1qh03upp5ihgyfnb4506yqmrafw0nw36bsfmd48rn9mybvgloe441gamdzvh56befyvysb4nz0kxspoe6b2qe7kxak3sudp1iywn51labt4iz7lka0k8a8hxvxwqn:latest/test-metrics.table.json", "path": "media/table/test-metrics_25_ced27341f06b837ebec2.table.json", "ncols": 5, "nrows": 1}, "test_connective_metrics": {"_type": "table-file", "sha256": "9820a5f206c3f792ff5e6f4103f50a86b8b11aa2d81cbb75cb7dc3d107449818", "size": 395, "artifact_path": "wandb-client-artifact://c1cy00big2y8u62ix5o6t6u50z4sde0we0q6g8x2xl2788doycqnkmaymbdfze7wkrthx1px9c99bp0xce16pcxgkhtqf3izj2mlosrf6lqrn0004qiv2w4o4mft1662/test_connective_metrics.table.json", "_latest_artifact_path": "wandb-client-artifact://lladmuw59meowcorzbu3wd42msriejcntz3q50chm0rmqszx8id950petvzaxqwsa0diyyfd098yqhf0y3nwxfdw5mg6ut6nz5pcuxqntd78v1i8y2tqzgv21roxm32w:latest/test_connective_metrics.table.json", "path": "media/table/test_connective_metrics_26_9820a5f206c3f792ff5e.table.json", "ncols": 6, "nrows": 3}, "Exclude_counts": {"_type": "table-file", "sha256": "1b351f34479cdfe9bb187a7d7913779d5623e98ab90b705bfa6a94767059f967", "size": 72, "artifact_path": "wandb-client-artifact://zti02h0irvx6dc437u8b83lue3827mu65l6q2p3betyulsqfrh4ilgxsh5gdln0ibrls21espz0ixza8mlafcy1j8vgza5euv7hizrliin34q6j8hb2jyepsl3ojptno/Exclude_counts.table.json", "_latest_artifact_path": "wandb-client-artifact://dqei6so6iyj2tqjda5q4qjalzung0qh8hywh7irxzvtq0404b3j2s6ra5bk1apxdz312puojqahkmdf1l57cja3kuws24gm7w3fivx3zid6pbt2qjuzsr90pw8k2507o:latest/Exclude_counts.table.json", "path": "media/table/Exclude_counts_27_1b351f34479cdfe9bb18.table.json", "ncols": 2, "nrows": 1}, "_wandb": {"runtime": 96}}