{"train/loss": 0.0131, "train/grad_norm": 0.16431906819343567, "train/learning_rate": 4.0798226164079826e-05, "train/epoch": 8.0, "train/global_step": 1336, "_timestamp": 1736736179.2056186, "_runtime": 580.3879446983337, "_step": 172, "test/loss": 0.9704476594924927, "test/accuracy": 0.8452380952380952, "test/precision": 0.8481566820276498, "test/recall": 0.714744012304988, "test/f1": 0.733137760584569, "test/runtime": 1.8795, "test/samples_per_second": 89.385, "test/steps_per_second": 11.173, "epoch": 8.0, "train/f1": 0.9639824515588742, "train/accuracy": 0.9910112359550561, "train/precision": 0.9627564391701448, "train/recall": 0.9653647649755435, "val/f1": 0.6711037618850765, "val/accuracy": 0.8922155688622755, "val/precision": 0.8088624338624338, "val/recall": 0.7308333333333333, "val/loss": 0.6513296365737915, "eval/loss": 0.6513296365737915, "eval/accuracy": 0.8862275449101796, "eval/precision": 0.8700545256270449, "eval/recall": 0.8074999999999999, "eval/f1": 0.805636573204039, "eval/runtime": 1.8649, "eval/samples_per_second": 89.548, "eval/steps_per_second": 11.261, "train_runtime": 573.058, "train_samples_per_second": 69.888, "train_steps_per_second": 8.743, "total_flos": 2810101761515520.0, "train_loss": 0.33470007116923073, "label_metrics": {"_type": "table-file", "sha256": "c117c7d30e76706122f81154642b9e14c17755b47a76041471e11272f3efa544", "size": 641, "artifact_path": "wandb-client-artifact://qi0b5t91yyimndhp0sml1fqirmohmc0dg14zcqn6m6jr6ircr46esy6yjnm8111nm4yo2im408yf4n7ekz4yww6jojglhdma5w8bmtvtcvpci5zfrl134lbl10l34biz/label_metrics.table.json", "_latest_artifact_path": "wandb-client-artifact://0gl8oaobm2bnu1ij0xxtdq5gwv24kvh2wlrlzb3tdix4dcj6gs8bgyhytpv4ui33kb6kbv4jebkm0pm5223l13hyfmzwtibfncjvkm8g8fd9bts9bb34w44f0g9basmg:latest/label_metrics.table.json", "path": "media/table/label_metrics_168_c117c7d30e76706122f8.table.json", "ncols": 6, "nrows": 5}, "test_predictions": {"_type": "table-file", "sha256": "88359c948aa98aca1198ce4d149fdf0ac52a423e101fb8b04e07f7a9de5629ff", "size": 90903, "artifact_path": "wandb-client-artifact://v1aozf8pwsts5x354nuah4k8axv2pvt90lt0ccriyntbl5p95sbz6j5j3vjfa2epfrfwy9651qhe6zlegk2f8w1a86und4mck8xkk8d69tmmbeuj5ukd9b8gnwj6a3m6/test_predictions.table.json", "_latest_artifact_path": "wandb-client-artifact://lggu4d1crx36mof8d69rpkccg8y8mgic5rd9hryaqjx9wzpd4e696ez3tifid22catoydsbzzazbqg6mqfa0ak9dgc2ha6v2tiwu1f2ubp94472xanl709ey17xbuslv:latest/test_predictions.table.json", "path": "media/table/test_predictions_169_88359c948aa98aca1198.table.json", "ncols": 8, "nrows": 168}, "test-metrics": {"_type": "table-file", "sha256": "f942300dfcb9fbd7925b5c9f17627f861ca91688f8bf83ffdc3ec04024cbcca2", "size": 194, "artifact_path": "wandb-client-artifact://3uw4hwgvuubpmosxqofuhhdhb3ddt07x0t4qnmnmgxxhgsy64f0mqnkfo4vuqq0fsm67pimsojri27vjh81mueu3kvxbsyzhnqvlznku4ky0axc5tijex16omennd83e/test-metrics.table.json", "_latest_artifact_path": "wandb-client-artifact://ab7qiaagdu0kz8pdo2citk9biehultuvsyh2ys0v9okykfqv278jrfgruhf0pzdsef95rwyxt2tziypesvlesa8ml7llpgzi3ke45q0onc4bweu3p1tqcq62gjml4v6l:latest/test-metrics.table.json", "path": "media/table/test-metrics_170_f942300dfcb9fbd7925b.table.json", "ncols": 5, "nrows": 1}, "test_connective_metrics": {"_type": "table-file", "sha256": "28f88f94b66f60ccf99aa026b85db88f86761607ff2a9291526158c76d4b52a9", "size": 426, "artifact_path": "wandb-client-artifact://nf9evlhytzbwz7o1jcradm7vovq1lzp8rym64triai57wogp62bz508pn7pye1e0j59p073sfqftr5j8w7y6v905b5lmtbu484wtljurgn8nepolnzjzmi9o65t80yy2/test_connective_metrics.table.json", "_latest_artifact_path": "wandb-client-artifact://hw668a7zunvtq6w1cgb5tu2z4m3lszonbqmnkowbtni8gwqaxolfv4x6bnwiktw36i3q8p1c80mex52npoixbk3q8d9ngz3w11noocbzlqiconbonpgv9qqq7jt595rq:latest/test_connective_metrics.table.json", "path": "media/table/test_connective_metrics_171_28f88f94b66f60ccf99a.table.json", "ncols": 6, "nrows": 3}, "Exclude_counts": {"_type": "table-file", "sha256": "1b351f34479cdfe9bb187a7d7913779d5623e98ab90b705bfa6a94767059f967", "size": 72, "artifact_path": "wandb-client-artifact://6257apwc6gx68g9oef8296c94er5w8svuqkk72nopjyjznomvky51u97kyl0472i9hduwx45oek2nnc9wn4x7u0nrd7qnkdby3ma1fgr6u6nk8jv26ag9qdtvko1fti8/Exclude_counts.table.json", "_latest_artifact_path": "wandb-client-artifact://rcrpeajjkechn4dgf0cxpanwv9nxk5ah6r1damxok8mdcj4t5xx1kc7fiqxcmkusox4gtjn4r87mj08zaui1dplieax4abdgnnu6c22x6zz12ippojykt2z9ae0dwoif:latest/Exclude_counts.table.json", "path": "media/table/Exclude_counts_172_1b351f34479cdfe9bb18.table.json", "ncols": 2, "nrows": 1}, "_wandb": {"runtime": 588}}