{"train/loss": 0.1092, "train/grad_norm": 0.05280858650803566, "train/learning_rate": 4.0798226164079826e-05, "train/epoch": 8.0, "train/global_step": 1336, "_timestamp": 1739810625.9107354, "_runtime": 1231.9018204212189, "_step": 173, "test/loss": 1.0221318006515503, "test/accuracy": 0.7678571428571429, "test/precision": 0.6218034351145039, "test/recall": 0.3934300153812349, "test/f1": 0.3791639936098217, "test/runtime": 4.4251, "test/samples_per_second": 37.965, "test/steps_per_second": 4.746, "epoch": 8.0, "train/f1": 0.7112565130157427, "train/accuracy": 0.9685393258426966, "train/precision": 0.911483603594535, "train/recall": 0.7174420430235406, "val/f1": 0.3642583470169677, "val/accuracy": 0.7544910179640718, "val/precision": 0.5555555555555556, "val/recall": 0.4645833333333333, "val/loss": 1.29593825340271, "eval/loss": 1.0764204263687134, "eval/accuracy": 0.7724550898203593, "eval/precision": 0.7446428571428572, "eval/recall": 0.4883333333333333, "eval/f1": 0.45885663602644733, "eval/runtime": 4.3985, "eval/samples_per_second": 37.967, "eval/steps_per_second": 4.774, "train_runtime": 1219.1195, "train_samples_per_second": 32.852, "train_steps_per_second": 4.11, "total_flos": 2810152156078080.0, "train_loss": 0.5135284833509676, "label_metrics": {"_type": "table-file", "sha256": "d9e12e367c2b9e259efc3ce20dfe2f026e9968dff57fdda62419c5e2ca80bca8", "size": 605, "artifact_path": "wandb-client-artifact://ec7rs1iggcmbs2emsl8luggovdqxoejj0d6uo81u2teajqiz28p3r27atdy1d0dgodz5sisfzhfg77vfe9gfkqtwyaj51eupa44wo6eppl2l27zds5ktyidireorti49/label_metrics.table.json", "_latest_artifact_path": "wandb-client-artifact://1p4ph63pw9w82k9tq41a0dxa2xaolhdkcx88d1mc9li6478jvao7efekh9bbrukgphp8hdt8938wrv5hhppd3wrb0w8i15r0e1lzityqq7wj1oz7kaj8wora5lxredlm:latest/label_metrics.table.json", "path": "media/table/label_metrics_168_d9e12e367c2b9e259efc.table.json", "ncols": 6, "nrows": 5}, "test_predictions": {"_type": "table-file", "sha256": "897a01fdbedea27c960c977c223ddaa50cc4deba23064f46a3d1ee2fd520e073", "size": 62276, "artifact_path": "wandb-client-artifact://lgd24lydw11x8pztt4kmiq940ofh5dc5fec7f7xtmwb3letnh6j7iy1j5a728sov64xpgdfagkmh5xcxf021ca89q7lzlvc7eovn2z7cix7r0qarz8gtw90w4ck384pn/test_predictions.table.json", "_latest_artifact_path": "wandb-client-artifact://h09vkhylhsdsdku7qszxqil0xsq7nfnro2n6a52uplggi4xn8j6z3lyz6lx3n1b3lc2y2zv3ag73m0y1njrk4f04u08hbe5ple0bh298lik1dowu9d3b68qs5dpok902:latest/test_predictions.table.json", "path": "media/table/test_predictions_169_897a01fdbedea27c960c.table.json", "ncols": 8, "nrows": 168}, "test-metrics": {"_type": "table-file", "sha256": "dce8c8c4335e3cf40b129cc7d54fef3e57b51d7be0a24db5d063a298c4e5717a", "size": 206, "artifact_path": "wandb-client-artifact://vv3zkht9amb5eu7ob507e89ljllkyxl3fea1njxsjm2vhinlfob9ep9zexecs5j148vdory2y59sjfokxx7dhq999kattbmbnpnc0pyunxvk2qe1230mgn724pvd9dya/test-metrics.table.json", "_latest_artifact_path": "wandb-client-artifact://y048xab2q9sbc54xa0av7bxw808sepw5mb3ticj3onualxwoemx1sgam3vc2ozvkcu6weqxnxaf0tvxq5qatmhxafty43fm506z1j2k2kr3z0jrp2zj2n7s3g5qd3f6r:latest/test-metrics.table.json", "path": "media/table/test-metrics_170_dce8c8c4335e3cf40b12.table.json", "ncols": 5, "nrows": 1}, "test_connective_metrics": {"_type": "table-file", "sha256": "25f81303fce12c5bb662183b38f4f5fb33b132ae4a7a30749f3faec45da6ea1f", "size": 454, "artifact_path": "wandb-client-artifact://wk0zzr4n57w95t7oqc70sa8k5wz61id0fp4fvvrbt6p4iwpgnrvwxn9y5vefrljq0m8wncnxz5uit4cvjokvjpoxvff3mbjbr3hujemshi9862rzal7chyw14z4jjbv6/test_connective_metrics.table.json", "_latest_artifact_path": "wandb-client-artifact://12we3avqsoja5kz0xrpnj789yg8x0a800xv56vxzfjjwaffg6gdwnol661cjyfxiar3zxibitwxk3kc80zyg6h0nul4u6ofa5bts707fifxd7ujdle5iysx9brzf97le:latest/test_connective_metrics.table.json", "path": "media/table/test_connective_metrics_171_25f81303fce12c5bb662.table.json", "ncols": 6, "nrows": 3}, "Exclude_counts": {"_type": "table-file", "sha256": "92504b126567f736cbedb8586a5e833f3c5632191cd4c7ca2291163d6a06ccb8", "size": 85, "artifact_path": "wandb-client-artifact://kgb5d1i5rlcgens6q2rtapsyu75i80o5z9qpvksfrx856z4j6sb8iqxbvtrxt34qpct29qixptodvx717m7222iln057s4eihboc6hqzu7drd0cbigv1eis7jrhaf9ln/Exclude_counts.table.json", "_latest_artifact_path": "wandb-client-artifact://676c6w9nn1ehc7qnrouewx4av9034ktl84it65btc4wzhzhgpa0o7g44go9kqlpoywqppuasel9oe5uvgkxkvwbncgz6u6rtfcnh4nxa03l4rjvrsnaaqnv8f8n2vqi1:latest/Exclude_counts.table.json", "path": "media/table/Exclude_counts_172_92504b126567f736cbed.table.json", "ncols": 2, "nrows": 1}, "_wandb": {"runtime": 1239}}