{"train/loss": 0.1157, "train/grad_norm": 0.22302940487861633, "train/learning_rate": 3.52549889135255e-05, "train/epoch": 11.0, "train/global_step": 1837, "_timestamp": 1739682857.8011386, "_runtime": 1674.4081976413727, "_step": 235, "test/loss": 1.3533966541290283, "test/accuracy": 0.7738095238095238, "test/precision": 0.715843023255814, "test/recall": 0.4585519666007471, "test/f1": 0.4257063593683312, "test/runtime": 4.4335, "test/samples_per_second": 37.894, "test/steps_per_second": 4.737, "epoch": 11.0, "train/f1": 0.7733791721541741, "train/accuracy": 0.9865168539325843, "train/precision": 0.9456285874917256, "train/recall": 0.7936910089489335, "val/f1": 0.49045323047251693, "val/accuracy": 0.7904191616766467, "val/precision": 0.6433691756272402, "val/recall": 0.48374999999999996, "val/loss": 1.5871728658676147, "eval/loss": 1.1227262020111084, "eval/accuracy": 0.8203592814371258, "eval/precision": 0.7430519480519481, "eval/recall": 0.57125, "eval/f1": 0.5293415356573251, "eval/runtime": 4.3971, "eval/samples_per_second": 37.98, "eval/steps_per_second": 4.776, "train_runtime": 1661.4026, "train_samples_per_second": 24.106, "train_steps_per_second": 3.016, "total_flos": 3863959214607360.0, "train_loss": 0.39175444115794866, "label_metrics": {"_type": "table-file", "sha256": "845e19937d2fc4f7c9c49207ee4a120ec75f0665470f4757bd1507b51359b875", "size": 591, "artifact_path": "wandb-client-artifact://c8oucm900tdkjtguy8vpx5fcu4o15tjhf4ymacvvzh1h1j18ctnr0qx008seinzz4odc6or6rgw1zrmzyhl3w3u24t2ivm53a309n6iag64khrbxi338q91yb9v48x7u/label_metrics.table.json", "_latest_artifact_path": "wandb-client-artifact://5t6f8ealgwjfgsbqp0w191bt2ng7kqvvmv5tds1a06wrcy03o5zvoq9qnb9ipcleywgwke5qijhwqzjr1zyviopiboy1eoqv5ikub6dgnthpk228fqgvfhgkv0j7ze44:latest/label_metrics.table.json", "path": "media/table/label_metrics_230_845e19937d2fc4f7c9c4.table.json", "ncols": 6, "nrows": 5}, "test_predictions": {"_type": "table-file", "sha256": "1d24e09a7798745e129673f1583c4cc212f50453df188afa5ec9d911ac7e5329", "size": 74986, "artifact_path": "wandb-client-artifact://0gqndh2ikksxng11kpf1x7mi6bgv9h773flr0iygxr9wtxndhc2nda5bvacy2lw6sxeuprz4lma3xv2qj07k5vs9kjjfr5i2xddhq5amoq60p6p2fplz7vf9tk4l0wax/test_predictions.table.json", "_latest_artifact_path": "wandb-client-artifact://5aj6l2kao9z3qdxhdr3t8qextzbeu5d687c0g9yxzg8b8btwvf43w49zrxvih683c9pf9qy33dz7rgjhl2q65csho8uon8l12p8cxs1j4v4bluxbhyx0hayackwmtaxe:latest/test_predictions.table.json", "path": "media/table/test_predictions_231_1d24e09a7798745e1296.table.json", "ncols": 8, "nrows": 168}, "test-metrics": {"_type": "table-file", "sha256": "cc300fcedbc2666ac575db994d5c66c698782fcb92bd19e2780cf72a2237edcf", "size": 199, "artifact_path": "wandb-client-artifact://3f8k0evpn9fvhkheivfw0o5t65vg5v4qkdviv1co6tcsryrzv80uiyt4fromwjzeki0oyhashc4hcl4ejqcviob69uurtfm85ena8ffz1huvnys6wzmpkm1euoy5o3un/test-metrics.table.json", "_latest_artifact_path": "wandb-client-artifact://zfgvup137rzubssjly8w9n3thvmf7uhd7tyfw5n62xqwq9wkiq1rfyktblrkynwi7ldnhivc3hmpv8jlhpi1v562b27afx623mgsdthfnahl4ssvitsoelh6pfbiixnm:latest/test-metrics.table.json", "path": "media/table/test-metrics_232_cc300fcedbc2666ac575.table.json", "ncols": 5, "nrows": 1}, "test_connective_metrics": {"_type": "table-file", "sha256": "147298f1a4db7278d87848a2c5f650caea557da4b98afb12326067adec00fc1e", "size": 412, "artifact_path": "wandb-client-artifact://c6d53iolht5kxpjaqtg0jhdcu497r8s38htpmv74v7nal68rxp1ly72nvn6nl5zghl58dsr62ytna9qvx4rkw6xf9lr61tp5gcdn7omivc3pmcufn3x6p6postxa8s19/test_connective_metrics.table.json", "_latest_artifact_path": "wandb-client-artifact://okapyddvk4i67x8c7n30qd24mreqrxgu5htizs65a31ydfbyjzqbbdlovyh8247hvedxp5oo5j9ry696zdkt8dbqioa490oh8kgcmq623eji0e60h713bkhqcd9a7ns4:latest/test_connective_metrics.table.json", "path": "media/table/test_connective_metrics_233_147298f1a4db7278d878.table.json", "ncols": 6, "nrows": 3}, "Exclude_counts": {"_type": "table-file", "sha256": "e1c9680c5dbf27c108a9c47e201f13cfb20008c24fc3198b33ecbe61bb69d2a1", "size": 79, "artifact_path": "wandb-client-artifact://msmki9poy5nwj71dvqs56xg669ncgu8a2rj50tjphzi9ccbl4qttzdtxex2xjqlrmo64nmi130hh4vyztzdm2rsidlq0bidcy2vr4vnh2ggkm8wqvu2xet3233xaqutg/Exclude_counts.table.json", "_latest_artifact_path": "wandb-client-artifact://fi3khu5ppcxx9rvbc28l4j814zhprvj456jzn2inj5wjdumhb4qgx9bn8h12a66osfsji8611y5nxttia5v1kg63k2m88s2frvg59e1g1gb3736tmnupnv01eg8ty84s:latest/Exclude_counts.table.json", "path": "media/table/Exclude_counts_234_e1c9680c5dbf27c108a9.table.json", "ncols": 2, "nrows": 1}, "_wandb": {"runtime": 1683}}