{"train/loss": 0.0676, "train/grad_norm": 0.024934204295277596, "train/learning_rate": 3.7028824833702884e-05, "train/epoch": 10.0, "train/global_step": 1670, "_timestamp": 1736727599.7109573, "_runtime": 728.653115272522, "_step": 214, "test/loss": 0.8948346376419067, "test/accuracy": 0.8511904761904762, "test/precision": 0.7842857142857143, "test/recall": 0.7726983080641617, "test/f1": 0.752321713374345, "test/runtime": 1.8773, "test/samples_per_second": 89.49, "test/steps_per_second": 11.186, "epoch": 10.0, "train/f1": 0.9771391116169319, "train/accuracy": 0.9932584269662922, "train/precision": 0.9936523667940913, "train/recall": 0.9623744153994662, "val/f1": 0.7009428571428572, "val/accuracy": 0.8862275449101796, "val/precision": 0.8232051282051283, "val/recall": 0.6799999999999999, "val/loss": 0.7516704797744751, "eval/loss": 0.6459754705429077, "eval/accuracy": 0.8982035928143712, "eval/precision": 0.8886991869918699, "eval/recall": 0.83375, "eval/f1": 0.8408033225237526, "eval/runtime": 1.8616, "eval/samples_per_second": 89.708, "eval/steps_per_second": 11.281, "train_runtime": 721.3109, "train_samples_per_second": 55.524, "train_steps_per_second": 6.946, "total_flos": 3512627201894400.0, "train_loss": 0.27697669454142004, "label_metrics": {"_type": "table-file", "sha256": "67d836c393dbaf77cc749fe4ebc574247d869c3748b1bfc0d6b6dc497f2e610a", "size": 602, "artifact_path": "wandb-client-artifact://3zoelcjcbltalh1y9p8u8noom47atjh1mf9rass1utuxfd90awq9dmwoulzskt10hdke1pe1j4580i9e2dt5pb9ijxgw1gn29wtj6z8fp129gsm4idakjn5823437gxb/label_metrics.table.json", "_latest_artifact_path": "wandb-client-artifact://fe3zdgwcwpx64nh465fayjklnza3y4dma4qbprp7chykdbirova8kf8fmg0cqnb0bkx50vaeq1f5pagqcf5vasszx6hzkafteistdpqxu04zqbm65ot9q73zhml8flo4:latest/label_metrics.table.json", "path": "media/table/label_metrics_210_67d836c393dbaf77cc74.table.json", "ncols": 6, "nrows": 5}, "test_predictions": {"_type": "table-file", "sha256": "84fe949b969bafda38be5bfa734508af564db2e16de9342a0868c2818dc6f7e6", "size": 90435, "artifact_path": "wandb-client-artifact://ec4dzb9py4f7kzop0mo8j5ak41ngx9nqvcfhpz2ljk8n62y5qc3nknlax8jyrzinp6r1c9b83p9d1tnn79fems9mro7oob1bw853kj7xb4putsmc8yaxq1hap6q0irjg/test_predictions.table.json", "_latest_artifact_path": "wandb-client-artifact://ynnvcby6l3goz2nmpbnhjv7bjeis6sa80h81d7w9sy6w8qbywm4x62k4cu3pt782j9aitdtme9ur36l57t5ymrfrcp8b0izn2483yj1wgalrneftt4zicwzgaj52m59y:latest/test_predictions.table.json", "path": "media/table/test_predictions_211_84fe949b969bafda38be.table.json", "ncols": 8, "nrows": 168}, "test-metrics": {"_type": "table-file", "sha256": "f1cb2cc6a1b43acfbf34c387b65c0b6527be311da7191e7250763308a642ece4", "size": 193, "artifact_path": "wandb-client-artifact://xrwc2xuakfq2ihpwjm8vb7xllictybt28h74e0cc0t3zpwoe0ibmnnw5cligt0ytdj5sbt05em6ic64eg7aphtklhve72w1im07xroqzs5eiz4fgfuc7prt7aw4r5fv4/test-metrics.table.json", "_latest_artifact_path": "wandb-client-artifact://466n3e1g0l0f4kgw2h3ahaht6y26j0ir1we6mjy9kcgf8fb0ksi4rts99vafkzkr2eu4u8g008009ke4fte0qa69q43snbsegd7g49rjh7a3g5qo19ad2a6ldkbh2f6f:latest/test-metrics.table.json", "path": "media/table/test-metrics_212_f1cb2cc6a1b43acfbf34.table.json", "ncols": 5, "nrows": 1}, "test_connective_metrics": {"_type": "table-file", "sha256": "e0ebc7b988c45c1b5304d611bf02b559831b5419eda8f73ee6260c52e2762f33", "size": 420, "artifact_path": "wandb-client-artifact://rp1h26wee31m9morntp8odwb7ptebe4ql4wyexn26fp3njtl2huuax9fag3jxi90tzqssgyq53mcauafzg0c7z8k5loifw80d9y0kowlbw04ibklnsum9p0d4p6al1oq/test_connective_metrics.table.json", "_latest_artifact_path": "wandb-client-artifact://k77mo4heh7tu64v7gbf5k551rd3njw0r4yekxzgi0x638nb3f2bdj7ovoe3aoj4wuqr8anormlv0pds4itcidqgcj5inoo0ipdlnx16flkemplj7hylaafwab698b1ck:latest/test_connective_metrics.table.json", "path": "media/table/test_connective_metrics_213_e0ebc7b988c45c1b5304.table.json", "ncols": 6, "nrows": 3}, "Exclude_counts": {"_type": "table-file", "sha256": "082fcc874914d75958d68e780085931cf5c17034575e8b060f4acd16accf2d9e", "size": 71, "artifact_path": "wandb-client-artifact://3uomexhad02oxfigjh5bbyhzjoud8omp5vrmq3pcpuck4xig71u6h9aojhh7xykokue8ynd35c3021e6wmn4gzrdd2vzlo3iyb8em2yy345f7bngn1wt3xy0mf8i5bbn/Exclude_counts.table.json", "_latest_artifact_path": "wandb-client-artifact://u8o2xtl0j58lkgkchpczdcb0khn3po329r16z198fymgdrbhfbmvdvluwqz31jgkg1wfryso6fjdxjquv9nwziy2kz47hbfc5fie78p93ezuqm2qq2r7uwws1osfampc:latest/Exclude_counts.table.json", "path": "media/table/Exclude_counts_214_082fcc874914d75958d6.table.json", "ncols": 2, "nrows": 1}, "_wandb": {"runtime": 736}}