{"train/loss": 0.1613, "train/grad_norm": 0.0776163786649704, "train/learning_rate": 3.337028824833703e-05, "train/epoch": 12.0, "train/global_step": 2004, "_timestamp": 1739838700.991657, "_runtime": 1833.1695530414581, "_step": 256, "test/loss": 1.1475251913070679, "test/accuracy": 0.7559523809523809, "test/precision": 0.7387522943612072, "test/recall": 0.5192836739178203, "test/f1": 0.4796856906534326, "test/runtime": 4.4175, "test/samples_per_second": 38.03, "test/steps_per_second": 4.754, "epoch": 12.0, "train/f1": 0.8452112581874017, "train/accuracy": 0.9722846441947566, "train/precision": 0.8651640263563717, "train/recall": 0.8621451058966854, "val/f1": 0.5428193384223918, "val/accuracy": 0.8143712574850299, "val/precision": 0.7910798122065728, "val/recall": 0.505, "val/loss": 0.9262628555297852, "eval/loss": 0.8035772442817688, "eval/accuracy": 0.8383233532934131, "eval/precision": 0.7775735294117647, "eval/recall": 0.61375, "eval/f1": 0.5853766025641025, "eval/runtime": 4.3923, "eval/samples_per_second": 38.021, "eval/steps_per_second": 4.781, "train_runtime": 1820.5884, "train_samples_per_second": 21.998, "train_steps_per_second": 2.752, "total_flos": 4215228234117120.0, "train_loss": 0.44989213201323314, "label_metrics": {"_type": "table-file", "sha256": "989275670b0c4c43ca6065d127d98fb77521a86ca5d7f480557d4b267cba33e2", "size": 659, "artifact_path": "wandb-client-artifact://m5hg8m93iywtksb5iqdnkqbn6jl8r4ouase2xjeix991fceo6jx3c8kl8foyo3v3uvwlsc4g054vsonjhesih07vtheohneta7bu99xidna74oc0rkckn60kts0mkjdw/label_metrics.table.json", "_latest_artifact_path": "wandb-client-artifact://pwi7x6z1ztsll9qzchejcp1wb6seyfiqlykuddiyew1ju64w3mxq1076chqsnqcx3z8wra8rigvkrlw9x8npybgjcsvo2izeszfkwpdlv26v6eejnfpqds3w2xaznfar:latest/label_metrics.table.json", "path": "media/table/label_metrics_251_989275670b0c4c43ca60.table.json", "ncols": 6, "nrows": 5}, "test_predictions": {"_type": "table-file", "sha256": "8eb97bf6d4dc3c9c1f64e6f1d833bc684bb4a9ffb32f450ae823d6264d97faae", "size": 52955, "artifact_path": "wandb-client-artifact://16v7ybkc5tdpkwu7d3ar31s0jwgw1nw1es4zyjkgtm6t185h3rfedbsqo539c86xxy5fdhjj3sbq1qwtha3o67ckeo6uxe2msy61ifnd9s11i4qby56x0lah46tep15u/test_predictions.table.json", "_latest_artifact_path": "wandb-client-artifact://ulrlan89lmb7g6mj0yy9r3oa397ah64kqxkbjp7b3as3vn6laxh9pzgi819meyrglp1w7n6533219my4jl515i089c4ujtfa3x4lr25nersmafjaq1pr1atwlvhqs0nk:latest/test_predictions.table.json", "path": "media/table/test_predictions_252_8eb97bf6d4dc3c9c1f64.table.json", "ncols": 8, "nrows": 168}, "test-metrics": {"_type": "table-file", "sha256": "67e3d41afaf6bc1aeb8b4d1c6a795801aef767ab45bba3410cd47b9e4f2496e5", "size": 205, "artifact_path": "wandb-client-artifact://28o2g41wgb4zd44hnw2j9db4gnr70i8la5e4r38n9nr4cbybhjfd9ohc4kg5c250npmcbbf6u1t3ri6auj3hurgexqxc615clafiwlkm4jy562q0u46k38srr9v8h5hy/test-metrics.table.json", "_latest_artifact_path": "wandb-client-artifact://2rikkmzdzy7vdrtp5t4kj5jjxlo1jdac9pv4ghiq66uckqjbzwbkq2ercorpsj6nis5ivzli8q8ubjd868qz88xuxbkiaq8op5dyu3964k4grfqktzx0pdr76fidjo66:latest/test-metrics.table.json", "path": "media/table/test-metrics_253_67e3d41afaf6bc1aeb8b.table.json", "ncols": 5, "nrows": 1}, "test_connective_metrics": {"_type": "table-file", "sha256": "f302662ec1ddaeec71f86ca343a350417d3d2751941b7b8fffb8f361e3ae60fd", "size": 453, "artifact_path": "wandb-client-artifact://fc7mz5f6ztmbh5l5gx8yin8cwunjec2cavj8k5h58t73v3gkcng65257wvlwxsvrtkdoqt8j0ip84flmtd3hthv25iexn8qznpni2lnjondgg2jiyewcardqoprcukne/test_connective_metrics.table.json", "_latest_artifact_path": "wandb-client-artifact://u1cbacyip3dvguwff4xkbf14dn8sa9wk65ecoepo4u1pt6y7dswox36qifagswqvqbkpezdzl2dpq8i30hk6htx1m2g6wzcnkkiuskkszynq09yeozehpus9qltvyr1d:latest/test_connective_metrics.table.json", "path": "media/table/test_connective_metrics_254_f302662ec1ddaeec71f8.table.json", "ncols": 6, "nrows": 3}, "Exclude_counts": {"_type": "table-file", "sha256": "e0904507c7a3e3f62f0831416757fbded3c24349ee8ce39d59ff399ee82bffe7", "size": 84, "artifact_path": "wandb-client-artifact://0rqa36u0g929heyfq15kg7qr7bfkqfpohyxujsscw7unuxe8zu7ahsyfp0kvtlon25jihrc2rsp0kvzl17pilw6602w0g593qqf40amrum462oi4lybq8ksmt8kpck0j/Exclude_counts.table.json", "_latest_artifact_path": "wandb-client-artifact://pnz2h06ykaslr7us0vm79imjwwdjppcl3padyoo8fwohhdao9cgmx3b3ivzjq1o8gswuc29mvzlphr58rkkgk77ydxphcqous8le2mvjtmsgjf5dw1bdu33msgqc1l1j:latest/Exclude_counts.table.json", "path": "media/table/Exclude_counts_255_e0904507c7a3e3f62f08.table.json", "ncols": 2, "nrows": 1}, "_wandb": {"runtime": 1841}}