{"train/loss": 0.6753, "train/grad_norm": 7.374013900756836, "train/learning_rate": 1.6000000000000003e-05, "train/epoch": 1.0, "train/global_step": 167, "_timestamp": 1736414385.2615955, "_runtime": 80.43723058700562, "_step": 27, "test/loss": 0.8997917175292969, "test/accuracy": 0.6964285714285714, "test/precision": 0.6057692307692308, "test/recall": 0.2292682926829268, "test/f1": 0.2115751536993852, "test/runtime": 1.8764, "test/samples_per_second": 89.532, "test/steps_per_second": 11.192, "epoch": 1.0, "train/f1": 0.24290458692199798, "train/accuracy": 0.7857677902621722, "train/precision": 0.6817817014446228, "train/recall": 0.24527275723781794, "val/f1": 0.23740470397404706, "val/accuracy": 0.7604790419161677, "val/precision": 0.6588411588411589, "val/recall": 0.24375, "val/loss": null, "eval/loss": 0.7658510208129883, "eval/accuracy": 0.7604790419161677, "eval/precision": 0.6588411588411589, "eval/recall": 0.24375, "eval/f1": 0.23740470397404706, "eval/runtime": 1.8602, "eval/samples_per_second": 89.774, "eval/steps_per_second": 11.289, "train_runtime": 73.1471, "train_samples_per_second": 18.251, "train_steps_per_second": 2.283, "total_flos": 351262720189440.0, "train_loss": 0.93850439608454, "label_metrics": {"_type": "table-file", "sha256": "805e53bfb9d2b120f6fb115295d7cb7c3d6a923f93a31b16debf88e873696943", "size": 517, "artifact_path": "wandb-client-artifact://very573hgkj2eqxqlgqu9plki4brtsjxl71pkuy780ovre33x7rs5md6e1k5s54y5o0uv1chfkkso1a1iluxwccv3zktitdxwuzl19o3ij3fzbuman9ptebwqfscqpno/label_metrics.table.json", "_latest_artifact_path": "wandb-client-artifact://7ktgnn5sj7cx1ur1nowufb5acylbtsnv5vtlno5q5z8ydkcmzr9uyur57o8d6o7qjc21egi0jb6ndtlmtg436y9vwar6frkoyg62ddkzhhzo5m077pz5vzqlk03kwd1x:latest/label_metrics.table.json", "path": "media/table/label_metrics_23_805e53bfb9d2b120f6fb.table.json", "ncols": 5, "nrows": 5}, "test_predictions": {"_type": "table-file", "sha256": "06dc483c4af57aae809792bc03eb5927060084cba4ff421ec60ca829559bf316", "size": 85660, "artifact_path": "wandb-client-artifact://qjuckvqkgztfqjjhvtpcpo0eytgxn4r55qsixqbsrmnavtgs6olgr9uqx10aizxpau8zw3ei9y1p0lnzd1e4b2e83qtod0ed8y8q3hfh5d0egnpabm2wuhc5xag7eamh/test_predictions.table.json", "_latest_artifact_path": "wandb-client-artifact://yx8uj0mc97pgj0ksvc4utwkc6c72didhnxj95i0e2a5e7s8v8cckmtnt6ius4rspcbvolie4wparwpc2s1oyn9ua8b2r1cmpde9zl4yz3opobaojqur9xdw70sgpscwp:latest/test_predictions.table.json", "path": "media/table/test_predictions_24_06dc483c4af57aae8097.table.json", "ncols": 7, "nrows": 168}, "test-metrics": {"_type": "table-file", "sha256": "acc10859b4bddcf343b35b0b114e643f99a4e103863eb8bd66d0e6d8b4c36de6", "size": 214, "artifact_path": "wandb-client-artifact://a8ekd02pntuoh2vvl63zn9qh0sogyrnxetpyjbwcuttbd7dza98cnkdm9x0x9k50s99ky9sqb2q16xzsm4x1u23gqgqkz0yvxjzzka91lfghudrnbmgvqsvmm0i5vss3/test-metrics.table.json", "_latest_artifact_path": "wandb-client-artifact://7txxaqagaulmymveubs5l4amht2c00cxevxens2mmd9zpiur44yl5110r3hnoeapeh698xbhhccrp8yrepip18unrlyof0iuifqp5a89fkyntgaysuhheb6j9uzx4qfv:latest/test-metrics.table.json", "path": "media/table/test-metrics_25_acc10859b4bddcf343b3.table.json", "ncols": 5, "nrows": 1}, "test_connective_metrics": {"_type": "table-file", "sha256": "15307a091463f0ada9a828e97d707605bd77cbbab918588218829b25b944f48e", "size": 483, "artifact_path": "wandb-client-artifact://kxv0oz3ik13rgr4rlrqcrl5wc1k31bgn7bujz8be9t1jfgnethp5vs5v204l4ei6bzrkmjb2quk3e1gm42qjej46a3scb9vh7cptggc8ec5xazf1azmx2lipt4xc73kn/test_connective_metrics.table.json", "_latest_artifact_path": "wandb-client-artifact://n3snw11tqxmn2v1c0a0dv8u5fm2s8ce989221pl8xqjj4c14c13qu52ptldmto2qerwkp0u46mx0sr4h8w04j5lm6kxv2quuegdce8yq0pc80bpqq14nzc9v5ba9rect:latest/test_connective_metrics.table.json", "path": "media/table/test_connective_metrics_26_15307a091463f0ada9a8.table.json", "ncols": 6, "nrows": 3}, "Exclude_counts": {"_type": "table-file", "sha256": "c34a277c71c512b8edf166c56baf83d9cf5f1d112b0d9e9e2b7fd47129239695", "size": 93, "artifact_path": "wandb-client-artifact://ndm6adb2abjo128xsk5shjaeuiy2ktefomoomfb3gzjffuh66mc3em6psb2ph3oy1ik9jrreelo1cjooswbsryoq7q3gcng9ca8d514ovvudis8ca3whofxoszctdaes/Exclude_counts.table.json", "_latest_artifact_path": "wandb-client-artifact://5uqc61qnk0w0qq8rlq3osg5sru9olpe9nms5mujt77ahl9pabzqbh64p7p59h2kme7wq9cuqk7y9pvqsdqdwdc4c638ngiy6r3ne5knx5r0ahadn3sntwxzqikue30b5:latest/Exclude_counts.table.json", "path": "media/table/Exclude_counts_27_c34a277c71c512b8edf1.table.json", "ncols": 2, "nrows": 1}, "_wandb": {"runtime": 89}}