epoch,loss,accuracy,precision,recall,f1
0,0.0016410801741067837,0.797003745318352,0.2732478582210982,0.31358933509128534,0.290870885340186
