epoch,loss,accuracy,precision,recall,f1
,0.0652278775940398,0.2574850299401197,0.184818442427138,0.2304166666666666,0.1232575757575757
0.0,0.03231481056727335,0.7904191616766467,0.2837158469945355,0.32999999999999996,0.30318772136953953
