{"train/loss": 0.0118, "train/grad_norm": 0.002769117709249258, "train/learning_rate": 3.337028824833703e-05, "train/epoch": 12.0, "train/global_step": 2004, "_timestamp": 1739766696.321371, "_runtime": 1825.0871531963348, "_step": 256, "test/loss": 1.6422476768493652, "test/accuracy": 0.7916666666666666, "test/precision": 0.6993006993006993, "test/recall": 0.5503537684025488, "test/f1": 0.5687947455774985, "test/runtime": 4.4208, "test/samples_per_second": 38.002, "test/steps_per_second": 4.75, "epoch": 12.0, "train/f1": 0.9967698967698968, "train/accuracy": 0.998501872659176, "train/precision": 0.9940298507462687, "train/recall": 0.9996007984031936, "val/f1": 0.6381274725274725, "val/accuracy": 0.844311377245509, "val/precision": 0.6522710622710622, "val/recall": 0.6870833333333334, "val/loss": 1.4332655668258667, "eval/loss": 1.0209439992904663, "eval/accuracy": 0.8562874251497006, "eval/precision": 0.7024354780079971, "eval/recall": 0.6950000000000001, "eval/f1": 0.6672089002480643, "eval/runtime": 4.3941, "eval/samples_per_second": 38.006, "eval/steps_per_second": 4.779, "train_runtime": 1812.2546, "train_samples_per_second": 22.1, "train_steps_per_second": 2.765, "total_flos": 4215228234117120.0, "train_loss": 0.23688049247468512, "label_metrics": {"_type": "table-file", "sha256": "184f0ba350bba3241b87b45da58a8850d04c457b921f80a245e3afb0c531443a", "size": 639, "artifact_path": "wandb-client-artifact://5fl2el73ootqcf1eu3qw47iksevqtbdg25l8ubf1azc2ggy1yimjhg5ttst9ie8e66mly7no169h9xyrxfoj97nktt5fpi99n0h9yeygj118y12gqb15f2bce5jh73u2/label_metrics.table.json", "_latest_artifact_path": "wandb-client-artifact://zlw8wv8i0fvp3ljwxf7pkrtcnvitpteqby36plf5xwcq7mqi2amkzbverjoq0c28gq1vkroungrydatl7p8lwr28c95yjso89utysqthskx1ztaktzn49mo1h3urttyl:latest/label_metrics.table.json", "path": "media/table/label_metrics_251_184f0ba350bba3241b87.table.json", "ncols": 6, "nrows": 5}, "test_predictions": {"_type": "table-file", "sha256": "7b9c0e9c838bbccc4db479506e2cc57bc0ba13bd32c27843f10c3de6ca7e8c1a", "size": 53604, "artifact_path": "wandb-client-artifact://ci1ri365yxyxwlco6ceqlmvl9j7qir18nax02gktfulr7uwx9kmyvkyh9jfp49luje6k0vqqqxmtoo7javoyy1kd17laoyaaylvp09qpk1j7ubmsno2myb7rmjdf5km3/test_predictions.table.json", "_latest_artifact_path": "wandb-client-artifact://0pub55bxrjg1iqkqbr0ql9kizzbg701pk69km5mw7mcm5flstagvn4b4hoa5ettvxm76q84rcgs0unzlkkd22u22tmwdgn74875qtjipnfvmp7obeujxdzoa9h74mshu:latest/test_predictions.table.json", "path": "media/table/test_predictions_252_7b9c0e9c838bbccc4db4.table.json", "ncols": 8, "nrows": 168}, "test-metrics": {"_type": "table-file", "sha256": "39dc5bdd7df96eb0a5bac02bc55905280c75d04f8285df8e666ae78abefa1d7d", "size": 195, "artifact_path": "wandb-client-artifact://5zgtxsa5txppefijiv9esk097ovbodlzmx3xo68s9dbduwe9v7szzyymz1ohiwpknantlh085hl4h1296l3sfzumt5krk5t5ubzhdgim9z0lk52hdwdbyg5ya9geb9d6/test-metrics.table.json", "_latest_artifact_path": "wandb-client-artifact://ue7vvf0tot6uv4xyzgark7afiao6l8urowox9y7bjkfky5elek8m0s9hd7mfsyti23bftfp9gflsdnhfqkgd63uqc5emy88525wzouyn3bkg2bn4hdiwu3o7k0ypbysg:latest/test-metrics.table.json", "path": "media/table/test-metrics_253_39dc5bdd7df96eb0a5ba.table.json", "ncols": 5, "nrows": 1}, "test_connective_metrics": {"_type": "table-file", "sha256": "44e4b6bd68bf835c722ca52fb2753daccf417b4a920c595045c1997718ab907c", "size": 409, "artifact_path": "wandb-client-artifact://o0ewjvt6zyfdkavuuolazxnvuztuw0ujv7osnyk2bhdh9rm4tm0vr07tuv87xzw72b853l47soshzfo8ea2c7yrzf4yr74bhtfx62lrq67qgax3w959wajma5szxeoky/test_connective_metrics.table.json", "_latest_artifact_path": "wandb-client-artifact://6bvmln8fzc9o577fsy1zd6rgu93dg7gn4g7ewd14k8e455kej0i0ol4403ed6piz5h5qwpmq4kyisybxe9f3u3ggk48lr5uo41t7pq6y3mf3h6pu3eoedgpscwmxqrrt:latest/test_connective_metrics.table.json", "path": "media/table/test_connective_metrics_254_44e4b6bd68bf835c722c.table.json", "ncols": 6, "nrows": 3}, "Exclude_counts": {"_type": "table-file", "sha256": "14b17048af7d70db18371f6d087e4493b63d0c540484cbe27bc06c81be6115b0", "size": 74, "artifact_path": "wandb-client-artifact://usio0raqqqibdsv5zxcqeqd5z9o7gbbq3ezh9vesvisla2jglohcjia28zxfonc3r4n7z7q3i9qc2kl94awnqlleldvtn6p3wnyjo9286o3fhzek4z3iqi4fc2rrlpvc/Exclude_counts.table.json", "_latest_artifact_path": "wandb-client-artifact://mofxevaqimo9cygco6x1kmiz54zafzbycpbw2ydxlt4wa2xj8c3ghjd9movrodi3lf8035u1ecwocksdxoq7bbhhwyw59ffv47kyeqfhzerqde9oipuis14c96k40d6s:latest/Exclude_counts.table.json", "path": "media/table/Exclude_counts_255_14b17048af7d70db1837.table.json", "ncols": 2, "nrows": 1}, "_wandb": {"runtime": 1832}}