epoch,loss,accuracy,precision,recall,f1
,0.0652191731744183,0.2574850299401197,0.184818442427138,0.2304166666666666,0.1232575757575757
0.0,0.05757040677670233,0.5808383233532934,0.2197058823529412,0.17083333333333334,0.17005912162162162
