epoch,loss,accuracy,precision,recall,f1
,0.0753929501488095,0.2619047619047619,0.1655459770114942,0.2787519226543616,0.1130478226793676
0.0,0.06802804129464286,0.5416666666666666,0.18828976034858388,0.2652384091408482,0.1668115469930352
