epoch,loss,accuracy,precision,recall,f1
0,0.006990285401933648,0.6314606741573033,0.24884940453323087,0.18192025264925338,0.18575542183031457
