{"train/loss": 0.114, "train/grad_norm": 0.00682313134893775, "train/learning_rate": 3.7028824833702884e-05, "train/epoch": 10.0, "train/global_step": 1670, "_timestamp": 1735975642.9315298, "_runtime": 720.2297828197479, "_step": 213, "test/loss": 1.2945671081542969, "test/accuracy": 0.8214285714285714, "test/precision": 0.8405996160094521, "test/recall": 0.7211404087013843, "test/f1": 0.7321989026710057, "test/runtime": 1.8635, "test/samples_per_second": 90.153, "test/steps_per_second": 11.269, "epoch": 10.0, "train/f1": 0.9988829680089364, "train/accuracy": 0.998501872659176, "train/precision": 0.9988829680089364, "train/recall": 0.9988829680089364, "val/f1": 0.6307425611754136, "val/accuracy": 0.8203592814371258, "val/precision": 0.7632275132275133, "val/recall": 0.6104166666666667, "val/loss": 1.3533897399902344, "eval/loss": 1.343711018562317, "eval/accuracy": 0.8083832335329342, "eval/precision": 0.8866716679169793, "eval/recall": 0.6041666666666666, "eval/f1": 0.6934167840191937, "eval/runtime": 1.85, "eval/samples_per_second": 90.269, "eval/steps_per_second": 11.351, "train_runtime": 712.1262, "train_samples_per_second": 56.24, "train_steps_per_second": 7.035, "total_flos": 3512627201894400.0, "train_loss": 0.27878223156283227, "label_metrics": {"_type": "table-file", "sha256": "f7a12c2828beecc196fbdfd4c86e01bbe4fed68bf956b649ea0307b952fe3d74", "size": 496, "artifact_path": "wandb-client-artifact://f3lyqr2amxpgedeosehu8s0xs3mpfpl7m1grghjj89u7mmomvzym0k5haqikiw3nzgtmhutttd9wwbdem5t1ts6f1l98j2bpkx6sqby2nx0owrsb6bht4i0mhdhocimk/label_metrics.table.json", "_latest_artifact_path": "wandb-client-artifact://gxgviftjgzvqpbbw8xkhjhv0cmvuruibtlhf2ja7w6w4ae9xl8vl8yq84zb1zr9zoo7efg5vk9p6oopp1plbc7gt90uobe1qgf1d7jhgb73egi8zoktsgzjirirprdfe:latest/label_metrics.table.json", "path": "media/table/label_metrics_210_f7a12c2828beecc196fb.table.json", "ncols": 5, "nrows": 5}, "test_predictions": {"_type": "table-file", "sha256": "fabd2c90c15e444b6de14e0ab1c410646ebb6f54b0b2d28ade06714d90bc0636", "size": 52741, "artifact_path": "wandb-client-artifact://fkk6i9jlnbo2l75f4whwxvk3tz6r06eqxbmr41j2ip0oyun5oigydqwvxpuuf1e94fb5b77pniowfpsrqu2n8wyf4m75tjclech6j0pdc1jv5s4auyi4vm9wa62jptoi/test_predictions.table.json", "_latest_artifact_path": "wandb-client-artifact://plbshw0fypbfk62lp1kbuhqw1e1ula9y73ut39vf9z707mctyfuwbzva3l2j5re1oweh4jqjsqpfsz3doldex6bg6ia3y8fptgug5wokw5avukhwplk1qxb6o9j3v75e:latest/test_predictions.table.json", "path": "media/table/test_predictions_211_fabd2c90c15e444b6de1.table.json", "ncols": 7, "nrows": 168}, "test-metrics": {"_type": "table-file", "sha256": "116cab47eb4c67ba7ec52787ca0e0810be7ac831dade4eb799b02f35e2913351", "size": 195, "artifact_path": "wandb-client-artifact://esxnv0ln02mqy6j25px9vpy594e9np4uk9j16qr7qiuthaa9ld4xsc8qvw011p4fqfrye4k4uzmfd6eed1soquathbi06a3997w61f5l5idz65gqsx8q39m47syd3hls/test-metrics.table.json", "_latest_artifact_path": "wandb-client-artifact://ed7wd6uq71r18hfsij2ifpej5rgd7weahvz9zk8c22n13ymdyohfzo7wuh4ofxwa1jcmriiadb0erehe3jkmu342lcjmu13qhsoefm2j2ncu1un2gk2csjmh1qlp5ua2:latest/test-metrics.table.json", "path": "media/table/test-metrics_212_116cab47eb4c67ba7ec5.table.json", "ncols": 5, "nrows": 1}, "test_connective_metrics": {"_type": "table-file", "sha256": "53b6e5a7b8fdbf676f9887a8e1fead3dbd640da207b9aa0f3cef6b86795a0f03", "size": 408, "artifact_path": "wandb-client-artifact://991zuf53zs8g1u89pkng2pqgw31x2ktn95ciwgu4rt6oljxgimkms5dpa8zeztl2yqpgb0h83ujntouqt3mv1x1sja0qycll6j2rngs45l2zyiqbptbtco4pphyucfii/test_connective_metrics.table.json", "_latest_artifact_path": "wandb-client-artifact://cvm9qnfvkl7px6t3k19zvbmd0pjbc0qr2tdb1bvf49q1n3qk9heq2kxyulzj08dwx6r8v83fh7vebcfy3z8c0e98u42lavo2rgxqf4t7ujnn7agxrc7w4ouigb0u70n6:latest/test_connective_metrics.table.json", "path": "media/table/test_connective_metrics_213_53b6e5a7b8fdbf676f98.table.json", "ncols": 6, "nrows": 3}, "_wandb": {"runtime": 726}}