{"train/loss": 0.0079, "train/grad_norm": 0.016410550102591515, "train/learning_rate": 3.8913525498891355e-05, "train/epoch": 9.0, "train/global_step": 1503, "_timestamp": 1743066122.3360157, "_runtime": 653.1922175884247, "_step": 194, "test/loss": 0.7690228819847107, "test/accuracy": 0.875, "test/precision": 0.8541503267973856, "test/recall": 0.7893781586464513, "test/f1": 0.7963691045796308, "test/runtime": 1.8898, "test/samples_per_second": 88.898, "test/steps_per_second": 11.112, "epoch": 9.0, "train/f1": 0.9345351384929034, "train/accuracy": 0.9917602996254682, "train/precision": 0.9169743857550771, "train/recall": 0.9598157219183973, "val/f1": 0.645027808676307, "val/accuracy": 0.874251497005988, "val/precision": 0.7938701923076923, "val/recall": 0.6933333333333334, "val/loss": 0.7995672225952148, "eval/loss": 0.4457714855670929, "eval/accuracy": 0.9221556886227545, "eval/precision": 0.8809378827646543, "eval/recall": 0.8237500000000001, "eval/f1": 0.8454938250603885, "eval/runtime": 1.8735, "eval/samples_per_second": 89.138, "eval/steps_per_second": 11.209, "train_runtime": 645.5532, "train_samples_per_second": 62.04, "train_steps_per_second": 7.761, "total_flos": 3161364481704960.0, "train_loss": 0.27699318255145405, "label_metrics": {"_type": "table-file", "sha256": "610e780bd385d6e3f3b6fd49ee5b29c25930dc4a64467b683cf42bcb011b9a1a", "size": 706, "artifact_path": "wandb-client-artifact://oui8gg8gawn2q9nkshenzytwamvhaeg6t3e8o68xmn0fs40vh9gz3c23if19gvtq6z2fgw7u7eqn9zskzk0ht2tedy9wulbm9pn6mkxau1pu05ebxnhp4b71jgdkojzv/label_metrics.table.json", "_latest_artifact_path": "wandb-client-artifact://6owjxhlo1b2n1i5dlygk6vx1mtxssqbugfgcg9o84jj1yip6ecxqb24sm5zu242of5nin7kul7rmbaunbwvit55i3uevbssity4lkumqj8sxoetztw2lk3jz0xg3cr31:latest/label_metrics.table.json", "path": "media/table/label_metrics_189_610e780bd385d6e3f3b6.table.json", "ncols": 6, "nrows": 5}, "test_predictions": {"_type": "table-file", "sha256": "84d29dc539c07e932b6cc3f78d83714c7a02e595e2cd615514cdf77f7105a5ce", "size": 92908, "artifact_path": "wandb-client-artifact://karqytwkv4slngacsdn60u1w89p9xvnp0iym6qtjek899c8iphfk67sq6vzpzmho1nom429vuiu7eet9cm0v3t4ycd2uoqqx3diifkbt5ucz6sxn29xb1dn77oqoqiid/test_predictions.table.json", "_latest_artifact_path": "wandb-client-artifact://5m7vy6eosmxtif0ka6owxl6l44m7336q8a9fkbzoj1g9e5qed5dsdrjnrzyihd02bul2vlamn8vp029jnvvmrj24kdg9svpycs03nkc3ntnyci2oavz9zcsekxd8d7a8:latest/test_predictions.table.json", "path": "media/table/test_predictions_190_84d29dc539c07e932b6c.table.json", "ncols": 8, "nrows": 168}, "test-metrics": {"_type": "table-file", "sha256": "bf42785f0a43c63d781dc64260b892fa285ef5e94311c88374efa52d3a31cab1", "size": 199, "artifact_path": "wandb-client-artifact://j5owvzqpxcw85xc43qfspd0s8fksr77es1r8ydc5szmuur1xbxgiywedu9u69qadza8l92ofu9t6pu2pqas6uj4uktlunrkb76snz624mo288cx7osjol2h6mqncvjzj/test-metrics.table.json", "_latest_artifact_path": "wandb-client-artifact://br8r7grkyh1k5kpvnnvr0k0gqy94j0t0j646qd0mxjnyuc9zi08ik6o7cmeqvskxaxtycpmhplt2mu91rl8f2uuno4288llz9rmfnuxm7jo0p95t08yppwdelz8ma1ul:latest/test-metrics.table.json", "path": "media/table/test-metrics_191_bf42785f0a43c63d781d.table.json", "ncols": 5, "nrows": 1}, "test_connective_metrics": {"_type": "table-file", "sha256": "d4f6dc4b72f6cb46a3f2afab823b204c211b6e153a44a8bac2a99a0f5736272c", "size": 473, "artifact_path": "wandb-client-artifact://e2sikwwjvgtczzdh8n904x3m63b402q0a9rwrzbehd8hddt7a8vmfnn6vgym9elcw9n9ibv1s3w8n109y0lmv0dnd7r4wb5mto1kzsk35rscwh30dn57gvgtpd1tejep/test_connective_metrics.table.json", "_latest_artifact_path": "wandb-client-artifact://2x6jvuzwd6vlyydq7cuy41d4b38g4zoivqypyawll033xpe8jff4yupavwr5djwegyn61oll3laiydze1oefih6v2re9w009vidwlx9sd37607v7xoo3w75esivtnpx5:latest/test_connective_metrics.table.json", "path": "media/table/test_connective_metrics_192_d4f6dc4b72f6cb46a3f2.table.json", "ncols": 6, "nrows": 3}, "Exclude_counts": {"_type": "table-file", "sha256": "25a1c51bc7d78f8f0c485181ff588729b74bed10d613faf3814f153d95fa71a3", "size": 90, "artifact_path": "wandb-client-artifact://7zjfzrm2h44urix6s8tbq4x99dey1rsq50lcd5xx5pasu6nns2fwl155eu7dms3rdyik1pnt2xkr8ng90qr4wwl6ehkdut15xw0m0ur6zu6ktg4who2ydwbbk9bqi76v/Exclude_counts.table.json", "_latest_artifact_path": "wandb-client-artifact://ry9u1prggw0k6cgn7tfkwgwvppmpimc68rnkscvdveei19xmcfjxm2fqxwm3u38uiqsdfjdzeswwmw8auksyb684uc7bhs7cohod48i3w887roj8r75f7mmk7x62243i:latest/Exclude_counts.table.json", "path": "media/table/Exclude_counts_193_25a1c51bc7d78f8f0c48.table.json", "ncols": 2, "nrows": 1}, "_wandb": {"runtime": 661}}