epoch,loss,accuracy,precision,recall,f1
,0.0652601069319034,0.2574850299401197,0.184818442427138,0.2304166666666666,0.1232575757575757
0.0,0.0575411655231864,0.5748502994011976,0.1886861313868613,0.1645833333333333,0.1589710332900994
1.0,0.0484889588670102,0.7065868263473054,0.143030303030303,0.1966666666666666,0.1656140350877193
2.0,0.0425711077844311,0.718562874251497,0.1437125748502994,0.2,0.1672473867595819
3.0,0.0384894270382955,0.718562874251497,0.1437125748502994,0.2,0.1672473867595819
4.0,0.0358462765545188,0.718562874251497,0.1437125748502994,0.2,0.1672473867595819
5.0,0.0344077462921599,0.718562874251497,0.1437125748502994,0.2,0.1672473867595819
6.0,0.0328405685053614,0.718562874251497,0.1437125748502994,0.2,0.1672473867595819
7.0,0.03170611829814797,0.718562874251497,0.1437125748502994,0.2,0.1672473867595819
