{"train/loss": 0.0007, "train/grad_norm": 0.026451116427779198, "train/learning_rate": 3.7028824833702884e-05, "train/epoch": 10.0, "train/global_step": 1670, "_timestamp": 1736726854.2776954, "_runtime": 721.8993225097656, "_step": 214, "test/loss": 0.9877688884735107, "test/accuracy": 0.8571428571428571, "test/precision": 0.7573359261059796, "test/recall": 0.7563019116677653, "test/f1": 0.711159277504105, "test/runtime": 1.8782, "test/samples_per_second": 89.447, "test/steps_per_second": 11.181, "epoch": 10.0, "train/f1": 0.9770336843910272, "train/accuracy": 0.9932584269662922, "train/precision": 0.9974840389978565, "train/recall": 0.958529941830222, "val/f1": 0.7078648233486943, "val/accuracy": 0.8682634730538922, "val/precision": 0.823735119047619, "val/recall": 0.7354166666666667, "val/loss": 0.8353363871574402, "eval/loss": 0.5826399326324463, "eval/accuracy": 0.8922155688622755, "eval/precision": 0.8640781440781442, "eval/recall": 0.8479166666666668, "eval/f1": 0.8399146942208338, "eval/runtime": 1.8624, "eval/samples_per_second": 89.669, "eval/steps_per_second": 11.276, "train_runtime": 714.4827, "train_samples_per_second": 56.055, "train_steps_per_second": 7.012, "total_flos": 3512627201894400.0, "train_loss": 0.24844349318847594, "label_metrics": {"_type": "table-file", "sha256": "80f6d523e068d8ecd654a5e82e349e63843f3ad83c3664a900eb271049d09435", "size": 589, "artifact_path": "wandb-client-artifact://fqnhlbsffooyzdll79uymc4trkg1ytp5g3wynwr08om1skfhgt37ziasak94kjsztbr5p46lxdmnoy07jgw4o9fqx150m0z0bi87gbvvurn6gj1mava39t74c6ialeco/label_metrics.table.json", "_latest_artifact_path": "wandb-client-artifact://ut93ddvk93op387vsbus7iy7iedpqv8v4u5cni7wo9qafgsm6db53a21b95fy2dvpkrzx1pplkc7altu259ueimens2nrfgkinw32ly1ykz4gb5dumrkk0tdieg75jdb:latest/label_metrics.table.json", "path": "media/table/label_metrics_210_80f6d523e068d8ecd654.table.json", "ncols": 6, "nrows": 5}, "test_predictions": {"_type": "table-file", "sha256": "8c2b85826ba718314377dff504897ba171fa2c44b5e25818c0ba768fe0287a7b", "size": 90423, "artifact_path": "wandb-client-artifact://5oc8e519ulmqcopogi8qpnhl1c1fzjxrjldjo55xmme10aw1oxu05e1me4yl5gsydxrrxf76sdwreaxnmgg7vdoi6v92krwbw7e1dbevag6dapf34z4lyezvvzxwi42c/test_predictions.table.json", "_latest_artifact_path": "wandb-client-artifact://k941nv4bcsklsajr21u9wol8pa31kyrlu64giclukf5yk1du44k1ak68telbhmv3w1qkmswfn7v9ysnrhpyaxpan2h7zkz41c417a2pkbzt8r4aqocoazuisjqqub2hl:latest/test_predictions.table.json", "path": "media/table/test_predictions_211_8c2b85826ba718314377.table.json", "ncols": 8, "nrows": 168}, "test-metrics": {"_type": "table-file", "sha256": "6c45ca30f2d27f993bb0936df63dfa08f8ac0604e37c2103a1b624ed130c7bc3", "size": 193, "artifact_path": "wandb-client-artifact://m03kx9w06kweskeu1uzg0i33gjfo3r6ywgsfpzjam1npj57xp4chzozc8pq3ngxj11h122mhykisbh12c3edbx75q69afrp8ds58vhm6iv2j3eftge79d5dekg16u3c1/test-metrics.table.json", "_latest_artifact_path": "wandb-client-artifact://m4oac2rhnvzk64llmk72mm66wsr4wz13s0fpml8j8zw7ivspales0ljzchon85ajbqgrana4sas01mmz5dutpeto5qv2ea5xtv7ce3yef72u9nc6t3alg1lxkwc4iwxp:latest/test-metrics.table.json", "path": "media/table/test-metrics_212_6c45ca30f2d27f993bb0.table.json", "ncols": 5, "nrows": 1}, "test_connective_metrics": {"_type": "table-file", "sha256": "5a263cac22c6864a28b5d7eaa985d943c74e66dfb7c31b5dfd0226f6a81c50a2", "size": 420, "artifact_path": "wandb-client-artifact://gc6xpbprxhvth36dlbypr1scjahgxiwty7n7r095eake30oq7qk505j969chxwe4uczob1whoy8ajt4968kqx2sunza5zdx0kzzj5424i19ti2514pbkuzgjzjjlj0is/test_connective_metrics.table.json", "_latest_artifact_path": "wandb-client-artifact://5xurx2uhgop6kg2b1gp1inqc7vn2kukay33aty350m0na8awzyhx2pkrqylhrxbi85il696mia5u1siqmddr9vc7bhqkz8eqtc6sdhrll718is6ho7r6mlm07682ffed:latest/test_connective_metrics.table.json", "path": "media/table/test_connective_metrics_213_5a263cac22c6864a28b5.table.json", "ncols": 6, "nrows": 3}, "Exclude_counts": {"_type": "table-file", "sha256": "082fcc874914d75958d68e780085931cf5c17034575e8b060f4acd16accf2d9e", "size": 71, "artifact_path": "wandb-client-artifact://mu9hxdpxui40856vshwhvwn0dbftegphsjm1cf5vwl9ja0wpqdut04eehspepzu2cpmk7kx1fgrw7lgujhuvrhlsg118wx7ajzyjz9ld8m1q0i9m5wfutygrhsdrby7h/Exclude_counts.table.json", "_latest_artifact_path": "wandb-client-artifact://u8n7ub8bar95xaykh90elo7vj6enb3wbbsmzh5jcsjjkxlvdchowx7r3g1dyzj1rliv7iqy0q1omj1lh3p02fzwdrsp762us2ajx7d61tlps3iyh5uub177qwxaqbj4w:latest/Exclude_counts.table.json", "path": "media/table/Exclude_counts_214_082fcc874914d75958d6.table.json", "ncols": 2, "nrows": 1}, "_wandb": {"runtime": 730}}