epoch,loss,accuracy,precision,recall,f1
,0.0654495654705755,0.1736526946107784,0.2216834274693483,0.2554166666666667,0.1006105006105006
0.0,0.0282329149588853,0.7904191616766467,0.2846955128205128,0.3208333333333333,0.3013630168105407
1.0,0.0150881020608776,0.7904191616766467,0.2750681942171303,0.2841666666666667,0.2773946360153256
2.0,0.0229276161707803,0.8562874251497006,0.4395555555555555,0.5166666666666667,0.4536891679748822
3.0,0.0202387724807876,0.844311377245509,0.4293932154801719,0.4620833333333333,0.4328727272727272
4.0,0.0344430911326836,0.8862275449101796,0.5525091112980095,0.6083333333333334,0.5733441273696283
5.0,0.0268186216582795,0.8802395209580839,0.665359477124183,0.68125,0.6435000000000001
6.0,0.0252089935862375,0.874251497005988,0.655243664717349,0.6795833333333333,0.64
7.0,0.02868799320951907,0.8802395209580839,0.6166155691815516,0.7133333333333333,0.6356903953584452
