epoch,loss,accuracy,precision,recall,f1
,0.0755495570954822,0.2321428571428571,0.1715151515151515,0.2666666666666666,0.1020412480169222
0.0,0.0302429766882033,0.7380952380952381,0.2703812316715542,0.2972533509118875,0.283153942428035
1.0,0.0153822444734119,0.7678571428571429,0.275134168157424,0.2970336189848385,0.285
2.0,0.0120077175753457,0.8035714285714286,0.4077444614209319,0.4444605581190947,0.4182916026394287
3.0,0.0061334839888981,0.8273809523809523,0.4584354342975033,0.4698659635245,0.4568640092250439
4.0,0.0025815562832923,0.8273809523809523,0.4523419203747072,0.4880641617226983,0.463481098242107
5.0,0.0012669618285837,0.8571428571428571,0.6351142857142857,0.6534695671281037,0.6248862985045741
6.0,0.000582473707341,0.8511904761904762,0.8291005291005289,0.7285915183476159,0.7392247117489112
7.0,0.0012634085225207464,0.8928571428571429,0.8719215616576321,0.7929817622500549,0.8052409760032264
