{"train/loss": 0.7212, "train/grad_norm": 8.196322441101074, "train/learning_rate": 1.6000000000000003e-05, "train/epoch": 1.0, "train/global_step": 167, "_timestamp": 1735270739.597458, "_runtime": 83.50201177597046, "_step": 26, "test/loss": 0.7486575245857239, "test/accuracy": 0.7261904761904762, "test/precision": 0.46235294117647063, "test/recall": 0.25365853658536586, "test/f1": 0.24597701149425286, "test/runtime": 1.8585, "test/samples_per_second": 90.396, "test/steps_per_second": 11.299, "epoch": 1.0, "train/f1": 0.2635731958487134, "train/accuracy": 0.7955056179775281, "train/precision": 0.48225729316116694, "train/recall": 0.26007668502092496, "val/f1": 0.2120430107526882, "val/accuracy": 0.7425149700598802, "val/precision": 0.6273584905660378, "val/recall": 0.225, "val/loss": null, "eval/loss": 0.7132096886634827, "eval/accuracy": 0.7425149700598802, "eval/precision": 0.6273584905660378, "eval/recall": 0.225, "eval/f1": 0.2120430107526882, "eval/runtime": 1.8437, "eval/samples_per_second": 90.58, "eval/steps_per_second": 11.39, "train_runtime": 76.0966, "train_samples_per_second": 17.543, "train_steps_per_second": 2.195, "total_flos": 351262720189440.0, "train_loss": 1.001413810752823, "label_metrics": {"_type": "table-file", "sha256": "e096376a07f44f90ddd20b9965d9d7e583fa556fa5c626ad3cfa124886a89f07", "size": 416, "artifact_path": "wandb-client-artifact://h59ro5ro9g3ps4tfvfjt5ksu9ll6jw27l9klez8oy0elievq70lguceodu0wqounxv4ky2p05qk9fmrtheh10h4zi480a3vxa44wix9lj77odvs1xw9wu6mm42qjfctu/label_metrics.table.json", "_latest_artifact_path": "wandb-client-artifact://4teik9wttk8cpu7dd61p96omxj8jm192dnp742dzwfg4iqgxwrwwkv132xapbjkueigof9o8u0k6qxl1bnoy0sed162wwj0dmkcvzf30lkyq0jwxeaty5a21wdtzo0ux:latest/label_metrics.table.json", "path": "media/table/label_metrics_23_e096376a07f44f90ddd2.table.json", "ncols": 5, "nrows": 5}, "test_predictions": {"_type": "table-file", "sha256": "86ad102249834b48348c508a0df1684e56502ede2520af661183ad382b90e672", "size": 88106, "artifact_path": "wandb-client-artifact://dqmll239zkdn0vklnquc56jgdil34j4ws16idqzgiko0m1si40gv74xjx7x79hel2djxup3901uxoo9oh773u48e7iw2j5hha6sotzwy9funxod6we7p7k35wycu2wkt/test_predictions.table.json", "_latest_artifact_path": "wandb-client-artifact://hv40tet4baw8048or0cxjwbmthd3zuxvqm4lbus9gsu31qd1v27fpm9i3vhp9gokgxsq277ajdqk891ibz1j145x109mtwtgj7kb4w0yuf4zyfl6w233uo94kym49j87:latest/test_predictions.table.json", "path": "media/table/test_predictions_24_86ad102249834b48348c.table.json", "ncols": 7, "nrows": 168}, "test-metrics": {"_type": "table-file", "sha256": "ba0e6d584ea9908ed621bf8cce8b4c9a233e824929b174eb9d32cd04728cf384", "size": 197, "artifact_path": "wandb-client-artifact://zeku3qdyfdfwweqf9ueznnz225tll3d4uhaprumu95qv0wvqy27x9i6mioogq8t98zbt028c4vsmm50l8jcvayk72rg04f5r0eq2q6smsc7om27s6odur69wq7k7tax1/test-metrics.table.json", "_latest_artifact_path": "wandb-client-artifact://pbidnsxdonxb0sa2ir37l3cgmvckj4ddjyfhmvgs8iaqcuf5drbd1yf4vtw1mwjpt355x4ggrdiboxowdhznoov5smbaer252jap7uddbse8s6uenxqo8099k44yyzgh:latest/test-metrics.table.json", "path": "media/table/test-metrics_25_ba0e6d584ea9908ed621.table.json", "ncols": 5, "nrows": 1}, "test_connective_metrics": {"_type": "table-file", "sha256": "458fa33fb63ba980ff1335aafdef873318b38f01fc0e20fccef3bdce88f3f7a5", "size": 319, "artifact_path": "wandb-client-artifact://wyioa95n5r763u6v6idjwdhszlsyhd1jchhf6ricb63my4tiztus1jbc75yh3i2mrzkstb5oyd8b87pat4qg2ef4y6qpffvqyx8b8t9x8kqb049r7d8mfzbk2upy5gc5/test_connective_metrics.table.json", "_latest_artifact_path": "wandb-client-artifact://27jukux0h6t32ki7e7z2qdoehhg80ddpo49arxrjwg98bju68j58angltcdyp4uglzxkabpvgrak25eujpgdid9payo3xiunpybi1pn2pqgv2gr6or5m6r8exmcvc15o:latest/test_connective_metrics.table.json", "path": "media/table/test_connective_metrics_26_458fa33fb63ba980ff13.table.json", "ncols": 5, "nrows": 3}, "_wandb": {"runtime": 90}}