{"train/loss": 0.0003, "train/grad_norm": 0.006325266789644957, "train/learning_rate": 3.52549889135255e-05, "train/epoch": 11.0, "train/global_step": 1837, "_timestamp": 1736715762.6803694, "_runtime": 785.9333093166351, "_step": 234, "test/loss": 1.700490117073059, "test/accuracy": 0.7797619047619048, "test/precision": 0.6996582365003416, "test/recall": 0.6039178202592836, "test/f1": 0.60508362311641, "test/runtime": 1.8538, "test/samples_per_second": 90.623, "test/steps_per_second": 11.328, "epoch": 11.0, "train/f1": 0.995096949133089, "train/accuracy": 0.9962546816479401, "train/precision": 0.9920031665278037, "train/recall": 0.9982841656137268, "val/f1": 0.6212049798852627, "val/accuracy": 0.8263473053892215, "val/precision": 0.6047086697086697, "val/recall": 0.71875, "val/loss": 1.0126698017120361, "eval/loss": 0.8034698367118835, "eval/accuracy": 0.8622754491017964, "eval/precision": 0.6717261904761904, "eval/recall": 0.7058333333333333, "eval/f1": 0.6507889680522239, "eval/runtime": 1.8419, "eval/samples_per_second": 90.669, "eval/steps_per_second": 11.401, "train_runtime": 778.5615, "train_samples_per_second": 51.441, "train_steps_per_second": 6.435, "total_flos": 3863889922083840.0, "train_loss": 0.2202686852891866, "label_metrics": {"_type": "table-file", "sha256": "24dec6188137461672f14a4ec1c4e4256981f116b8618817bd8d82c887a8933a", "size": 608, "artifact_path": "wandb-client-artifact://9tkzk3g141c5o0opx9xxqkk5o5muceu1znfttz2230ikqbt0oalwhzwcfv88fxau8foe8q21n8sil38t71rdltd091w0i0ewcyf11z3k77o7046ifyvifiiht5o98n02/label_metrics.table.json", "_latest_artifact_path": "wandb-client-artifact://gr0xo4ocvntkk0gzhj6dkhh6h0t7h2435y59eq7j28j1ezatw2345h440yhxdhcbitxq9hybq0olsaavcpaehjl8xmjboervh0nwqlhs2z78drkb3hgbg73vhn4qykl8:latest/label_metrics.table.json", "path": "media/table/label_metrics_230_24dec6188137461672f1.table.json", "ncols": 6, "nrows": 5}, "test_predictions": {"_type": "table-file", "sha256": "7344e283efbdc76640fbadfa2791385a41d2e2395a1b0a04817a0ff5234ade38", "size": 53550, "artifact_path": "wandb-client-artifact://zhaegktdgtuv5bjogcuamjuvl837v7x9q23pmielwa8m0yey2ksjw6lbbt7yqxo6wnq04sm5r5p4dq3ovy0cntp34ncls57apby9qcokov749r39iafg1npm0ltht2g6/test_predictions.table.json", "_latest_artifact_path": "wandb-client-artifact://rmvanq078ewge5c0klzd9rzv7pjklhe4hrdhny7b8vx2s8ifgvwm4hqehbsi9odlzt6q23sku9xfda1tqzpf8ecd6w5ll5trywd4dq1sgmxvv15nta2o55ochof5msc1:latest/test_predictions.table.json", "path": "media/table/test_predictions_231_7344e283efbdc76640fb.table.json", "ncols": 8, "nrows": 168}, "test-metrics": {"_type": "table-file", "sha256": "42fd4392b1c2039940bdde2f13298c8747bf7c1e57a9f41a8af71a5a159617ac", "size": 193, "artifact_path": "wandb-client-artifact://1w8s21yqox112htix7e7eft86u8zumzswo5bxc467swbu26iumia9pvioww8y9evxdlkxkk8ohsy1bbzfvd3pnh64bgzswfct36g3nmcnea9l9ft416nqbr2vuvxbuso/test-metrics.table.json", "_latest_artifact_path": "wandb-client-artifact://fj5dom4p2u2t2ni7ky2xc3v9qezdssibc28zl9evt4qvft80ahlj811dd2l29rvnrhtcpjzr53xvbq8w3fjzxs3td5pqkstsoji0zqdwq00zgk89b84n3mzokosaxb5s:latest/test-metrics.table.json", "path": "media/table/test-metrics_232_42fd4392b1c2039940bd.table.json", "ncols": 5, "nrows": 1}, "test_connective_metrics": {"_type": "table-file", "sha256": "2e6a9f6f5850a1f30cc3ef1e988ea7616e613fd18d13fa0d05b0ae471374e442", "size": 396, "artifact_path": "wandb-client-artifact://dc3d28ruvwbqdst0hqpqs4ae7dz1odgd7gwt9nemuurfcslja01uwk279rqjrj3qn6yhrdls9078v5p22ha31o299nynxmavs61zc7ftqaazdtxky34efvavkp9x3ga0/test_connective_metrics.table.json", "_latest_artifact_path": "wandb-client-artifact://tcfptuvzsaedctp34md084577jkgv3mi3265n8ms31tcfrhu750jkou5lprgy1zr649v4peqcjvk0ylllfvjjajniuv2lges7y8psxubpm0hkwhaq9pvqj8tfi8n1ing:latest/test_connective_metrics.table.json", "path": "media/table/test_connective_metrics_233_2e6a9f6f5850a1f30cc3.table.json", "ncols": 6, "nrows": 3}, "Exclude_counts": {"_type": "table-file", "sha256": "1a3d918c3f53b28b05bc7e06d7cc4103e58474eb9b0eaf7e5c9ed70b55818bea", "size": 75, "artifact_path": "wandb-client-artifact://hfmh8mtjnlbtda20yyz434vfe12vosb2xasdyxjj3jw3m44tgmjingqm0e7xs8xeflin543yz38n97vzusyp2tpww8ez7l1g6m07cdfzof288ajb4vyt6f9ekl9qeenz/Exclude_counts.table.json", "_latest_artifact_path": "wandb-client-artifact://7md56ixkxdxla18kja8prag97ey8tbmv1k5124tnxcqe6yntw8o9gda0z7vwbu6h6cvi7ak09wt179h8qsfvq4xbsny1iqgz4elcmgiq1j4wnt56x4ebgb32799z6x9d:latest/Exclude_counts.table.json", "path": "media/table/Exclude_counts_234_1a3d918c3f53b28b05bc.table.json", "ncols": 2, "nrows": 1}, "_wandb": {"runtime": 793}}