{"train/loss": 0.0003, "train/grad_norm": 0.0729016438126564, "train/learning_rate": 2.971175166297118e-05, "train/epoch": 14.0, "train/global_step": 2338, "_timestamp": 1739589018.4790778, "_runtime": 2136.382005929947, "_step": 297, "test/loss": 1.8648583889007568, "test/accuracy": 0.7678571428571429, "test/precision": 0.6556478405315614, "test/recall": 0.5869940672379697, "test/f1": 0.5252463549522373, "test/runtime": 4.418, "test/samples_per_second": 38.026, "test/steps_per_second": 4.753, "epoch": 14.0, "train/f1": 0.9956526653774361, "train/accuracy": 0.997003745318352, "train/precision": 0.9929124195536081, "train/recall": 0.9984837664121299, "val/f1": 0.6497982698286453, "val/accuracy": 0.8323353293413174, "val/precision": 0.6363654543182101, "val/recall": 0.6904166666666667, "val/loss": 1.5136581659317017, "eval/loss": 1.1009682416915894, "eval/accuracy": 0.8562874251497006, "eval/precision": 0.7138501291989664, "eval/recall": 0.7666666666666667, "eval/f1": 0.7225217612531575, "eval/runtime": 4.3915, "eval/samples_per_second": 38.028, "eval/steps_per_second": 4.782, "train_runtime": 2123.3397, "train_samples_per_second": 18.862, "train_steps_per_second": 2.359, "total_flos": 4917766273136640.0, "train_loss": 0.2031177942486921, "label_metrics": {"_type": "table-file", "sha256": "6186fc99b3bbc271e7b414188b0970bb03c9a30ee3bf9239ff1943a3aefea5a8", "size": 586, "artifact_path": "wandb-client-artifact://2fv0oclvk51kov9ysgugzrgw4hvsc8urmg4eef6ikrepam86tmbo99o2rsz1p56i966ntrtwht782ami18szfoefe90rf2jnztpiflnsqulztlpcfgbw0x9q9jkjcvbg/label_metrics.table.json", "_latest_artifact_path": "wandb-client-artifact://w0xwvwc6wbjz7hxlgc5fvbm10a0164g28eu86lp4iadw92gc8gqk73mdq1mlyp4qk4o62rmy9trd2lpbunuklh8mxkf4pnrazpy0gjvx1xv9i0141oce5z1i4qy5eosm:latest/label_metrics.table.json", "path": "media/table/label_metrics_292_6186fc99b3bbc271e7b4.table.json", "ncols": 6, "nrows": 5}, "test_predictions": {"_type": "table-file", "sha256": "52b7d2fff27d2b527fa556cae5e98885c4ab3221f63ec639b22ac23fa56a40f2", "size": 53556, "artifact_path": "wandb-client-artifact://bzdhz0yn0hv5udqdmjmmyclrbmuo2ckwp05pqv9hkmd3dp6z29n8bz35zzactmn0a1282fzckz7uzu2upd8xwygkepa5wakkccfnux190g7rtecj0nnycb4vppt2o2t9/test_predictions.table.json", "_latest_artifact_path": "wandb-client-artifact://n55k5tmlnor5s2g7i81lduqn6aqiqqqauis4j5oa6iviwj4cpix5l6rq1k69ip6ls51t4pvgi5v6ch2xbgxlx4xosvs8mp80xw83myg2osfzx3i66wlucyu9cqk34wyn:latest/test_predictions.table.json", "path": "media/table/test_predictions_293_52b7d2fff27d2b527fa5.table.json", "ncols": 8, "nrows": 168}, "test-metrics": {"_type": "table-file", "sha256": "41ac0fb84d21a1e09461a0eba22d60fa9424efc8e95e95c55c84b81459f6a544", "size": 195, "artifact_path": "wandb-client-artifact://3gn795dzt0t3ezqmr47xkhlblhk8bvi0g5xmyfhg91o125vwj25201jgag5kg4q5bs83ubw9f1sp4jqphqbu3lkbzpel407sxhxafpu5c0ai0526u0vmc14yghm2gb8t/test-metrics.table.json", "_latest_artifact_path": "wandb-client-artifact://sajujj0l3z2ijvsatqs9jl4pw7cz2u16uuef1w7pn3gn6wm4ccu5nt1bq9lgrww0it6hn92hyt1qdczgntmqnbrms48ki01dybik74zlqvkddc8p05hu9k37aiu6sfm1:latest/test-metrics.table.json", "path": "media/table/test-metrics_294_41ac0fb84d21a1e09461.table.json", "ncols": 5, "nrows": 1}, "test_connective_metrics": {"_type": "table-file", "sha256": "6c09ca85c59d1f4d240807c2e7e5b88261e880d371caaa23a52c059877cceafc", "size": 409, "artifact_path": "wandb-client-artifact://6i497vflgpoi2r79his4tsrpu8qgrxhssniebrdvne46m1rqjb5yjxjdxjxpmf3x8p03rltnecreezii1vn25bdpkvz04n2cb6lsqr9alp9vvii5d8hcxszt2k1cuz5f/test_connective_metrics.table.json", "_latest_artifact_path": "wandb-client-artifact://hknwst4yyfk5at80sfe9cmkqqsbwrzdih8184m3vncr4ztihizvlj6baujt2nf5ynv7696o2qfhivi3dtm04agv4sry7cxkd5ixvu4aa063juypmep0zluq1f0m8blvl:latest/test_connective_metrics.table.json", "path": "media/table/test_connective_metrics_295_6c09ca85c59d1f4d2408.table.json", "ncols": 6, "nrows": 3}, "Exclude_counts": {"_type": "table-file", "sha256": "14b17048af7d70db18371f6d087e4493b63d0c540484cbe27bc06c81be6115b0", "size": 74, "artifact_path": "wandb-client-artifact://9a2c2ww75ksmnnsov7ni9r20l4d0ezbm5h17fxdh07sjluvvbz0mth0nl65yl2ci5zkr5bg6piafuuz2u0e8fhg2d2i3viuuye7q50xhgk8xjgm54mhgaqmir2rksp7f/Exclude_counts.table.json", "_latest_artifact_path": "wandb-client-artifact://hs0xesa4tcrcynry2uffqlm136vgbmbuenmzur89rb6z1p8oj829m8fe67x4i9zegc523l9o09b9cshxa1ueh7qd2iqudfd9h3crczyo81hyyk8a0osxoz5d2l4yp2fr:latest/Exclude_counts.table.json", "path": "media/table/Exclude_counts_296_14b17048af7d70db1837.table.json", "ncols": 2, "nrows": 1}, "_wandb": {"runtime": 2144}}