{"train/loss": 0.0007, "train/grad_norm": 0.019537009298801422, "train/learning_rate": 3.7028824833702884e-05, "train/epoch": 10.0, "train/global_step": 1670, "_timestamp": 1736759900.4447615, "_runtime": 724.332067489624, "_step": 214, "test/loss": 0.8625420331954956, "test/accuracy": 0.8809523809523809, "test/precision": 0.8742763772175536, "test/recall": 0.8242562074269392, "test/f1": 0.8328707609526024, "test/runtime": 1.8832, "test/samples_per_second": 89.211, "test/steps_per_second": 11.151, "epoch": 10.0, "train/f1": 0.9775988924164318, "train/accuracy": 0.9940074906367041, "train/precision": 0.9976851851851851, "train/recall": 0.9594473730228825, "val/f1": 0.8187603246426776, "val/accuracy": 0.8922155688622755, "val/precision": 0.8865656565656564, "val/recall": 0.8091666666666667, "val/loss": 0.7101536989212036, "eval/loss": 0.7314509153366089, "eval/accuracy": 0.8922155688622755, "eval/precision": 0.8880952380952382, "eval/recall": 0.8479166666666668, "eval/f1": 0.8588885607984409, "eval/runtime": 1.8684, "eval/samples_per_second": 89.38, "eval/steps_per_second": 11.239, "train_runtime": 716.6971, "train_samples_per_second": 55.881, "train_steps_per_second": 6.99, "total_flos": 3512627201894400.0, "train_loss": 0.2571176494131545, "label_metrics": {"_type": "table-file", "sha256": "13a99a60d88dee00fbe1af712bafd7f250b6e5a7c62e07fa692f97fab776def6", "size": 637, "artifact_path": "wandb-client-artifact://pmxsvfvp0hdi8m00l2prf2q9zfjfhkrng8pnywxi6aulj1pabym0rj3f9b43utaxqd1dq372scnlabbyah6mbyolykfeug6bz0643782ygoxqhn63rc0k9t4zpk2dzef/label_metrics.table.json", "_latest_artifact_path": "wandb-client-artifact://2hmk4v695zy15mt0eyuculzwsqudnshsq1yjs14o9rmazu124h5naorn8p6pl78uaiqlay803igfnpwmtbemsutljez495a5zxi8zl0pykijeqax7rdoa5atwv0duqxb:latest/label_metrics.table.json", "path": "media/table/label_metrics_210_13a99a60d88dee00fbe1.table.json", "ncols": 6, "nrows": 5}, "test_predictions": {"_type": "table-file", "sha256": "40a9fd993ccbaa8e5f9885de46e9614c607f060036bd4cd976360bc7293eaeac", "size": 88204, "artifact_path": "wandb-client-artifact://va78u018napylk6iwnoszwly6chx0a79s46qlr4g5a34wx5vlh75if3apg67ige5k3750dwas5ft6p7zccguh17c61h7ix6cog8y8jjoyykomggk7j2j975wffi1bcb5/test_predictions.table.json", "_latest_artifact_path": "wandb-client-artifact://pnm1f7779q613rsn0uni3nhsqjea9e4z0cvrgbz4xkaqkyrg9o1wwgo8qwa98vsdzg0h8w3v8efj87if8xvzvhweof9nx9i4teansk231dynimkw8pqr4wc2ipobq3da:latest/test_predictions.table.json", "path": "media/table/test_predictions_211_40a9fd993ccbaa8e5f98.table.json", "ncols": 8, "nrows": 168}, "test-metrics": {"_type": "table-file", "sha256": "4eab1b31680cbcebfa8ccd20d0a029a24a1528b927976b1c3ff39891f90ca01c", "size": 201, "artifact_path": "wandb-client-artifact://egc5ljyn81ti25c4r018eq3vca9to9x3bz1cnluupn4fgl18vlhd9ohkm31nu0971aqcp0k33uwpax9aoqixzesf0db8a9vtyds4stzzc9bioy1jp1c8gd2pnxmjkh99/test-metrics.table.json", "_latest_artifact_path": "wandb-client-artifact://05upwgx7fuzer86dhn67pvbr6yzdw0t4kqy4t55yg43aecui1zwdx049zgd7723lrkejn3n2ek39z8h1vz2rliy514lj91q2slkg5nk8s68jzukpr29gezf2ut8y3kw1:latest/test-metrics.table.json", "path": "media/table/test-metrics_212_4eab1b31680cbcebfa8c.table.json", "ncols": 5, "nrows": 1}, "test_connective_metrics": {"_type": "table-file", "sha256": "7eee194740d474f047ebaec2b6b54925051e814d17f3dd073936f090f9ccf9d8", "size": 454, "artifact_path": "wandb-client-artifact://1x4gxpjzrjd663k4w0iw5yr27uv9tf2s7g2cpk2m5byf7mc26x3u7j28qu95d9hkwm4czi5mas36tfjjdp4muep6jexuv624ryyw7rb9q5fxfe0wywo1fib5czkzdpyg/test_connective_metrics.table.json", "_latest_artifact_path": "wandb-client-artifact://qxcfetrc0ufazhvaodw0ue3fz530uko50ui939dy1x09iivblnm7owzv9kv1ubeom6v9f1bg9aq66tilf8hnr28hwpzh64ak29n6j3bnz16l4aluevmvr9coskkwuq1f:latest/test_connective_metrics.table.json", "path": "media/table/test_connective_metrics_213_7eee194740d474f047eb.table.json", "ncols": 6, "nrows": 3}, "Exclude_counts": {"_type": "table-file", "sha256": "77258b7129a4391441f72a7439756a1d881e220753ec917f090c57798cc106a7", "size": 79, "artifact_path": "wandb-client-artifact://dy555jrci4t775v8ifmaa8ybvwmb1is57idjffwrdc8rx33klpf59i1fya37usm70gtq6u3wvwaloc7ma73m12rzmqgh442kfzmk16s9u852bjb6ir0mxpgoy77xb9w2/Exclude_counts.table.json", "_latest_artifact_path": "wandb-client-artifact://2wnsol8d3qjttfws8y6dmar1v2soisliwsev52v13gxwy6bskqr6515gxrl7xcoz5lsgz84393psiq58z6vtcq4b4rykm55tkiolab5f0k9wbkvcfyl6f83s203rdrre:latest/Exclude_counts.table.json", "path": "media/table/Exclude_counts_214_77258b7129a4391441f7.table.json", "ncols": 2, "nrows": 1}, "_wandb": {"runtime": 732}}