epoch,loss,accuracy,precision,recall,f1
0,0.0018320604656519514,0.8052434456928839,0.27701992593898783,0.3107601311139189,0.29263331654636
