{"epoch": 4, "valid/loss": 0.016810251745635163, "valid/accuracy": 0.8562874251497006, "valid/precision": 0.5894436090225564, "valid/recall": 0.54875, "valid/f1": 0.5572572355181051, "_timestamp": 1715563228.8066037, "_runtime": 373.97175455093384, "_step": 11, "trains/loss": 0.0008381933197100064, "trains/accuracy": 0.9363295880149812, "trains/precision": 0.7452487496990114, "trains/recall": 0.6630407256864433, "trains/f1": 0.696832505908508, "test-metrics": {"_type": "table-file", "sha256": "8a49bf246c03b0bcef110fbdb07cb8424efee648bbc9250b1a3d3db19e7f6673", "size": 214, "artifact_path": "wandb-client-artifact://zkq6y3ls8ndy81763pjsrp2sjuwvzi6fuvkd5ikqjyzhvx9ca9ndqhj9zde545y0djfakhpsw1zm7xih0g81zg4kfpjifvqo86qnxtofym4xobwtddr31w8krc480y8b/test-metrics.table.json", "_latest_artifact_path": "wandb-client-artifact://z3a7kn9ibcs6i7zg7po3z3a74mv4xikx0ooks6uspqcyvodaxqlj0ighkrer6tpg214cdjzl7xs830oomd1pan6dz932tp093lxzajn7tjo0jx2ayjcyq6t8ln1c90kj:latest/test-metrics.table.json", "path": "media/table/test-metrics_11_8a49bf246c03b0bcef11.table.json", "ncols": 6, "nrows": 1}, "_wandb": {"runtime": 372}}