{"train/loss": 0.2063, "train/grad_norm": 0.05394649878144264, "train/learning_rate": 3.8913525498891355e-05, "train/epoch": 9.0, "train/global_step": 1503, "_timestamp": 1742991000.5736942, "_runtime": 650.5160872936249, "_step": 194, "test/loss": 1.0042791366577148, "test/accuracy": 0.8392857142857143, "test/precision": 0.7762672811059907, "test/recall": 0.6616677653263019, "test/f1": 0.6989451476793248, "test/runtime": 1.8823, "test/samples_per_second": 89.25, "test/steps_per_second": 11.156, "epoch": 9.0, "train/f1": 0.9766419442108718, "train/accuracy": 0.9925093632958801, "train/precision": 0.9702652902652902, "train/recall": 0.9845664010219304, "val/f1": 0.8239181638226967, "val/accuracy": 0.9101796407185628, "val/precision": 0.8921555797891676, "val/recall": 0.8233333333333335, "val/loss": 0.5178055167198181, "eval/loss": 0.6202383637428284, "eval/accuracy": 0.9041916167664671, "eval/precision": 0.9277777777777778, "eval/recall": 0.85625, "eval/f1": 0.8698679471788715, "eval/runtime": 1.8677, "eval/samples_per_second": 89.416, "eval/steps_per_second": 11.244, "train_runtime": 643.1548, "train_samples_per_second": 62.271, "train_steps_per_second": 7.79, "total_flos": 3161364481704960.0, "train_loss": 0.295973238664111, "label_metrics": {"_type": "table-file", "sha256": "2fd534840e54142a1e108a674eb6998ba8f6d02de1812266503cb478c2af7504", "size": 570, "artifact_path": "wandb-client-artifact://helwi8tmcleojscg0m3due9dmfq2kl2pypopxyl0yi3c3p1zwdaf4oapjdtftl8870sl06vv4rsy8m9cunk8un1p4me37mey1377c1jhvpbjnoeddr0n7pzf3ru5n84g/label_metrics.table.json", "_latest_artifact_path": "wandb-client-artifact://021etwonz94ovupyvevu2iy59h9g4mtlf3wdi3hz13qetajozvtjaocs2cve9fp5hd6t3e93l1as0djdnttolxvcmml2cvhgq4iqm5is18gg8zkw6g7m8tqtajaps9ov:latest/label_metrics.table.json", "path": "media/table/label_metrics_189_2fd534840e54142a1e10.table.json", "ncols": 6, "nrows": 5}, "test_predictions": {"_type": "table-file", "sha256": "bd8db3c9f884f88c2fdf5248e0f1d90382dcfec0de9f73242ef7e1d526870245", "size": 90927, "artifact_path": "wandb-client-artifact://yf4pofpjtvs243yf8jnnqq21lncbc88ouqca6ms9rrwo4j00qkdwbse55br6wkw5pkn293nk4s8bdbvwm1iva5ef4d1i4q8hrr20lpv7bgan88xtwxe9tky10dbk8cw2/test_predictions.table.json", "_latest_artifact_path": "wandb-client-artifact://4t6wy1r7dk21tw0dsz6eff0i0w74skicx1mr1zly7h3kpmm96brlc7iktr57e8wcr4ywyq2qj8xzplvrw9bc85aycxhovuw7vveyrskpa9q6aexwp8orkcmuptr6gj13:latest/test_predictions.table.json", "path": "media/table/test_predictions_190_bd8db3c9f884f88c2fdf.table.json", "ncols": 8, "nrows": 168}, "test-metrics": {"_type": "table-file", "sha256": "161d389e97fbc5f5fbe8fc04b57e7e8dbe686ed35a3b3bcae35121431fcb7bc5", "size": 196, "artifact_path": "wandb-client-artifact://xgo2uezwj4dwqh098t81t3kvz0uhcf11kg891oz8j14w5h38f0no69ol1ufjhjwgcilkozy7y52hdzzkki2t0k1ibamzcayvltfw1j12ac2lxpqlouuk5zxmvw8p9e23/test-metrics.table.json", "_latest_artifact_path": "wandb-client-artifact://5c134bnr6jdohpxm6it7wmv36b59j747i2nrxpbelup1e4cb4l7hk29mdsjww1zvtxr6keqiaqgmzocerkgo07r0qowyk1rrfjau39fyn4ih6eorm3ltuulsi4nup6yr:latest/test-metrics.table.json", "path": "media/table/test-metrics_191_161d389e97fbc5f5fbe8.table.json", "ncols": 5, "nrows": 1}, "test_connective_metrics": {"_type": "table-file", "sha256": "21964424c4a2258c9c69f7be2182b397cc3028660a71105aa44a1c2180596a21", "size": 427, "artifact_path": "wandb-client-artifact://04yppsat4qrrrxm57v630skup73w74c6i9dpzevj8yyzwvlzqopw6hak03q2vi8z3tbocthlugzd4nubno2vao8oku5lbqpqpdwmnwvpehwiqveqstcxrkbt25ks04ge/test_connective_metrics.table.json", "_latest_artifact_path": "wandb-client-artifact://mxbg2jw88eaeauf4ubrwi4fi1si20jcuy2ugzhyqramoz4fylng5q0q13lfyiamg6f2s6yacpxj5gti031spam01lgod93z44k3lg2e8juxxc7rfzg37moe9xelay0l8:latest/test_connective_metrics.table.json", "path": "media/table/test_connective_metrics_192_21964424c4a2258c9c69.table.json", "ncols": 6, "nrows": 3}, "Exclude_counts": {"_type": "table-file", "sha256": "1b351f34479cdfe9bb187a7d7913779d5623e98ab90b705bfa6a94767059f967", "size": 72, "artifact_path": "wandb-client-artifact://uvwzoagjpmv2gm05ozepbmo7pa1n21ffcs630qzj6csl4eoq7epmaajifzrpomop0huppn2maart4s670p8z1xoripa036zr6ebbg7voskqn5vxphfd72wi3tolyufoh/Exclude_counts.table.json", "_latest_artifact_path": "wandb-client-artifact://ltmwcr5frsbhhan05rjn84z6u45o9k2c93592y5bu5es4vpn7ie569n0d2ij5wxr96p84zs7pnaea11hm6aqaj6d5icow120xx7ty77lcuqeamyye6w9prm90v0hnzra:latest/Exclude_counts.table.json", "path": "media/table/Exclude_counts_193_1b351f34479cdfe9bb18.table.json", "ncols": 2, "nrows": 1}, "_wandb": {"runtime": 658}}