{"train/loss": 0.1598, "train/grad_norm": 0.0597480945289135, "train/learning_rate": 4.0798226164079826e-05, "train/epoch": 8.0, "train/global_step": 1336, "_timestamp": 1739649657.8376136, "_runtime": 1220.1407725811005, "_step": 173, "test/loss": 0.8364993333816528, "test/accuracy": 0.7738095238095238, "test/precision": 0.601207319373703, "test/recall": 0.40446055811909465, "test/f1": 0.37854026393751683, "test/runtime": 4.4191, "test/samples_per_second": 38.016, "test/steps_per_second": 4.752, "epoch": 8.0, "train/f1": 0.7261975370719741, "train/accuracy": 0.9677902621722847, "train/precision": 0.9029559610211841, "train/recall": 0.7385760387683147, "val/f1": 0.34341809819049174, "val/accuracy": 0.688622754491018, "val/precision": 0.5098804177575873, "val/recall": 0.47375, "val/loss": 1.409641146659851, "eval/loss": 0.8698650002479553, "eval/accuracy": 0.7664670658682635, "eval/precision": 0.5952380952380952, "eval/recall": 0.48624999999999996, "eval/f1": 0.398640059127864, "eval/runtime": 4.3934, "eval/samples_per_second": 38.011, "eval/steps_per_second": 4.78, "train_runtime": 1207.1614, "train_samples_per_second": 33.177, "train_steps_per_second": 4.15, "total_flos": 2810152156078080.0, "train_loss": 0.5347411266254808, "label_metrics": {"_type": "table-file", "sha256": "ce3387b17a5da071e5c9ce92bb6ccd4d094a7bb268f38479780429457c3e72f4", "size": 601, "artifact_path": "wandb-client-artifact://93rxpm51gq1mv93vjlgqfgv0doa2vregs2nwy8fimly6b6xy0aesf3zy8lo7uhaq3l1z22xaihj46sqy6ax7h31bjyyeeo69xko0v7ci5zrgszd7mohiog22qmf7v59g/label_metrics.table.json", "_latest_artifact_path": "wandb-client-artifact://ci3wtfrj0f9addjmk8gs1znxh1268dcy3bmr58iyww43vm9p9jgtgtqp3dutmullbvpg4quv89hame8emvkahq5h51tcblewhw0111aifjbxy8amy7vy6qhvbxfz2old:latest/label_metrics.table.json", "path": "media/table/label_metrics_168_ce3387b17a5da071e5c9.table.json", "ncols": 6, "nrows": 5}, "test_predictions": {"_type": "table-file", "sha256": "23f21c30056da4e13b4bd4f5187892c2b08923fe22e64b38a9fb6bd1227dabc5", "size": 62300, "artifact_path": "wandb-client-artifact://dxc55esekw3t093czxfaqiwltkqp9pld5zatvxjz2dhwar6lencc8o7xhqmqt6gz1nbse2fzq7jplqu7bdr09s8duvob5e1xvh2iow3gmg8lac9onmg773sbnooz89uq/test_predictions.table.json", "_latest_artifact_path": "wandb-client-artifact://zpx386z38oxbpxpd7lytsi6oerehjk3g8g95d0ymozzxp8910ssreihm189oumfb68msqtjbmz0ycoevhfkru52dtxjxbu5kn94fanoa4dhwi0ujpvnvq316f04xaquo:latest/test_predictions.table.json", "path": "media/table/test_predictions_169_23f21c30056da4e13b4b.table.json", "ncols": 8, "nrows": 168}, "test-metrics": {"_type": "table-file", "sha256": "ed88503be222e81c4591638a36d3ecc6f9d0fb54669c0f85d973367017878776", "size": 207, "artifact_path": "wandb-client-artifact://hf0pk7h22fk6f9c1rwee82b0td7h9sbe1l55ssmhcumt0nkrmbphym40ptqwowonreg37c1fbbivsabwvijd3sjtksqn0oo6bmrcenut3x290q23w3wugkxh7agn59ik/test-metrics.table.json", "_latest_artifact_path": "wandb-client-artifact://7laylnknnaki2i95t2h9lj0an4yuplfzahmdot0fe7jjrehnh9j7izhigxjqd5mobyqje6fz911q9xgrxhqbng46asnx6vocdsyfs4l59p5chg9ej4yckopbemd7fwx6:latest/test-metrics.table.json", "path": "media/table/test-metrics_170_ed88503be222e81c4591.table.json", "ncols": 5, "nrows": 1}, "test_connective_metrics": {"_type": "table-file", "sha256": "b3e40f8bb57734ed09f187e687de761cccbe83bf4f06718159bd5bebdc842f6c", "size": 446, "artifact_path": "wandb-client-artifact://h2o3ospqjxqlb0lzra49zxhnixmxuxmri7jskewvb70xg3xcj2ojsj46p6vvhgsn69ma91ql70y8ec66gihzpnazrht6301f0r7rb45n9ewcppb8fcc0l6heync7ucnp/test_connective_metrics.table.json", "_latest_artifact_path": "wandb-client-artifact://1n1m5kfywnq2iuisp5ntj1zfxo4k86a059ajlcycemc74s32927e84obcpvb3n1u1jzxnjfcowa53dbq8bjptgu6yveot6v9y1u959cf3blkykpy7dzfd7970tfx2o1j:latest/test_connective_metrics.table.json", "path": "media/table/test_connective_metrics_171_b3e40f8bb57734ed09f1.table.json", "ncols": 6, "nrows": 3}, "Exclude_counts": {"_type": "table-file", "sha256": "92504b126567f736cbedb8586a5e833f3c5632191cd4c7ca2291163d6a06ccb8", "size": 85, "artifact_path": "wandb-client-artifact://3hgq0i2y6k2z2fs2wr0tlc8zcgg4t9yf1h3zara0i5u04jgrq07ceonvfsvoo5g9pezz82425rtq2wy3eeagtw5i3shtq0flslkxsfyxhrlexw1pghsrkwyq4mzdsoiq/Exclude_counts.table.json", "_latest_artifact_path": "wandb-client-artifact://5al31utkjfqn88lsqf8zg38ue19albbjl0ucj8mspdiqr5uwub772lda7mon5lqc10x6pjlha64pl6vbbczhzjcu4ltrfz7i4lynjg99cqujy9kcs74lq58iq92n4xyl:latest/Exclude_counts.table.json", "path": "media/table/Exclude_counts_172_92504b126567f736cbed.table.json", "ncols": 2, "nrows": 1}, "_wandb": {"runtime": 1227}}