{"train/loss": 0.1755, "train/grad_norm": 0.03082932159304619, "train/learning_rate": 3.52549889135255e-05, "train/epoch": 11.0, "train/global_step": 1837, "_timestamp": 1742962581.3121023, "_runtime": 794.4119744300842, "_step": 235, "test/loss": 1.1052392721176147, "test/accuracy": 0.8333333333333334, "test/precision": 0.7961904761904762, "test/recall": 0.6767897165458142, "test/f1": 0.6663657497229593, "test/runtime": 1.8739, "test/samples_per_second": 89.653, "test/steps_per_second": 11.207, "epoch": 11.0, "train/f1": 0.977816451678214, "train/accuracy": 0.9940074906367041, "train/precision": 0.9897162479667451, "train/recall": 0.9678541505556282, "val/f1": 0.7675518672199171, "val/accuracy": 0.8922155688622755, "val/precision": 0.8567768595041322, "val/recall": 0.7883333333333333, "val/loss": 0.876895010471344, "eval/loss": 0.5850235819816589, "eval/accuracy": 0.9041916167664671, "eval/precision": 0.9332292827945, "eval/recall": 0.805, "eval/f1": 0.8539184110007639, "eval/runtime": 1.8683, "eval/samples_per_second": 89.386, "eval/steps_per_second": 11.24, "train_runtime": 787.1275, "train_samples_per_second": 50.881, "train_steps_per_second": 6.365, "total_flos": 3863889922083840.0, "train_loss": 0.2437400077827068, "label_metrics": {"_type": "table-file", "sha256": "334b71f4141e0a7aff17061a6494949c94bf0d6236d6158945bf341f67b44469", "size": 580, "artifact_path": "wandb-client-artifact://q7yewykd4heizjven2wcl2v1p7r71badgko0rk6dkum05c26m2u4m5r09c15ri7zn692mkhcgunvgzr48kg1v87ms0mveisf8mc83iy3a63fy4m8c0jlq0gm1do6gxwc/label_metrics.table.json", "_latest_artifact_path": "wandb-client-artifact://amk56yz3chi6umv65n35er3ab3m5yfz7qkrfbo7vc7jdhc3kywga3i98ck21g5mqgmhdru9mgmq2opu3ktx2jd771lav4mmvexnrkq6bo4vqv79qamdq7lgmgla6idql:latest/label_metrics.table.json", "path": "media/table/label_metrics_230_334b71f4141e0a7aff17.table.json", "ncols": 6, "nrows": 5}, "test_predictions": {"_type": "table-file", "sha256": "c6fcb0e02d6f8b5c490bc50639cfc020e7d95568638d9e0cd5f9449df4cc0749", "size": 87971, "artifact_path": "wandb-client-artifact://hz0rq7gzb4i977atvtye2k3f1wokqkwuyd76dvvwtrk75wm4tupitijm2s8xdib9jzbg8a1bhs4mo3wzf87gtbbiqpddx7gv35xphgjt3n32gpa0jqvgn13lvfqaw8zn/test_predictions.table.json", "_latest_artifact_path": "wandb-client-artifact://hjl83ghn61952rtre1sxc4kfof0yhyd6fzkkfa0nitvph7x0vupr20plpgw6sb5r6lg3aq4s10l0zuefytusmqy4dy281crncwvrzu3atko9nbnc1bfxqffh0w4etsql:latest/test_predictions.table.json", "path": "media/table/test_predictions_231_c6fcb0e02d6f8b5c490b.table.json", "ncols": 8, "nrows": 168}, "test-metrics": {"_type": "table-file", "sha256": "9c2e664e68884f8e4c38e6ddbb28bf8d1f4c77b69ce00b508b4e13431dc6cd7a", "size": 190, "artifact_path": "wandb-client-artifact://5lyhfhrsjt3fh4hrribtliwj0qmczlms2erzwngkrdbz7rlem2oxgr21kpm3jsc2782qt6stgat3ldjss2vyh7snjkdvkz05jmbsg2jgp6fcybqr359djse89frfydce/test-metrics.table.json", "_latest_artifact_path": "wandb-client-artifact://sshwbdt6w2tjpmqkyvltplzf8yns6ylj43g8j8n2dbhs3ii1es52l4h7ea3vjl1imwxhduz8cnv36v74tjeuof81ksfxlk5skhnp94b1cqp58utxx4znwtgof24faphz:latest/test-metrics.table.json", "path": "media/table/test-metrics_232_9c2e664e68884f8e4c38.table.json", "ncols": 5, "nrows": 1}, "test_connective_metrics": {"_type": "table-file", "sha256": "c2acb39a45591df06d7037dc26ad6d17590ded5d5d8c494531a082ceb863127e", "size": 420, "artifact_path": "wandb-client-artifact://494n7q2l8ohhlqskyu9we099s6bxwely9ftyd9ue9mqrx1c9ccjg9weeb0flkmlnhidil9sa8z4tndpgwftgdmfwg9pprzr14lmwvx27m06mty9lu6jpbb0rp9c6hthm/test_connective_metrics.table.json", "_latest_artifact_path": "wandb-client-artifact://zg5nr8sn7thhfn5rqulzk4n0ha0arih5qxf2v3gfacxjp9kiop8zridhl1nqp9qb08rwqi58tis7gxmugexwuoki6t05h0x3gck8p194r8unr664uc09h4yoo8juyq8r:latest/test_connective_metrics.table.json", "path": "media/table/test_connective_metrics_233_c2acb39a45591df06d70.table.json", "ncols": 6, "nrows": 3}, "Exclude_counts": {"_type": "table-file", "sha256": "3a3e16eee488be4d9705c81c282778d2e17c222f184cef71ed7ae945012d1110", "size": 66, "artifact_path": "wandb-client-artifact://l5f6d40okr8zyxwsjlh9nogw0jdw7pjpx571oihhf2fbe57fx1eba8pk4o4woqwg16o0pmfuby373b48sg62has4m2161vay2fctqctjpe96omiponirfzxnqy6gj7d8/Exclude_counts.table.json", "_latest_artifact_path": "wandb-client-artifact://bka12qjn0vt4uk7lg592s59ei43nxupp4ah6km5l17i85t7szgqylsnhy93a9kkkhuei7fe5uphsncy1xzjx17zhvbm8jybn10t9jbn0vpau75q1394h08sanjplw9q0:latest/Exclude_counts.table.json", "path": "media/table/Exclude_counts_234_3a3e16eee488be4d9705.table.json", "ncols": 2, "nrows": 1}, "_wandb": {"runtime": 804}}