{"train/loss": 0.0589, "train/grad_norm": 0.04923192411661148, "train/learning_rate": 2.7827050997782704e-05, "train/epoch": 15.0, "train/global_step": 2505, "_timestamp": 1739615721.5197535, "_runtime": 2286.5450694561005, "_step": 318, "test/loss": 1.3965648412704468, "test/accuracy": 0.8273809523809523, "test/precision": 0.8535614082722418, "test/recall": 0.7001098659635245, "test/f1": 0.7322128851540616, "test/runtime": 4.4253, "test/samples_per_second": 37.963, "test/steps_per_second": 4.745, "epoch": 15.0, "train/f1": 0.9777142435865084, "train/accuracy": 0.9940074906367041, "train/precision": 0.9931193263698234, "train/recall": 0.9640096769863842, "val/f1": 0.655042735042735, "val/accuracy": 0.8922155688622755, "val/precision": 0.820021645021645, "val/recall": 0.7170833333333333, "val/loss": 1.0736273527145386, "eval/loss": 0.9394495487213135, "eval/accuracy": 0.8802395209580839, "eval/precision": 0.8961194029850746, "eval/recall": 0.7529166666666667, "eval/f1": 0.7680245738513455, "eval/runtime": 4.3961, "eval/samples_per_second": 37.988, "eval/steps_per_second": 4.777, "train_runtime": 2273.369, "train_samples_per_second": 17.617, "train_steps_per_second": 2.204, "total_flos": 5269035292646400.0, "train_loss": 0.24598763167045773, "label_metrics": {"_type": "table-file", "sha256": "8792f51cb2a627a5896dfc7574ac69c6ab7eee6db46234fed9c7888cda5e32fb", "size": 599, "artifact_path": "wandb-client-artifact://i7enzp0onphdgfxjtzu7hq2f1gv8uthatdoi9t350sbj7dp9geydm30t4ic3v5e9i222qiim301pnwrtaot9raevtft8u45nfxtoc0goyz5rr896c1fzq9v0qr3tt96b/label_metrics.table.json", "_latest_artifact_path": "wandb-client-artifact://2ggvk5e0jwhwm5p5lg7krya1swq17a1l55y619zp3letgesb991x5q7rw2kgih6deuk5yhqgphqs0le6myxt0fxte5dqi825j8yes4h5dwtbm2zpfrspp734195ebuin:latest/label_metrics.table.json", "path": "media/table/label_metrics_313_8792f51cb2a627a5896d.table.json", "ncols": 6, "nrows": 5}, "test_predictions": {"_type": "table-file", "sha256": "32bfdf2229102167a757f0560bb1655b7304519b582701fe227c29287a3b81d4", "size": 90411, "artifact_path": "wandb-client-artifact://7g90vj0ojxxzzparhgus63l7ns6hora26yv08jqrxojitt9lcbesmj68rrcwggtgex1gid5tpotzcy8cmpb532rnah6c03i6s31rmp9clqs3nqrnkij7pmqk8grvitj8/test_predictions.table.json", "_latest_artifact_path": "wandb-client-artifact://rbv6ofkjpyqis0e7k55q3xq0y6ekfpcbekc91ermxtjloc8vi0fbzpkd7d819b4xk6znqlsbtir66qfglqelmwrz1k15vohxsxw3824jaw9eq4nj62qfq1herzxlxlp7:latest/test_predictions.table.json", "path": "media/table/test_predictions_314_32bfdf2229102167a757.table.json", "ncols": 8, "nrows": 168}, "test-metrics": {"_type": "table-file", "sha256": "4c08e705630b8d76277396da94b242f6d185a4263fa55dde99bae31638cde0a0", "size": 194, "artifact_path": "wandb-client-artifact://x1jbfdgwxnztxlw4w966mtyxre2abkl9ljegik3tc75wf4a6u3pqkm4twb5cpwezysi1ljpw69496z5b3nh8dhi9pf3sjrfxk8j3xcrx2beod24f3fyvoadlu4gk45z2/test-metrics.table.json", "_latest_artifact_path": "wandb-client-artifact://flanoa87f3t8pw1y425kkj7j467rrsh0hm9z6osxfkgyde6erwwgpa8rbnjsdtkm7g64949t1okmaqfa1ae9ej9hytwsfuibms96nu4z7idns29sj0aqpwxo9qgy7vhr:latest/test-metrics.table.json", "path": "media/table/test-metrics_315_4c08e705630b8d762773.table.json", "ncols": 5, "nrows": 1}, "test_connective_metrics": {"_type": "table-file", "sha256": "a3b50f920977cdf568d9963d8273811e40b50d628bb7b32f3f123213f4d834bc", "size": 419, "artifact_path": "wandb-client-artifact://xreygego1ebrr9xhyltev1p5xhoj45ubfcmftg0c5d5db6ftivm5ecahr4oz1aay63nvxy28ew7b1hc3et9cqex63spwjvtbrlmnwad6z8qo0vbruvqhw6m2yjij3ezq/test_connective_metrics.table.json", "_latest_artifact_path": "wandb-client-artifact://1fma85246z9p4h51cwl2sep71szkex85zfj2xmqlucj7xc3y5793ap17i8s2n9qydjkra96wpmw51nz9ja5hu0la0c0bdfrctn0q8kn3zwgqnyhah4h2jiv69gm86f79:latest/test_connective_metrics.table.json", "path": "media/table/test_connective_metrics_316_a3b50f920977cdf568d9.table.json", "ncols": 6, "nrows": 3}, "Exclude_counts": {"_type": "table-file", "sha256": "082fcc874914d75958d68e780085931cf5c17034575e8b060f4acd16accf2d9e", "size": 71, "artifact_path": "wandb-client-artifact://13dh7s4e9yt9uxwbo1636bmpbx46x759po27mb0b80hm8lqyvh9is8e53yepziau3iu7woqjdrr0cv4c08bikd1kcytqlk9lqh051yxk61cv44fwckcuyj4as1n2d9y4/Exclude_counts.table.json", "_latest_artifact_path": "wandb-client-artifact://kwtj2c64uvxhpyura3490e90i5a4o5p3o6gnsonz5deoidi30dn7805hj2au9yhlfrspyxyb07039mdpt3mktwq3kjzn5mnmhu4pqsvn51qz11f9emortgl2issaqhug:latest/Exclude_counts.table.json", "path": "media/table/Exclude_counts_317_082fcc874914d75958d6.table.json", "ncols": 2, "nrows": 1}, "_wandb": {"runtime": 2294}}