{"train/loss": 0.0001, "train/grad_norm": 0.0026476122438907623, "train/learning_rate": 0.0, "train/epoch": 30.0, "train/global_step": 5010, "_timestamp": 1735404310.3980744, "_runtime": 2159.0627064704895, "_step": 627, "test/loss": 1.0255309343338013, "test/accuracy": 0.8511904761904762, "test/precision": 0.7547645532072673, "test/recall": 0.7198659635245, "test/f1": 0.727048294495103, "test/runtime": 1.8483, "test/samples_per_second": 90.896, "test/steps_per_second": 11.362, "epoch": 30.0, "train/f1": 0.9793842846997336, "train/accuracy": 0.9940074906367041, "train/precision": 0.9676908527506136, "train/recall": 0.9926545497572252, "val/f1": 0.8888126984126984, "val/accuracy": 0.9221556886227545, "val/precision": 0.923986013986014, "val/recall": 0.8795833333333334, "val/loss": 0.7992318272590637, "eval/loss": 0.5904653668403625, "eval/accuracy": 0.9221556886227545, "eval/precision": 0.923986013986014, "eval/recall": 0.8795833333333334, "eval/f1": 0.8888126984126984, "eval/runtime": 1.834, "eval/samples_per_second": 91.058, "eval/steps_per_second": 11.45, "train_runtime": 2151.2608, "train_samples_per_second": 18.617, "train_steps_per_second": 2.329, "total_flos": 1.05378816056832e+16, "train_loss": 0.09620263930751724, "label_metrics": {"_type": "table-file", "sha256": "8ec3e7807868f0f356bcfa923979ae4959b37c6077634d2b9cbd6910d9799e23", "size": 457, "artifact_path": "wandb-client-artifact://esgbz5kzm5yrwurqvd9k4m6hsixgtwfc1otbmkzkh6gvzvzt2j308s798o9ot8oft4mkn016ab01rupstxm64vbroq6of4atzhfz88su6tkak1896iizleu0buv6dxc7/label_metrics.table.json", "_latest_artifact_path": "wandb-client-artifact://8zil27hk0jvz3ttyowfyrqwv0uxsllvj2e58befvpcqz9fogdmzesnfrn1r9c1wdy5nirw4dn5zryrmbph1z6tatvw5g60p5zww18hbdbzi5y04euimvhjxpv756q5nt:latest/label_metrics.table.json", "path": "media/table/label_metrics_624_8ec3e7807868f0f356bc.table.json", "ncols": 5, "nrows": 5}, "test_predictions": {"_type": "table-file", "sha256": "9e0fe932ecbd21615aae3e64cc31fcac3cb8b41e412150cb567485d444462052", "size": 86236, "artifact_path": "wandb-client-artifact://kw429shebavyno9ufwjcwrgue1tu06xrh6jlk2dokh757uey7j31qikdl7v8gc53vzzmux6wm8oemuq2ogeb23g17rn4y5v0xhm6kybca7fjs2bs9fmgn8ds6loak6ok/test_predictions.table.json", "_latest_artifact_path": "wandb-client-artifact://kwqa4q86k5r8p9wrsirqrn6hv5quao9wthfncoq4ia65usn6tuwjothphfq46lgctunwfvhr7gwmea8au4cwxcrnbwwumwgk8em6cx7kg6fwhfpgw87vvakj01zmph97:latest/test_predictions.table.json", "path": "media/table/test_predictions_625_9e0fe932ecbd21615aae.table.json", "ncols": 7, "nrows": 168}, "test-metrics": {"_type": "table-file", "sha256": "95fa68adfd9f58a75771d99738812d10702e530162eddbac3e26d69988ce7e72", "size": 186, "artifact_path": "wandb-client-artifact://8j7j8jbqmjdjup4aex7smc3t4e1d3irbcg05re1bvxffuoh6h9gqkdqaew6d4gr30xohtfbkpagjym7xv74ygzly4leastw8nwmmqu1eqi2vur8afhm4h6jdh10valyk/test-metrics.table.json", "_latest_artifact_path": "wandb-client-artifact://b8u8k3hy9lvikzjdj4ie9g0bt4rm4iyoozuuaq72hmfh8ytwaxhizz8tk6cjdrsrmwe1dly0bej11uzngwmdmec1xi2honxwenf4vnte1lcutt622d5zxmqx33738ub3:latest/test-metrics.table.json", "path": "media/table/test-metrics_626_95fa68adfd9f58a75771.table.json", "ncols": 5, "nrows": 1}, "test_connective_metrics": {"_type": "table-file", "sha256": "b49eb8b12389ed484ebbdb383714a05baba87db1a8efca82c4d6068d7b62fca0", "size": 386, "artifact_path": "wandb-client-artifact://k4vsrp1r0l6358r3n78qj758fv8wzhj92v58oljxmo8h556gzcn6o2kq25w5pp3w1vsrgpsrras0d8yck24g51afc26m8z5t496ob9afm8qr0eyxu96qlvftb1d7yhyq/test_connective_metrics.table.json", "_latest_artifact_path": "wandb-client-artifact://boayvuca8s2klcooqyufhz9hamhy164wr2beripjtc6y3r0shlcp8geex8z2r6xn91aflijqvjmsfh5g681rxj8aivul7qke2dwllmp4in8dhl1h8fd54i7cqyepwh5c:latest/test_connective_metrics.table.json", "path": "media/table/test_connective_metrics_627_b49eb8b12389ed484ebb.table.json", "ncols": 6, "nrows": 3}, "_wandb": {"runtime": 2166}}