{"train/loss": 0.0339, "train/grad_norm": 0.008058338426053524, "train/learning_rate": 1.2468827930174563e-07, "train/epoch": 15.0, "train/global_step": 2505, "_timestamp": 1735911670.3182054, "_runtime": 1089.5269963741302, "_step": 316, "test/loss": 0.8036805391311646, "test/accuracy": 0.8630952380952381, "test/precision": 0.8275268817204301, "test/recall": 0.7914238628872775, "test/f1": 0.7660229461877649, "test/runtime": 1.8568, "test/samples_per_second": 90.479, "test/steps_per_second": 11.31, "epoch": 15.0, "train/f1": 0.9777294870959852, "train/accuracy": 0.9940074906367041, "train/precision": 0.9917124193172097, "train/recall": 0.9654453377748989, "val/f1": 0.8130956423316356, "val/accuracy": 0.9041916167664671, "val/precision": 0.8788125000000001, "val/recall": 0.8074999999999999, "val/loss": 0.6722288131713867, "eval/loss": 0.5012799501419067, "eval/accuracy": 0.9281437125748503, "eval/precision": 0.920442156268928, "eval/recall": 0.8716666666666667, "eval/f1": 0.8861341683120267, "eval/runtime": 1.8423, "eval/samples_per_second": 90.645, "eval/steps_per_second": 11.399, "train_runtime": 1081.4088, "train_samples_per_second": 18.518, "train_steps_per_second": 2.316, "total_flos": 5268940802841600.0, "train_loss": 0.17200064207199486, "label_metrics": {"_type": "table-file", "sha256": "117c0f6a9edab7484e0352c607ba5fdbee938105a615a8007c3a5ee7f6946d3c", "size": 486, "artifact_path": "wandb-client-artifact://cmflsxv5jk9xr5r9um1mcmu6fydqsfbzg4ubjb2kkw7flf6uags2m9a4tuo9ccyshgyllnl95skv039mfo8c0utwnk5psljiwvrpbgtjjjxq4tmuwzupnmnf5v5gvcqc/label_metrics.table.json", "_latest_artifact_path": "wandb-client-artifact://0ejwo0ntfol1phf52y9e567ss7fvqfpcxwsl7438hj53qetbv3677cjupdxy3yzih7d07o87vam3uz6uodd0uhqqv1n4ruirks918f1tzqvlrsjymp06d8ec4epp55nm:latest/label_metrics.table.json", "path": "media/table/label_metrics_313_117c0f6a9edab7484e03.table.json", "ncols": 5, "nrows": 5}, "test_predictions": {"_type": "table-file", "sha256": "c04e913aacd98893c008a6a9ccf6b8e225e0c9a103e8e894023bf9037e71f51b", "size": 88184, "artifact_path": "wandb-client-artifact://tv5ocf8lgk1nr7nxo9pmiph6keh55o2wy20o7d1fyy3h5wnkt2w6le2gxyqr7lbavuvb4hnibi59vez842ez3wfidrfsldy4gqp9auo3qa252bdeiyu778kgozilwztr/test_predictions.table.json", "_latest_artifact_path": "wandb-client-artifact://z0nqb64q2i1wjwiw5fs0vdjb514sckiajss5njo8ki1wq40j9kb8aasuud32m4f473mfcd63hunx5x6ui3xgj7dl5mqhdeb96u2nubyh4wiwn8r9aasm092ulbq01jij:latest/test_predictions.table.json", "path": "media/table/test_predictions_314_c04e913aacd98893c008.table.json", "ncols": 7, "nrows": 168}, "test-metrics": {"_type": "table-file", "sha256": "3ad892cbe186c79a7595fcfdb701e13df2c66540d0d1eff673dee35f53eedfc5", "size": 196, "artifact_path": "wandb-client-artifact://esuq0isqq3ngx8gynx9u0cpewosbxtg6ubt0w7s04966r2xkgiay5almw4mxq3lhgd4sko773y0x8z75jrb08zr1va2hdn7yd3ve05m95dnhxtksyyvxr6yfcg2uwl2j/test-metrics.table.json", "_latest_artifact_path": "wandb-client-artifact://3ok6cr77chgb264pqdptt6xazx2r7ml7tu72lynzpnps02itfbdimcwvnss0rq2brfhcxti661yrp9tuyy1gig83ij08111sfp0kasyk4vmyje9i8l2jfy0u7y7kz59o:latest/test-metrics.table.json", "path": "media/table/test-metrics_315_3ad892cbe186c79a7595.table.json", "ncols": 5, "nrows": 1}, "test_connective_metrics": {"_type": "table-file", "sha256": "cea563344c252170afb016f56ab8992115b2ab636d584785895fce8b989717b6", "size": 405, "artifact_path": "wandb-client-artifact://1njh9pntr2nfycpv4z03eb2y3sgrsaemhjzgxfemceyj0i7erl3w8pkd9w3a4qg6rvg38ry9w61n8172gdwcqysgcxh0h6dwtyahezp88xgh8h822b1k7nad9pp4dwp9/test_connective_metrics.table.json", "_latest_artifact_path": "wandb-client-artifact://yunnvek6kwvjnuiyp5zqstbwglqdkikcnefnxuc0ks6r9ufyqxyn25loojuvc4vghco1d5fuhakpjr1hs0b7c46wek6wiw8yhyhdnemgl15e7cebxzl3yot2bbeaj7yr:latest/test_connective_metrics.table.json", "path": "media/table/test_connective_metrics_316_cea563344c252170afb0.table.json", "ncols": 6, "nrows": 3}, "_wandb": {"runtime": 1095}}