{"train/loss": 0.6456, "train/grad_norm": 9.224564552307129, "train/learning_rate": 1.6000000000000003e-05, "train/epoch": 1.0, "train/global_step": 167, "_timestamp": 1735268631.4346848, "_runtime": 194.12599182128906, "_step": 28, "test/loss": 0.7078606486320496, "test/accuracy": 0.7619047619047619, "test/precision": 0.7060282808236169, "test/recall": 0.2860030762469787, "test/f1": 0.2788571428571428, "test/runtime": 1.8581, "test/samples_per_second": 90.417, "test/steps_per_second": 11.302, "epoch": 1.0, "train/f1": 0.2819360815192219, "train/accuracy": 0.8097378277153559, "train/precision": 0.7024632670700086, "train/recall": 0.2868336721053306, "val/f1": 0.2727969348659004, "val/accuracy": 0.7724550898203593, "val/precision": 0.6770321876704855, "val/recall": 0.2791666666666667, "val/loss": null, "eval/loss": 0.6921604871749878, "eval/accuracy": 0.7724550898203593, "eval/precision": 0.6770321876704855, "eval/recall": 0.2791666666666667, "eval/f1": 0.2727969348659004, "eval/runtime": 1.8434, "eval/samples_per_second": 90.592, "eval/steps_per_second": 11.392, "train_runtime": 77.6035, "train_samples_per_second": 17.203, "train_steps_per_second": 2.152, "total_flos": 351262720189440.0, "train_loss": 0.9703107365591084, "label_metrics": {"_type": "table-file", "sha256": "5823e25c85dea0c2608ee5ef27a5bf78bc789e0abbaa21c6044036593f9882c2", "size": 431, "artifact_path": "wandb-client-artifact://tb71116ewvyeyzzano17ufkzwf57fx0eb6r1xne6pji6uqq9vkw6iet0e56bq7mk913snug0x8hllzjwlgyi4hzimyx2fyi4amzgbh710vkvy5ytnb3qvfxmbshzyrep/label_metrics.table.json", "_latest_artifact_path": "wandb-client-artifact://qimln1fn51yxzbwr68uzeaksaqusrc2ief6oli33o0s2lcnynl779fceqt7glscg40qvkvnwyreuqvun6ukesw5azo4iwka5u4c32drandcgu0euxz9swjibwk4cmlsy:latest/label_metrics.table.json", "path": "media/table/label_metrics_23_5823e25c85dea0c2608e.table.json", "ncols": 5, "nrows": 5}, "test_predictions": {"_type": "table-file", "sha256": "8176693c2b1a27afd3a5ee02aa86b912a8c06426ad3c1b1b0ba2cb01a9b8d05d", "size": 88190, "artifact_path": "wandb-client-artifact://jlm1085vsq3bu574ns6tbt2jxsnjuhgxnpid93hgpwuytxniofh307r1su5nfjm8x9b7bpr83utj7tz5ncomqg4kcr0i064bjyhv5c6qzt31uwvgixzwdnk38punasht/test_predictions.table.json", "_latest_artifact_path": "wandb-client-artifact://a46hsoeis9unuu41cfze6wn405gwdquboozst3plc3rjf5wuo48jifduu2x2t6pjlljihms258kunjq6bu0gw7xge49utpou6cggcaxqkyiupnu3of0pr53cztgjy2vb:latest/test_predictions.table.json", "path": "media/table/test_predictions_24_8176693c2b1a27afd3a5.table.json", "ncols": 7, "nrows": 168}, "test-metrics": {"_type": "table-file", "sha256": "91928bb6c07c85b106065ba5b008fdd1e8f08d6847741300735e9a9fe279732d", "size": 194, "artifact_path": "wandb-client-artifact://57y4s36bq6vvndqtu1n56oayggqacq87lgguop9bqp0z8buqr5790ct7dh8hzesii6ku56d8r80eqqhgw4z7kob0sjgifgtnj4j416z0kofv7oa3ra4hkbmlnx5hvmtp/test-metrics.table.json", "_latest_artifact_path": "wandb-client-artifact://ozjrolroiyfmvconc369xxojn2fifnizqa8b24hdp0kad4qvetxz8g74a8njubvoigc9kmp5wai28gseoc0ipl0k8a5qs00mtdafbmtpk7r32wpocq5sabbja2hxdqxs:latest/test-metrics.table.json", "path": "media/table/test-metrics_25_91928bb6c07c85b10606.table.json", "ncols": 5, "nrows": 1}, "test_connective_metrics": {"_type": "table-file", "sha256": "e15b5ff89ccfb5bcc53cce65bbfa8f371e424735bd40fff4a064e61fda267331", "size": 140, "artifact_path": "wandb-client-artifact://0conmi0tf6o14ljhn0fw0z30m9vfe4xmfjcnqpl6f8r6s20ycc2slif4veuv01ws8du8t3cxjpjmu2yw9y62p8txgm6mfk2st26rzvg12fn5jh5c0oqxy3tte0gtu6v6/test_connective_metrics.table.json", "_latest_artifact_path": "wandb-client-artifact://lmtbnvho9nhaf05tfgndlhgzwfaosv333rmwowyzdx6aewq46pdg03qg4zdyvtexucdbbqf8zvhjthzyfppljmnz0a81srgsb8mhqzv0c4wkk8xztjguna2tr0s6mrle:latest/test_connective_metrics.table.json", "path": "media/table/test_connective_metrics_26_e15b5ff89ccfb5bcc53c.table.json", "ncols": 5, "nrows": 3}, "_wandb": {"runtime": 195}}