{"train/loss": 0.0004, "train/grad_norm": 0.009443527087569237, "train/learning_rate": 0.0, "train/epoch": 10.0, "train/global_step": 1670, "_timestamp": 1735230120.5011895, "_runtime": 725.0685234069824, "_step": 212, "test/loss": 1.008419394493103, "test/accuracy": 0.8511904761904762, "test/precision": 0.7802337398373984, "test/recall": 0.704744012304988, "test/f1": 0.7345981666287871, "test/runtime": 1.8609, "test/samples_per_second": 90.28, "test/steps_per_second": 11.285, "epoch": 10.0, "train/f1": 0.9776065551549546, "train/accuracy": 0.9940074906367041, "train/precision": 0.996972294672333, "train/recall": 0.96016520341714, "val/f1": 0.8815668202764977, "val/accuracy": 0.9101796407185628, "val/precision": 0.9078125, "val/recall": 0.87625, "val/loss": 0.6495341062545776, "eval/loss": 0.6495341062545776, "eval/accuracy": 0.9101796407185628, "eval/precision": 0.9078125, "eval/recall": 0.87625, "eval/f1": 0.8815668202764977, "eval/runtime": 1.8467, "eval/samples_per_second": 90.429, "eval/steps_per_second": 11.371, "train_runtime": 717.7501, "train_samples_per_second": 18.6, "train_steps_per_second": 2.327, "total_flos": 3512627201894400.0, "train_loss": 0.2394364535836447, "label_metrics": {"_type": "table-file", "sha256": "b3f1d099fa86764d408609b5a7ae6c3e73cc9fd0c82f73999b0672d6314d4998", "size": 430, "artifact_path": "wandb-client-artifact://wcj19t2win8qjc6svam8q2w08h1i9w5wb7dowg7jw20wl1rdldle6gidbbqqb6sxcbiyoshi42d0n3kj554gljhtqoelr38xah93tljc4i4lh4rl74ptx194wcy96bhy/label_metrics.table.json", "_latest_artifact_path": "wandb-client-artifact://3lru6oaypybgg7c6ex0onxp8g2psw1h3p7itljsnnr8lf7o41k0qzzyds47siheg80n1edguzrulaq1h3uu3dg3gtw4iwpg5goha6zsx71upy06f0b3e6z5bt0q2e2a8:latest/label_metrics.table.json", "path": "media/table/label_metrics_210_b3f1d099fa86764d4086.table.json", "ncols": 5, "nrows": 5}, "test_predictions": {"_type": "table-file", "sha256": "2896fba942f2d9841fb22b33a704994dd42a3fbf1170db78f96095faf5adc15b", "size": 82706, "artifact_path": "wandb-client-artifact://dz69j9f6vwgzr79tkphhxnofsj14qu32nmffiu9hdd6pmj3f536i3j8255o42bl772pzttdxbfuz45dp7lcpy55b4beoxsivg9rgsoq8i1wwgiripforwp2hoeu7y1br/test_predictions.table.json", "_latest_artifact_path": "wandb-client-artifact://erb8qoda9f4p49pbwi5rvxjow3ggovu6e64567pwurnw3ng8b23ex43p5imvsvcgxvp3dzw7wr28gpstkfn472yspnjcf55nz6nn5j7cnz7zfipwwqor7kab4k07puxm:latest/test_predictions.table.json", "path": "media/table/test_predictions_211_2896fba942f2d9841fb2.table.json", "ncols": 6, "nrows": 168}, "test-metrics": {"_type": "table-file", "sha256": "0f5fb130e3abe156f3c5029b55339050d11a459a1051eb5088a5ee3183c1511a", "size": 189, "artifact_path": "wandb-client-artifact://jyap04amqhdemonzw33tczl3elv54fzpkiorc0y9itg576duz19blxn0ncwk0ozmzz85vooq01ownw4t1qy2yvm6iz22m255tfd4tzb3smbhg93zxoxljvezttr0k1kl/test-metrics.table.json", "_latest_artifact_path": "wandb-client-artifact://o4edhl93e7cn9plknp70at8x0eg6hgqom3yd6n2ao7z1u5vc4o4cngd2vvsrnq89g24m6xl73l0g7g8t0ytp2oqnt1vvrpvv0avp4zyjlk7caa1y7z7iv069v8h8jbl8:latest/test-metrics.table.json", "path": "media/table/test-metrics_212_0f5fb130e3abe156f3c5.table.json", "ncols": 5, "nrows": 1}, "_wandb": {"runtime": 729}}