{"test/loss": 1.627087950706482, "test/accuracy": 0.1, "test/precision": 0.047619047619047616, "test/recall": 0.0625, "test/f1": 0.045454545454545456, "test/runtime": 0.1143, "test/samples_per_second": 87.499, "test/steps_per_second": 17.5, "_timestamp": 1736581335.774462, "_runtime": 7.829663991928101, "_step": 11, "epoch": 1.0, "train/f1": 0.15, "train/accuracy": 0.3, "train/precision": 0.18333333333333335, "train/recall": 0.21666666666666667, "val/f1": 0.08333333333333333, "val/accuracy": 0.1, "val/precision": 0.1111111111111111, "val/recall": 0.08333333333333333, "train/loss": null, "val/loss": null, "eval/loss": 1.5839732885360718, "eval/accuracy": 0.1, "eval/precision": 0.1111111111111111, "eval/recall": 0.08333333333333333, "eval/f1": 0.08333333333333333, "eval/runtime": 0.112, "eval/samples_per_second": 89.318, "eval/steps_per_second": 17.864, "train/epoch": 1.0, "train/global_step": 2, "train_runtime": 3.8941, "train_samples_per_second": 2.568, "train_steps_per_second": 0.514, "total_flos": 2631181424640.0, "train_loss": 1.5632009506225586, "label_metrics": {"_type": "table-file", "sha256": "d323d4011650a2dcd2d323217f6072fcc36def8caa67b9854e534a9baf181bef", "size": 333, "artifact_path": "wandb-client-artifact://2frgc81uiyk5zd8s3qojoeftotgyxtaue2wdbrgx0ih1ddoxtc7gitcfviabql7ahz74kzlcwa3tcgm7vf3fngse6zbfvj3cyr5hp9fotj62vr89arhtmbglmoal4hyf/label_metrics.table.json", "_latest_artifact_path": "wandb-client-artifact://s0rwdpwmua0xmklay84knefg1whcy1mpaa3j1bnxfdqx0085362710msx7jykxls8lfy46mao8hkbg89f2khk378ff2lgsv6e1vqh1775f8ffgfhrlskwh63t3mfby3r:latest/label_metrics.table.json", "path": "media/table/label_metrics_7_d323d4011650a2dcd2d3.table.json", "ncols": 5, "nrows": 4}, "test_predictions": {"_type": "table-file", "sha256": "c0a79393bdeae29f8eead4f1f286f34eaf16953c482d4236be1577ac257756aa", "size": 2278, "artifact_path": "wandb-client-artifact://t9jh5gn8sy6p2r3dmamkj557t6wtx3mp0mkm92tkg9r5p4h3i5ev50ecjbtjrq2cgdn4q1g5vipnnon4rgmrgu3gqqd39y3erq81lwg3sgqaeeqq6ff8mmxmuh1izmoh/test_predictions.table.json", "_latest_artifact_path": "wandb-client-artifact://r7jm64fvad9cj4ecktpoc5gywrgzsxvzdboua6oemvyv40k7yyoa5gb0qmv45vysyvzikxyffgjsy0ft5618w35qec1p98gks87lkpu8atouvobgbgm2i13mgh75ebss:latest/test_predictions.table.json", "path": "media/table/test_predictions_8_c0a79393bdeae29f8eea.table.json", "ncols": 8, "nrows": 10}, "test-metrics": {"_type": "table-file", "sha256": "8ea7f0099074917285cc39781f5bb6737066f2aae96789be3bbd737547b445ea", "size": 172, "artifact_path": "wandb-client-artifact://qofiopfsc0wr995795zdnqrffkv5q4wie2yu889a6ecvreoebhfy5q1fudq3g4jpwopdha45zrxvn3150zfe3keo1r5ypkbl3tlgspw1chenqz7mdzjnc4acwxcykqmq/test-metrics.table.json", "_latest_artifact_path": "wandb-client-artifact://wqkwmgbaeiy27edo3rlmosd2z16bb4q9ky14plck8ia9ndxb4z38jp3fpol8ibwtlv9rdlavixdxk6p9qrz0w6ewtpg1adtviwohaiaw7ek3qzjphju33kk55a65qwlv:latest/test-metrics.table.json", "path": "media/table/test-metrics_9_8ea7f0099074917285cc.table.json", "ncols": 5, "nrows": 1}, "test_connective_metrics": {"_type": "table-file", "sha256": "86f3698ae889a0b8ead4f0363c1d94ed358ba418c89bb43bc56702522cf4a312", "size": 193, "artifact_path": "wandb-client-artifact://4xil7ogcaday8cfalwb37wsl4lz1bqfqg3i4j2b768qkuvcbmjwmgubk92ub5nu2tfyer9u4yln0hlnfsdzobr34hh7nf93j8fnoun6ndq2nooozvvqphsrd26j43jfk/test_connective_metrics.table.json", "_latest_artifact_path": "wandb-client-artifact://wg6aqpgzov9u5wzm0fvs2ck5qmkzyu60a01v9fqnplftzrvlrmul9xwrv017jcbiud3v8vstv2j1rn2twk7jiewxd1vbq4cd877jg5dixta7ud763nbtmztkp11qt5q3:latest/test_connective_metrics.table.json", "path": "media/table/test_connective_metrics_10_86f3698ae889a0b8ead4.table.json", "ncols": 6, "nrows": 1}, "Exclude_counts": {"_type": "table-file", "sha256": "469f5541e1beb61dd109e12c66ef07212dbf682edb7baeae9a8944b054c3df69", "size": 71, "artifact_path": "wandb-client-artifact://y7564luti151jldmej8f5u24ikcbgkz629td8s1sgpqrjqz1cdp37pgo62ca53j1w8qp10bf34b786fyx12m8ix3hvt2nd7hv4f0v983avq7v0n5a7uyrgae90h4ssa0/Exclude_counts.table.json", "_latest_artifact_path": "wandb-client-artifact://wzobn5mykthvn5auk106iuzf4gup8z4wpkscs895x6qn342d3q2t512utnr1uj1qtovuqpxsssh6jbbit6jceg0nx3o9rn7gmxowoa6fztlqs4wo7ey3tmsc7jy4r023:latest/Exclude_counts.table.json", "path": "media/table/Exclude_counts_11_469f5541e1beb61dd109.table.json", "ncols": 2, "nrows": 1}, "_wandb": {"runtime": 15}}