epoch,loss,accuracy,precision,recall,f1
0,0.0017952163344465391,0.7865168539325843,0.2676829268292683,0.3050522807595818,0.284273363921758
