epoch,loss,accuracy,precision,recall,f1
,0.065226243641562,0.2574850299401197,0.184818442427138,0.2304166666666666,0.1232575757575757
0.0,0.02698736847517733,0.7784431137724551,0.2785291943828529,0.32208333333333333,0.29718431882174573
