{"test/loss": 1.7301143407821655, "test/accuracy": 0.0, "test/precision": 0.0, "test/recall": 0.0, "test/f1": 0.0, "test/runtime": 0.1157, "test/samples_per_second": 86.398, "test/steps_per_second": 17.28, "_timestamp": 1736580419.8439429, "_runtime": 11.095700979232788, "_step": 23, "epoch": 4.0, "train/f1": 0.0, "train/accuracy": 0.0, "train/precision": 0.0, "train/recall": 0.0, "val/f1": 0.22999999999999998, "val/accuracy": 0.4, "val/precision": 0.3125, "val/recall": 0.2708333333333333, "train/loss": null, "val/loss": 1.584936499595642, "eval/loss": 1.5874370336532593, "eval/accuracy": 0.4, "eval/precision": 0.3125, "eval/recall": 0.2708333333333333, "eval/f1": 0.22999999999999998, "eval/runtime": 0.1136, "eval/samples_per_second": 88.014, "eval/steps_per_second": 17.603, "train/epoch": 4.0, "train/global_step": 8, "train_runtime": 7.3514, "train_samples_per_second": 40.808, "train_steps_per_second": 8.162, "total_flos": 10524725698560.0, "train_loss": 1.6968886852264404, "label_metrics": {"_type": "table-file", "sha256": "854578389a1ee7ebaaedbe21e33b5e243951450a7e52c77972cec201ba4fb509", "size": 332, "artifact_path": "wandb-client-artifact://e0odz0h1hamwp11c5splfav3pt9q5y8jg42y101enqa0q6lz8s2wzht8wvlb3618l4uzbgsq4monydirc1wngfgonb299zaf7amv7frucmas3z9t22abhgmima974le4/label_metrics.table.json", "_latest_artifact_path": "wandb-client-artifact://a7g509but3p99vmlo2zn51of77w5zw74t8b1bgk81aa73efx8g51pocawpwctdpyc0gn99iswyreq2j77abdxtbnuitomq1cgxvs9kjb7bpyyokwd7mh6n72haozxwui:latest/label_metrics.table.json", "path": "media/table/label_metrics_19_854578389a1ee7ebaaed.table.json", "ncols": 5, "nrows": 4}, "test_predictions": {"_type": "table-file", "sha256": "2393bf2fe196aa24abf822a4dfc96788f73e3c41c937a91b2ad2d23041032aa1", "size": 4842, "artifact_path": "wandb-client-artifact://fh33fofpmk8aidolmcor1zj2008fkcr43x99zdjhcginq9h367s9hmmzqm17qmb2zj6pwz047muglmzniwsyy2pypngi1e1yfld5721jcwzvgl8ardqloteli6wybghb/test_predictions.table.json", "_latest_artifact_path": "wandb-client-artifact://82hb1srnv3rikvnagius9msfd85l5dlaafvqolasbgxqoq8ymyrw1ec9xdvdwgmd05mriazbi3k11ulixpu860gho3y25q1hgqmjl27kpwwf8fs282lcezaht0n63aqu:latest/test_predictions.table.json", "path": "media/table/test_predictions_20_2393bf2fe196aa24abf8.table.json", "ncols": 8, "nrows": 10}, "test-metrics": {"_type": "table-file", "sha256": "6cfecb369df42375c150b548f6b8c05112311021d663f15a1f59d27534885944", "size": 143, "artifact_path": "wandb-client-artifact://52e06zywbwa6z1534a9sdr7bfwppi9065n8ig2tl91ypxtpj2g3sedoua1b05r0h9bjdrlbsxfpjybi01ez64usrf2y2yjjxi0y59uw60nlf3j7qpz2q36zd4qacpn9i/test-metrics.table.json", "_latest_artifact_path": "wandb-client-artifact://dqy753kybbyqbxvgpqrnnasdc0pxqkqcktdkzb5thz63ay2p6aku8rsu3c2m3rpreu2x3qgjy34nyyr523qg4qbo7vupkc5j084ixetet6l6z54klrjz3ovlyrwk26gc:latest/test-metrics.table.json", "path": "media/table/test-metrics_21_6cfecb369df42375c150.table.json", "ncols": 5, "nrows": 1}, "test_connective_metrics": {"_type": "table-file", "sha256": "430d678df34e1b57fcf45171e193afc9b96f878d8b26c1e65900cf4851259664", "size": 164, "artifact_path": "wandb-client-artifact://o0dyjefnhsgt0nwv47i8qgutkmgpowfyees8i23eu7jwpc2fo3z3tm19sk4tttpua6zpsxjf7qcrvvmhk6k8wrw5b634ce3rxby1vw4tmu529ymrccfzo9cdl3z0hvnc/test_connective_metrics.table.json", "_latest_artifact_path": "wandb-client-artifact://7341hx8dkugcpy4zu9lv51q7vfi5dip8lhrrwm8x85k88eb3vb1o5710z5gseyhssg6f8ca60lpx7qzzc7wt1wx9golvxkvqqcqsqrovayccjz1tym1wfby5h7dw1czj:latest/test_connective_metrics.table.json", "path": "media/table/test_connective_metrics_22_430d678df34e1b57fcf4.table.json", "ncols": 6, "nrows": 1}, "Exclude_counts": {"_type": "table-file", "sha256": "096b978afb3a50729f0a501ac4f6823e5ad5a47a7bb0997ed2829466e4c3fa38", "size": 80, "artifact_path": "wandb-client-artifact://r1m62qjocfphm7bd2su35hk1dkq33d9bly4m3dfhmu5bex5osadyik34vxa66o49orlw3ixar3yh0q1x4792kmwhss70e7eg9c8vc3rdotn2xv46dsofjb7uqjltxreb/Exclude_counts.table.json", "_latest_artifact_path": "wandb-client-artifact://eli0xsztly6borxzm3c23gygavjvbnnvi5oyidwpyehe0fdz0dbdwu5ydkz2ds3czsigatxn37c0gzmbypfm1ogen3adzyd60o6lsdig2vspcnw2az86j9knxg2ysbu8:latest/Exclude_counts.table.json", "path": "media/table/Exclude_counts_23_096b978afb3a50729f0a.table.json", "ncols": 2, "nrows": 1}, "_wandb": {"runtime": 18}}