{"train/loss": 0.5389, "train/grad_norm": 4.242541790008545, "train/learning_rate": 3.8913525498891355e-05, "train/epoch": 9.0, "train/global_step": 1503, "_timestamp": 1736788500.6101093, "_runtime": 650.8817143440247, "_step": 193, "test/loss": 1.3276894092559814, "test/accuracy": 0.6845238095238095, "test/precision": 0.8922764227642276, "test/recall": 0.23463414634146346, "test/f1": 0.2250909090909091, "test/runtime": 1.869, "test/samples_per_second": 89.888, "test/steps_per_second": 11.236, "epoch": 9.0, "train/f1": 0.5956833699361647, "train/accuracy": 0.8741573033707866, "train/precision": 0.8136222550843379, "train/recall": 0.5608776357960559, "val/f1": 0.4305092154148758, "val/accuracy": 0.7844311377245509, "val/precision": 0.5859883521754026, "val/recall": 0.40875000000000006, "val/loss": 0.7179386615753174, "eval/loss": 0.9791375994682312, "eval/accuracy": 0.7664670658682635, "eval/precision": 0.8982067510548524, "eval/recall": 0.4041666666666666, "eval/f1": 0.4390484251254459, "eval/runtime": 1.8549, "eval/samples_per_second": 90.032, "eval/steps_per_second": 11.321, "train_runtime": 643.6184, "train_samples_per_second": 62.226, "train_steps_per_second": 7.784, "total_flos": 3161364481704960.0, "train_loss": 0.6824428713170989, "label_metrics": {"_type": "table-file", "sha256": "871739943ea6b3a58775bb35d347798785dd2f6b013d7273dd4061aead26d8d1", "size": 611, "artifact_path": "wandb-client-artifact://xtxm1mkz1ixjl01vultyvsmzb80a8u922lquh34zlmacij6anp3nx3n76zi3y12gd7gh345ga9bs56vfx3xt4v38266vhvb0x3wc6afakfgba54cpw0ycj4252gqr6ev/label_metrics.table.json", "_latest_artifact_path": "wandb-client-artifact://rcz050sr9md3fly5zikassi47lx2w5j1qommje8lgvy4esjpgsohqozcusxc54rqxal6hsqmjv6pebynyg31svp8e4xbfjlpdfv7zd98ag67ffnx9j07m0f84ryna9ev:latest/label_metrics.table.json", "path": "media/table/label_metrics_189_871739943ea6b3a58775.table.json", "ncols": 6, "nrows": 5}, "test_predictions": {"_type": "table-file", "sha256": "f6fa758cd5bb054954d9356742d5a4e2a259007d73e5af48f77f66bb1ac9f4e3", "size": 86559, "artifact_path": "wandb-client-artifact://una36h82fugl1ps0itipuib3020i4ahhnorp5hcj2l05p04n5129l8a6xxov7d1ud65mztrtnbwbcyn4ucpwu79dby0beya84xkugeju50gucph29m269emxaypdtnuv/test_predictions.table.json", "_latest_artifact_path": "wandb-client-artifact://b7rebhyo888ogr4ermmvuychjh4qegnefm39oxhq1kv8tvotkhresxxewylsa440hpbu4tgia3qwnzc4rtdnm9ss06oy69pbzz07l62e7ixskgvs7jsataq67xpehdoh:latest/test_predictions.table.json", "path": "media/table/test_predictions_190_f6fa758cd5bb054954d9.table.json", "ncols": 8, "nrows": 168}, "test-metrics": {"_type": "table-file", "sha256": "92be011d7495af2afbe9c7e69b972234bef8d755294bb3ca1cb10a3bb5620251", "size": 211, "artifact_path": "wandb-client-artifact://p8ewni6kivh969ti29yr0c1qnnxcu9qqq1tv4nj206t7ufc797qzbj4vllnbkljytn2mko5v05mz2ruv41szcyyq6avhzt1u79x6qfff7d86y8nuhxre6zndli3jfgpu/test-metrics.table.json", "_latest_artifact_path": "wandb-client-artifact://s0tz0lqbtqn61tr7fpdwv0cka51pbqbme58v1wnexwaazm81f494lrtr6pdwrta08zegof5b6av94iudgrspjukthw8q6gdscgtff4b6kskrfgm5a9vcglgzmgmpcfvo:latest/test-metrics.table.json", "path": "media/table/test-metrics_191_92be011d7495af2afbe9.table.json", "ncols": 5, "nrows": 1}, "test_connective_metrics": {"_type": "table-file", "sha256": "53a47e7df78265b57403c06d3f5e521d8d647eb19166cf1043c5f0ddee8e5347", "size": 421, "artifact_path": "wandb-client-artifact://u7lwde6cf1nkirzw4163ri9l94wj4bmz4ztaonhd91ql1sz8gms55xtrbyzcx04r3rcwfl5lpb7322bdjvmhb2pajclnuj8scp8t1yts208xjxw1o9jz1cxjr5sghn32/test_connective_metrics.table.json", "_latest_artifact_path": "wandb-client-artifact://pa03rlvyt3l1t1ki6q9ru0ofjtpyp4ndvt2i2skz50csorroowaeh0cym5sg4vknoqerc6h1fm090ggpyzoisj4zh1sfk7ravmedsn4nq8v5r3cm5bu0up1xofszkptp:latest/test_connective_metrics.table.json", "path": "media/table/test_connective_metrics_192_53a47e7df78265b57403.table.json", "ncols": 6, "nrows": 3}, "Exclude_counts": {"_type": "table-file", "sha256": "b29489d20e57d05bb6aec67be60a99d8dcef8e432ded61216e66508bd510be58", "size": 90, "artifact_path": "wandb-client-artifact://l9hykwjwq1ud777i5en9o76tlina016ipihqx9lpcj6qcep7k2ejlsm9106ed44n6ckptotsxhhgmg9ygyczwgvl4tmtv3ne3inb5cjwnznbfz6lkbw5bdch1ay2clgb/Exclude_counts.table.json", "_latest_artifact_path": "wandb-client-artifact://i0maimtq7hqds95vm9jwbznyns14ps310tl7gtiofszygyx9x2jhpkv87uv685sj8741d9013sccne2sqssvh3z8n7h7xza4nlflitzuispds740tyfswq8lmfof4vx7:latest/Exclude_counts.table.json", "path": "media/table/Exclude_counts_193_b29489d20e57d05bb6ae.table.json", "ncols": 2, "nrows": 1}, "_wandb": {"runtime": 658}}