{"test/loss": 1.8371832370758057, "test/accuracy": 0.1, "test/precision": 0.0625, "test/recall": 0.125, "test/f1": 0.05, "test/runtime": 0.1136, "test/samples_per_second": 88.053, "test/steps_per_second": 17.611, "_timestamp": 1736691755.0375423, "_runtime": 19.68153142929077, "_step": 23, "epoch": 4.0, "train/f1": 0.175, "train/accuracy": 0.2, "train/precision": 0.5555555555555556, "train/recall": 0.3333333333333333, "val/f1": 0.175, "val/accuracy": 0.2, "val/precision": 0.5555555555555556, "val/recall": 0.3333333333333333, "train/loss": null, "val/loss": 1.6565672159194946, "eval/loss": 1.6579898595809937, "eval/accuracy": 0.2, "eval/precision": 0.5555555555555556, "eval/recall": 0.3333333333333333, "eval/f1": 0.175, "eval/runtime": 0.1121, "eval/samples_per_second": 89.221, "eval/steps_per_second": 17.844, "train/epoch": 4.0, "train/global_step": 8, "train_runtime": 15.7058, "train_samples_per_second": 19.101, "train_steps_per_second": 3.82, "total_flos": 10524725698560.0, "train_loss": 1.7899118661880493, "label_metrics": {"_type": "table-file", "sha256": "5084c52b5fcd1d34fba3e3181df823ef3f777e9f7d692b82b1d3e57a80c2a439", "size": 329, "artifact_path": "wandb-client-artifact://w1fz3x7p617or02hfhxw9me9hql7vy5f78hbev9f0harcfibsyxn30vlxzqlyctncuo91xkad081videc9eqjw918zv7ntr4sqluts738bj6vymgbczh1r25cmpatqb4/label_metrics.table.json", "_latest_artifact_path": "wandb-client-artifact://cq6d31ldllnroh6woz2h7b90v3oqwo2i3prae9pur8dqzak2lbo8al522zhg9own1by8rwtyjmwppruj8f7dpo6hcuk06t1ttq0d75gqkd5tug5mqzab7xmicffzxdrs:latest/label_metrics.table.json", "path": "media/table/label_metrics_19_5084c52b5fcd1d34fba3.table.json", "ncols": 6, "nrows": 4}, "test_predictions": {"_type": "table-file", "sha256": "a36eeb08176863c7febdc613edfb0e36fd3c9f364f2e2d8e44e9bbc7eeb666c8", "size": 4934, "artifact_path": "wandb-client-artifact://92jh4k83o30idtv3y7slgb93ong02z93h3wam0v40uskc98wcfqs6cbhqvdltes2j2a0ecdfocmhmic1pvm0anjgtgswhwgp4hg5fei10jwlso1cy2bq01osovwr3lku/test_predictions.table.json", "_latest_artifact_path": "wandb-client-artifact://z89c903plrqk6jcrd96gx46tpgd49gmdu3o6k6yc0uy5pse9kkoy571obo5hz5pqo0r42ma5huss7jztwfjumv2oc6xfdm1j0ql90c2uwqhi378ub6yaf8knz0duq4g4:latest/test_predictions.table.json", "path": "media/table/test_predictions_20_a36eeb08176863c7febd.table.json", "ncols": 8, "nrows": 10}, "test-metrics": {"_type": "table-file", "sha256": "712394f828e8286b0259b7a12149a21de5c2f46426d9fbd14e5c844c94350035", "size": 136, "artifact_path": "wandb-client-artifact://8ke61w4itlvzzwqnspryxedb5s0js52aps1gm4ae7cjs4zf4v06prculiemejwaxhsnu2e8asq5mltxq4nf6t4d3343cxdxr9nb7osh7fmrmbjse1jmweq9if9eyxugo/test-metrics.table.json", "_latest_artifact_path": "wandb-client-artifact://foinwh632dm0mf10dg6v67e5h64aoh2wqoq9is2p02nb9br5n95jz4fn6rq0y0tf2soqcbn21t5jbqurexssalqcahjx7k7x7y8gemzy45ax994aoptmzswwfl460a57:latest/test-metrics.table.json", "path": "media/table/test-metrics_21_712394f828e8286b0259.table.json", "ncols": 5, "nrows": 1}, "test_connective_metrics": {"_type": "table-file", "sha256": "a480de676315d63c329b67feed38f9510e529e41d5f138a1155128618b1f0714", "size": 157, "artifact_path": "wandb-client-artifact://0656cgtg46s1nbu9o7opoxrrr59lwartnh7sfz153hehi9ar3hqwplob0bbxtksavtwt411muwn6o4fscdkzz8aix980ld7dnw1wtqsowext5w7kucx773dpcwxsrp8v/test_connective_metrics.table.json", "_latest_artifact_path": "wandb-client-artifact://2waif63x877xryf5d9b5o5z4mps3tdu97m2n2uk68fknyhdvs1d3nta381sidrxfdukk3t57br2gqr1gri1i14155nfqeedi7fzyqwsrxmn02fqpiwyhixxwy4bbyxxs:latest/test_connective_metrics.table.json", "path": "media/table/test_connective_metrics_22_a480de676315d63c329b.table.json", "ncols": 6, "nrows": 1}, "Exclude_counts": {"_type": "table-file", "sha256": "3a3e16eee488be4d9705c81c282778d2e17c222f184cef71ed7ae945012d1110", "size": 66, "artifact_path": "wandb-client-artifact://x0bqnn7pafm5dv8r2rpstbn4x9cdc03mg5f4lxfx3s36643wjugem5v7i7fy8cku2s0sdeytb06z4v3qn8equr20fwa4r3kvvouior2fwiqapdn41phby8l579ikjmaz/Exclude_counts.table.json", "_latest_artifact_path": "wandb-client-artifact://kabc8w3ex43zegenw7mtzciinvzcgft5py7osovkdr9q189h34qpkgutl9x3big0nn3q9by4y4pqzp8wypdfk7d815eeg0h07a2u6nfmr4sg1qvr1ox8e2r78at9x955:latest/Exclude_counts.table.json", "path": "media/table/Exclude_counts_23_3a3e16eee488be4d9705.table.json", "ncols": 2, "nrows": 1}, "_wandb": {"runtime": 27}}