{"train/loss": 0.0111, "train/grad_norm": 0.0035591167397797108, "train/learning_rate": 2.7827050997782704e-05, "train/epoch": 15.0, "train/global_step": 2505, "_timestamp": 1739759917.8880813, "_runtime": 2278.3220942020416, "_step": 318, "test/loss": 2.0622308254241943, "test/accuracy": 0.7440476190476191, "test/precision": 0.6350538793103448, "test/recall": 0.5449088112502747, "test/f1": 0.5671328949990038, "test/runtime": 4.4223, "test/samples_per_second": 37.989, "test/steps_per_second": 4.749, "epoch": 15.0, "train/f1": 0.991371083531455, "train/accuracy": 0.9962546816479401, "train/precision": 0.9857142857142858, "train/recall": 0.9975663352194694, "val/f1": 0.5541932712956334, "val/accuracy": 0.8203592814371258, "val/precision": 0.70314350864724, "val/recall": 0.6229166666666667, "val/loss": 1.2595958709716797, "eval/loss": 1.1807910203933716, "eval/accuracy": 0.8502994011976048, "eval/precision": 0.7674603174603175, "eval/recall": 0.7508333333333332, "eval/f1": 0.7514880214177445, "eval/runtime": 4.3955, "eval/samples_per_second": 37.993, "eval/steps_per_second": 4.778, "train_runtime": 2265.6163, "train_samples_per_second": 17.677, "train_steps_per_second": 2.211, "total_flos": 5269035292646400.0, "train_loss": 0.20467298956213337, "label_metrics": {"_type": "table-file", "sha256": "5a028c96ae42c7440e9b391f4aea36c8b4ce689d09aa9e0f7c0c6543f8392173", "size": 613, "artifact_path": "wandb-client-artifact://9m92uoac31tl9flxny5otqk5san6s2oh2lxch3s3u2j0fcdi2sxgy3dxu2vxeq8oo4riw32qcgcnndnazoavdlui3bqj31e07sdmqjxhh8sqfe3gq1kcfzvwbcapdkzd/label_metrics.table.json", "_latest_artifact_path": "wandb-client-artifact://ytg90t1mfj07mjre3px8bxpd10oiod75zjmx4fqxg2qrvl15xmjgvsqq2w5smpv3tv0tg6na2xbsrn56uw8bhw3xjqjm4qils7rs949ji8qtxjpner3jx4pik2dd7eae:latest/label_metrics.table.json", "path": "media/table/label_metrics_313_5a028c96ae42c7440e9b.table.json", "ncols": 6, "nrows": 5}, "test_predictions": {"_type": "table-file", "sha256": "dee00879e12747e997baf860cfbd14eb390a667e622713c600c48f7438cba7c9", "size": 53622, "artifact_path": "wandb-client-artifact://5pv7czzhqvqu8th3bjo8kruql60jy9ytc1p3hukvblfokqvklb71skzk1zh9vrnoq9wtlfueeenl2fwxiuseeaakie1wmtrgudvvijgq40mzcqhqqea4fftzccf8os46/test_predictions.table.json", "_latest_artifact_path": "wandb-client-artifact://z1yetzz44alechywgmn3czd8ocbbl9ztov1q7fegqnwyrpk5bcdy3zmtkbgx366iwybf1sz79m8jnor0mppmyn03nzhtq10j4teu5rw7ucbgtd7irbqlm3f6t3jrv4lg:latest/test_predictions.table.json", "path": "media/table/test_predictions_314_dee00879e12747e997ba.table.json", "ncols": 8, "nrows": 168}, "test-metrics": {"_type": "table-file", "sha256": "639c020d27b7de85ec4db43c4a6e50d0610edb24d7de5762cb4bbe6218b91297", "size": 195, "artifact_path": "wandb-client-artifact://rvqhl0xc3qgzlnd2incivuvk2z6yyhmu6xv7e4inzxv1lut5kimdiddq68cwwdi8f4ii11w6emzxylr2td7phqn9frvye2716mdwp9wtpg6z0tnbihn5w74k98k7qvky/test-metrics.table.json", "_latest_artifact_path": "wandb-client-artifact://grvme2ek30b6o9i1yxxdjafuttlddyth611vjhebjlugk1825ykexh5ahf4qhhsx9mryxjvzhqdff1oxhidke4yi9nw0y3qitramqmcnnxe18rti8k5hmqz5sgm0nu7r:latest/test-metrics.table.json", "path": "media/table/test-metrics_315_639c020d27b7de85ec4d.table.json", "ncols": 5, "nrows": 1}, "test_connective_metrics": {"_type": "table-file", "sha256": "1390c36bb37755ee512e122979ad649a7f988e3fdae6a9359d204cc395c7e400", "size": 408, "artifact_path": "wandb-client-artifact://56et0112uj7jlzzvaqv0f5sqmwmttaecb8fghg76njrm5fxhsqdeb52f4z4rubabikffwdtnte0qet2rfli4sg9lk6z3h64utu8o5u1lw31caxytcypk8pku3paqer8w/test_connective_metrics.table.json", "_latest_artifact_path": "wandb-client-artifact://u6jc7vpmf2m6wkkegllszcatmc1b7067hlnst6lc95d4xzrfvio45s70wl9v07rq3o24hmgn39gi0iy08gnc1gwhm3ntckl89agrhu2m05m8nvsrx23ikcosttdgjlu4:latest/test_connective_metrics.table.json", "path": "media/table/test_connective_metrics_316_1390c36bb37755ee512e.table.json", "ncols": 6, "nrows": 3}, "Exclude_counts": {"_type": "table-file", "sha256": "14b17048af7d70db18371f6d087e4493b63d0c540484cbe27bc06c81be6115b0", "size": 74, "artifact_path": "wandb-client-artifact://pp3nw5h5mlzzzrec6i6ii6ng9kvqpgb6s9nj44zwo2ixt581gmqfpc73kjdd50zmj1lsvczd2r7ak7lu1wq8mlwb3rsfwoncrfhen0qau69hvylo3zqr4h6yc9isb853/Exclude_counts.table.json", "_latest_artifact_path": "wandb-client-artifact://zh2wcmtv529n7rx79b4vo44c5abn25a7z1kdfvdpb3twnfen9xl33cwqphfzgfqfd6afyz6rtf0yeiwbt6lcqm7wj2a3jiz5tdh6250rswf7j4z2gixdtjcs7li0uc99:latest/Exclude_counts.table.json", "path": "media/table/Exclude_counts_317_14b17048af7d70db1837.table.json", "ncols": 2, "nrows": 1}, "_wandb": {"runtime": 2285}}