{"test/loss": 1.7156797647476196, "test/accuracy": 0.0, "test/precision": 0.0, "test/recall": 0.0, "test/f1": 0.0, "test/runtime": 0.1146, "test/samples_per_second": 87.267, "test/steps_per_second": 17.453, "_timestamp": 1736657001.9029973, "_runtime": 11.273567199707031, "_step": 23, "epoch": 4.0, "train/f1": 0.0, "train/accuracy": 0.0, "train/precision": 0.0, "train/recall": 0.0, "val/f1": 0.21333333333333332, "val/accuracy": 0.4, "val/precision": 0.275, "val/recall": 0.2708333333333333, "train/loss": null, "val/loss": 1.599637746810913, "eval/loss": 1.6024229526519775, "eval/accuracy": 0.4, "eval/precision": 0.3125, "eval/recall": 0.2708333333333333, "eval/f1": 0.22999999999999998, "eval/runtime": 0.1135, "eval/samples_per_second": 88.123, "eval/steps_per_second": 17.625, "train/epoch": 4.0, "train/global_step": 8, "train_runtime": 7.4817, "train_samples_per_second": 40.098, "train_steps_per_second": 8.02, "total_flos": 10524725698560.0, "train_loss": 1.698500633239746, "label_metrics": {"_type": "table-file", "sha256": "a2143648a277d633d4ce8c78f8f086ff5e7a8cd4665d8949ea953d856b02e441", "size": 295, "artifact_path": "wandb-client-artifact://47u0um6e2rudo407ktqepkx1c8u1uegm4owfu87a3cxrbow6ebliyc3ki85oo6b4lwl7gdohrd27xouvons6w9byrjzn6sa5da6eg027cbi4d0wgpc5s0viz4n5z6ijg/label_metrics.table.json", "_latest_artifact_path": "wandb-client-artifact://ft3e8cgli4j4cvx667w8lm0a4zq8ycx8ybuyqy72bzdqnu6tvngl8o9euofb4nxon407f8r6ju9c4ao7ia2xhkh6mk56hh2fvge8fj4rpa7qqfm52c5x5fq6mg5c3872:latest/label_metrics.table.json", "path": "media/table/label_metrics_19_a2143648a277d633d4ce.table.json", "ncols": 5, "nrows": 4}, "test_predictions": {"_type": "table-file", "sha256": "9a3c75a25d66f89e6b038ff7bf8a6acf75ffdeeef9290ffe549522ff8827dff0", "size": 4964, "artifact_path": "wandb-client-artifact://t88qp6oq8so83l97q2yv7jvjt4fg2ml0njo42ntxraabfdcie7o16utd210x0ncu5dkmx3qop2x9ewkyd5wi2lhx3hmp8fpzawmfscltwhku1or0b0xjle9a9tjr1o6m/test_predictions.table.json", "_latest_artifact_path": "wandb-client-artifact://k0kenpw6h873aqdgnshpvpvv6ox1onzz27ilhwlnlr0ytjsmm75k2dmnpsiiks3i54pgwk90x3lbsxxi16l8xphsd9c99nlyhf42nkaj0j638as53zsol2a1o5s5gjyl:latest/test_predictions.table.json", "path": "media/table/test_predictions_20_9a3c75a25d66f89e6b03.table.json", "ncols": 8, "nrows": 10}, "test-metrics": {"_type": "table-file", "sha256": "7a0e23bdb900e7860a58ddb09d3747f1ea33fbf4e078a89879ce1718efa23a46", "size": 130, "artifact_path": "wandb-client-artifact://s1kqkeuflyp833020wg08nfpvj8vozdzltm94j17lwaa0rcmqse2eatdachwy6ysgkobtb9jnszxonb4z7mdlkpx43vnaxge4c2c4jlhgd9y7t1k95gy2rsm27rkw2h0/test-metrics.table.json", "_latest_artifact_path": "wandb-client-artifact://o1vukrkhvibffoufwsot7911x8vk2cvoqnjvwut4yltym2k6sshnigir3vdr7865vmgffmsqc12a76k3czsu5ycnrdosd75mj132ag6ytmevutv210p4k9irsd7ndk9m:latest/test-metrics.table.json", "path": "media/table/test-metrics_21_7a0e23bdb900e7860a58.table.json", "ncols": 5, "nrows": 1}, "test_connective_metrics": {"_type": "table-file", "sha256": "2460a33ae9e4ea33d9a8d20258d1cf0602079f79ddf1c7b00d711745ae8f9533", "size": 151, "artifact_path": "wandb-client-artifact://89bepaacihkry7zls7k30k3akjl5tymu1x0a9wozy8mupiajjv4jtfzk3c1zl0oif4ply4416uhn7j2g134dkyr3p668zosllhcqw006is0jz8zz3rqn6rdmt1s081cd/test_connective_metrics.table.json", "_latest_artifact_path": "wandb-client-artifact://t40nnq5bprzyyvwrgtmmzb58da85ymacgccttfsfveakqz4s2lcqkyw1masiq1uqptxj919t95hld8tp6jwypuk7gbvg0zjm6jp5niq6pfvdicgf1cll1v4hv0zah819:latest/test_connective_metrics.table.json", "path": "media/table/test_connective_metrics_22_2460a33ae9e4ea33d9a8.table.json", "ncols": 6, "nrows": 1}, "Exclude_counts": {"_type": "table-file", "sha256": "3a3e16eee488be4d9705c81c282778d2e17c222f184cef71ed7ae945012d1110", "size": 66, "artifact_path": "wandb-client-artifact://p5nkicypmvlkfae403bh57xnx96a1trc1qykxw2lyt9t30r75rbtbn8zlrxnm0knishh8tk0ryw5t38t8f171a0npsijn34uu096kihhfeb2v7ogak4uo0uzn39s9zcj/Exclude_counts.table.json", "_latest_artifact_path": "wandb-client-artifact://ud34rccsybmzj11wwqt2mygf7esn1dpdvgrb18wi42r32wndl3v36pvugcj0t1d6wzsx5fa56bm4qsjtmt5i2rwkdsacphdms5oadertfszatvd7n42h21nu4bo0pil2:latest/Exclude_counts.table.json", "path": "media/table/Exclude_counts_23_3a3e16eee488be4d9705.table.json", "ncols": 2, "nrows": 1}, "_wandb": {"runtime": 18}}