{"valid/loss": 0.030265599310755016, "valid/accuracy": 0.718562874251497, "valid/precision": 0.1437125748502994, "valid/recall": 0.2, "valid/f1": 0.1672473867595819, "_timestamp": 1715511749.7159345, "_runtime": 292.4215884208679, "_step": 24, "trains/loss": 0.003301226780209202, "trains/accuracy": 0.750561797752809, "trains/precision": 0.1501123595505618, "trains/recall": 0.2, "trains/f1": 0.17150192554557125}