{"test/loss": 1.5750048160552979, "test/accuracy": 0.3, "test/precision": 0.2333333333333333, "test/recall": 0.3125, "test/f1": 0.2222222222222222, "test/runtime": 0.1153, "test/samples_per_second": 86.718, "test/steps_per_second": 17.344, "_timestamp": 1736581158.1820548, "_runtime": 143.95131468772888, "_step": 99, "epoch": 1.0, "train/f1": 0.19444444444444442, "train/accuracy": 0.3, "train/precision": 0.27777777777777773, "train/recall": 0.18333333333333335, "val/f1": 0.14583333333333331, "val/accuracy": 0.2, "val/precision": 0.19444444444444442, "val/recall": 0.14583333333333331, "train/loss": null, "val/loss": null, "eval/loss": 1.5421491861343384, "eval/accuracy": 0.2, "eval/precision": 0.19444444444444442, "eval/recall": 0.14583333333333331, "eval/f1": 0.14583333333333331, "eval/runtime": 0.1153, "eval/samples_per_second": 86.693, "eval/steps_per_second": 17.339, "train/epoch": 1.0, "train/global_step": 2, "train_runtime": 13.0739, "train_samples_per_second": 0.765, "train_steps_per_second": 0.153, "total_flos": 2631181424640.0, "train_loss": 1.6293275356292725, "label_metrics": {"_type": "table-file", "sha256": "6113a18ecf12fde84aa6b45771f99031cd68cf2d86712b064c889d7a61ceb54e", "size": 407, "artifact_path": "wandb-client-artifact://motwaulhjzkpc3ed3foay9mbv6ffg58v5plapmiqkkz80hz8toyamp3zqe5y1bsp2wfw269nff1f2ej8mgb849wght2a03xbod6d731ip1ync56dcevxpvhuj3qo69bc/label_metrics.table.json", "_latest_artifact_path": "wandb-client-artifact://9bg5cx3yynf7p77mkawfqwxskxuvo0ql2nr7xs7utdyk99libdl0vkkmch3kwwn2j42hvkrgrbnc36m6ylak4eezn0d12mcai7p4nibkak0dgculwj0yrqryhf2nl1dq:latest/label_metrics.table.json", "path": "media/table/label_metrics_97_6113a18ecf12fde84aa6.table.json", "ncols": 5, "nrows": 4}, "test_predictions": {"_type": "table-file", "sha256": "e032822caffc177aee38a7053f96666a3cd55c75c74dfd28e0c63a4c122183b6", "size": 4952, "artifact_path": "wandb-client-artifact://upqdr1adm9xmftwomrdypug4mf1a7b0ytw2r911vxdfcbpputmyw9gssco57cu0uoqkvstu2x5d8z7amedpjl8cocoxkhtarwfbl6hea65eyk3dbulx33mjfb9xncj47/test_predictions.table.json", "_latest_artifact_path": "wandb-client-artifact://47mn30fyykkqsnvtf472ezenb4zdy0ju7jlm04cti2uga38q0i3anjk1hjhj6l7fzyctkfmpglmgjxaf6xfadv4g20i1xipou3wq33rgn3jdy3vtvjep01wdytw1659b:latest/test_predictions.table.json", "path": "media/table/test_predictions_98_e032822caffc177aee38.table.json", "ncols": 8, "nrows": 10}, "test-metrics": {"_type": "table-file", "sha256": "95bf608fb6ef6583fb1ab171c9df26d0bf9638847f9a75ff91349fd78b683f1b", "size": 187, "artifact_path": "wandb-client-artifact://o61polfmhln75nzz34ftlth2jcccrsc7fnkhlxnewuicf4rs026kils0mrkm5tkgajeteah1wxey70lbxsavexmhapkudkx1kvg57d4hei5j6lq2r1yytxe2kpf09mvo/test-metrics.table.json", "_latest_artifact_path": "wandb-client-artifact://noef82rkso9o25qocik45tnxppw8j8sbmzw6yfdyszub1reohkambi1e2trjirc01kf9gpa2ssb22l0r8jqelohipq8dkd11ruh3t1le261khbimpyou2x0u6rugh47u:latest/test-metrics.table.json", "path": "media/table/test-metrics_99_95bf608fb6ef6583fb1a.table.json", "ncols": 5, "nrows": 1}, "_wandb": {"runtime": 148}}