{"train/loss": 0.0003, "train/grad_norm": 0.008215025067329407, "train/learning_rate": 3.7028824833702884e-05, "train/epoch": 10.0, "train/global_step": 1670, "_timestamp": 1743060430.6117473, "_runtime": 725.2284142971039, "_step": 215, "test/loss": 1.063233494758606, "test/accuracy": 0.8154761904761905, "test/precision": 0.6024296296296298, "test/recall": 0.6319116677653264, "test/f1": 0.5635737232746206, "test/runtime": 1.8864, "test/samples_per_second": 89.06, "test/steps_per_second": 11.132, "epoch": 10.0, "train/f1": 0.9786111461790004, "train/accuracy": 0.9932584269662922, "train/precision": 0.9747404299546811, "train/recall": 0.9840481714260761, "val/f1": 0.6352380952380953, "val/accuracy": 0.8802395209580839, "val/precision": 0.9043859649122807, "val/recall": 0.6158333333333333, "val/loss": 0.9741026163101196, "eval/loss": 0.8075351119041443, "eval/accuracy": 0.8502994011976048, "eval/precision": 0.7070824524312895, "eval/recall": 0.71875, "eval/f1": 0.7018779571728209, "eval/runtime": 1.8725, "eval/samples_per_second": 89.187, "eval/steps_per_second": 11.215, "train_runtime": 717.8717, "train_samples_per_second": 55.79, "train_steps_per_second": 6.979, "total_flos": 3512627201894400.0, "train_loss": 0.26095160669828404, "label_metrics": {"_type": "table-file", "sha256": "6edb53758f1be6a9bb94717bc2c7098f886be9a12c1cdddd337fae0af28a038d", "size": 634, "artifact_path": "wandb-client-artifact://uopwxxf2g8zliszhliwff7mamv7y6h4uufbtrsrkzk3ayo10blyy1tl3zrv5fq9ywbyjwbjc77wrtpdpvireob5akpkvnh1cso4aceo3w8ovkz7crcq3e1unvf1738zs/label_metrics.table.json", "_latest_artifact_path": "wandb-client-artifact://u8p7t9k6xhmcriej71vsame8aaeqzvlbfbg96rjprf6tj0o6lr7c61xzrhrup1ra992c54jkyltx9etcadpc4y4m3ygg8hytdfrwz8ciigvvmkbvd10ny067p5eiijut:latest/label_metrics.table.json", "path": "media/table/label_metrics_210_6edb53758f1be6a9bb94.table.json", "ncols": 6, "nrows": 5}, "test_predictions": {"_type": "table-file", "sha256": "37e1efd9d0e324b46f42cbaa63cbc22c5f87ed920ae061346ee4653baaa618b2", "size": 87142, "artifact_path": "wandb-client-artifact://oh5tqys32iimmkz8pamhf17k729315z4bp42ef4xpvfokqeouj5hyknjcrixgkhbdtflzpg16ucqqbr5c1m8yis13m4rbvj2lyudmytairnxq5n2t5ot26ulbu8pxfqj/test_predictions.table.json", "_latest_artifact_path": "wandb-client-artifact://1dmxif9kwzhdjyrknm6btrvyohdljt8wrpb1o1iqfwsfox6xf0k93zgfiuit7alakcnusiazyo48fl0e2tn5dpedciltw9j4r6slcmksgns7p2l3eo4yqkjbp3rvcea5:latest/test_predictions.table.json", "path": "media/table/test_predictions_211_37e1efd9d0e324b46f42.table.json", "ncols": 8, "nrows": 168}, "test-metrics": {"_type": "table-file", "sha256": "90d878caff0d3566f4180f69b412016175188ce7c19aa409928691fdfd7d1854", "size": 203, "artifact_path": "wandb-client-artifact://sk2lny2yjslaqpfvei91nlxjwskiskxmpaftazz185rvkdkl4zzdu7ywa2c3m4f3p4565ljehh46r0wd9ky4vs33x3qwspodssqmo6s2hw0ayyqdrrj5a88a5vfrm3gm/test-metrics.table.json", "_latest_artifact_path": "wandb-client-artifact://5zoasdk02n5b0jfxzfe7decn5pht4qw8uefb5v8tut9vquf26zp2knnjx5chhf5ok2vjahuomz71exkslbuo6b63lj69elvmbkew1nrf0mafum5ecvb7uxrv3t3ywfp7:latest/test-metrics.table.json", "path": "media/table/test-metrics_212_90d878caff0d3566f418.table.json", "ncols": 5, "nrows": 1}, "test_connective_metrics": {"_type": "table-file", "sha256": "246d66dc7ba56e7f5348792fe2aa907fb3f0bc0bf4b07cba33cd2ea731c7fd78", "size": 442, "artifact_path": "wandb-client-artifact://qi09du7cgm6z3me42gjwwv9kj1k3t7t04nklnugtgjslq4osyfuo8pt0othyumbo2ul5iasu6ahs53nw38bnoxs8c7t7jgvlab80xqsgc464ztbsn8zjei8fl6ig8yz4/test_connective_metrics.table.json", "_latest_artifact_path": "wandb-client-artifact://sedabtjlsy11wlk2smwcoe8rgtbhxzls78f0i6sumj1gghy6n3hlr1dov2ha87vn8apxqetaxw7tojk0svy380tnja9x1ns2gom3k58vfd06p7nmmtrb4ahovcaueb1w:latest/test_connective_metrics.table.json", "path": "media/table/test_connective_metrics_213_246d66dc7ba56e7f5348.table.json", "ncols": 6, "nrows": 3}, "Exclude_counts": {"_type": "table-file", "sha256": "ef52b237b8fb84fe8f03bdad3c5f8451ff086bce62bb1cbf03795a0e9e806bb3", "size": 81, "artifact_path": "wandb-client-artifact://ttfhqioehyfbhghwjk9j5bzi1poe23fw8xva81fhxqbx66if3b85y4jjb3x6f484qj1wcjvjt55ts0ti4ksfz9divipeuk6ezl83jr8hh3xh2tq51mgoqglgedafe3um/Exclude_counts.table.json", "_latest_artifact_path": "wandb-client-artifact://keulz4hxjpt2zxnfs4m53oh0zfjciy4wxilam5gz3tv6pds4n3trhfoha71c0aox0dzet3zbtaz3us2p7qp9prujv1x850uuvlz0o8e4xh09eunwpgh17afr1mb736sm:latest/Exclude_counts.table.json", "path": "media/table/Exclude_counts_214_ef52b237b8fb84fe8f03.table.json", "ncols": 2, "nrows": 1}, "_wandb": {"runtime": 732}}