{"train/loss": 0.0002, "train/grad_norm": 0.018129713833332062, "train/learning_rate": 2.971175166297118e-05, "train/epoch": 14.0, "train/global_step": 2338, "_timestamp": 1742979632.844898, "_runtime": 1025.7660188674927, "_step": 297, "test/loss": 1.909515380859375, "test/accuracy": 0.7916666666666666, "test/precision": 0.6218521062271062, "test/recall": 0.598551966600747, "test/f1": 0.5716140376204073, "test/runtime": 1.8703, "test/samples_per_second": 89.826, "test/steps_per_second": 11.228, "epoch": 14.0, "train/f1": 0.9962103761807655, "train/accuracy": 0.9977528089887641, "train/precision": 0.9938300505464686, "train/recall": 0.9986833672105331, "val/f1": 0.6341347905282332, "val/accuracy": 0.8502994011976048, "val/precision": 0.66321044546851, "val/recall": 0.6466666666666667, "val/loss": 1.1889302730560303, "eval/loss": 1.191857933998108, "eval/accuracy": 0.8502994011976048, "eval/precision": 0.66321044546851, "eval/recall": 0.6466666666666667, "eval/f1": 0.6341347905282332, "eval/runtime": 1.8576, "eval/samples_per_second": 89.9, "eval/steps_per_second": 11.305, "train_runtime": 1018.4307, "train_samples_per_second": 39.325, "train_steps_per_second": 4.919, "total_flos": 4917678082652160.0, "train_loss": 0.17745805219893518, "label_metrics": {"_type": "table-file", "sha256": "fb2d7c6fb1250e404a2734f7640eea93cbffd17cdd014f554014a77148645276", "size": 616, "artifact_path": "wandb-client-artifact://vvdderfueodl12rxh179jqu815hzcnweensaeoh1lpipm948r5broti8ffc2cdbbh33zdvp6ohbfeu0e95awx88sp1dcobqdbexvx4vc1w6j06lsh2hbn9d1s9kd3lyw/label_metrics.table.json", "_latest_artifact_path": "wandb-client-artifact://40tymh7jpxrcj5e3us2658ctbeap2i8lgk7wg4p913upoh341ao3hoa9kg3y1ydgvklsc8djmeizcy0pv7ed7gmvw0oupbczej5tz5p4akpzcusttvm7w3bgy4wfkvao:latest/label_metrics.table.json", "path": "media/table/label_metrics_292_fb2d7c6fb1250e404a27.table.json", "ncols": 6, "nrows": 5}, "test_predictions": {"_type": "table-file", "sha256": "3b001ca53e48cd61fe1f167b971376b39a229a38998504e17092d2518ea61da0", "size": 53562, "artifact_path": "wandb-client-artifact://w1qbj21j1jtwgxxsebmey1hs7e9lrddoxwhd3a2v7qnqb6zmwrg4ndoj6qpeufml4rwyvkqxjnp6w8hz993iqu705z6fd4f9n5s4mnicebcn3ryncd04qusk118g2xfu/test_predictions.table.json", "_latest_artifact_path": "wandb-client-artifact://t14yhbp34lh5e351k0pqpjgr9lf25k2vq1onovkh1bv982wln2ahf3e59ybqeizgx6ohtbh4za7l6bf55ia2q3kdu7hdyqjlrzuuzacxbfcxidl722xm3crf6yemmgap:latest/test_predictions.table.json", "path": "media/table/test_predictions_293_3b001ca53e48cd61fe1f.table.json", "ncols": 8, "nrows": 168}, "test-metrics": {"_type": "table-file", "sha256": "5eb5cfcc5af8f87757db1fc60d997c3b4dc78fbae4950f09775fb38db4dbffb3", "size": 194, "artifact_path": "wandb-client-artifact://n6t3vmfkjgzcr9ha53p7mtusmnmw4dupff7quu0unbygg0lmwf8qgl4otc13a0u1gq74ym4crdmht44g7sq7qb4tn69lha3hqmvprwrsbzdgofqxvnadrmesb75k0xq5/test-metrics.table.json", "_latest_artifact_path": "wandb-client-artifact://aunkhqmqle2nv5jjx3ihbwqk1jptqg9bl2k2ztpjhuqvanhdvhq7wc7thfof74x13js84ejma1ckm7g4vmftb0hzfycpnaml97h7nk4lzdrqik24wbsw6da1pigvjxlq:latest/test-metrics.table.json", "path": "media/table/test-metrics_294_5eb5cfcc5af8f87757db.table.json", "ncols": 5, "nrows": 1}, "test_connective_metrics": {"_type": "table-file", "sha256": "fb1950c217c8a9adffe2f05338a49143d275176f173866a775050cd57fcc1b62", "size": 409, "artifact_path": "wandb-client-artifact://rrzto38vqdx8ojbgt490q6j289bl61dtswqhygfw5nih8vbmxcsb3ebre465pv55anxco7rvukzdzmxzuya8x7we1go7sxxkyg2fhlz1fp8s4g49vr6lyyu1qrmx4p6m/test_connective_metrics.table.json", "_latest_artifact_path": "wandb-client-artifact://w4qb3pglypxp76pnvfqk8fzv782yus6ajud7f4p1gxtx74eh3bhq28140gal7vf9ed0c0556zin9hf3vyxhz982h40tggvp7237m4ufdoo3c8idt7vgh3x9vr8qo33lc:latest/test_connective_metrics.table.json", "path": "media/table/test_connective_metrics_295_fb1950c217c8a9adffe2.table.json", "ncols": 6, "nrows": 3}, "Exclude_counts": {"_type": "table-file", "sha256": "14b17048af7d70db18371f6d087e4493b63d0c540484cbe27bc06c81be6115b0", "size": 74, "artifact_path": "wandb-client-artifact://logkg55ofm9rcg8nnz488foj2upnceh6g6wxsutxij21i94j11hnrpb3nf7gum3jnw9ewg8cuo34b51op4xdqrbp3gpsl7cp5ton1vzrsqxuok2ayuxv2d9uaibul37s/Exclude_counts.table.json", "_latest_artifact_path": "wandb-client-artifact://qeqbc6qi1b0bvl8nuygm20ifb38tsd6s72qgz1txkgec4n6py6w7mq37n0vvvwrgt4s8xzejwuohz5ohmb5rboyf24zy2znbbo0gw8hc5n0twwf2nohbopre2ti1jvi9:latest/Exclude_counts.table.json", "path": "media/table/Exclude_counts_296_14b17048af7d70db1837.table.json", "ncols": 2, "nrows": 1}, "_wandb": {"runtime": 1034}}