{"train/loss": 0.0021, "train/grad_norm": 0.0597694106400013, "train/learning_rate": 0.0, "train/epoch": 10.0, "train/global_step": 840, "_timestamp": 1719733614.043132, "_runtime": 1859.757050037384, "_step": 106, "epoch": 10.0, "train_f1": 0.9915454279572038, "train_accuracy": 0.9917602996254682, "train_precision": 0.9919343577770544, "train_recall": 0.9917602996254682, "val_f1": 0.8121129170230967, "val_accuracy": 0.8263473053892215, "val_precision": 0.8092276984492554, "val_recall": 0.8263473053892215, "eval/loss": 0.8790867924690247, "eval/accuracy": 0.8263473053892215, "eval/precision": 0.8092276984492554, "eval/recall": 0.8263473053892215, "eval/f1": 0.8121129170230967, "eval/runtime": 5.4536, "eval/samples_per_second": 30.622, "eval/steps_per_second": 2.017, "train_runtime": 1834.389, "train_samples_per_second": 7.278, "train_steps_per_second": 0.458, "total_flos": 3512627201894400.0, "train_loss": 0.3539066254671308, "test_accuracy": 0.8035714285714286, "test_precision": 0.803644620104123, "test_recall": 0.8035714285714286, "test_f1": 0.7830493415314844, "_wandb": {"runtime": 1858}}