{"train/loss": 0.0329, "train/grad_norm": 0.02577505260705948, "train/learning_rate": 1.2468827930174563e-07, "train/epoch": 15.0, "train/global_step": 2505, "_timestamp": 1735953113.9462974, "_runtime": 1089.4924013614655, "_step": 316, "test/loss": 0.8714069128036499, "test/accuracy": 0.8511904761904762, "test/precision": 0.7520261437908496, "test/recall": 0.6957745550428478, "test/f1": 0.7113965744400527, "test/runtime": 1.8558, "test/samples_per_second": 90.528, "test/steps_per_second": 11.316, "epoch": 15.0, "train/f1": 0.9777142435865084, "train/accuracy": 0.9940074906367041, "train/precision": 0.9931193263698234, "train/recall": 0.9640096769863842, "val/f1": 0.7859951159951161, "val/accuracy": 0.8982035928143712, "val/precision": 0.8236363636363636, "val/recall": 0.7920833333333334, "val/loss": 0.7433215379714966, "eval/loss": 0.5042839050292969, "eval/accuracy": 0.9161676646706587, "eval/precision": 0.8585253456221198, "eval/recall": 0.8683333333333334, "eval/f1": 0.8582591725214677, "eval/runtime": 1.8417, "eval/samples_per_second": 90.676, "eval/steps_per_second": 11.402, "train_runtime": 1081.8843, "train_samples_per_second": 18.509, "train_steps_per_second": 2.315, "total_flos": 5268940802841600.0, "train_loss": 0.17392800426298377, "label_metrics": {"_type": "table-file", "sha256": "5e0d7c1944b943c04d9d041e1410dcf20b8d4a2b2bdfdf90f20800f97aa135cf", "size": 472, "artifact_path": "wandb-client-artifact://97txqzqx7gs34n5hnvugnyz9yhcuqqc0a6doggg8jcmn7zmidan409l9axz2kycpgai9twxd19l3j2l4bgqcqk4tzks25y38dru7kr1jhiv33b3d3lrs67q4c2awackp/label_metrics.table.json", "_latest_artifact_path": "wandb-client-artifact://93s9nrohjn0qy18r3nnoev0upzx3x423gnzhljzd5gwgezwaqdpvryiia7eg5q7uzt7yf719eabeskpul9l97oe2vsdwouqhfw1q9m47urc3oxl526471e6qc2wbx9te:latest/label_metrics.table.json", "path": "media/table/label_metrics_313_5e0d7c1944b943c04d9d.table.json", "ncols": 5, "nrows": 5}, "test_predictions": {"_type": "table-file", "sha256": "b15f1cf805f1f09edd7404bff267976471d416c18f48753a3a95d8477faba6f5", "size": 88232, "artifact_path": "wandb-client-artifact://6smfb1w4m6u3c9rblhte5cpswb72mh1yoq9v2ru3rdctepjdofzkyt6o2st1p7n06w2s89u4xvgbssb7unmtae0ep6cuif11qs9d2mmi3wap3abb2frhutwzb51fdg94/test_predictions.table.json", "_latest_artifact_path": "wandb-client-artifact://1b6creu4xjk3ory4k01l2lbiqrdq88n284ggs802gy426ouqpbuy9pyj08t834om9hnoh6xd27zfpiazm9uvp5mwx3tkjfavkvq3iyuvrx15wuwlyxoyje581je7j47b:latest/test_predictions.table.json", "path": "media/table/test_predictions_314_b15f1cf805f1f09edd74.table.json", "ncols": 7, "nrows": 168}, "test-metrics": {"_type": "table-file", "sha256": "d9c1d71990bdaf7faa35589d5313db584dac0d3c7778819cabf55e4080d2dc66", "size": 196, "artifact_path": "wandb-client-artifact://9qqiwghtfy7dq0fwttqgcbujlcqnveuwkqzhwyzuk96i366ryndtaoezgtvs9x58jom98f37dkq37ckrew58tff453nxe1y1gzwo9bmh8z4hfgpiq2to4i0nkixi5lg1/test-metrics.table.json", "_latest_artifact_path": "wandb-client-artifact://bfy82ov0tgza1iipv994pj2y94797ude34d4t5epfyi9j8yojzf13dkpt8yhlgogo1yh5f7z3pnr655j0fn9thkjlmjls738v03dfh151rjpdhbtu9etw3fo9aif67fy:latest/test-metrics.table.json", "path": "media/table/test-metrics_315_d9c1d71990bdaf7faa35.table.json", "ncols": 5, "nrows": 1}, "test_connective_metrics": {"_type": "table-file", "sha256": "5ef2bb69731ecf434f0f4274a225fb625c80c74efa2dc1334143914eed66f8f4", "size": 422, "artifact_path": "wandb-client-artifact://monsrcood7vfrumtsazopwl5b5jf1cjsesijqgztc6c9s1q9pss04svsjt3t3v2mfqi32ut3er3n3eetv5ywf3ia7skeu707db8uwu3ste24y4z3nd59njf7zquzbo7n/test_connective_metrics.table.json", "_latest_artifact_path": "wandb-client-artifact://ft8aqoo0hr844gb55v218b2j7pcdhfx53roemjk8y06uu2yogu4njrm4ti5o0rb1poph2xakwprqfvosxd62lboxp8l6tx0647y724vt8sq1h57o2wnbt2uvabeqzsvm:latest/test_connective_metrics.table.json", "path": "media/table/test_connective_metrics_316_5ef2bb69731ecf434f0f.table.json", "ncols": 6, "nrows": 3}, "_wandb": {"runtime": 1095}}