{"train/loss": 0.0035, "train/grad_norm": 0.0037693416234105825, "train/learning_rate": 3.148558758314856e-05, "train/epoch": 13.0, "train/global_step": 2171, "_timestamp": 1742960880.7471104, "_runtime": 937.0079443454742, "_step": 277, "test/loss": 0.9803948402404785, "test/accuracy": 0.8869047619047619, "test/precision": 0.8768514276988852, "test/recall": 0.829134256207427, "test/f1": 0.8368801709464438, "test/runtime": 1.8734, "test/samples_per_second": 89.678, "test/steps_per_second": 11.21, "epoch": 13.0, "train/f1": 0.9791589859879106, "train/accuracy": 0.9940074906367041, "train/precision": 0.976388888888889, "train/recall": 0.983529941830222, "val/f1": 0.7426520964116872, "val/accuracy": 0.8922155688622755, "val/precision": 0.868421052631579, "val/recall": 0.7608333333333334, "val/loss": 0.8963013887405396, "eval/loss": 0.6733242869377136, "eval/accuracy": 0.9101796407185628, "eval/precision": 0.9033577533577534, "eval/recall": 0.8808333333333334, "eval/f1": 0.883199166967039, "eval/runtime": 1.8633, "eval/samples_per_second": 89.627, "eval/steps_per_second": 11.27, "train_runtime": 929.5406, "train_samples_per_second": 43.086, "train_steps_per_second": 5.39, "total_flos": 4566415362462720.0, "train_loss": 0.19761754313977378, "label_metrics": {"_type": "table-file", "sha256": "54a2467704e16b845840a20a2f1956653475f75cdd2e264d83f04a08dbadcf5b", "size": 582, "artifact_path": "wandb-client-artifact://z256zeco6rt4kjrv56t0hf9b79543bphjsnc4e6oe27j215ai8l1elppovxogxnwpim0eo57owy5lrb2pi50q768yx98mga9fzixnihj809278h0t8rxsfcil0wkjscx/label_metrics.table.json", "_latest_artifact_path": "wandb-client-artifact://u69ufxk24xd4kvaqs4xpwe4ahbbaaayrw13bn847jjuxh26xjo972me6natgngtjqkjzhy2o8qrmvo9ekkdm9ls35kpxpn8ez92gvqe0iafhs8bklq7j2hv8xzsoltwk:latest/label_metrics.table.json", "path": "media/table/label_metrics_272_54a2467704e16b845840.table.json", "ncols": 6, "nrows": 5}, "test_predictions": {"_type": "table-file", "sha256": "1a0510845e5b82d95d9dcf25c22d90459600c931e3ddcaa3c9887cb78da89842", "size": 88001, "artifact_path": "wandb-client-artifact://9l67d7ki5qqowtkfz9q7j7oj8tadfiiyq9mid1vnurb9q2tn1jhcskaiauglxaosdegjprjgqoc5ki77a2o0jbg5t1080p7l8o2uj9m50i2ugymxtk03mf93j9c1tqoh/test_predictions.table.json", "_latest_artifact_path": "wandb-client-artifact://omsdvomn2tt11zfn6jwexen71vek5xzk4lzut75ieh5rhf12233lz19dcdp4i2f712sexezq3kn3ga7isxs40tz71thg2sdxx3tvd5xtjy9kr6emb9amfhsvor9y6d4e:latest/test_predictions.table.json", "path": "media/table/test_predictions_273_1a0510845e5b82d95d9d.table.json", "ncols": 8, "nrows": 168}, "test-metrics": {"_type": "table-file", "sha256": "09579506f5246fe3f7b97a297ee5b3e01008bd69d99a674a326d1775cdfa31c9", "size": 189, "artifact_path": "wandb-client-artifact://ubx0vjhjcyfv9vof9ix0ka8yx1zl0900viitv0rtipcq2c9rxp8pliuu1xlpxw2sbkemgcqs42f85ta3gybsoy1hrt789y8zi6vh70q0s1ncv864vw1n3nl3syvfz3bb/test-metrics.table.json", "_latest_artifact_path": "wandb-client-artifact://co6cxvho6is1xbqwryd664ylyuwtf4cah59n6htl2t53qtedptc65yv4nwdaa5w352z8ca9ev1doi41qugalp6lrwisnhq7dunhshpzsp2oboffbd4ygrqeayl3criyn:latest/test-metrics.table.json", "path": "media/table/test-metrics_274_09579506f5246fe3f7b9.table.json", "ncols": 5, "nrows": 1}, "test_connective_metrics": {"_type": "table-file", "sha256": "29fb54605e4d0c3840734a99d81e2a29c03d56ba4b22f47766a0e5d878d51fe9", "size": 421, "artifact_path": "wandb-client-artifact://yyzy2tl9cj8ntvmoe1wrpjsdhlc852vmj9nwl9ksx4q0rmjr8817zkhg1xatbnd9k3mibpe2pmao6wwizqahk6h74a8783rhlhu8k1fbsurge8p5pat3qd6rgruxoxce/test_connective_metrics.table.json", "_latest_artifact_path": "wandb-client-artifact://xqwntd5711vlevjay0uhhrszwc5d2ez7j9ebiasscip2ef6er6ze288pspap7p7q5cgazyxqdn5kis73f5cvbt64fayapqah6bkel5qgtr3v3r8ookq1kyvjzasz5b6i:latest/test_connective_metrics.table.json", "path": "media/table/test_connective_metrics_275_29fb54605e4d0c384073.table.json", "ncols": 6, "nrows": 3}, "Exclude_counts": {"_type": "table-file", "sha256": "3a3e16eee488be4d9705c81c282778d2e17c222f184cef71ed7ae945012d1110", "size": 66, "artifact_path": "wandb-client-artifact://9bef06rrtgiiwfk04z91n8ef60em9uav24ngr2ljq5in20h3nbv6lexluspdga2rso9p2vpni0hejgslx9s9ozbe60eg7u55wo4zbyvkvltc51a1sjzim21qid1hrhd5/Exclude_counts.table.json", "_latest_artifact_path": "wandb-client-artifact://grrc09pcco8qmp8c1klqqet1zqgfi6scjso61mhhj703xervs16cq2ho70r4zfw9oa6om9kpsxyaw2cun3qq03bwbj7acj9gupxhg6l7uhc8nekr0ymhhqj4zwobe5kp:latest/Exclude_counts.table.json", "path": "media/table/Exclude_counts_276_3a3e16eee488be4d9705.table.json", "ncols": 2, "nrows": 1}, "_wandb": {"runtime": 945}}