{"train/loss": 0.143, "train/grad_norm": 0.20226454734802246, "train/learning_rate": 4.26829268292683e-05, "train/epoch": 7.0, "train/global_step": 1169, "_timestamp": 1738322353.5146642, "_runtime": 505.7773892879486, "_step": 151, "test/loss": 0.6408944725990295, "test/accuracy": 0.7380952380952381, "test/precision": 0.4421347486362966, "test/recall": 0.2787958690397715, "test/f1": 0.26977049180327867, "test/runtime": 1.8691, "test/samples_per_second": 89.884, "test/steps_per_second": 11.235, "epoch": 7.0, "train/f1": 0.8244810628801746, "train/accuracy": 0.9730337078651685, "train/precision": 0.8883660102163045, "train/recall": 0.7986985218996426, "val/f1": 0.44872192847802606, "val/accuracy": 0.7904191616766467, "val/precision": 0.6546176046176047, "val/recall": 0.4375, "val/loss": 1.3129842281341553, "eval/loss": 0.6209112405776978, "eval/accuracy": 0.7964071856287425, "eval/precision": 0.7704562594268476, "eval/recall": 0.46708333333333335, "eval/f1": 0.49490660919540225, "eval/runtime": 1.8571, "eval/samples_per_second": 89.923, "eval/steps_per_second": 11.308, "train_runtime": 498.1364, "train_samples_per_second": 80.4, "train_steps_per_second": 10.057, "total_flos": 2458839041326080.0, "train_loss": 0.5421951328260048, "label_metrics": {"_type": "table-file", "sha256": "b3854cafe42d83516260766b6410118893eeb5478f4504bfa5329696ed9243d8", "size": 554, "artifact_path": "wandb-client-artifact://i4funvgsrtkubik33k07vkzqz6kauogikrorqh2z9bm90vwh5nabco115gzmhmg1yqtu9laqib7upx1wxmdegxakr7ido1hppg5k5i2nwxtyqejnkeyq4fu6umofba34/label_metrics.table.json", "_latest_artifact_path": "wandb-client-artifact://toj1z4mr1tgxw4kec867mikkfhhnmgk75zb6q59zpciyvyjgwz1nvg55j9813nm0urae64q5oi9chhrs3gw6j68kgxe1ypietaxfteazm0boq7280xjwzaw22681o94k:latest/label_metrics.table.json", "path": "media/table/label_metrics_147_b3854cafe42d83516260.table.json", "ncols": 6, "nrows": 5}, "test_predictions": {"_type": "table-file", "sha256": "694e9c57b5307e0e164166f792abdf1e8466b2b97b04eb8d9286c12bf3879da1", "size": 92571, "artifact_path": "wandb-client-artifact://0vd2r419ixg4akh1kjnddqcskzfksquroenz8y3cmf3oumit7xnxfvgtre6bp4eu1agum191bbk60dhjqid115wnct86km85aehzeewv3xree0298s85jiobuezqu7e3/test_predictions.table.json", "_latest_artifact_path": "wandb-client-artifact://l6tqcbkfaszgwlvhbndmutid3g5w62fjqy8hiva9ftq9s4wqiqlf1g8psy6czax62trhnmvkcxddb9872ri5v5uvgki2r7cv4bmseg7e9d8gpiyi1zu98ap75f0ip0i4:latest/test_predictions.table.json", "path": "media/table/test_predictions_148_694e9c57b5307e0e1641.table.json", "ncols": 8, "nrows": 168}, "test-metrics": {"_type": "table-file", "sha256": "5876b5223aa4069e3f99f7f539007648fb98a76511044d896c86e497a65aa945", "size": 206, "artifact_path": "wandb-client-artifact://kpwxn8himuq29gcdmz77ewnehq8rr51qzbqgw47zxrm79g731pkupoda8fwc4xlbz7ov6t1nkea1fb9r0ckpx3gncfnpbbstzcxc06vouyff35v39y2u8zz4sox6qnm3/test-metrics.table.json", "_latest_artifact_path": "wandb-client-artifact://ow557p4m9u1yxzlus8tdwt09en9ymfo0rl50cb8wrrs78dp0jkk47dwe683j7bboan4h3iecwmfvx0fc2862cg84tb552ftd1b89ttc073yu3sbcazq2nx9r3gbh00t7:latest/test-metrics.table.json", "path": "media/table/test-metrics_149_5876b5223aa4069e3f99.table.json", "ncols": 5, "nrows": 1}, "test_connective_metrics": {"_type": "table-file", "sha256": "cd8d6ce6f9205434fb6893a58f3578e98163338a134bd16cea109cac947a1c8c", "size": 438, "artifact_path": "wandb-client-artifact://3ne17qmr35qpnvc7jd9w5n0nvt3c2i8e8cuhb68dtt47cu0dzr42wji7mnm2hracw32xbh5jruosoeariypr2yo6l9w1jwjwxiqdfm6temzq2e0xhi6dqp749iutazrx/test_connective_metrics.table.json", "_latest_artifact_path": "wandb-client-artifact://fkwjrgc2v0pkarvywebvyxq724ruhqf8102xcsduazq7szd0jr1kb4kx16pen5zqpl3v02lbud1yy0re9g0oxubn929xxs5en7xms7qcziaknyibsk7l7l8505dke7ut:latest/test_connective_metrics.table.json", "path": "media/table/test_connective_metrics_150_cd8d6ce6f9205434fb68.table.json", "ncols": 6, "nrows": 3}, "Exclude_counts": {"_type": "table-file", "sha256": "8b86e7a1588758fbb07bee8a7880f2d3547da30bed57fef68d6c53a42a079412", "size": 81, "artifact_path": "wandb-client-artifact://oxo6zvx922rgrbb36wg173baj9u3gn4z77zobocsf8j7l08q2i318i9jsrlzawg6b7aieip3ncejr5e71wat4byh8vnprx9r3781r4my2345j3axw7k8avjpshjzaoi5/Exclude_counts.table.json", "_latest_artifact_path": "wandb-client-artifact://j1fwk6do8dg8cu9k3h90d5h6hwp1pgam692884ultn9bmgij5nsoclpxhg6kri1ufudl2tyb2lcsicxr31gsyp9nccsmzzt1hcygrf0sj3nn5879q1tk2a4xjk13qh6g:latest/Exclude_counts.table.json", "path": "media/table/Exclude_counts_151_8b86e7a1588758fbb07b.table.json", "ncols": 2, "nrows": 1}, "_wandb": {"runtime": 513}}