{"train/loss": 0.7095, "train/grad_norm": 14.609551429748535, "train/learning_rate": 4.26829268292683e-05, "train/epoch": 7.0, "train/global_step": 1169, "_timestamp": 1738571310.8235502, "_runtime": 513.9443402290344, "_step": 151, "test/loss": 0.7760850787162781, "test/accuracy": 0.7559523809523809, "test/precision": 0.6790674603174602, "test/recall": 0.4467347835640519, "test/f1": 0.43045111750994103, "test/runtime": 1.9023, "test/samples_per_second": 88.314, "test/steps_per_second": 11.039, "epoch": 7.0, "train/f1": 0.8583057523196895, "train/accuracy": 0.954307116104869, "train/precision": 0.8951416075369746, "train/recall": 0.8308808655498761, "val/f1": 0.5795278111244497, "val/accuracy": 0.8323353293413174, "val/precision": 0.7125816993464053, "val/recall": 0.645, "val/loss": 0.8474339246749878, "eval/loss": 0.5114883780479431, "eval/accuracy": 0.844311377245509, "eval/precision": 0.807166031880378, "eval/recall": 0.6066666666666667, "eval/f1": 0.6150763007905865, "eval/runtime": 1.8894, "eval/samples_per_second": 88.386, "eval/steps_per_second": 11.114, "train_runtime": 506.2167, "train_samples_per_second": 79.116, "train_steps_per_second": 9.897, "total_flos": 2458839041326080.0, "train_loss": 0.5164664272470695, "label_metrics": {"_type": "table-file", "sha256": "37faea9f536bfa0357d8569efb570e6b68cc9661243fa61ad20b641fa17d5f47", "size": 720, "artifact_path": "wandb-client-artifact://prvpklpciqsr5q106ev34o1omzzhxwus52mppve9xeud4opx1jmhyqg4ujig81f2npch4axunz06ql2je8xuaypx6meuo2yfeactqrh38chnfaq4hpa8hb2w5jiv3lni/label_metrics.table.json", "_latest_artifact_path": "wandb-client-artifact://9djl25nj1ady7q6doxbp4j91haco4r1fgddkkvef3fmlveh4u2th89ciwcr8uhautnwm9z8okel2wlmy8g6rnoeqq4r6p7gogt23ih4rq8zjotebk11ftdqowjhlsv8f:latest/label_metrics.table.json", "path": "media/table/label_metrics_147_37faea9f536bfa0357d8.table.json", "ncols": 6, "nrows": 5}, "test_predictions": {"_type": "table-file", "sha256": "4cc3106ae7cbc3869b23c29115e19f8ea7e81df861cf0042a909d91fa11ad172", "size": 139715, "artifact_path": "wandb-client-artifact://6fyakpyv8m8q0j37dwxsiggs286yauc1hfragj1lqlu47v0hz9ep9r1fepfucx5ovhoib6fcvo47rhm94qvb3r2i3hbenyrgfontzqzrg1eddov5mbkea26ozyfy3rri/test_predictions.table.json", "_latest_artifact_path": "wandb-client-artifact://ngasx3t5h2w3nmkmsffmk5wbcfk30ozgsbzoeh1a5pje0w9izbmhb1fv3qqkn0kvz9vsffkme2gt4ewxhkphdo366f3mnn2mp270sh1lnlndt9hgz5l9khj4ha9fq8p0:latest/test_predictions.table.json", "path": "media/table/test_predictions_148_4cc3106ae7cbc3869b23.table.json", "ncols": 8, "nrows": 168}, "test-metrics": {"_type": "table-file", "sha256": "badf89368790a0ac21e60db24de1ed58db0cecf878701c94ba62ba3d70f6950f", "size": 215, "artifact_path": "wandb-client-artifact://nsduz19c23evyqg9ruxovmlafuss5ounrgk19zl7euwvvsshomotkh8hm5gi5y8bo6mq78mew8mw7suknvaycwq1iffv622rxadat6cw8hxgp59fl15dweqbg3nvz2ov/test-metrics.table.json", "_latest_artifact_path": "wandb-client-artifact://n7jj5icvo3r2izo1ziv4yw7uowwcbov2uwbxpsyqk03qsqxpslzs4n35wj35917fob2dd716z1jlqjm2c2w12zbjahccvg1w4j30h59zpdxjugleov04s64zgtfclwdo:latest/test-metrics.table.json", "path": "media/table/test-metrics_149_badf89368790a0ac21e6.table.json", "ncols": 5, "nrows": 1}, "test_connective_metrics": {"_type": "table-file", "sha256": "cd4ed208b4a92042e850d3442aebf1100611df0eb86ef2449ee70c5def2509eb", "size": 457, "artifact_path": "wandb-client-artifact://6uouf73kokcft6b9tw8khc253vjz2iepjnl4vaq9irfew55v8v1c7u1ifwds805phuutxwd0ych3zofploje16ho2rbwbb5t0zw2d5iqxidnt8d3d9cjz2sle7j39ljy/test_connective_metrics.table.json", "_latest_artifact_path": "wandb-client-artifact://2a0eusqbykrusave3l1bi58widaut165fqor10gjv7jojvvuhanxslevzeoccsqep1o3gwo168e7egbyistc6tj8642b9o7dfeg7tjj59t1xr4zpb2x9f5yx05j8f5hs:latest/test_connective_metrics.table.json", "path": "media/table/test_connective_metrics_150_cd4ed208b4a92042e850.table.json", "ncols": 6, "nrows": 3}, "Exclude_counts": {"_type": "table-file", "sha256": "c34a277c71c512b8edf166c56baf83d9cf5f1d112b0d9e9e2b7fd47129239695", "size": 93, "artifact_path": "wandb-client-artifact://z8oydz9n0aigkg0i20sqif1tx0got51443qg8i7ox1bzsgufzc1y8d8clfh52t17y8ypc3vhxdp3o6j1asfroc0hyjvg0s6vt9isdu5ug08iigxbdxb0sdydjsigeepk/Exclude_counts.table.json", "_latest_artifact_path": "wandb-client-artifact://ozzyjbvpyfgrou6rdoeenszqktkdzo0ytod6bpd6f0vrbj99opf02ax5rxbx70nimji2l7b9y2dvfw57ed13jn283m1u0fpzi9i2yqzzpsr51q8w0xk3lxz2bx5m881l:latest/Exclude_counts.table.json", "path": "media/table/Exclude_counts_151_c34a277c71c512b8edf1.table.json", "ncols": 2, "nrows": 1}, "_wandb": {"runtime": 521}}