{"epoch": 4, "valid/loss": 0.03706259427670233, "valid/accuracy": 0.718562874251497, "valid/precision": 0.1437125748502994, "valid/recall": 0.2, "valid/f1": 0.1672473867595819, "_timestamp": 1718460253.0927982, "_runtime": 273.4457061290741, "_step": 10, "trains/loss": 0.003996956839543603, "trains/accuracy": 0.7490636704119851, "trains/precision": 0.15037593984962405, "trains/recall": 0.1996007984031936, "trains/f1": 0.17152658662092624}