{"train/loss": 0.0531, "train/grad_norm": 22.477231979370117, "train/learning_rate": 4.376558603491272e-05, "train/epoch": 4.491017964071856, "train/global_step": 750, "_timestamp": 1735920050.4762905, "_runtime": 313.72718834877014, "_step": 90, "test/loss": 0.48052284121513367, "test/accuracy": 0.8862275449101796, "test/precision": 0.8333333333333334, "test/recall": 0.72, "test/f1": 0.6800571428571429, "test/runtime": 1.8627, "test/samples_per_second": 89.657, "test/steps_per_second": 11.274, "epoch": 4.0, "train/f1": 0.7582795290088479, "train/accuracy": 0.9700374531835206, "train/precision": 0.9364119532814319, "train/recall": 0.7682093862481711, "val/f1": 0.6800571428571429, "val/accuracy": 0.8862275449101796, "val/precision": 0.8333333333333334, "val/recall": 0.72, "val/loss": 0.33790042996406555, "eval/loss": 0.48052284121513367, "eval/accuracy": 0.8862275449101796, "eval/precision": 0.8333333333333334, "eval/recall": 0.72, "eval/f1": 0.6800571428571429, "eval/runtime": 1.8644, "eval/samples_per_second": 89.574, "eval/steps_per_second": 11.264, "_wandb": {"runtime": 315}}