{"epoch": 14, "valid/loss": 0.03170319517215569, "valid/accuracy": 0.718562874251497, "valid/precision": 0.1437125748502994, "valid/recall": 0.2, "valid/f1": 0.1672473867595819, "_timestamp": 1715523320.9503736, "_runtime": 247.46433973312378, "_step": 30, "trains/loss": 0.0033926403924320523, "trains/accuracy": 0.7528089887640449, "trains/precision": 0.23136363636363635, "trains/recall": 0.20490578476075375, "trains/f1": 0.1823934524403633}