{"train/loss": 0.0636, "train/grad_norm": 0.42783501744270325, "train/learning_rate": 4.0798226164079826e-05, "train/epoch": 8.0, "train/global_step": 1336, "_timestamp": 1743027394.8355165, "_runtime": 583.7808663845062, "_step": 173, "test/loss": 0.7850619554519653, "test/accuracy": 0.7738095238095238, "test/precision": 0.7044611528822056, "test/recall": 0.4557196220610855, "test/f1": 0.4727258533815911, "test/runtime": 1.8901, "test/samples_per_second": 88.886, "test/steps_per_second": 11.111, "epoch": 8.0, "train/f1": 0.7949949324763862, "train/accuracy": 0.9617977528089887, "train/precision": 0.9459921344425437, "train/recall": 0.7809897404505437, "val/f1": 0.529189253236174, "val/accuracy": 0.7844311377245509, "val/precision": 0.6192622950819673, "val/recall": 0.5804166666666666, "val/loss": 0.653607964515686, "eval/loss": 0.5830644369125366, "eval/accuracy": 0.844311377245509, "eval/precision": 0.7581585081585082, "eval/recall": 0.54125, "eval/f1": 0.5680350301039956, "eval/runtime": 1.8809, "eval/samples_per_second": 88.788, "eval/steps_per_second": 11.165, "train_runtime": 576.1055, "train_samples_per_second": 69.519, "train_steps_per_second": 8.696, "total_flos": 2810101761515520.0, "train_loss": 0.4739631794526905, "label_metrics": {"_type": "table-file", "sha256": "2f9b35110ae9fc161a1186bafad31ec851d71de8fca408add34e847ffee86cbf", "size": 657, "artifact_path": "wandb-client-artifact://zavy0wpt7a8ej7rvaawwio6m2xej0414ihklpjfe8vq0t39nidcbkga2nhf1rzk4e1d241r2b6rk783w4v15red8u12txpek26xl028t1as5kalcmq3ndr8obxnq2okh/label_metrics.table.json", "_latest_artifact_path": "wandb-client-artifact://b8o4ac70szkcsjchuxg7nvhg554n1r6trwq95r85ui6lo6vpqj8sqw8uiwwqnf3upvg9wiseuy1ju05aqucz5b6t8wbzjg4lp8rnxrf0yxj50sesiedcshgxeoypbg8y:latest/label_metrics.table.json", "path": "media/table/label_metrics_168_2f9b35110ae9fc161a11.table.json", "ncols": 6, "nrows": 5}, "test_predictions": {"_type": "table-file", "sha256": "068a420aeb51c5c02f65bf9b3c0ba21a5603828b38fae0091bb853effb33e265", "size": 139787, "artifact_path": "wandb-client-artifact://6jewtxpfqoajwr6dgm7xoqf4rt7cxct3fp72l7j1hai53ik0v8h0opxsrra2pqra0zi4leh8j7uhggym5himwo37ymjq1qdtb46ajpqeqtrp9flwbx85ror3a5akvopr/test_predictions.table.json", "_latest_artifact_path": "wandb-client-artifact://whk8kj0e1bbbvyfjm4ly62dl352baaty30aopgako204pag9ze39yg6845xlqehme6pp5pvadg638asw5rwht80fagl5ajof3su5feczw686dlkqjvio63yif3x0ocl5:latest/test_predictions.table.json", "path": "media/table/test_predictions_169_068a420aeb51c5c02f65.table.json", "ncols": 8, "nrows": 168}, "test-metrics": {"_type": "table-file", "sha256": "c1c8febb92f24e97a3c0900298cc9af749bb136d8cdee5c35ca662d686fd3959", "size": 214, "artifact_path": "wandb-client-artifact://4jijkj4kjojv072rui2fodj76s4neje2kcwol6peenzsr8660nr4dhxcomc3qq0vv2zm5qji646yigyrlwg1228tr1lc46awgfhh0ojjpt3ibmm75g8qmasqkcdoi7vw/test-metrics.table.json", "_latest_artifact_path": "wandb-client-artifact://5epu595yl8252g702sayx049aud25kmohgawgux6nnl7peqn6c1691xkvl6p14mco781anpjiif9e6rn1u2im9udbh0xxlxb17lr2z6qw6nw4phb8s4yk0l2uofrsmgt:latest/test-metrics.table.json", "path": "media/table/test-metrics_170_c1c8febb92f24e97a3c0.table.json", "ncols": 5, "nrows": 1}, "test_connective_metrics": {"_type": "table-file", "sha256": "13bfae28cc118a4272599f3799c32f12321a803059a9e66e23a85a3fc70ac515", "size": 468, "artifact_path": "wandb-client-artifact://hdd4ufwhrl9rsdgtmg9mi7e2clz9hjsotjldvp284dw4onyl375ma22h71x5tno8a1e1ygpfto259pe6rkbb9rwniscbvqfchk5s8o0u71jvz7wkwakdlogakq3zjgf3/test_connective_metrics.table.json", "_latest_artifact_path": "wandb-client-artifact://kgisfz9axgg2apbdoqr1lv2wbiv7uiovbs6ay024e933nmcjxwqmvzu57jclmcr9jsbwxpm4cww6qibbvt33su8572x4nsu7e9q7t968qdt00sw3u3nuwy141lb8iw8k:latest/test_connective_metrics.table.json", "path": "media/table/test_connective_metrics_171_13bfae28cc118a427259.table.json", "ncols": 6, "nrows": 3}, "Exclude_counts": {"_type": "table-file", "sha256": "c34a277c71c512b8edf166c56baf83d9cf5f1d112b0d9e9e2b7fd47129239695", "size": 93, "artifact_path": "wandb-client-artifact://h1t8xgbvnronhoz2b912jv2qub5q7fy8jqtt6xi9w8oju8e9s5dmr3tj2is30mwipxc4fkr5dfsl53qj5kgxnu0pybp0kdmxrs7sd70673lxgooeamq1kvycbtamh146/Exclude_counts.table.json", "_latest_artifact_path": "wandb-client-artifact://6yre0oiz4t0lu0a7pp3iodge6e5vjo2gsa0il50x93b1qlunacs4460rmk4ecqxjx8efe3i67ojo0q4txi4sq3k0zm62gmv8ndp5738xijvgad9ik0t7q3kmta0egi2z:latest/Exclude_counts.table.json", "path": "media/table/Exclude_counts_172_c34a277c71c512b8edf1.table.json", "ncols": 2, "nrows": 1}, "_wandb": {"runtime": 592}}