{"train/loss": 0.1598, "train/grad_norm": 0.0597480945289135, "train/learning_rate": 4.0798226164079826e-05, "train/epoch": 8.0, "train/global_step": 1336, "_timestamp": 1739638230.625339, "_runtime": 1220.7965660095215, "_step": 173, "test/loss": 0.8364993333816528, "test/accuracy": 0.7738095238095238, "test/precision": 0.601207319373703, "test/recall": 0.40446055811909465, "test/f1": 0.37854026393751683, "test/runtime": 4.4259, "test/samples_per_second": 37.958, "test/steps_per_second": 4.745, "epoch": 8.0, "train/f1": 0.7261975370719741, "train/accuracy": 0.9677902621722847, "train/precision": 0.9029559610211841, "train/recall": 0.7385760387683147, "val/f1": 0.34341809819049174, "val/accuracy": 0.688622754491018, "val/precision": 0.5098804177575873, "val/recall": 0.47375, "val/loss": 1.409641146659851, "eval/loss": 0.8698650002479553, "eval/accuracy": 0.7664670658682635, "eval/precision": 0.5952380952380952, "eval/recall": 0.48624999999999996, "eval/f1": 0.398640059127864, "eval/runtime": 4.3978, "eval/samples_per_second": 37.973, "eval/steps_per_second": 4.775, "train_runtime": 1207.2501, "train_samples_per_second": 33.175, "train_steps_per_second": 4.15, "total_flos": 2810152156078080.0, "train_loss": 0.5347411266254808, "label_metrics": {"_type": "table-file", "sha256": "ce3387b17a5da071e5c9ce92bb6ccd4d094a7bb268f38479780429457c3e72f4", "size": 601, "artifact_path": "wandb-client-artifact://vgavex5fkuudv8e1u4f198detgwa74qz694y3a6xplygz2198mpnt6whqegk41rrqsmr1demykltc87pwh5xed9ans169medyamebarrz147ki92esypi5jgaocie0od/label_metrics.table.json", "_latest_artifact_path": "wandb-client-artifact://kkyqix4htj3b5e5vjarg8fqp9xg5huvqkhayq47bo657soblhofatmktwy18ug4u6ri0yep5tcbb7y9yn1uhl5x5maue8soaw9xt4tn09wiwwl9kmy0x6z6iwwi3h3q6:latest/label_metrics.table.json", "path": "media/table/label_metrics_168_ce3387b17a5da071e5c9.table.json", "ncols": 6, "nrows": 5}, "test_predictions": {"_type": "table-file", "sha256": "23f21c30056da4e13b4bd4f5187892c2b08923fe22e64b38a9fb6bd1227dabc5", "size": 62300, "artifact_path": "wandb-client-artifact://8cw5c760ety35rt7wr24s6zgi1ruyzotejfp12mg19mlhrchfgum6vujske5z0td1h0b5g9l93sxibkkp2wbtg1iw9liv33f1yqdiz6m50c6045v714a4altqpa0srcq/test_predictions.table.json", "_latest_artifact_path": "wandb-client-artifact://ulbwekspngeo96vpuoffb5hoigul3t4vthpkvkbaxu51cvbi9ur19ssge6e155twzydn8xf6x1qbl63aeaiex61pj0rhxs2dycpa9p26h2u84fzpn64x3q7lutivrmf7:latest/test_predictions.table.json", "path": "media/table/test_predictions_169_23f21c30056da4e13b4b.table.json", "ncols": 8, "nrows": 168}, "test-metrics": {"_type": "table-file", "sha256": "ed88503be222e81c4591638a36d3ecc6f9d0fb54669c0f85d973367017878776", "size": 207, "artifact_path": "wandb-client-artifact://wi4axz3quh2lj6s2yy8e9q27gfimqkta0ahmdbf8ful0lxe9f269xifiqh68ohg8mpimyp0k5fr3y8897ptqgq1l8vphl1tgqz5m3f9blkejmkajkkg1trp0sunw9d2s/test-metrics.table.json", "_latest_artifact_path": "wandb-client-artifact://v4dtgvjlzvzlv1sbk1glaxoviozzkcu5s370i9g8l6tdeb7z84whjo2jutl4wmf7y2i0753z86ij6innstq9s94k1jl3kgzyykodf72az263rk9s3dgn0myiabyz769e:latest/test-metrics.table.json", "path": "media/table/test-metrics_170_ed88503be222e81c4591.table.json", "ncols": 5, "nrows": 1}, "test_connective_metrics": {"_type": "table-file", "sha256": "b3e40f8bb57734ed09f187e687de761cccbe83bf4f06718159bd5bebdc842f6c", "size": 446, "artifact_path": "wandb-client-artifact://ejn40kzjvonk0emhc9vnw5soy9yunu1df99qizulg4v3p5nky7j35bi4foa26kayx1lq4bzjlht2j9w530j4wi196x8kcrpem2zo85swok5owgo30zmr990awzaz5xtc/test_connective_metrics.table.json", "_latest_artifact_path": "wandb-client-artifact://q4qjcbzia1mflvw2h8kz6uxey7l1vcvmbcfiiiig2jbbt0147cl06rysf9h9nje9jt6voyuqind7aafhoy0ntlwsiljssqoipl4v3wojc86edinlx9cjs16mbynyc5zi:latest/test_connective_metrics.table.json", "path": "media/table/test_connective_metrics_171_b3e40f8bb57734ed09f1.table.json", "ncols": 6, "nrows": 3}, "Exclude_counts": {"_type": "table-file", "sha256": "92504b126567f736cbedb8586a5e833f3c5632191cd4c7ca2291163d6a06ccb8", "size": 85, "artifact_path": "wandb-client-artifact://s1tjeinkna6p3or4m1dalkl4kuseoqd7dgdff71aqyguu4dboqygra92i3ops2f4rn3wky7em67eawocg7i4fl3dzlt58hbhnuhsmo242rpp9cztt7iujsn8kqgidk6n/Exclude_counts.table.json", "_latest_artifact_path": "wandb-client-artifact://iz200h2hyr4sj4jc140ryi0zp04ao51rx6c2vzc39avndzlc6q5olkvkknj8wg4cnf0jpbi6afm6ibxh6smniss4gvhozgrsj21vo12stybh1mlyw1lioo9xyln0bj1x:latest/Exclude_counts.table.json", "path": "media/table/Exclude_counts_172_92504b126567f736cbed.table.json", "ncols": 2, "nrows": 1}, "_wandb": {"runtime": 1228}}