{"train/loss": 0.146, "train/grad_norm": 0.03937818482518196, "train/learning_rate": 3.52549889135255e-05, "train/epoch": 11.0, "train/global_step": 1837, "_timestamp": 1742956461.5022948, "_runtime": 794.099113702774, "_step": 235, "test/loss": 0.9793299436569214, "test/accuracy": 0.8392857142857143, "test/precision": 0.8185758513931889, "test/recall": 0.72089650626236, "test/f1": 0.7376508897450009, "test/runtime": 1.8786, "test/samples_per_second": 89.43, "test/steps_per_second": 11.179, "epoch": 11.0, "train/f1": 0.9775988924164318, "train/accuracy": 0.9940074906367041, "train/precision": 0.9976851851851851, "train/recall": 0.9594473730228825, "val/f1": 0.8300107940362949, "val/accuracy": 0.9101796407185628, "val/precision": 0.8725091112980096, "val/recall": 0.8416666666666668, "val/loss": 0.6464794278144836, "eval/loss": 0.6030129194259644, "eval/accuracy": 0.8982035928143712, "eval/precision": 0.9145546372819101, "eval/recall": 0.8216666666666665, "eval/f1": 0.8572157327661355, "eval/runtime": 1.8665, "eval/samples_per_second": 89.472, "eval/steps_per_second": 11.251, "train_runtime": 786.7257, "train_samples_per_second": 50.907, "train_steps_per_second": 6.368, "total_flos": 3863889922083840.0, "train_loss": 0.23744810449601306, "label_metrics": {"_type": "table-file", "sha256": "091c3a3298f22b5b03c9923088cbecae2f9a4ef989a49b78216e7e901bf3fbf4", "size": 571, "artifact_path": "wandb-client-artifact://6kxo0oqr6fx39a82qz0llng3z7sw1do19v4zrhkturt97ycspff509hcr9t34fa0lh89vapjha93m2aasodx4r5ebf8mpycorzh5gl877rg7xv7yvggv934rcpif273q/label_metrics.table.json", "_latest_artifact_path": "wandb-client-artifact://dngfklcoguszgpe4q06jm0vxoz91s23rigddbg8vthfwoeqje6o7mhzjpaysmqrk723gpnkswmfb1qzvcpsb40xc3daj3e997zhcio2t3t7umijcfi2f6wy6pxjs9zra:latest/label_metrics.table.json", "path": "media/table/label_metrics_230_091c3a3298f22b5b03c9.table.json", "ncols": 6, "nrows": 5}, "test_predictions": {"_type": "table-file", "sha256": "053a420c88e26cd8310f7ee6fe9ecd3585c7541d253346edef270e45cb033520", "size": 88025, "artifact_path": "wandb-client-artifact://yff8kcxrl8rue4tkgooljkvxkzb8znbxj4iv1gxcbxi7mw6r28oqys5h679x8nkip1rq4lhn6f3rzaawaf53gb4wsmycpybhksmz39icf8vsy253c25o18yth5qz43ku/test_predictions.table.json", "_latest_artifact_path": "wandb-client-artifact://2pjw0miocgvqcsd520vchzz1f2szlpow8ik7kbv823jwkq9z8bnul7rcjqz0ceq7xbxscrlqgg3214t2oesvqb0fwcil4xhztxvlp06ny7y5ntz9gvrvggbexj45pa7l:latest/test_predictions.table.json", "path": "media/table/test_predictions_231_053a420c88e26cd8310f.table.json", "ncols": 8, "nrows": 168}, "test-metrics": {"_type": "table-file", "sha256": "1ecff2d9b0dbaa1be1b0c3694895ffda618f0f3c37bc38e3eda93b816a27f1de", "size": 188, "artifact_path": "wandb-client-artifact://96fiedvpiayzniluyi5zhjzn5baydidl4de70husqi3ne5ev3rnpzgmyhh2lcznhj36g26qzrilz1fyk40pce0hjsk22hqa5ril5cceongw2eofjrzjlnonb3ki7wwgs/test-metrics.table.json", "_latest_artifact_path": "wandb-client-artifact://4f2r9pgn8ksx8fzycjcvyhkkxq32j9tlim23gu9jeestdqjahj5v8civ6x0x5vn2vbcyhpjiyzehwqtqtqm38o1pu5tdjr4otc1dpl6jqbo6oqlr5gftv10gs4k9mtqt:latest/test-metrics.table.json", "path": "media/table/test-metrics_232_1ecff2d9b0dbaa1be1b0.table.json", "ncols": 5, "nrows": 1}, "test_connective_metrics": {"_type": "table-file", "sha256": "c39246586feb50fd3220d9469b21c0986cc4eaa917eb64de597c44440dc432a3", "size": 420, "artifact_path": "wandb-client-artifact://svcbkgg5pvfknojf1daqhlyaqzgp078la89ug6lq4jacvsrh0klm2jp38x25d0eh4lcobvw6zo52aeupfyd1vx1vy2y451myvrssl7ewkrqx9s7a14qjggz0cfzs603u/test_connective_metrics.table.json", "_latest_artifact_path": "wandb-client-artifact://ck94ofcvq7rlytsd5inv4sny6ybghjaai9xar5em3pg2nx2xa3owfmc3mk4tu3ju63r9nyebqi10i9cy87mjic699pqh9dp30u4pjso4caemqpnfwzmhs49td0a1vt60:latest/test_connective_metrics.table.json", "path": "media/table/test_connective_metrics_233_c39246586feb50fd3220.table.json", "ncols": 6, "nrows": 3}, "Exclude_counts": {"_type": "table-file", "sha256": "3a3e16eee488be4d9705c81c282778d2e17c222f184cef71ed7ae945012d1110", "size": 66, "artifact_path": "wandb-client-artifact://a7ah1n57o2s5af5mf1p62p4idn3sdwhw76ixp00u9uhaf4mj7dluf2dzyqaktkx5wovgoj5298wloo3fmk8qef7y296pewfwlse2jmklca59iw15675bo4qvn6src669/Exclude_counts.table.json", "_latest_artifact_path": "wandb-client-artifact://t28krqjzuxt0l1fyinju0z36oamhmpw8go4wkk2xzp3z7yc1b6b5d5txpyrn683bsgskwge2syw5b15zy1esdbbfhro1dup5o8kljgogf68cr6y7ko7qtje7q3gkyt2y:latest/Exclude_counts.table.json", "path": "media/table/Exclude_counts_234_3a3e16eee488be4d9705.table.json", "ncols": 2, "nrows": 1}, "_wandb": {"runtime": 803}}