{"train/loss": 0.0001, "train/grad_norm": 0.007565460167825222, "train/learning_rate": 2.2283813747228384e-05, "train/epoch": 18.0, "train/global_step": 3006, "_timestamp": 1739743565.2912471, "_runtime": 2731.709885120392, "_step": 380, "test/loss": 1.8617604970932007, "test/accuracy": 0.7678571428571429, "test/precision": 0.6387166236003445, "test/recall": 0.5821160184574818, "test/f1": 0.5807142857142857, "test/runtime": 4.4273, "test/samples_per_second": 37.946, "test/steps_per_second": 4.743, "epoch": 18.0, "train/f1": 0.9969876879101836, "train/accuracy": 0.998501872659176, "train/precision": 0.995149236410899, "train/recall": 0.9988829680089364, "val/f1": 0.7319210098737658, "val/accuracy": 0.8203592814371258, "val/precision": 0.8050203527815467, "val/recall": 0.7070833333333333, "val/loss": 1.695443034172058, "eval/loss": 1.578486442565918, "eval/accuracy": 0.8203592814371258, "eval/precision": 0.8050203527815467, "eval/recall": 0.7070833333333333, "eval/f1": 0.7319210098737658, "eval/runtime": 4.399, "eval/samples_per_second": 37.963, "eval/steps_per_second": 4.774, "train_runtime": 2718.4602, "train_samples_per_second": 14.733, "train_steps_per_second": 1.843, "total_flos": 6322842351175680.0, "train_loss": 0.23830014999113333, "label_metrics": {"_type": "table-file", "sha256": "eb71417f61c792f587941c2396c18a329761b26c559e63459acf650ff83cb20f", "size": 509, "artifact_path": "wandb-client-artifact://27h5o4drhxkze0ahs5wa7n49y1exbdbxlt1nefurf7op0chgenxpwxoptou0ubrr1z0jwtg4lkquozac7aezi5zucyvrqsqwcouak2jc1m08ifmkv3y364d9lvt2kdlo/label_metrics.table.json", "_latest_artifact_path": "wandb-client-artifact://8di29g1btvx4szou9yvqtgtqletai1ex8hlz59728e0jygu4h5rgkghhbpg5461xa5v7nn3ai4yrvem4mjr829xd0wb4lc8xsj6uiwmfqx6xy9d0pm3vo8fuiv4i9vdd:latest/label_metrics.table.json", "path": "media/table/label_metrics_375_eb71417f61c792f58794.table.json", "ncols": 6, "nrows": 5}, "test_predictions": {"_type": "table-file", "sha256": "b8ff1b47440d017397b04051b5814615c3622862d893f903444ccd0b12c70eab", "size": 55190, "artifact_path": "wandb-client-artifact://gnxolbo42n260iu4tc9n3dkcoru0epxwasn6ls4fc6dh8im4lojavoqva0fuwvkqu5o4w3qte2r2y6lhbuonfd2k9zb2r9o484y2p1i03smpoqah1qsccpnhdcrbmvkv/test_predictions.table.json", "_latest_artifact_path": "wandb-client-artifact://xodnsgy7wfpblwud6sp0uz9d3r5wmpq8vrrumwb3n4wbuy9t1huknwf9e8aai0ymgmqgunplcnofq44den9ebjlcy2b629b7tl01kgnrrmul9zf6a8tr70okjj1tpeju:latest/test_predictions.table.json", "path": "media/table/test_predictions_376_b8ff1b47440d017397b0.table.json", "ncols": 8, "nrows": 168}, "test-metrics": {"_type": "table-file", "sha256": "54536c5de133f20f57e2353af83d27819b33c9c5f81705b9a8576ce68c199314", "size": 195, "artifact_path": "wandb-client-artifact://9bggyoiia1g0wv1x3sfdyq5pm9umq4yj4k3nk0rmm69ti4oyjzfh70hfpkik73qeg0mvns3kh3t8dk31sv12otp2kvnq5l6bhahqsk3n653fip9yp7vtz4ckc19fopir/test-metrics.table.json", "_latest_artifact_path": "wandb-client-artifact://g8vd4ml5kigdvjksyi4wvt1x68p94kwwgextd182quczqukr08w9prbgx3nlusrn7w4nibtmgsbck6hdf2l22cuy5g85kgnwmp5xclqwt4tipn7xo7vzcf8f8aa6hf48:latest/test-metrics.table.json", "path": "media/table/test-metrics_377_54536c5de133f20f57e2.table.json", "ncols": 5, "nrows": 1}, "test_connective_metrics": {"_type": "table-file", "sha256": "df289db92442cce77949eea5af964ba871de99e2ad477f97a72690126dadb9b3", "size": 414, "artifact_path": "wandb-client-artifact://2ts40qgolyserghoeb4itnuik3cvrzlwaljygy409w5fu69zxenn5b5ysf3lhqaozkswyx0s928yqncnm3tw706n9aay4136bfoijr00x8s5uc2inobyxk65thre8yyt/test_connective_metrics.table.json", "_latest_artifact_path": "wandb-client-artifact://nwaal521s8u260ld2kg3dmb7uvf4h5c4dv937e4siq5fjm796jf7w34hq7dncr7pqs4y843hnkj0uosbla6y2pfzkkswfit5kc23h2kkzte3xf7p1uhqw1rkrc138cjl:latest/test_connective_metrics.table.json", "path": "media/table/test_connective_metrics_378_df289db92442cce77949.table.json", "ncols": 6, "nrows": 3}, "Exclude_counts": {"_type": "table-file", "sha256": "fa22c4da7120bb2d050f2b48bfbb63b94fd3760be735d6d12002cc9214cc8ce6", "size": 74, "artifact_path": "wandb-client-artifact://04t6ui02a08ieo2njz18v8iva73xuxxp3yp6ydz6s1vk9i91cyzqfyat0wictvpilxhhkwpx9eekq7nkrplpkmsj191hflpx7v75xfeuwyr9hc1n3cvjabse3oai50fy/Exclude_counts.table.json", "_latest_artifact_path": "wandb-client-artifact://qerpznx0m4vlfbb6wrie2nm50dwvzcxowuvx3lx6r29bov34skasdmkqphl2jeloj9x51pt45txzvcyyft5vuwhw86fvf0digfmlw8x5pcsx8r8x00o7vhe8j2u9jpjz:latest/Exclude_counts.table.json", "path": "media/table/Exclude_counts_379_fa22c4da7120bb2d050f.table.json", "ncols": 2, "nrows": 1}, "_wandb": {"runtime": 2739}}