{"train/loss": 0.0638, "train/grad_norm": 0.03906230628490448, "train/learning_rate": 3.52549889135255e-05, "train/epoch": 11.0, "train/global_step": 1837, "_timestamp": 1736595633.5838594, "_runtime": 793.8257274627686, "_step": 234, "test/loss": 0.7517039775848389, "test/accuracy": 0.8690476190476191, "test/precision": 0.7626524390243903, "test/recall": 0.6981037134695671, "test/f1": 0.7142699918042383, "test/runtime": 1.8759, "test/samples_per_second": 89.559, "test/steps_per_second": 11.195, "epoch": 11.0, "train/f1": 0.9733836488128954, "train/accuracy": 0.9932584269662922, "train/precision": 0.9808843665326353, "train/recall": 0.9683723801514825, "val/f1": 0.8091578118850846, "val/accuracy": 0.8922155688622755, "val/precision": 0.8600846113167637, "val/recall": 0.8133333333333332, "val/loss": 0.6704577803611755, "eval/loss": 0.4710196852684021, "eval/accuracy": 0.9221556886227545, "eval/precision": 0.9085253456221197, "eval/recall": 0.8933333333333333, "eval/f1": 0.8930210772833724, "eval/runtime": 1.8645, "eval/samples_per_second": 89.567, "eval/steps_per_second": 11.263, "train_runtime": 786.4986, "train_samples_per_second": 50.922, "train_steps_per_second": 6.37, "total_flos": 3863889922083840.0, "train_loss": 0.2414238971529278, "label_metrics": {"_type": "table-file", "sha256": "c599a47cdac5a1bbf2c6676fe8578b18de5f24d181253acb34a846cfd312ba39", "size": 543, "artifact_path": "wandb-client-artifact://2qnqcxp9tqes58zajxk9h4a5iz87p4pl74zm8iw38on9btbabr1pelqy127wrk2u723q619kud4nlc1z43sqh8jxgqv4fsx6i6ipfr7nd8a1ggpql2lgklzi0bn6zhud/label_metrics.table.json", "_latest_artifact_path": "wandb-client-artifact://vyp8m817e1qdmw0r5km6vznuem6lg2kr2k98ogexkiu98aqp8sadufs0cwrf1t4xjmjqah636tm5p7h0ijoh7iqtwx42283fin1wm3ovlpv9nuhosy2tbgdnwuq4h29l:latest/label_metrics.table.json", "path": "media/table/label_metrics_230_c599a47cdac5a1bbf2c6.table.json", "ncols": 5, "nrows": 5}, "test_predictions": {"_type": "table-file", "sha256": "2789ee8caa592e0572b0cbfbe18d68393c6a762b4ca57ab7189284d13f59747e", "size": 91828, "artifact_path": "wandb-client-artifact://c534rfow7gmjxo7dscmb5jrvs3q1ayzvld6j6eyd2lr46pn9dj9cgamynrl0zl1tig550b6ch6j8utuvhvmd4eq1yvjb430coczoi1l6fee3qixl0od21n2xe939tu0m/test_predictions.table.json", "_latest_artifact_path": "wandb-client-artifact://vj8ewfq2me927s6ejmfgzb2a1cgab79zhvmteke7lox26nh6spsuvb1q3z2e54v0rsw52hxd227n9u5sf6pjvzx3etnzj9u6nvy8vdyx8xzfio2yx70y8se3m40e91fz:latest/test_predictions.table.json", "path": "media/table/test_predictions_231_2789ee8caa592e0572b0.table.json", "ncols": 8, "nrows": 168}, "test-metrics": {"_type": "table-file", "sha256": "17d69685c1ba8149eedfb839f53ffa3b0b687dd13998d6497c2f930883df4cc8", "size": 212, "artifact_path": "wandb-client-artifact://nj70afsen740vlabn40ocl4cs2206rautzef5hy1wtarh9jf24u8q93j0m3v4jk5ezicnbdukt995bso0q57vbg1utme2xfsoz4u4l202l64ch5agvzk6euank8jgcn5/test-metrics.table.json", "_latest_artifact_path": "wandb-client-artifact://97rrvdewr8fbz76169xfednq3jmaae1m8nesle9am9rzu6bvnehngxlxx39j1uoyl7xhy7jk5dj362hvawmw9f1pbxe99t4eybg7x5f94lhs3qetm2hefkdn5x18vypx:latest/test-metrics.table.json", "path": "media/table/test-metrics_232_17d69685c1ba8149eedf.table.json", "ncols": 5, "nrows": 1}, "test_connective_metrics": {"_type": "table-file", "sha256": "68de1f02ee182b7d93a0030adeda6110cf27ee818982f8d858c7968fccc69bdf", "size": 470, "artifact_path": "wandb-client-artifact://o74bi5mwfszh935jfm3o7b63navvkqowazpimexo4c6k35kj54n0z0p7pagdhyepa49qqn8p0yfz7pzfw1ylaz86o6khf9dnqwgbxqwehy28jpvp3eqyzfqwb6x930pp/test_connective_metrics.table.json", "_latest_artifact_path": "wandb-client-artifact://ziwlui5o0iusnhpl1p2qau7pfkskqab0l8vwa5eh5kocfmjto6sfborfxi6npuv0xz9339mjcky7ka8p9y2etjhhr739ane4198md0wx0yft3jmjdnkbjri31tmzontq:latest/test_connective_metrics.table.json", "path": "media/table/test_connective_metrics_233_68de1f02ee182b7d93a0.table.json", "ncols": 6, "nrows": 3}, "Exclude_counts": {"_type": "table-file", "sha256": "25a1c51bc7d78f8f0c485181ff588729b74bed10d613faf3814f153d95fa71a3", "size": 90, "artifact_path": "wandb-client-artifact://0v8msre7ql47sh6m28pde0m50o48fa5umduolpfh24jfwr6gixlmv1w7idkuqu6dmm6nfo4pbe4wsjyfzw1zti79vbsoczsuvobgig3ky8l92gdk8rfoxb9u74x75vys/Exclude_counts.table.json", "_latest_artifact_path": "wandb-client-artifact://e4gl4y2y2xf95acuqkq0bb877lzk8d5nl9r5gwz0etoudnrwd8lqqy3bxaw1dz2zo012a32jhk91xkg009p2vkiohihcd35is8cjpyj615um3c47ayuio4kdysasaz5v:latest/Exclude_counts.table.json", "path": "media/table/Exclude_counts_234_25a1c51bc7d78f8f0c48.table.json", "ncols": 2, "nrows": 1}, "_wandb": {"runtime": 804}}