{"train/loss": 0.7465, "train/grad_norm": 7.797859191894531, "train/learning_rate": 1.6000000000000003e-05, "train/epoch": 1.0, "train/global_step": 167, "_timestamp": 1735983716.1698494, "_runtime": 83.12303948402405, "_step": 26, "test/loss": 0.7492012977600098, "test/accuracy": 0.7023809523809523, "test/precision": 0.8160377358490566, "test/recall": 0.24926829268292683, "test/f1": 0.24978767264481552, "test/runtime": 1.8597, "test/samples_per_second": 90.34, "test/steps_per_second": 11.292, "epoch": 1.0, "train/f1": 0.24185293756220466, "train/accuracy": 0.7775280898876404, "train/precision": 0.7993705743509048, "train/recall": 0.24021782828133426, "val/f1": 0.17849784603858398, "val/accuracy": 0.7125748502994012, "val/precision": 0.4497929606625259, "val/recall": 0.2029166666666667, "val/loss": null, "eval/loss": 0.710383951663971, "eval/accuracy": 0.7125748502994012, "eval/precision": 0.4497929606625259, "eval/recall": 0.2029166666666667, "eval/f1": 0.17849784603858398, "eval/runtime": 1.8433, "eval/samples_per_second": 90.598, "eval/steps_per_second": 11.393, "train_runtime": 75.3869, "train_samples_per_second": 17.709, "train_steps_per_second": 2.215, "total_flos": 351262720189440.0, "train_loss": 0.9719618922935989, "label_metrics": {"_type": "table-file", "sha256": "8a2db6ec88e165504a0f28d1ab2b6e5015de97b288781f784eacc88286b55fa5", "size": 464, "artifact_path": "wandb-client-artifact://ijuidejjnw7jwfv4dhfs4lr5t3ur6pe282qecz4uv0lb7pia78usys8i443pzlbxwq9nf4l9jk20bdd27u6furjivtsk3h3krvr3wmq4zkwepdycq6cmqc6fozbv5b48/label_metrics.table.json", "_latest_artifact_path": "wandb-client-artifact://yvol0qvg9ao0y907ip1oobg2wsh0wsqkn26canj9r7gfsnce5l0kh9o3uj0n8lr5h37sscqq2j9xvdru6jc9xxzz55avpa5c9jt6d1qspzkid1s4xh5xzg93du0n41vf:latest/label_metrics.table.json", "path": "media/table/label_metrics_23_8a2db6ec88e165504a0f.table.json", "ncols": 5, "nrows": 5}, "test_predictions": {"_type": "table-file", "sha256": "6a713f8b26165249c15147715c3507fa23e624426b58bd96111d05bd7140db8e", "size": 71571, "artifact_path": "wandb-client-artifact://jqml5cd9lsklj4pds9vpl335047p3i425t2genugrrmx1sj4fnx94pt7xx5zrmajpbuttg8pg6jl93eino1dozhqlmud1ulsnrsn1ptk9c3rhkjvfxbwuocoel95m6do/test_predictions.table.json", "_latest_artifact_path": "wandb-client-artifact://9qk0bf0t4q0zxpurwnoo4kfunsr3kftrz0a4wj0n0e4yelraxdb305qspjwocg250wdb1zknj4ssdkgh1x4k806i43h3dc8hljnlwkef28k35re3odlntqve0v3wt0km:latest/test_predictions.table.json", "path": "media/table/test_predictions_24_6a713f8b26165249c151.table.json", "ncols": 7, "nrows": 168}, "test-metrics": {"_type": "table-file", "sha256": "c57f1217a033e84790a498ec538e8ce84545b8be19222ec2abaa6d75a796f01c", "size": 202, "artifact_path": "wandb-client-artifact://0pdubm8if443gbe4cdpffq3nap75qukpfhiob5yc3pn1tuwy2ah6rkwq0xryyvdmbzvclhxliggk1f9srysffd3qxfhhju9pwjw5x5rumjfujyfmlc1wu03zjuk044oh/test-metrics.table.json", "_latest_artifact_path": "wandb-client-artifact://4yu3r0jnswrzh0clrxwsejfpz6ilff8jch7zvmvlmosso5c3zn7k4ia64tdsnuhwm1qbr05uttt9sp1f1zhgfy8frb42hyg1akqq9o7kqts2lps96rujfgr6zjeym0xg:latest/test-metrics.table.json", "path": "media/table/test-metrics_25_c57f1217a033e84790a4.table.json", "ncols": 5, "nrows": 1}, "test_connective_metrics": {"_type": "table-file", "sha256": "57aec7c60d578145e7da9af07cc996b1c9e64625fe485e9c917cafad343fa178", "size": 399, "artifact_path": "wandb-client-artifact://dcpod8obuv5idf32j6lfgbk28fuwr0sph92b9lbvi1bpqtg4zqfvd0iezrs62mzliolla2e2a97co3cthz7qmb5ifxf4o0lsgh17v43hmei6camd5zzivkj3qgnebkrm/test_connective_metrics.table.json", "_latest_artifact_path": "wandb-client-artifact://5n5weye8hf8biezlfvkg1l463i1nw106omngtrin9imzich7tokktygandm5sfljl584uqo311bhglf2g7p51ian8n2v61n2xr3smryiw0cxx8o4udelxmd184hk6phj:latest/test_connective_metrics.table.json", "path": "media/table/test_connective_metrics_26_57aec7c60d578145e7da.table.json", "ncols": 6, "nrows": 3}, "_wandb": {"runtime": 89}}