{"train/loss": 0.1879, "train/grad_norm": 0.7800465822219849, "train/learning_rate": 3.7028824833702884e-05, "train/epoch": 10.0, "train/global_step": 1670, "_timestamp": 1739826681.2784405, "_runtime": 1533.5546705722809, "_step": 215, "test/loss": 1.0898517370224, "test/accuracy": 0.7380952380952381, "test/precision": 0.700254261229871, "test/recall": 0.45081740276862226, "test/f1": 0.42237762237762233, "test/runtime": 4.419, "test/samples_per_second": 38.017, "test/steps_per_second": 4.752, "epoch": 10.0, "train/f1": 0.7579514753591842, "train/accuracy": 0.9737827715355806, "train/precision": 0.9431137106273157, "train/recall": 0.7632154261896613, "val/f1": 0.528055316614835, "val/accuracy": 0.8263473053892215, "val/precision": 0.6636401326699835, "val/recall": 0.54125, "val/loss": 1.0139968395233154, "eval/loss": 0.743320643901825, "eval/accuracy": 0.7964071856287425, "eval/precision": 0.6890624999999999, "eval/recall": 0.6345833333333333, "eval/f1": 0.5560119047619048, "eval/runtime": 4.395, "eval/samples_per_second": 37.998, "eval/steps_per_second": 4.778, "train_runtime": 1520.5618, "train_samples_per_second": 26.339, "train_steps_per_second": 3.295, "total_flos": 3512690195097600.0, "train_loss": 0.4926763892887595, "label_metrics": {"_type": "table-file", "sha256": "fd71f4a372febd7b8f4fd234c3857b4df41d18bf55aa29508576a91803967edd", "size": 661, "artifact_path": "wandb-client-artifact://m846i6e8cpqz0t7p627d700v4x63nlfvaj0frj1ryopjdhosim7ozsauhgv48iewpmmybnrgsbvyjkohx5k1xp5cpy1fgfj16o5m55f07yp404btq0kghmnaw0qi0b6g/label_metrics.table.json", "_latest_artifact_path": "wandb-client-artifact://g4zf2vunu4ap9t79b2an734mmiqjzwhp1yab4onsns3w533lkdde8cgun3y673bsdpwzze3av9dcf8n13lff632l2jy9s7jgcj6vn1a3s5ovfm11gci0xcdrym2ftehk:latest/label_metrics.table.json", "path": "media/table/label_metrics_210_fd71f4a372febd7b8f4f.table.json", "ncols": 6, "nrows": 5}, "test_predictions": {"_type": "table-file", "sha256": "7302db66f42cd607319eae26ee40778766c9a1a364de3729f0f7001076b0f5e6", "size": 53099, "artifact_path": "wandb-client-artifact://wdfl69q93v73g1ojntdaueyso30u773umybm1av8zuu14qasqnxqbybridwfbqpb2qu4ivt4urd191ha7bmu7get3cicvkb2lgizll1ag4drr7v7wzu6sk830j9g6bcq/test_predictions.table.json", "_latest_artifact_path": "wandb-client-artifact://v0gw3b0i70oih899td8396j1wd3y0l4zlhzms9t2vow6xnq1t1ixfakodxs45uxmqnx527tz9a2l3yxrzcgqij1cu89htdkusyndicfzstdk981fx8x7k46bhvdb8bbq:latest/test_predictions.table.json", "path": "media/table/test_predictions_211_7302db66f42cd607319e.table.json", "ncols": 8, "nrows": 168}, "test-metrics": {"_type": "table-file", "sha256": "a8cf45746bcdb337f2ad5229f9663f03693d14d24d7383aff5fe25aff583c203", "size": 206, "artifact_path": "wandb-client-artifact://a9kzz95ffrqps0w9kphysttq387ms710b75bigtrp7cyxsm6ctxnx47aw729wg8nof6righmb2t46wcuhufuskojvlhwfx245lhtrkg4x25ghvrbcitpe593sh5ukijm/test-metrics.table.json", "_latest_artifact_path": "wandb-client-artifact://908cq9nxqwe67eczmpnnzmkge5kjqhdfg8voqzbymplrzw2pu8rnpu0tsedgapyyg9co9rhj40nprxg2mqaopw9n24e4iw4e5n2qnmtqfvr4up8xzrnfkqmbg7mygpat:latest/test-metrics.table.json", "path": "media/table/test-metrics_212_a8cf45746bcdb337f2ad.table.json", "ncols": 5, "nrows": 1}, "test_connective_metrics": {"_type": "table-file", "sha256": "e5c6e2fdc0e1091f715e69949f6f1c07fd9c51c8c27d778720d6762888095aec", "size": 455, "artifact_path": "wandb-client-artifact://z7ybqk954acmi76tvww275h4mvk6x0iocqp59kp495wv4vnqvy8qqoeafu56xsv4b0gtfcjaquol2ioq8jxrq6bhb54kqeijn5igofojsn9bx1ow1b553bctq4z5wudk/test_connective_metrics.table.json", "_latest_artifact_path": "wandb-client-artifact://ngcp51wq9ocnvuvwxupjw6sz30ppvhgdhjuyev6r1crfg5mb3pjstyvkelqg1x0iuube1n219lwgdcw1az4x56t9oowkcqha0vqxzjzkrms647b4hb1inwzri25e0tck:latest/test_connective_metrics.table.json", "path": "media/table/test_connective_metrics_213_e5c6e2fdc0e1091f715e.table.json", "ncols": 6, "nrows": 3}, "Exclude_counts": {"_type": "table-file", "sha256": "e0904507c7a3e3f62f0831416757fbded3c24349ee8ce39d59ff399ee82bffe7", "size": 84, "artifact_path": "wandb-client-artifact://6rhw3imhfmwg6t1m5x1d6hx7bb1anxa03rm4xt4wqbpchlg3zp28178ytlt6u77jb00v342syfifz88aqzk7pfkqaac1ac7mq889j9qfh8lyzxkm3bh5he04e8ujf7m9/Exclude_counts.table.json", "_latest_artifact_path": "wandb-client-artifact://68ggu5ibxzj1do19cm3j4r50ce0isbumyhmu2ltqn6zlrjd8gop5fv9cfhxzj88nfpn2e6u4elotm9hnvlm2u1tafkygvrhxo75ai4x7kz0yjl8gv4hk9xy7utbdow51:latest/Exclude_counts.table.json", "path": "media/table/Exclude_counts_214_e0904507c7a3e3f62f08.table.json", "ncols": 2, "nrows": 1}, "_wandb": {"runtime": 1542}}