{"train/loss": 0.1969, "train/grad_norm": 0.007636968977749348, "train/learning_rate": 3.7028824833702884e-05, "train/epoch": 10.0, "train/global_step": 1670, "_timestamp": 1736797021.6194668, "_runtime": 724.762720823288, "_step": 214, "test/loss": 1.0620750188827515, "test/accuracy": 0.8392857142857143, "test/precision": 0.8302884615384615, "test/recall": 0.7870336189848386, "test/f1": 0.775594059518518, "test/runtime": 1.8821, "test/samples_per_second": 89.262, "test/steps_per_second": 11.158, "epoch": 10.0, "train/f1": 0.9777142435865084, "train/accuracy": 0.9940074906367041, "train/precision": 0.9931193263698234, "train/recall": 0.9640096769863842, "val/f1": 0.803151087595532, "val/accuracy": 0.8862275449101796, "val/precision": 0.843340451837698, "val/recall": 0.7716666666666666, "val/loss": 0.6755863428115845, "eval/loss": 0.6499413847923279, "eval/accuracy": 0.8922155688622755, "eval/precision": 0.9092617908407382, "eval/recall": 0.7966666666666666, "eval/f1": 0.8314127096735794, "eval/runtime": 1.8688, "eval/samples_per_second": 89.362, "eval/steps_per_second": 11.237, "train_runtime": 716.633, "train_samples_per_second": 55.886, "train_steps_per_second": 6.991, "total_flos": 3512627201894400.0, "train_loss": 0.2640008439251339, "label_metrics": {"_type": "table-file", "sha256": "e91a8bc3248b464d76257eb72d4692c51dbcb60f98982938151cf62606d449f0", "size": 696, "artifact_path": "wandb-client-artifact://zrg6ob0q52au5u30iuyy87dccrlvphu3fmbcz13s7py67fnlngilxi4e8bfeg2zric99a191vb1w3c0ei24csj4dlckq9kwzltnuw6jm5riqay69um87m0m70l52mhow/label_metrics.table.json", "_latest_artifact_path": "wandb-client-artifact://ihhwvsh6kpc3zyn7rgqgm57ui2fgsi7a3mw9o4tnt9r5lgkd7ll2eo55vin9gx4q6g1av65rl0yskvh2dg8r3pu2tt57bvpsbwx0gxu5nlktsg0r1fundwswk7zsw8ov:latest/label_metrics.table.json", "path": "media/table/label_metrics_210_e91a8bc3248b464d7625.table.json", "ncols": 6, "nrows": 5}, "test_predictions": {"_type": "table-file", "sha256": "10e51680327b4ffb8b26c20d6966bd460d4f72c5319a163f0bf30b6f5efb673e", "size": 91786, "artifact_path": "wandb-client-artifact://vrpgj0vojfyhk8bt7z61ouwbd230t16nawm78izye7cwme2ro4yitvngmhw5dhdlk7zxdnh6drdoei4df6ai2lifrrvvcbk806ffv5zn453h53q2ue7spzmfco2vs124/test_predictions.table.json", "_latest_artifact_path": "wandb-client-artifact://wwobj0udphtfhgdph3jfgi9p2jwjl03ha1u9vk0bqnf4dtdzx27gil5ptbalj0jhatxy4p0yirgcqbeixl7t7fl1sp8be4jjag7e0f7vsnnoafhnkw630k2dw8ho3q59:latest/test_predictions.table.json", "path": "media/table/test_predictions_211_10e51680327b4ffb8b26.table.json", "ncols": 8, "nrows": 168}, "test-metrics": {"_type": "table-file", "sha256": "b91364e946d481231ef191bf1cf87982d3abce70cda38d7664bd1ad4199edbf3", "size": 211, "artifact_path": "wandb-client-artifact://2ohgij8lc6b6utnnce53n8aalehnrmk2uhcsjjbo2ry6vwdok2ntvhv3dgaz9timhuwl48cnxea5qgnfpuo5eyi21xvu4r9dknawt8j805x1r8qytykr18b6qufcjv0v/test-metrics.table.json", "_latest_artifact_path": "wandb-client-artifact://r071kl57j9p33ewpy53h569a9v8ssdtsmrsga1jqrgqgboqo1xk3c5e6d2arie4y90v59pm8zt02iwgbblidkyo2fi97iopecd3q2fwnnqkby7cyf13v681cmdnloblo:latest/test-metrics.table.json", "path": "media/table/test-metrics_212_b91364e946d481231ef1.table.json", "ncols": 5, "nrows": 1}, "test_connective_metrics": {"_type": "table-file", "sha256": "46a8be6ce06ab3fb8ecd55e99d931e316d0541d44339bfc3d35758bc72eca0da", "size": 461, "artifact_path": "wandb-client-artifact://82dmp5n3oi9c72glydaj3ite8ta7z6zljx2m1xc64l1q2veu4x0f9mzx980ffqr7jvdlm3hzk8ww36r639cs71quu24oqx11vgmb1i6p6nws6zv1v5h5ja3lddqgwqlt/test_connective_metrics.table.json", "_latest_artifact_path": "wandb-client-artifact://cu99y9vnze2w6ra0v03wa29xnpljl4d01x2ay5rt1o6n69xkcqn5n9jds201n1kmr7pcfqggiwt34qqxt8ykktcty7rv49o7gkjmi7h1g79o1z7hnyqb7f08icsbgwig:latest/test_connective_metrics.table.json", "path": "media/table/test_connective_metrics_213_46a8be6ce06ab3fb8ecd.table.json", "ncols": 6, "nrows": 3}, "Exclude_counts": {"_type": "table-file", "sha256": "25a1c51bc7d78f8f0c485181ff588729b74bed10d613faf3814f153d95fa71a3", "size": 90, "artifact_path": "wandb-client-artifact://l6a0p7kwigq176i1q1o946bs214ie11vkevpuzqybss9kzwdzn1jt3y34t724o2unaxtfbfcaddl3nlz3dmk6cfmzdeur1srjirc0fx6lzebscxxwnirmk1mvwxpv9yw/Exclude_counts.table.json", "_latest_artifact_path": "wandb-client-artifact://juivcpx4lbipofln54dw2em38h9l8a4q5f6oqgk481gdo44ns172ac3ulmx1vx1irzu7r7l12lt9n912zjmop70axds106id9w839a7abn2z000lzzwbrasr1g4k7bvg:latest/Exclude_counts.table.json", "path": "media/table/Exclude_counts_214_25a1c51bc7d78f8f0c48.table.json", "ncols": 2, "nrows": 1}, "_wandb": {"runtime": 732}}