{"test/loss": 1.6637099981307983, "test/accuracy": 0.1, "test/precision": 0.2222222222222222, "test/recall": 0.1, "test/f1": 0.11428571428571428, "test/runtime": 0.1149, "test/samples_per_second": 87.053, "test/steps_per_second": 17.411, "_timestamp": 1721571982.7576213, "_runtime": 58.419801235198975, "_step": 131, "epoch": 30.0, "train/f1": 1.0, "train/accuracy": 1.0, "train/precision": 1.0, "train/recall": 1.0, "val/f1": 0.06666666666666667, "val/accuracy": 0.2, "val/precision": 0.04, "val/recall": 0.2, "train/loss": 0.8741, "val/loss": 1.7061586380004883, "eval/loss": 1.7637073993682861, "eval/accuracy": 0.2, "eval/precision": 0.19047619047619047, "eval/recall": 0.2, "eval/f1": 0.16, "eval/runtime": 0.1142, "eval/samples_per_second": 87.562, "eval/steps_per_second": 17.512, "train/epoch": 30.0, "train/global_step": 60, "train/grad_norm": 11.605037689208984, "train/learning_rate": 6e-06, "train_runtime": 54.8499, "train_samples_per_second": 5.469, "train_steps_per_second": 1.094, "total_flos": 78935442739200.0, "train_loss": 1.3643651167551676, "label_metrics": {"_type": "table-file", "sha256": "90889c5cbf501e11c7670db7f5f89e137f3f59d72063d3f8d9cc17195d52c646", "size": 335, "artifact_path": "wandb-client-artifact://5mfl6j7fxrcd2ste5u1rnnrog5yb4hb5es5abkf1cjcfbycjkhgk2w4sbdl8u81xg6h8afcix6gz9w5wl9qt0n3clm3xd4krn99y8fsx8p2rfut4pv147tpj90zgnrdh/label_metrics.table.json", "_latest_artifact_path": "wandb-client-artifact://rcfhahdfjbe4xo5wxdjfluajwr4hynxpil2u4u5iu7bdoseyjftmyei8i926dacrbbhd454yngtj0dlm0ewo6fprpkojro2532prka3n974v0hnnoczth9tyaugrpdct:latest/label_metrics.table.json", "path": "media/table/label_metrics_129_90889c5cbf501e11c767.table.json", "ncols": 5, "nrows": 4}, "test_predictions": {"_type": "table-file", "sha256": "9a1b54c515f29920f03219653a542206e43fa855590ed6ee59154160ee30e556", "size": 4599, "artifact_path": "wandb-client-artifact://rcizc2q8hfumkxwht9259zcozzfa4chwtxpia75rrtymp7rabu0u0pp4vaa2s9o1e8q9xveapm6qdhnlfdp0wukojx5fkj6lu9y1a9yfihl9ok0bxuh14nb14ys6asrr/test_predictions.table.json", "_latest_artifact_path": "wandb-client-artifact://eqhmk6r40qdk6eih74wh7cfbj26kh25dnt71x3jt9rtj72jj2oruu97vxh8gsb5sxxtco7c0fg9ryq63xiq8n49g5hyact7epjzqvsf9i4gvchui9xgkb5xwtachxrtw:latest/test_predictions.table.json", "path": "media/table/test_predictions_130_9a1b54c515f29920f032.table.json", "ncols": 6, "nrows": 10}, "test-metrics": {"_type": "table-file", "sha256": "6a37f3e826b7c89e08e9af62e51275bca4f738ab1461f82e79d4086441332075", "size": 169, "artifact_path": "wandb-client-artifact://jblcqzbc8qimyb97zw684dfljlmdxa9ix0ilk04p9v6a2mtfpdu79zls1nmtof41b3ysanmd8qgspvdzbt0wire5qmn46z2fzwxk6r52tq89b6kz7mudkvjrn18e4uup/test-metrics.table.json", "_latest_artifact_path": "wandb-client-artifact://e126zz2xddx9do9l52dcmv26evylwwpps054jpzg1brcd2pu6x0l8lntwbv0q0xozmc1ed98kxadhk9ynlzt3lg0whmkngwriw0ygn8nl5k61r35c4ok5qm6il3l1i6m:latest/test-metrics.table.json", "path": "media/table/test-metrics_131_6a37f3e826b7c89e08e9.table.json", "ncols": 5, "nrows": 1}, "_wandb": {"runtime": 63}}