{"train/loss": 0.2621, "train/grad_norm": 0.03493908420205116, "train/learning_rate": 3.8913525498891355e-05, "train/epoch": 9.0, "train/global_step": 1503, "_timestamp": 1739617109.6008422, "_runtime": 1372.9943532943726, "_step": 194, "test/loss": 0.9781813621520996, "test/accuracy": 0.8273809523809523, "test/precision": 0.8437208216619981, "test/recall": 0.5085915183476158, "test/f1": 0.5649662447257383, "test/runtime": 4.4265, "test/samples_per_second": 37.953, "test/steps_per_second": 4.744, "epoch": 9.0, "train/f1": 0.8179387726545585, "train/accuracy": 0.9880149812734083, "train/precision": 0.9626097318768618, "train/recall": 0.8121748146010631, "val/f1": 0.6133060351187841, "val/accuracy": 0.8562874251497006, "val/precision": 0.7488506245662734, "val/recall": 0.67, "val/loss": 0.8673277497291565, "eval/loss": 0.5959760546684265, "eval/accuracy": 0.8982035928143712, "eval/precision": 0.8529040404040403, "eval/recall": 0.71875, "eval/f1": 0.6908807967631496, "eval/runtime": 4.3995, "eval/samples_per_second": 37.959, "eval/steps_per_second": 4.773, "train_runtime": 1360.364, "train_samples_per_second": 29.441, "train_steps_per_second": 3.683, "total_flos": 3161421175587840.0, "train_loss": 0.3833516201454246, "label_metrics": {"_type": "table-file", "sha256": "c26986e781f23e107d0026d274b2037c79c296cb212f821f47d758b3bb4940b0", "size": 574, "artifact_path": "wandb-client-artifact://2tzwpmgor4bk705m4rprrq8vlucb0pwh2pu2nboup5r41f09t3zpdk0rqhrpxqace52e446j7hv113rrazsbgxzg24grfcckrrqnwr4vihovqudxj62tk5ck972r3t72/label_metrics.table.json", "_latest_artifact_path": "wandb-client-artifact://q7aydbajd9pzsxdoh810loe5wi55a74419jtotenqhfoej502yldx78dku6o9dz094laqurfm5n2aiiqv1oqhyav99koake2ifgplei2ziqcsen4rqixqhla9qgioh86:latest/label_metrics.table.json", "path": "media/table/label_metrics_189_c26986e781f23e107d00.table.json", "ncols": 6, "nrows": 5}, "test_predictions": {"_type": "table-file", "sha256": "188911f0b35dd3a2081ffbb2d1abb44e441906ea764172937eeccdb32afecd85", "size": 90495, "artifact_path": "wandb-client-artifact://dh1dl8gew6fcl4s7s1t1u1v2k8udg1n2x1by96sjcl3hzhdx82wvs3ikelf7om9xhka5891ptnov8kk7xf37fhaxy7dv5t9uj05xrn4ya1zv90sjntl493n9b35offmy/test_predictions.table.json", "_latest_artifact_path": "wandb-client-artifact://bbu9ttjx6rf3tpgqlsemwv15us3uqz0jdw6ja1jc40jxc302iz3aicafqtos17cizmxr6d8h76gcapo4apw922fdpz3pe4uojwursyp2f3obyoe6p98p1v906nk1d8ml:latest/test_predictions.table.json", "path": "media/table/test_predictions_190_188911f0b35dd3a2081f.table.json", "ncols": 8, "nrows": 168}, "test-metrics": {"_type": "table-file", "sha256": "750da23b81147aaa73923aae1e0e4bf8cfbb210343321b5ddfbeb61838aa555c", "size": 194, "artifact_path": "wandb-client-artifact://kxajaox77cqyyxt2kw1jwd4y937fpi12ztooxv1oqtej25bb5hokd08prjxjwgr08c9zjy38lkg32u4x0jgyiqjfu9u87lwf689v1dcbbwxvsjf2oimgcx01qmne5ujj/test-metrics.table.json", "_latest_artifact_path": "wandb-client-artifact://2pnx0ngxlk04owfgu5rzm3zlvd6qa8ihz7h492wut1qyhr1qhndbokk1vynkyubzqdnehezy2bfrznzftnlc2c1dpm8qwlauzgahc8lii3hsuu27kpbtjjp1umixbiu5:latest/test-metrics.table.json", "path": "media/table/test-metrics_191_750da23b81147aaa7392.table.json", "ncols": 5, "nrows": 1}, "test_connective_metrics": {"_type": "table-file", "sha256": "fc6d28ef9fddcafeeef88673abd38c96a2c25d1d3456c428b4d5018ee779702e", "size": 423, "artifact_path": "wandb-client-artifact://wcsofizoy1i6qerpt53gkhmkj36ags2g9huevq7nxuczgt6xdq194sug50u0rh002zewj98i9w3t0tsjyy9br8w9kfccnfofbfcjjprkks9k803rwrlq4t9ir2y3xr8h/test_connective_metrics.table.json", "_latest_artifact_path": "wandb-client-artifact://fvn5y4ftsef6otvm7a8hlhmueluhk58wrg9c2tw7y62amo9pugbzc9l7mrt6779d9apla70jsnp1xbpn0ip3m59wqnkz27z6ol2wd24xvhj4vlgcugpcpph6a4g0r3lg:latest/test_connective_metrics.table.json", "path": "media/table/test_connective_metrics_192_fc6d28ef9fddcafeeef8.table.json", "ncols": 6, "nrows": 3}, "Exclude_counts": {"_type": "table-file", "sha256": "082fcc874914d75958d68e780085931cf5c17034575e8b060f4acd16accf2d9e", "size": 71, "artifact_path": "wandb-client-artifact://0p0r6p1dh5ietes7kvj5f736vec347y14h0o1064fh6l4vaq9raxc07wmo4cdg7lozl1a6t7a07oqsijgiqjsxzq5uvz0p9s631a5ib81mh9zjc365vd297yestn3det/Exclude_counts.table.json", "_latest_artifact_path": "wandb-client-artifact://62vg64gu3xc6j5eh0n7ht08o928yu80npg77h6zrgm3eny9m53dotxy3vtup24k6z4mlyhhobxcra8fkt8z1uhwov3nylz452n7p8mk0fd7wdln3uulg77j8ap74euyo:latest/Exclude_counts.table.json", "path": "media/table/Exclude_counts_193_082fcc874914d75958d6.table.json", "ncols": 2, "nrows": 1}, "_wandb": {"runtime": 1380}}