epoch,loss,accuracy,precision,recall,f1
,0.0652278775940398,0.2574850299401197,0.184818442427138,0.2304166666666666,0.1232575757575757
0.0,0.03228353811595254,0.7964071856287425,0.28632668144863266,0.33166666666666667,0.3057396577864414
