{"train/loss": 0.1485, "train/grad_norm": 0.011142989620566368, "train/learning_rate": 3.7028824833702884e-05, "train/epoch": 10.0, "train/global_step": 1670, "_timestamp": 1739965070.1940315, "_runtime": 1539.7074315547943, "_step": 215, "test/loss": 0.7279727458953857, "test/accuracy": 0.8690476190476191, "test/precision": 0.8142866509310255, "test/recall": 0.6481037134695671, "test/f1": 0.6196581196581197, "test/runtime": 4.4273, "test/samples_per_second": 37.946, "test/steps_per_second": 4.743, "epoch": 10.0, "train/f1": 0.7833448513340432, "train/accuracy": 0.9880149812734083, "train/precision": 0.9748162772841944, "train/recall": 0.7873744153994663, "val/f1": 0.6122714104653267, "val/accuracy": 0.8502994011976048, "val/precision": 0.8816652097902098, "val/recall": 0.59375, "val/loss": 1.201504111289978, "eval/loss": 0.5519740581512451, "eval/accuracy": 0.8862275449101796, "eval/precision": 0.7926587301587301, "eval/recall": 0.6870833333333334, "eval/f1": 0.6333797909407666, "eval/runtime": 4.4012, "eval/samples_per_second": 37.944, "eval/steps_per_second": 4.771, "train_runtime": 1527.056, "train_samples_per_second": 26.227, "train_steps_per_second": 3.281, "total_flos": 3512690195097600.0, "train_loss": 0.33233891910800856, "label_metrics": {"_type": "table-file", "sha256": "4eefe22eb34959d883476a0521a6bd67fdaeb6280a003d02d21ef0875359d87c", "size": 621, "artifact_path": "wandb-client-artifact://sqne10p01va27o8wrsx9z18irgc56yb9buvd8yb3c4gg82cuywx9xayzhvnijisy13lhcimen0un3jaf80fr6vrnp12jz9uk3msmcrad4n8n34rj3g819f21aj4bpdv6/label_metrics.table.json", "_latest_artifact_path": "wandb-client-artifact://0k36kgdjtru57zpsb05t93cd2263994wrf8s9rzzd0art4xm86y2d2yc6z962c2pdovz6ndcezphotye5sgf6tfj21ep343ulne86tyixvi1aq3gi0x34onj2z58urav:latest/label_metrics.table.json", "path": "media/table/label_metrics_210_4eefe22eb34959d88347.table.json", "ncols": 6, "nrows": 5}, "test_predictions": {"_type": "table-file", "sha256": "d9a1069841fc570f5ee64ac87f7861b06142b0b66a50b291df38ca9b49463ee1", "size": 92872, "artifact_path": "wandb-client-artifact://y6aekphmy0p35eo2odcmhv85tk8pvo7rkyuppnx5k0y6m1oskgvj9hqth3w49vdg7b26zr5ojif51r2vv0yjgyl6mflzl22m3vbtsvwvrnsvalsi5xhs5fptva1c5rep/test_predictions.table.json", "_latest_artifact_path": "wandb-client-artifact://fn5z0y9np5v5o475ep4nf4aenws5257f94rzu4t1llujbfxywj0gmkfxlgb8a2w9yijk00abl3unzobgi6sqtyfn1b46qmk1phnn9emjzafbmbagh8msu7mdh8c2xa49:latest/test_predictions.table.json", "path": "media/table/test_predictions_211_d9a1069841fc570f5ee6.table.json", "ncols": 8, "nrows": 168}, "test-metrics": {"_type": "table-file", "sha256": "c81ebc4a17e3e6fd86a30b43cfc75292e01bbcfa8dc3d3d25752d778cf30c15f", "size": 212, "artifact_path": "wandb-client-artifact://6f1jbtv89urg3gjequo9xx05yhwyepkamtyz9i50hvdylvtly9ak6z8b2hadbpzh8dnxgpn6snzgkgzaldaczkynm41wl4nvf48sh43zdc7ljbx9xo1ql5neuv593fv6/test-metrics.table.json", "_latest_artifact_path": "wandb-client-artifact://lxunzz05k2c0mxjz3u3rlghwnjn7gl0hhh8lkxtqq32ry2cph6qtp7dpg9mxsqrves0g5j6qavyl7zyjarzas4m6hskr0atwjo4oy0rck8oakod9y6z43mayko3nlirs:latest/test-metrics.table.json", "path": "media/table/test-metrics_212_c81ebc4a17e3e6fd86a3.table.json", "ncols": 5, "nrows": 1}, "test_connective_metrics": {"_type": "table-file", "sha256": "aafcf882343ca9679e9addfaa4e67501f84100d519d3ce9313dbcf770abe43e1", "size": 488, "artifact_path": "wandb-client-artifact://d5cqmz4k0g0no0iqjor6u50go3iti0ci3xbeuo94cy4yllq3pd1a961qda310sbcshjcgiwc02v5l7us329eq6vp2g6g8k9vhrwi0lzazvrjefzecxjnu0tstf4camh4/test_connective_metrics.table.json", "_latest_artifact_path": "wandb-client-artifact://5u9cwh9qxbs6jq9qx6ox7ppypo0nvkc6iq4en2etk6qej8ksj5zjo455mnlsmpz2zxmdngxlglk59gin8qqyyehgrwh86kajhnkogys2a46iwl4sq6hh1p8b8s8nbjtr:latest/test_connective_metrics.table.json", "path": "media/table/test_connective_metrics_213_aafcf882343ca9679e9a.table.json", "ncols": 6, "nrows": 3}, "Exclude_counts": {"_type": "table-file", "sha256": "25a1c51bc7d78f8f0c485181ff588729b74bed10d613faf3814f153d95fa71a3", "size": 90, "artifact_path": "wandb-client-artifact://hd5n4ao6gp839l7ewnvuonyscuw1v3y0b8546oij5fpi3gf7twygk70kpildoll0xxtjfkqxmvsl559y14h15h1fa1eo6lkx821kzdoe2ymk9gofeapvgpdk3ef2muf0/Exclude_counts.table.json", "_latest_artifact_path": "wandb-client-artifact://w8s82pqklrb9km7tll7y3gh9e9e5yi0btnwxn6zxmqjrcp8lswt4jg7l89udx92k1gpl1xuxocciecv3whefp18qfrhjqgzs63pawe6zhliq7cruhr6zt975ue9mykqk:latest/Exclude_counts.table.json", "path": "media/table/Exclude_counts_214_25a1c51bc7d78f8f0c48.table.json", "ncols": 2, "nrows": 1}, "_wandb": {"runtime": 1546}}