{"test/loss": 1.7177613973617554, "test/accuracy": 0.1, "test/precision": 0.06666666666666667, "test/recall": 0.125, "test/f1": 0.05714285714285714, "test/runtime": 0.1132, "test/samples_per_second": 88.308, "test/steps_per_second": 17.662, "_timestamp": 1736694433.6272502, "_runtime": 15.723053216934204, "_step": 23, "epoch": 4.0, "train/f1": 0.16666666666666666, "train/accuracy": 0.3, "train/precision": 0.25, "train/recall": 0.25, "val/f1": 0.2533333333333333, "val/accuracy": 0.4, "val/precision": 0.30952380952380953, "val/recall": 0.5, "train/loss": null, "val/loss": 1.650615930557251, "eval/loss": 1.6535613536834717, "eval/accuracy": 0.4, "eval/precision": 0.30952380952380953, "eval/recall": 0.5, "eval/f1": 0.2533333333333333, "eval/runtime": 0.1132, "eval/samples_per_second": 88.301, "eval/steps_per_second": 17.66, "train/epoch": 4.0, "train/global_step": 8, "train_runtime": 11.5098, "train_samples_per_second": 26.065, "train_steps_per_second": 5.213, "total_flos": 10524725698560.0, "train_loss": 1.7346619367599487, "label_metrics": {"_type": "table-file", "sha256": "e1b0baedae8dafd879b3261be1ab298d6efbe725670cc4cf80557c1f3e910e80", "size": 357, "artifact_path": "wandb-client-artifact://5h3gsvmesfwuvryjkmd9t4hnovcpozqc04pxdtvyfb8fcv4cuhfai0bau5ibrxk3xry70njegqr59gsvbclqaka6h4q49kc333u4ym9na6v21d78khq1747yvsfw5l6l/label_metrics.table.json", "_latest_artifact_path": "wandb-client-artifact://jywt182psbw4p3dsa7x8hs4didcvcihfy02efbkewzo5us9itud1xcjc8fy78k1nnsw909idmo3y11u48bh7jx4n7bu17l7obiveqzdf9nafbow0dmw9nx9bmeuw7c6n:latest/label_metrics.table.json", "path": "media/table/label_metrics_19_e1b0baedae8dafd879b3.table.json", "ncols": 6, "nrows": 4}, "test_predictions": {"_type": "table-file", "sha256": "933694ed58a2c7882d66121bd011027b97fd7a55fae793b90e1fb1ff4506086e", "size": 4988, "artifact_path": "wandb-client-artifact://wsdi62t08ciuz6utfdu3jpzd1hkbqw3kp54b0yvoh6uln696r2yf5aqpdgiot8a695fm2j1qaqpa0em652hyc1b0lg04zi7gbahu7egyk45cggj3amqbvjgkmz96fa75/test_predictions.table.json", "_latest_artifact_path": "wandb-client-artifact://gwb9v8gk4alkycdu9oclpti7h61tbtvpug4a41c9rbx6tdias77yslzvmvx8brlr1iv4lllmw43zhpuay2jzzkuisebnb99bvcg0vrdfnazbjn4jw46fhyg50ohjzymm:latest/test_predictions.table.json", "path": "media/table/test_predictions_20_933694ed58a2c7882d66.table.json", "ncols": 8, "nrows": 10}, "test-metrics": {"_type": "table-file", "sha256": "0b1391751ad339c4eaea56ae3b0637c27932ebf1dd09c3809f479f5c91d633fc", "size": 164, "artifact_path": "wandb-client-artifact://2zi7y2mhinn1jbv9h51uqiv9v721h85yc0jm876uvwhuepv3d7w2yzhaeah3wk9l9dars3pcr4a8g5fguqjx49a6144q3iqwgtxg59ny6e9d2st1c4rf49vd2eynzcur/test-metrics.table.json", "_latest_artifact_path": "wandb-client-artifact://yehtoq3t2ww8fol7mpy255f42mbq1cppaum7voe6z68foiburendtbgrel4gkwji4jkubzbxn1lto4341087ohvjeyzqxvmrndwdqey0kmr9k2g9wm5v5tqom5qngo2j:latest/test-metrics.table.json", "path": "media/table/test-metrics_21_0b1391751ad339c4eaea.table.json", "ncols": 5, "nrows": 1}, "test_connective_metrics": {"_type": "table-file", "sha256": "2fe622d9fc673e5cc8dd0f84fc1a76cb462370494f25479f25e02ff43c46f8bf", "size": 185, "artifact_path": "wandb-client-artifact://eg4mnommk2tmglbvb88326ouzpk54smlwnyumb9i8xcxtal0db2stqntw8pgjcbypki68k6b28p9clb3xpnzumjxi60mco9aaiuwwtp311seh0hdlmuf5zj0jouens5p/test_connective_metrics.table.json", "_latest_artifact_path": "wandb-client-artifact://shf4cihsgzmiavmiakcexlgvlqk1abof1rmc8glo57kh5jugl84tlmalru3fbyjfqgoiueceavj0t5592ga2k0ovegkvpl5nxqthxe9f4k180rdaezjyp6zdxpzo3joe:latest/test_connective_metrics.table.json", "path": "media/table/test_connective_metrics_22_2fe622d9fc673e5cc8dd.table.json", "ncols": 6, "nrows": 1}, "Exclude_counts": {"_type": "table-file", "sha256": "3a3e16eee488be4d9705c81c282778d2e17c222f184cef71ed7ae945012d1110", "size": 66, "artifact_path": "wandb-client-artifact://6tzj6smj5orb1nyz9is6osamfojho2vmx4rxck5dy3v3szu3schgjgtkdawikuyxspcrhwa4uy2dtv2he62wl9buknrxhqubxjxinsxg5wjaj3372bdgi4t4y2uecpa9/Exclude_counts.table.json", "_latest_artifact_path": "wandb-client-artifact://qveycay7nbcrewvksic7tietcghab5rumlo13qjid3olvd8yfttep5esjuxqob3355b1fyvtdmy74d0jqnowmvtls1aagfe8etbrujqbwtmu638dw67w7wwvux96oefa:latest/Exclude_counts.table.json", "path": "media/table/Exclude_counts_23_3a3e16eee488be4d9705.table.json", "ncols": 2, "nrows": 1}, "_wandb": {"runtime": 24}}