{"train/loss": 0.7603, "train/grad_norm": 8.171446800231934, "train/learning_rate": 1.6000000000000003e-05, "train/epoch": 1.0, "train/global_step": 167, "_timestamp": 1735983321.3392603, "_runtime": 95.9115822315216, "_step": 26, "test/loss": 0.8426007032394409, "test/accuracy": 0.6666666666666666, "test/precision": 0.8323353293413174, "test/recall": 0.20487804878048782, "test/f1": 0.16923603973963686, "test/runtime": 1.8472, "test/samples_per_second": 90.951, "test/steps_per_second": 11.369, "epoch": 1.0, "train/f1": 0.18115620407617974, "train/accuracy": 0.7543071161048689, "train/precision": 0.5578295663458419, "train/recall": 0.20458715596330274, "val/f1": 0.17995337995337995, "val/accuracy": 0.7245508982035929, "val/precision": 0.8614457831325302, "val/recall": 0.20625, "val/loss": null, "eval/loss": 0.7889493703842163, "eval/accuracy": 0.7245508982035929, "eval/precision": 0.8614457831325302, "eval/recall": 0.20625, "eval/f1": 0.17995337995337995, "eval/runtime": 1.833, "eval/samples_per_second": 91.106, "eval/steps_per_second": 11.456, "train_runtime": 88.8128, "train_samples_per_second": 15.032, "train_steps_per_second": 1.88, "total_flos": 351262720189440.0, "train_loss": 0.9183575778664229, "label_metrics": {"_type": "table-file", "sha256": "194155bc2fb642a6b36647e081010a8c288dd7157c25d4021fb2d3a408a6035d", "size": 479, "artifact_path": "wandb-client-artifact://kvsjelp29e4y73m0vketdhw93jvnwo2zoqgi1cdy5ldbiw7chcgmyy639fg00s04csp5kwmin135zzvs8dexc1x6c1ua8vzfa4bz9pulmn35x3mwqwvsvazinpmdbg51/label_metrics.table.json", "_latest_artifact_path": "wandb-client-artifact://zlzg4wm6meb4ho0knmmyswc8rfvkqk9xbv400llrtgo91sozo81ip4gfqzwavud5rf2s2hb24q4x7b0ccnnu8bfxe7q50hbaiy1p2g5vhjho6yt4s8g49p10i51xrvdn:latest/label_metrics.table.json", "path": "media/table/label_metrics_23_194155bc2fb642a6b366.table.json", "ncols": 5, "nrows": 5}, "test_predictions": {"_type": "table-file", "sha256": "cde69384015a01f4b63074d00cb4755248534399d14773d6871b2be9c11880f4", "size": 57763, "artifact_path": "wandb-client-artifact://l4qw6ggujesicd8nbltf7t0zfa92ki2ihb6suomsrp300m9llbwcdzgvhxtzvs8vs5iz39jwzdtveubjwk9o72ievl0120c8pfn8lonz2y6ayfbozde5fvk046i6q3oi/test_predictions.table.json", "_latest_artifact_path": "wandb-client-artifact://krv3ah3091h6jmsb5jcopfr4p0urrbgngjzf7b4wrhhmzu3h1sbs2ud6243dm6cq90tjbqlf84yjhlbqys8yi8kxx62i5tczu9fx1rh8jkgc9tabivt9zwf154k8vew3:latest/test_predictions.table.json", "path": "media/table/test_predictions_24_cde69384015a01f4b630.table.json", "ncols": 7, "nrows": 168}, "test-metrics": {"_type": "table-file", "sha256": "d25f267356e56ca2356abf078fc0167ee275e9bdd211db6f67db6b0aa2616b80", "size": 208, "artifact_path": "wandb-client-artifact://r5mwpgluw62279xn8bg3oyzw7ji4yp3twrbsk0mge4n5t14dzmfer8v0ffmgupqsi47vkxc4b3dqdvlep3c41dj52rczenz7dhe52vj08ob6vbw4gnjd0pl58nkmlvzf/test-metrics.table.json", "_latest_artifact_path": "wandb-client-artifact://ut8hqqntiwht14ajer01x5e99oo3ga6wbgu0tpxsa4p65tl8ypel0s0g37adxc35uje62a586ti70j1pg8o50basv3zxjwyvnjg2tznde6scqj2uyrft1y5rckvf0wgo:latest/test-metrics.table.json", "path": "media/table/test-metrics_25_d25f267356e56ca2356a.table.json", "ncols": 5, "nrows": 1}, "test_connective_metrics": {"_type": "table-file", "sha256": "53e5b657e2ffdedfc45047571e646e8fb786b4a9e482088aca7084bccd64c7f7", "size": 425, "artifact_path": "wandb-client-artifact://016ssf16gc6mpl303wq3lk69ozhezb3heu7zamj9y2whajzaa5b2pe5azcexbjzpef3nlap3qo6xul88pycsp7rzdw6r1zna793qmc4oifwr4bhamle0woot2f91d0qm/test_connective_metrics.table.json", "_latest_artifact_path": "wandb-client-artifact://v7r9t7jg9ciwgepkem2bv1ifucohzs9q3r8wrpdwdi95nxhlmj811gqguxorluxax1gsanhliza4767a02z6h73bka57hhpoga8phhtox5cq561xycafhfokmkwoqmxi:latest/test_connective_metrics.table.json", "path": "media/table/test_connective_metrics_26_53e5b657e2ffdedfc450.table.json", "ncols": 6, "nrows": 3}, "_wandb": {"runtime": 101}}