{"train/loss": 0.1613, "train/grad_norm": 0.0776163786649704, "train/learning_rate": 3.337028824833703e-05, "train/epoch": 12.0, "train/global_step": 2004, "_timestamp": 1739835311.4256642, "_runtime": 1835.5350532531738, "_step": 256, "test/loss": 1.1475251913070679, "test/accuracy": 0.7559523809523809, "test/precision": 0.7387522943612072, "test/recall": 0.5192836739178203, "test/f1": 0.4796856906534326, "test/runtime": 4.4202, "test/samples_per_second": 38.008, "test/steps_per_second": 4.751, "epoch": 12.0, "train/f1": 0.8452112581874017, "train/accuracy": 0.9722846441947566, "train/precision": 0.8651640263563717, "train/recall": 0.8621451058966854, "val/f1": 0.5428193384223918, "val/accuracy": 0.8143712574850299, "val/precision": 0.7910798122065728, "val/recall": 0.505, "val/loss": 0.9262628555297852, "eval/loss": 0.8035772442817688, "eval/accuracy": 0.8383233532934131, "eval/precision": 0.7775735294117647, "eval/recall": 0.61375, "eval/f1": 0.5853766025641025, "eval/runtime": 4.4052, "eval/samples_per_second": 37.909, "eval/steps_per_second": 4.767, "train_runtime": 1822.781, "train_samples_per_second": 21.972, "train_steps_per_second": 2.749, "total_flos": 4215228234117120.0, "train_loss": 0.44989213201323314, "label_metrics": {"_type": "table-file", "sha256": "989275670b0c4c43ca6065d127d98fb77521a86ca5d7f480557d4b267cba33e2", "size": 659, "artifact_path": "wandb-client-artifact://voasr21b2jfa6wd4yf6g8cc0jsuze09kc8xouxxdkdknnyv5sapdbj9zmd6dbl5gczghjjkbo9ozsroe05g1juqrcwpuuws6hqz26fh14rz2zmx77h0qjl1kwapqu51i/label_metrics.table.json", "_latest_artifact_path": "wandb-client-artifact://ahugwzry4oj5obidf02dyrtilu78tzacmy2baxqfkxt9shvo9wkta5wtnbcnldnmub94p3xuqxa8r62pkrrpogqa51qc56qlcp3r25k9p6mjmzcdnwdzb66g979kni2e:latest/label_metrics.table.json", "path": "media/table/label_metrics_251_989275670b0c4c43ca60.table.json", "ncols": 6, "nrows": 5}, "test_predictions": {"_type": "table-file", "sha256": "8eb97bf6d4dc3c9c1f64e6f1d833bc684bb4a9ffb32f450ae823d6264d97faae", "size": 52955, "artifact_path": "wandb-client-artifact://l0cg90m28bnyugf4l0sy0k66kznf9aure3tl6yr1t4krl2qvjifi5fj2mv63o2bbesciqy8f18r51ln2y42tce98v0965mty0l3prme1pewbqtp4obyjxjjs1nse614a/test_predictions.table.json", "_latest_artifact_path": "wandb-client-artifact://tvr2h9u1q7yaina6h46cfcy9x9g8247dndl8z995iidiot3j3vbyj6g9nlhv99wdt4yxvm2tm4cfaialf1kmhwlgttfhjhxuzj49t450puwgdt210d3qx31vfi1ps0jb:latest/test_predictions.table.json", "path": "media/table/test_predictions_252_8eb97bf6d4dc3c9c1f64.table.json", "ncols": 8, "nrows": 168}, "test-metrics": {"_type": "table-file", "sha256": "67e3d41afaf6bc1aeb8b4d1c6a795801aef767ab45bba3410cd47b9e4f2496e5", "size": 205, "artifact_path": "wandb-client-artifact://omcefc70gxhikv4ovpvlpoc42uor3gchv0igs3id4mf8h4edd3c7alkrwl27wieuzhsaox7r1i6fj9oykounsgi45c9un5dmvksbnqg3hw07denofja96gyp12cs1lv4/test-metrics.table.json", "_latest_artifact_path": "wandb-client-artifact://o49q4n9dzy091f110h4aji522iwpn77sqx0oi45vbbo3a1tgiz9yo7ei63be6qk3ku06m9or1qrue4yez0rlkxd6yyxde69ygiqaslibvewxu14zoobmwtqy9yp45hpj:latest/test-metrics.table.json", "path": "media/table/test-metrics_253_67e3d41afaf6bc1aeb8b.table.json", "ncols": 5, "nrows": 1}, "test_connective_metrics": {"_type": "table-file", "sha256": "f302662ec1ddaeec71f86ca343a350417d3d2751941b7b8fffb8f361e3ae60fd", "size": 453, "artifact_path": "wandb-client-artifact://5j1vb7r3cg8zozvxhucc8v5fb974thfn0jp28qqs481a19d3xbkw3dgxmvemxek4zsgnrmsk0mlcv2qnj3gk0r2fz4aj3thdb29qjk3v8nw61sha0tq4d572pc108mcm/test_connective_metrics.table.json", "_latest_artifact_path": "wandb-client-artifact://7nvmjhqnv2bflvw1a2w9b1v7w3pou3ry17bavalze9uyiy8byht6yd0mzv6fjt4cjy9zdd7xd78ajrz240109pxwj8hxmmfm2s205s5dezjhrgf2xja0vyq0no5iuxxu:latest/test_connective_metrics.table.json", "path": "media/table/test_connective_metrics_254_f302662ec1ddaeec71f8.table.json", "ncols": 6, "nrows": 3}, "Exclude_counts": {"_type": "table-file", "sha256": "e0904507c7a3e3f62f0831416757fbded3c24349ee8ce39d59ff399ee82bffe7", "size": 84, "artifact_path": "wandb-client-artifact://azyhos2fa24wh6p00ko3o78cqjhg5l8hpga7ijy5us0jz0mqt74gae1225wjcm3spkfn454f6lelie4513zozwb05y5gvq497dnbk6jhttvjy9ongirhzepvxboviyun/Exclude_counts.table.json", "_latest_artifact_path": "wandb-client-artifact://y2e1turnr5oakx3lja4ovfelewou48jiyxo4xxhrfs7dew3oils57qrlmc6agrfduxe9bigxodoxv3twypr25gkbwm3gpydcly8ekx372nmztxbom0rivv6yh0zqhiap:latest/Exclude_counts.table.json", "path": "media/table/Exclude_counts_255_e0904507c7a3e3f62f08.table.json", "ncols": 2, "nrows": 1}, "_wandb": {"runtime": 1843}}