{"train/loss": 0.198, "train/grad_norm": 0.22606918215751648, "train/learning_rate": 3.337028824833703e-05, "train/epoch": 12.0, "train/global_step": 2004, "_timestamp": 1739642710.3089879, "_runtime": 1826.4260988235474, "_step": 256, "test/loss": 1.5656676292419434, "test/accuracy": 0.6785714285714286, "test/precision": 0.4288079470198676, "test/recall": 0.2689848384970336, "test/f1": 0.27076784912438256, "test/runtime": 4.43, "test/samples_per_second": 37.923, "test/steps_per_second": 4.74, "epoch": 12.0, "train/f1": 0.725620567998501, "train/accuracy": 0.9558052434456928, "train/precision": 0.928054240332136, "train/recall": 0.7193709687188784, "val/f1": 0.37177938360817736, "val/accuracy": 0.7485029940119761, "val/precision": 0.46826845093268454, "val/recall": 0.40750000000000003, "val/loss": 1.1894618272781372, "eval/loss": 1.3180179595947266, "eval/accuracy": 0.7425149700598802, "eval/precision": 0.6066017316017316, "eval/recall": 0.3783333333333333, "eval/f1": 0.38413625304136245, "eval/runtime": 4.4017, "eval/samples_per_second": 37.94, "eval/steps_per_second": 4.771, "train_runtime": 1813.5157, "train_samples_per_second": 22.084, "train_steps_per_second": 2.763, "total_flos": 4215228234117120.0, "train_loss": 0.5556110374465912, "label_metrics": {"_type": "table-file", "sha256": "03687a4a52dd4671e594aff49fe02c88c177de79ff420155e0c0f0da12299614", "size": 605, "artifact_path": "wandb-client-artifact://hjzgqcxh4p8glkegw57lxrl9myoip8yfri19h3rgghl9vclhijiij2j8vyavn4xo8y9zis1zvsss6881nwo0179u6mzapjf0tl58uyaps4cjq1yom9cquiop8cnvy8qf/label_metrics.table.json", "_latest_artifact_path": "wandb-client-artifact://97zbmoj0zahrfq51njeawbrd4w5c1wr06lzy8rxiio5h994vvuhj33wda7exn905sr7upjygpymx2795lzlbh6po4tfyo3oozn5f5ad2szu409531j2vsa9spknlu5i5:latest/label_metrics.table.json", "path": "media/table/label_metrics_251_03687a4a52dd4671e594.table.json", "ncols": 6, "nrows": 5}, "test_predictions": {"_type": "table-file", "sha256": "4849aef9543eba39d3ff346517397b52f6470ccef605c2481fd8b7f90b1bdb2a", "size": 62150, "artifact_path": "wandb-client-artifact://u56setb698ga47uvmf373yu1crpbstofi5ow3k1s8vfe6d6abn05gtbhi49q58pxeixslgnnh8ty3aa06culwwjehyzsawiusnlpfxz1wt9jzzzjgoknh5qskt19sw9g/test_predictions.table.json", "_latest_artifact_path": "wandb-client-artifact://yk8vj14yazflgg2pc7gd2hpuzbq8no48hj7f1e31swy1qspnr3cucus5wmmzolkn5eli56knsxcxcl9p40mktt2pki2hd5ek3skm7b2jt8q62a20zmxxak1r2td1y0ca:latest/test_predictions.table.json", "path": "media/table/test_predictions_252_4849aef9543eba39d3ff.table.json", "ncols": 8, "nrows": 168}, "test-metrics": {"_type": "table-file", "sha256": "e9db619e64ed2707b1bad965292c502bf14875b0a99bb92f1b6c07b13a62ef5b", "size": 207, "artifact_path": "wandb-client-artifact://dcknulmwbic8g10kr5cjpu4qg468ank823mwngt2xk4m7p2qcjz2rl3deregmxebmtih6wtebqxb35g0t4sexfp8zuta5x068y4haebwmpjzvi7kyhpcyysdk53dk2ky/test-metrics.table.json", "_latest_artifact_path": "wandb-client-artifact://nyklnvov7qw6rmxyz50spfsjxerofn1gl9w7gvgdakte2hc0rvymcmkjew5ubekv6nzxbqa1rln0bmrgqmbksirv6v4i0c4bhwiu4xtrttoqwnmizcmxe2l421oh5zsn:latest/test-metrics.table.json", "path": "media/table/test-metrics_253_e9db619e64ed2707b1ba.table.json", "ncols": 5, "nrows": 1}, "test_connective_metrics": {"_type": "table-file", "sha256": "e8e5d767f5c585d6c34a4fe8052b2d660e2bf149575153a23399fe31c729d3a8", "size": 448, "artifact_path": "wandb-client-artifact://xsw437kzz2txoaoen9i60zh7qfbjc6u3106jjivcxvdfttbwysr4vtvcvcvyfl67l9s00p8qpjj9x8uj0ey1qtouags2byv4rbsq3af21ougdak4gy7g4fsxv8wixtba/test_connective_metrics.table.json", "_latest_artifact_path": "wandb-client-artifact://ld5gn2zs23a909kdcr2i9mqok70djvg8sc0v7hplpphgpxju2s0h2x9cpfnq3n358rnu7x32lo1vd6wvknvx3977ktx0fmdkvqjp6mz3wtq2mrxhaso2w1ypx8qk8k6o:latest/test_connective_metrics.table.json", "path": "media/table/test_connective_metrics_254_e8e5d767f5c585d6c34a.table.json", "ncols": 6, "nrows": 3}, "Exclude_counts": {"_type": "table-file", "sha256": "92504b126567f736cbedb8586a5e833f3c5632191cd4c7ca2291163d6a06ccb8", "size": 85, "artifact_path": "wandb-client-artifact://5xfqat0v1ums7y7y3o6agbt401zatihpu6mw9o8lroccf6n8otzulc2d6zhjlocpp6nqiie65qsz4og13jh8aljsq76pt9ipb22e7u6tb4t8p9rffx0aiil64he6vu7h/Exclude_counts.table.json", "_latest_artifact_path": "wandb-client-artifact://w0xrig805wzqske77l9pt4nl2a0mqqcr3065j9fitwdwcvmk2eroo3x56ucwmsi6g5mvd9e42uf1f8j7lbcp32e88m4365fhgpmy63at7ncicafi6lq3ol3t77cuonzc:latest/Exclude_counts.table.json", "path": "media/table/Exclude_counts_255_92504b126567f736cbed.table.json", "ncols": 2, "nrows": 1}, "_wandb": {"runtime": 1835}}