{"train/loss": 0.1273, "train/grad_norm": 0.003743300214409828, "train/learning_rate": 3.148558758314856e-05, "train/epoch": 13.0, "train/global_step": 2171, "_timestamp": 1743007142.3615515, "_runtime": 934.0566515922546, "_step": 277, "test/loss": 1.4865151643753052, "test/accuracy": 0.7857142857142857, "test/precision": 0.7998657830718898, "test/recall": 0.5967501647989453, "test/f1": 0.6276886388148261, "test/runtime": 1.873, "test/samples_per_second": 89.695, "test/steps_per_second": 11.212, "epoch": 13.0, "train/f1": 0.9754528300974499, "train/accuracy": 0.9925093632958801, "train/precision": 0.9917079680887255, "train/recall": 0.9612076633103387, "val/f1": 0.5452695989337211, "val/accuracy": 0.8323353293413174, "val/precision": 0.7353060671722643, "val/recall": 0.5520833333333333, "val/loss": 1.456748366355896, "eval/loss": 1.2246007919311523, "eval/accuracy": 0.8083832335329342, "eval/precision": 0.7593650793650795, "eval/recall": 0.5795833333333333, "eval/f1": 0.6140795941017917, "eval/runtime": 1.8583, "eval/samples_per_second": 89.867, "eval/steps_per_second": 11.301, "train_runtime": 926.3714, "train_samples_per_second": 43.233, "train_steps_per_second": 5.408, "total_flos": 4566415362462720.0, "train_loss": 0.29286903825744354, "label_metrics": {"_type": "table-file", "sha256": "858dc37a3f38369d538002b6ab45a71533a47ce54e85a76f45150e9f7c3161ef", "size": 691, "artifact_path": "wandb-client-artifact://aduveyd3tp7yj9qk2bwg2r8tqfw9tle0otus796hm219j30gfuf8ow3hvk4uvkltue4twrdkarf8xdq54mnmtzgqw5aaiilph010geogm3rzvhtx9k8zjmdnivlh6vnv/label_metrics.table.json", "_latest_artifact_path": "wandb-client-artifact://hmdpr1jp8yggklrc81l8co2kuy1qhp6csvrsznzhgawx6wr4tqr3trg6ibr5fsf7d325ksz62uascb1x51e668j86uvehsmfzo0u7j8meabmo7phspqb5ng75l2dsv7b:latest/label_metrics.table.json", "path": "media/table/label_metrics_272_858dc37a3f38369d5380.table.json", "ncols": 6, "nrows": 5}, "test_predictions": {"_type": "table-file", "sha256": "2c219d35a28aa6cb6cc4d6edd7fd9163920c5051e28980193b78d76a57370d1b", "size": 53009, "artifact_path": "wandb-client-artifact://d5utd8rmdnrqckivsqp8nuv3d59ectsd4qq8uhypts8u5znm4dmewyjc4pqmbpazbmmp74bfvnkhk5p1yju5i2tpmwkfgfnpfmx5n6vmxy0gv8ouw6g93ftcz4ww61di/test_predictions.table.json", "_latest_artifact_path": "wandb-client-artifact://d7etbli3vgek5ph7wyyxqaia8b6dskce5udnjk1gidql554prtu58fdgh6guhecwax1vs2uawupprhcx99phq68uj555cv5nzrg67g0tpatw3zpok7hbgyaaemk4c725:latest/test_predictions.table.json", "path": "media/table/test_predictions_273_2c219d35a28aa6cb6cc4.table.json", "ncols": 8, "nrows": 168}, "test-metrics": {"_type": "table-file", "sha256": "3f63b711d7e57422e0071074955b40f1b5086002cc54a0ef72c274512ad6388d", "size": 205, "artifact_path": "wandb-client-artifact://d9dqq623ae87tyjpmgos85x8r7cf539vcmovn7wzcwc35dtjbsxj82aae9xz3qhcivm3e2wgskkttrupn4wcrqe5hcljf0224yggj322xzzlawgzl3j569o5l1e5oh20/test-metrics.table.json", "_latest_artifact_path": "wandb-client-artifact://unl5d40c1734b4vne8q3qrys8ayoavag8drtrduk3gdjbs18sfalgdaz5srywzmv0st1ibnmzziiv1mbqagk5noc4calhpmr3wiu63waquiv71utcw5jwsglwakc1ff2:latest/test-metrics.table.json", "path": "media/table/test-metrics_274_3f63b711d7e57422e007.table.json", "ncols": 5, "nrows": 1}, "test_connective_metrics": {"_type": "table-file", "sha256": "226582fed916b8d2b8bf61c3c8805199efbaeced4ddca38446a433dc4490b873", "size": 467, "artifact_path": "wandb-client-artifact://umke9vqohyuqzsd3qr05rjomdtich1tni9zojr9dkm7psq0um9xhg2t7bvgfxkwm9pnx8jrag07enufcgoeqzhm7zx1lj868xe2wwbqd99eplr6ajoqavlsz2gh842i9/test_connective_metrics.table.json", "_latest_artifact_path": "wandb-client-artifact://nf7o6rdltvqbzhqoyvfgoz2ojbm6kb3d3gsowffhi1uu0qhzztu2foabm4bdasitborhcs65biauba7o8gne39dkd7dsif96rk0ym01xcjkw42xr3xquyo2nun2kkv3s:latest/test_connective_metrics.table.json", "path": "media/table/test_connective_metrics_275_226582fed916b8d2b8bf.table.json", "ncols": 6, "nrows": 3}, "Exclude_counts": {"_type": "table-file", "sha256": "e0904507c7a3e3f62f0831416757fbded3c24349ee8ce39d59ff399ee82bffe7", "size": 84, "artifact_path": "wandb-client-artifact://aphbvdet81ll6wjtnbztaj7h6rgbi6231eaa97orfv41avgjfstxbu63571aewswivtorp8us96eih8rlhvy06ko4q1preyfhza1cnkcfwtmvlkyxfymsinlcld64v2u/Exclude_counts.table.json", "_latest_artifact_path": "wandb-client-artifact://v8pmwz8i4g34fh53nli89ovndaqn8wrcddwlskguisep4aaungueaj81cx6gcg6a293e9h5d9sh8m8e33viwr8y658eas1nyhez08ui4qpfh2keats3ctpajyquozoka:latest/Exclude_counts.table.json", "path": "media/table/Exclude_counts_276_e0904507c7a3e3f62f08.table.json", "ncols": 2, "nrows": 1}, "_wandb": {"runtime": 942}}