{"train/loss": 0.0001, "train/grad_norm": 0.001976757775992155, "train/learning_rate": 3.148558758314856e-05, "train/epoch": 13.0, "train/global_step": 2171, "_timestamp": 1742965013.2864988, "_runtime": 933.9821166992188, "_step": 277, "test/loss": 1.4628785848617554, "test/accuracy": 0.8095238095238095, "test/precision": 0.7865637065637066, "test/recall": 0.7357350032959789, "test/f1": 0.7455964325529543, "test/runtime": 1.8703, "test/samples_per_second": 89.827, "test/steps_per_second": 11.228, "epoch": 13.0, "train/f1": 0.999440479261616, "train/accuracy": 0.9992509363295881, "train/precision": 0.9998005982053838, "train/recall": 0.9990825688073395, "val/f1": 0.6670627305097436, "val/accuracy": 0.7964071856287425, "val/precision": 0.7612792931233192, "val/recall": 0.6383333333333333, "val/loss": 1.6870867013931274, "eval/loss": 1.697717547416687, "eval/accuracy": 0.7964071856287425, "eval/precision": 0.8327324478178368, "eval/recall": 0.6704166666666667, "eval/f1": 0.7222553402881272, "eval/runtime": 1.8569, "eval/samples_per_second": 89.934, "eval/steps_per_second": 11.309, "train_runtime": 926.5927, "train_samples_per_second": 43.223, "train_steps_per_second": 5.407, "total_flos": 4566415362462720.0, "train_loss": 0.21469655813762334, "label_metrics": {"_type": "table-file", "sha256": "dbca4a156cf1b80e2fead38b6aff8fbc51681fc8a55964aa3350faa2f489bb3a", "size": 592, "artifact_path": "wandb-client-artifact://io0eyyaipnv0b0n3vm6uj20htpc3jt6yeb8augx2ov3ot6z3dvvj5lrqfqpshn9brqu6nvuzymd5olyf3y2t1vkvcf4hjp2acx4txt5zzlmumgvp4132ju3em5rsi425/label_metrics.table.json", "_latest_artifact_path": "wandb-client-artifact://l2jz48bim8m6fm3bplsdxgy5i84s8uetychp74fadv61eyij0noiidiw5zfz3e1gkc0107z578n79a5cxz23rc381i71v3amt84lbs6b090zuc2zcojov5f3gpcmkzk8:latest/label_metrics.table.json", "path": "media/table/label_metrics_272_dbca4a156cf1b80e2fea.table.json", "ncols": 6, "nrows": 5}, "test_predictions": {"_type": "table-file", "sha256": "e3d4b36e1c93ba39cb8a3b3bd76b60c6c9a0ffd35b6a0b4d1616e42ad26e1c40", "size": 55256, "artifact_path": "wandb-client-artifact://crg3or2i4i01f46totlsptanqlqklmdo3z7ncpi4uoew1ng8iyksgx4x3rljptre7hsnad434zg5bv1tnvay5bbxbpbdcriv7wbevr8pf9hmipi2gs5lwap5frh02uok/test_predictions.table.json", "_latest_artifact_path": "wandb-client-artifact://5t3jly1l6kww7s24kuoowqapqlnhsoo0dmmw9eefaubs4f8ywye6dl0m1ql9y76br0txuqj3k1n710wrir952rhbdd43lp6xjgf427o7vsp2wchgrpyd4fpp1agip8jq:latest/test_predictions.table.json", "path": "media/table/test_predictions_273_e3d4b36e1c93ba39cb8a.table.json", "ncols": 8, "nrows": 168}, "test-metrics": {"_type": "table-file", "sha256": "15f1fad92ee08a9cd1e4ab96210fbd87c62c95dc93f15d903f5cb127a38e810c", "size": 195, "artifact_path": "wandb-client-artifact://2ynpaykmwo0y4yf0ok3vdj2gdscxbwwflo87qnrx4tgthtn9o1ps7njbusby7e4ap1igh371x3pdp4dyd1mjdaqpnhsorj35wrrmt2mn9u29pjn0rh37zegrzmmmo1t3/test-metrics.table.json", "_latest_artifact_path": "wandb-client-artifact://pot8y6z5gi2z5upxoh7fi1f2w82jpkqpfj3we3486prkau9wnp0z5ohdy86ixzd4aojjy6vzos78czk50h7dtu9a21ko9aj6cj3rafkiezyl3us2kzd6zonevpyp2zwe:latest/test-metrics.table.json", "path": "media/table/test-metrics_274_15f1fad92ee08a9cd1e4.table.json", "ncols": 5, "nrows": 1}, "test_connective_metrics": {"_type": "table-file", "sha256": "962b2f4f6f246c7b1df88fd0b3a31f1ecc7a573f54ffbe6a8f718ecd8a63c676", "size": 423, "artifact_path": "wandb-client-artifact://4i7bciwha3u7e082xo5r549evjt6v0w6mmsasiwupcbryfoa1trblonu08az9vqxs9bpheweos2ma63mq3ndq58czj55kzjv97sgzpb6ez84e14h46o0xsupxnvy56yv/test_connective_metrics.table.json", "_latest_artifact_path": "wandb-client-artifact://usi16x8wgpm54txnvq4se4v66ts1emaybcjeeyvvn8daw6jd93lmxdjc5oxc9mudg5m256fk2eyj7yun8xcswohpbem8i8ff2oi1u8wqrk01jf2355ie98ri5e9h18ko:latest/test_connective_metrics.table.json", "path": "media/table/test_connective_metrics_275_962b2f4f6f246c7b1df8.table.json", "ncols": 6, "nrows": 3}, "Exclude_counts": {"_type": "table-file", "sha256": "fa22c4da7120bb2d050f2b48bfbb63b94fd3760be735d6d12002cc9214cc8ce6", "size": 74, "artifact_path": "wandb-client-artifact://e0l8lm2vqtd2bn90huis2afl9zc9yw6ns945xftd1mgs1577p6rhzsyt2o7xk7jyi7pj6ddara09lnbmmyyn4ll6obl3t1jfyrd5nnf7t85sv7tibuuqm7in8ftdak6z/Exclude_counts.table.json", "_latest_artifact_path": "wandb-client-artifact://qfkzrh083yb91zdyz7x6czo6ljrx6zcknpmjbrpbr24yu5rjdctnsgmhyauyo93kn6q2tjmulenhkwf7qdtsrfkcr8p7yj77cl49iblsst3uhq3yuucqcpmgvxptvpjw:latest/Exclude_counts.table.json", "path": "media/table/Exclude_counts_276_fa22c4da7120bb2d050f.table.json", "ncols": 2, "nrows": 1}, "_wandb": {"runtime": 942}}