{"train/loss": 0.0009, "train/grad_norm": 0.015777751803398132, "train/learning_rate": 4.0798226164079826e-05, "train/epoch": 8.0, "train/global_step": 1336, "_timestamp": 1736794201.7822473, "_runtime": 580.4642603397369, "_step": 172, "test/loss": 0.8995473980903625, "test/accuracy": 0.8095238095238095, "test/precision": 0.7754016806722689, "test/recall": 0.5347440123049879, "test/f1": 0.5571135079609656, "test/runtime": 1.8816, "test/samples_per_second": 89.285, "test/steps_per_second": 11.161, "epoch": 8.0, "train/f1": 0.9791743881764743, "train/accuracy": 0.9940074906367041, "train/precision": 0.9749468994562017, "train/recall": 0.9849656026187368, "val/f1": 0.5855648658890902, "val/accuracy": 0.8562874251497006, "val/precision": 0.8673840940226404, "val/recall": 0.55375, "val/loss": 0.6764200329780579, "eval/loss": 0.612178385257721, "eval/accuracy": 0.8562874251497006, "eval/precision": 0.7803618297712785, "eval/recall": 0.6045833333333334, "eval/f1": 0.6134325889164598, "eval/runtime": 1.868, "eval/samples_per_second": 89.399, "eval/steps_per_second": 11.242, "train_runtime": 572.7314, "train_samples_per_second": 69.928, "train_steps_per_second": 8.748, "total_flos": 2810101761515520.0, "train_loss": 0.318602814743418, "label_metrics": {"_type": "table-file", "sha256": "1c4ef6aa8683492dd28da800df41733cfc14562b98e32f9fbd839169f2edf096", "size": 667, "artifact_path": "wandb-client-artifact://5b5n784qxemnu6fk3yxxdjeycyk455og7zcw1ofr5gdtkoj168noq83qu834rnta3mqx1s1xy70kc5x2zhtltnz7hwnhgqocejd3tbhi5ydrnj7i9htbx4fqkr1y94rp/label_metrics.table.json", "_latest_artifact_path": "wandb-client-artifact://r1yqhpf4xzigg840gcxht84fscthhjda9f9mg0dg2rflfpcxwbp12pajuov3nfyvwogscns6ozbpwzj85utliyvnveiaizhardyp5qj2ijgzo4mnb0mrpxjsyohyz8oq:latest/label_metrics.table.json", "path": "media/table/label_metrics_168_1c4ef6aa8683492dd28d.table.json", "ncols": 6, "nrows": 5}, "test_predictions": {"_type": "table-file", "sha256": "943777d16009a5edfd47aefe029832360e48c9bca8319355c3ffac20159b4ea0", "size": 87094, "artifact_path": "wandb-client-artifact://8j6h6u3q8whhg6h8nf9wmadikx7v7ejp9pzq6cgjobh6sgi7ic73opsjpzkkyzwq7h7u2udn5l67f6jvla143dc4q70v8vf0bst9b0c5fezebsuxt19iu2fiusxdet90/test_predictions.table.json", "_latest_artifact_path": "wandb-client-artifact://xs1b48r990lu6ictr4tt67aowjz51ihmlq9yqe68t4g1xdapka4sde9v8k75ya3arhcgdowk67d43p8u9axc4yzcw0juvoks8sq1gqitsotmcghye4xbww2aud2tlr2m:latest/test_predictions.table.json", "path": "media/table/test_predictions_169_943777d16009a5edfd47.table.json", "ncols": 8, "nrows": 168}, "test-metrics": {"_type": "table-file", "sha256": "470cd67623f7e324cf664f8e5ea53073b1e70c9e3a960611858a55ad1acf6619", "size": 203, "artifact_path": "wandb-client-artifact://ubasnjd6yls3cq9cseabjk0e3hzuo34brk1czcjvy0hbi1zsu4h30a7igq3s4jf9qo004zildvidxr27oq28lh832bp3jhda51apaj6janos25ir83emvib1vd0w3ims/test-metrics.table.json", "_latest_artifact_path": "wandb-client-artifact://u9qdnd76kno42xn4mprljthh76qfx1jylpw384ult9vx3mx4aq0zllbo0qfq3wp6by7fn7jfj1d3ftbpe9q9bnrn8cy6ha25z6n9b5ewboct5m6thpwjp1xansz87p7u:latest/test-metrics.table.json", "path": "media/table/test-metrics_170_470cd67623f7e324cf66.table.json", "ncols": 5, "nrows": 1}, "test_connective_metrics": {"_type": "table-file", "sha256": "9746e2f7f52439e2940ad7b3d22cf0e6276eabd3fb2f172c39f104368d25bf7e", "size": 434, "artifact_path": "wandb-client-artifact://ab3lxfh5x7akwsefvjye4xzfmlm83bygmpkbj5eiabs2n12uip5zzmsfd10oxxqztm6ycwz22zaprnb1wtn7cj2gdzx9tdc7yh8lb4xpc5t933h4deuvpoqun2j1xzry/test_connective_metrics.table.json", "_latest_artifact_path": "wandb-client-artifact://evsym0zu3rwoqw5u9heradasydj8cvy3gati3hx89zihb48vhz0z7l9ft16jrr1j8zm2tixncpbj6z7zm0ivimk0fdlwn3apbinyu8vipybc5md5ulyjmag9ippborqo:latest/test_connective_metrics.table.json", "path": "media/table/test_connective_metrics_171_9746e2f7f52439e2940a.table.json", "ncols": 6, "nrows": 3}, "Exclude_counts": {"_type": "table-file", "sha256": "6b61ed8104e7789baa2a078cd4b3e82ab1d17bd9254552ac8bfb5d3efebbd3dd", "size": 81, "artifact_path": "wandb-client-artifact://2str0y7jg1p47gpvlfgfu1lr7o5dqbq9p5cwfkx90p5ng4n2ukh4n72o7o64oosowqbgji3fge67d9rtedfh002jvmz3339nalcvk31ud6ybj12esf5asn5nnc3ssq47/Exclude_counts.table.json", "_latest_artifact_path": "wandb-client-artifact://inifjotdr77hsd9w4p1yblscs1a0bh9etuqv31w223k0w8pq5dt4wlxxe4ysedboyvvvimkeb863locqb5d224ks9my1ik4s9bksftckzrue00e0b4iii4qsqow6fp42:latest/Exclude_counts.table.json", "path": "media/table/Exclude_counts_172_6b61ed8104e7789baa2a.table.json", "ncols": 2, "nrows": 1}, "_wandb": {"runtime": 590}}