{"train/loss": 0.1272, "train/grad_norm": 0.06402062624692917, "train/learning_rate": 3.52549889135255e-05, "train/epoch": 11.0, "train/global_step": 1837, "_timestamp": 1739981022.5983148, "_runtime": 1688.8584878444672, "_step": 235, "test/loss": 1.2431929111480713, "test/accuracy": 0.8154761904761905, "test/precision": 0.7562929061784898, "test/recall": 0.5052471984179301, "test/f1": 0.5289523809523808, "test/runtime": 4.4305, "test/samples_per_second": 37.919, "test/steps_per_second": 4.74, "epoch": 11.0, "train/f1": 0.8566877625839016, "train/accuracy": 0.9895131086142323, "train/precision": 0.9695984028488999, "train/recall": 0.8342477722244794, "val/f1": 0.6063428571428572, "val/accuracy": 0.8203592814371258, "val/precision": 0.7466346153846154, "val/recall": 0.6554166666666668, "val/loss": 1.2605150938034058, "eval/loss": 1.243950366973877, "eval/accuracy": 0.8263473053892215, "eval/precision": 0.8072368421052631, "eval/recall": 0.6425, "eval/f1": 0.630989010989011, "eval/runtime": 4.4022, "eval/samples_per_second": 37.935, "eval/steps_per_second": 4.77, "train_runtime": 1675.5785, "train_samples_per_second": 23.902, "train_steps_per_second": 2.99, "total_flos": 3863959214607360.0, "train_loss": 0.34934319328632313, "label_metrics": {"_type": "table-file", "sha256": "2113b4cd8ffaa06c8cb7a5e0d9ef770ec2021ee8e0c1a2ea3687dfe16d0e0aa5", "size": 601, "artifact_path": "wandb-client-artifact://dwhbfy5us546eymck4gql9ddun2a2uw7owhsv2t8mxnabl512qfbet1ph9b49v8k7ph9t13sb4nxwe5c91gyfk9sz6d8ta3v1w59beov5a8k20xazk8gi5dcm9ql4wct/label_metrics.table.json", "_latest_artifact_path": "wandb-client-artifact://h9k7i7yp4llcupif4hoq1p9l4r88pkjfiqhobmmcurf4tr1mtidt6mhuyq6sxhf6dnthvkztn9mbe3npvaxi6csj5h9nyq81hh3qxpvbdh281r4lghxnhd7qnlzwrp9o:latest/label_metrics.table.json", "path": "media/table/label_metrics_230_2113b4cd8ffaa06c8cb7.table.json", "ncols": 6, "nrows": 5}, "test_predictions": {"_type": "table-file", "sha256": "c67b11067cedcd9950897dbdff2d8592abeb6bffefe608816a038a7f2b7e9697", "size": 89206, "artifact_path": "wandb-client-artifact://oe4r2anky47xfla7ej7z0v61rz3uk498zn1aptav355qcn5vpdo7ts3rmi6nhrv9oj795x72wml1hlq4akxg9qh8lbbn8sp5lty2xdtaj28kl2eq0i66xeiauyvjbua7/test_predictions.table.json", "_latest_artifact_path": "wandb-client-artifact://lmnoo01j9wvesggj1v4rtmgxg6ghvr8a7h835jih3ybgevrj3fbkuft2e7sx96pc6xks4hg7uh6j745yoatyjsrg1saxxtog7xbr0thklt5m6o1bse53cbxecx6sf4jl:latest/test_predictions.table.json", "path": "media/table/test_predictions_231_c67b11067cedcd995089.table.json", "ncols": 8, "nrows": 168}, "test-metrics": {"_type": "table-file", "sha256": "c3d4c4c0ba6d5be827fd4b8e3210c6796d1100be4c0e4ad36f3b048bb82e6bdd", "size": 203, "artifact_path": "wandb-client-artifact://frkag1as4zbo6pucnjq9y7argr05szpm5s6hyknx0cp4ggsvkbkha1unyr9xn1cl5e3dcp4utuc1gclz5gdqt9bhvjcucocks4ms9slmwi8yqbkdxfgwip695x7jgq6w/test-metrics.table.json", "_latest_artifact_path": "wandb-client-artifact://k19kd3tu62lpvfzet6p5m0ub5eiont9tn9teywnh7uetp4dm49wv8h1mste73sl453wvlh0gv84897ow7w8cfag1mv5z6mshf30ofiupil3oshsleixe68hliw3i0zxj:latest/test-metrics.table.json", "path": "media/table/test-metrics_232_c3d4c4c0ba6d5be827fd.table.json", "ncols": 5, "nrows": 1}, "test_connective_metrics": {"_type": "table-file", "sha256": "ccf14e6dcdf6a6f2b75ae2600782ebe20bfffb82645596866aad4b4dcf4091b4", "size": 434, "artifact_path": "wandb-client-artifact://j11w1bhdbunvhl978x43f4n6z7o8urdx7ammdyj1qltjwd01oxwloagh6peoi8l1l12bkt1orsf9p0ossq5tad2u9c57wb4df28ovm423i63rtz6byvt7a8l5rjunktg/test_connective_metrics.table.json", "_latest_artifact_path": "wandb-client-artifact://f6x0uksil5exwc1bw40e5yuullb7m0qn6p4au3bip01nb5ydpxbnm3eljdxyv0k1i07co3oiz3aluyxhz7ni01cdf0k82i0ebe6uz6yh7mu4pkfpl7bphalut5daz6sx:latest/test_connective_metrics.table.json", "path": "media/table/test_connective_metrics_233_ccf14e6dcdf6a6f2b75a.table.json", "ncols": 6, "nrows": 3}, "Exclude_counts": {"_type": "table-file", "sha256": "547cae2440c483556c6bc9f26fe482e70b5ab8e6358db48cca1b14065bf1a37d", "size": 81, "artifact_path": "wandb-client-artifact://t2n7enkopbk4pqc94pmhiajhuk4wsx4ycw03sd8i8e8xq9tlycgq6f3jtronc7xj1t2e4t4qcjjg8h628xuyxx0wcfhmtozwg8vmu77e56rcklpx6zqhgt16lvkv6dke/Exclude_counts.table.json", "_latest_artifact_path": "wandb-client-artifact://jc8vn9u8pt6dj2qlfp19swpgfjiexzk9sky3905hemq0ntsmrx5i14vw6k1o1hqox8wphaq0ahegpzddgbgals8kpoo3x0k31in7vduh0kjkh0cxyo57ixi0zekf7zus:latest/Exclude_counts.table.json", "path": "media/table/Exclude_counts_234_547cae2440c483556c6b.table.json", "ncols": 2, "nrows": 1}, "_wandb": {"runtime": 1705}}