{"valid/loss": 0.026622522376968476, "valid/accuracy": 0.9101796407185628, "valid/precision": 0.9078125, "valid/recall": 0.87625, "valid/f1": 0.8815668202764977, "_timestamp": 1714960827.7428443, "_runtime": 357.6418573856354, "_step": 30, "trains/loss": 1.0101009188185024e-05, "trains/accuracy": 0.9940074906367041, "trains/precision": 0.9889871490469101, "trains/recall": 0.9685719809498856, "trains/f1": 0.9778241911282549, "_wandb": {"runtime": 390}}