{"test/loss": 1.5983054637908936, "test/accuracy": 0.2, "test/precision": 0.08333333333333333, "test/recall": 0.2, "test/f1": 0.1, "test/runtime": 0.1148, "test/samples_per_second": 87.073, "test/steps_per_second": 17.415, "_timestamp": 1721572488.6456451, "_runtime": 55.64517021179199, "_step": 131, "epoch": 30.0, "train/f1": 0.725, "train/accuracy": 0.8, "train/precision": 0.85, "train/recall": 0.8, "val/f1": 0.14444444444444443, "val/accuracy": 0.2, "val/precision": 0.2571428571428571, "val/recall": 0.2, "train/loss": 0.8165, "val/loss": 1.8653337955474854, "eval/loss": 1.5454392433166504, "eval/accuracy": 0.4, "eval/precision": 0.5851851851851851, "eval/recall": 0.4, "eval/f1": 0.4216666666666667, "eval/runtime": 0.115, "eval/samples_per_second": 86.984, "eval/steps_per_second": 17.397, "train/epoch": 30.0, "train/global_step": 60, "train/grad_norm": 11.978804588317871, "train/learning_rate": 6e-06, "train_runtime": 51.9663, "train_samples_per_second": 5.773, "train_steps_per_second": 1.155, "total_flos": 78935442739200.0, "train_loss": 1.2309653600056967, "label_metrics": {"_type": "table-file", "sha256": "3d7b73c08bc0302dccef2d0c7564d24993c5dc38f1c42b5801e361995873d32c", "size": 315, "artifact_path": "wandb-client-artifact://7qekzfk9kfxwy5pftxgx2jnx7wso4bctli2daxma6scrlv7ba8a5qe6f07xbo1z1a81sw57kpr5awl6ac4ce22o8xvz16mwua1oxooeipsy5yngw1sureim5a9sgrf71/label_metrics.table.json", "_latest_artifact_path": "wandb-client-artifact://x27jlt03oq3l7vq96zaznnb1bjeqji44q9gni6fdkq003l1n8x5mv6iy8r0q4v3jncn7hebl66abhm2ce9dbxyiyuhxzy6iv5ymbunjhpkrqiaah13ug4zpxhbp4q1oz:latest/label_metrics.table.json", "path": "media/table/label_metrics_129_3d7b73c08bc0302dccef.table.json", "ncols": 5, "nrows": 4}, "test_predictions": {"_type": "table-file", "sha256": "cb80929c5aac574c48bfbe6582eb54bde9b927a931d99908e8a4dd75ce9c3271", "size": 4806, "artifact_path": "wandb-client-artifact://2yrh4627t6rhmuyuynyiejd3wgakh0isunpqdvmzvm9n3rpz0gxvdlw7clqtpbdk72jz5d1nyont1r69p3zl7dqr2yvfqdiqj2rgph3lpbqw6ruekpzj9w8x2zq4vcpz/test_predictions.table.json", "_latest_artifact_path": "wandb-client-artifact://wfs1vgef2phbhx0shn79ca09i6xcd118q2od2sv46rsuji65djv5rbk0b6t2noj7l0aj7qx535bznpjigucv7l9r8ufkwzj57tiu4le3nhe8hh2o6r0e3gfohzo31mry:latest/test_predictions.table.json", "path": "media/table/test_predictions_130_cb80929c5aac574c48bf.table.json", "ncols": 6, "nrows": 10}, "test-metrics": {"_type": "table-file", "sha256": "32aeb017e825966bda32f70869105c5f65a8c8d5dff62a585a6750f8c7d44153", "size": 152, "artifact_path": "wandb-client-artifact://mmq57cbf3l1xswccbeies7jigokh8buq2wxlnsszdmepe15k27qhdon9l8hhqdi8swa7hbne8yh86dw105f2rb0rqzvokq49sywv1j8o0u8uwp35qspmt34kxzajzugh/test-metrics.table.json", "_latest_artifact_path": "wandb-client-artifact://mmb9w6c4ulaln7xuowmqcwr22hque871nxgysmureu0dd9a74qyf2rajjsu7oxep8gtwu0um0lo01f1kfp6foqzne2v2afvo48v4pu6k51sp7qyil4n63vngnci0y7jb:latest/test-metrics.table.json", "path": "media/table/test-metrics_131_32aeb017e825966bda32.table.json", "ncols": 5, "nrows": 1}, "_wandb": {"runtime": 60}}