{"train/loss": 0.0068, "train/grad_norm": 0.0388692244887352, "train/learning_rate": 3.148558758314856e-05, "train/epoch": 13.0, "train/global_step": 2171, "_timestamp": 1738567695.843811, "_runtime": 946.8308620452881, "_step": 276, "test/loss": 1.1308443546295166, "test/accuracy": 0.8095238095238095, "test/precision": 0.8288537549407116, "test/recall": 0.6672775214238629, "test/f1": 0.6774801587301587, "test/runtime": 1.8981, "test/samples_per_second": 88.51, "test/steps_per_second": 11.064, "epoch": 13.0, "train/f1": 0.9718227437689653, "train/accuracy": 0.9865168539325843, "train/precision": 0.9964705882352941, "train/recall": 0.9495552307020197, "val/f1": 0.5335147392290249, "val/accuracy": 0.8203592814371258, "val/precision": 0.6690631808278867, "val/recall": 0.5766666666666667, "val/loss": 1.0882493257522583, "eval/loss": 1.034872055053711, "eval/accuracy": 0.8323353293413174, "eval/precision": 0.7655319891769224, "eval/recall": 0.6329166666666667, "eval/f1": 0.6436295463067117, "eval/runtime": 1.8851, "eval/samples_per_second": 88.589, "eval/steps_per_second": 11.14, "train_runtime": 939.2987, "train_samples_per_second": 42.638, "train_steps_per_second": 5.334, "total_flos": 4566415362462720.0, "train_loss": 0.3626329252364557, "label_metrics": {"_type": "table-file", "sha256": "c2e3d7fefafc8a54e0a3871e2dc3d5a5e6c82e9e061aa66957736e0e5b884b24", "size": 694, "artifact_path": "wandb-client-artifact://m1zi3eleuk575mz5yw6glamq1jqphch30eytpqdyswe1ivlgwes0jmo0sqhh5ctfd2nd3xmouiy3rfzoqnkztxvzr0545lhwntap11igq7ld77uh1qfp9ho727dwcfzb/label_metrics.table.json", "_latest_artifact_path": "wandb-client-artifact://oti6sz57a4xi9jjad9opr22l2q16a2tm02dvhjhkos6z4a64uqndhxzyk0zy3dhje54yuh557474q2sp1f39kel4cdi3tfhj7bcrdfgxqgaoxvwqezjknzy5ao2d4667:latest/label_metrics.table.json", "path": "media/table/label_metrics_272_c2e3d7fefafc8a54e0a3.table.json", "ncols": 6, "nrows": 5}, "test_predictions": {"_type": "table-file", "sha256": "34748b9244fad370a096e7a4387ae5a140409842e5e1def2b7e6659d976221a8", "size": 139739, "artifact_path": "wandb-client-artifact://gtmfgstr1pxqdfwzm6qsrqkge4r9oup641x0p0nnxovx7aor77fxc3c7cn97e5mxibhx2pkyc9b5j4g84acrhp5fzrdfo9whsxbgfm57n5jr827igpwmhdb4j7t27oyp/test_predictions.table.json", "_latest_artifact_path": "wandb-client-artifact://l0z9nlf0mkol8poc630mq4p8zo72tq0zltkllhks1bmyob5m8kjjfkreyktec251xzwgxqph4i24phdwith9o8af4uwx7rv7j4c0cze1tdy4kom3p0li1fb1ml4m71lp:latest/test_predictions.table.json", "path": "media/table/test_predictions_273_34748b9244fad370a096.table.json", "ncols": 8, "nrows": 168}, "test-metrics": {"_type": "table-file", "sha256": "984b4f6c120404767a7a8017a5d60e79f1d9e8619c319b0af62fe1bb8ae32e93", "size": 214, "artifact_path": "wandb-client-artifact://5xg6cg4wqexo25l17iy17mmccmv1ismq4n23wtvjavkavyp8bu1kbaask3bsutztkighpcwpv66l5we9makll2hwt2zua0ktky88du88n9spxgrpbsflh5zpn644fz15/test-metrics.table.json", "_latest_artifact_path": "wandb-client-artifact://toarnnljtpi1fpvvda2omg60rii37kv9qohrpgll37gxjluz9ogutam9dpt83h6i2p92ggslzsg3pbv1fm1ovhbctq0sq1521onioaaz864zh8v2dbw8hh8r2rhbx9s1:latest/test-metrics.table.json", "path": "media/table/test-metrics_274_984b4f6c120404767a7a.table.json", "ncols": 5, "nrows": 1}, "test_connective_metrics": {"_type": "table-file", "sha256": "751c616967106fd44c27836254a55154cc8e707459efba5541cc474a3938d163", "size": 480, "artifact_path": "wandb-client-artifact://y2n6t9oda125mnv6g7imvhmvoz6iwi49iinl2r6nzhdg1cacur3zg223gdqsirok6cx7k4l38r8dcl10uvfys8bnmikqoggeitmq9hlutuxi8hr6dzom2gs7b9qktol4/test_connective_metrics.table.json", "_latest_artifact_path": "wandb-client-artifact://mp6xeqoc6mvmwweprz1c495ikt9j8c9dgpup4qpiu3iknu1dg0admvt67g1d5srku0q9vqblrcnzld9kmm6hisjmu36joorabco1h870xeclf8gh0aixju1y7zjwip4n:latest/test_connective_metrics.table.json", "path": "media/table/test_connective_metrics_275_751c616967106fd44c27.table.json", "ncols": 6, "nrows": 3}, "Exclude_counts": {"_type": "table-file", "sha256": "c34a277c71c512b8edf166c56baf83d9cf5f1d112b0d9e9e2b7fd47129239695", "size": 93, "artifact_path": "wandb-client-artifact://lu0id9gx6l7c7p8zzefpfsmpf1z6oknn0rbbqew14tc5bm4x5wuvo8s12azh2djnwx3ehe7vz3bgxe9d4irg9b1yxtu9kbjq260f2cbdv3bpx0wu95rvkytrtaa9n426/Exclude_counts.table.json", "_latest_artifact_path": "wandb-client-artifact://g9j2vwdpegajxjc1aujliojf808zb6da4312il6aj2pbrf4sfml969wv355vmlapwwyuu6pfnkvlnnkjvc1auglbvephyl5n8dkxese4gj9kjdt7sovlaqcvl55jiyd8:latest/Exclude_counts.table.json", "path": "media/table/Exclude_counts_276_c34a277c71c512b8edf1.table.json", "ncols": 2, "nrows": 1}, "_wandb": {"runtime": 955}}