{"train/loss": 0.0542, "train/grad_norm": 0.051342256367206573, "train/learning_rate": 3.7028824833702884e-05, "train/epoch": 10.0, "train/global_step": 1670, "_timestamp": 1739907444.0564466, "_runtime": 1528.321846485138, "_step": 215, "test/loss": 1.5848804712295532, "test/accuracy": 0.7440476190476191, "test/precision": 0.8300245098039216, "test/recall": 0.3408415732805977, "test/f1": 0.3797838336607796, "test/runtime": 4.4307, "test/samples_per_second": 37.918, "test/steps_per_second": 4.74, "epoch": 10.0, "train/f1": 0.9331724298691073, "train/accuracy": 0.9887640449438202, "train/precision": 0.9800483091787437, "train/recall": 0.904385706860299, "val/f1": 0.4393645531150711, "val/accuracy": 0.7664670658682635, "val/precision": 0.587089552238806, "val/recall": 0.49124999999999996, "val/loss": 1.446049451828003, "eval/loss": 1.2335679531097412, "eval/accuracy": 0.7784431137724551, "eval/precision": 0.7485011990407674, "eval/recall": 0.425, "eval/f1": 0.44109824109824114, "eval/runtime": 4.4039, "eval/samples_per_second": 37.921, "eval/steps_per_second": 4.769, "train_runtime": 1515.2098, "train_samples_per_second": 26.432, "train_steps_per_second": 3.306, "total_flos": 3512690195097600.0, "train_loss": 0.4563739137846731, "label_metrics": {"_type": "table-file", "sha256": "8d73f6b3ed8e72f75addd59a8ce08a8e34447984322c34e11b0d306bae0411d9", "size": 664, "artifact_path": "wandb-client-artifact://6j4w3feawyfgbwi8k7adoj5usevlb81n5ray14q9oypm1admie5ay4mhzreh7sfachk9rcgq9qndo80rdh6wjot1oz8ccpuu3aohwn6f7bxpf66fpil2k48ihpannex1/label_metrics.table.json", "_latest_artifact_path": "wandb-client-artifact://eh1563xq5j2budruyzgvbdqv9v00gbky11y5hi7lsozkhwf8w51r05777u2f56xth114fn7nux0i3f5a0ggizxgzuikvlpyeu7qsm0g4ukdzn5rtbj2e1iqb7z6puu3a:latest/label_metrics.table.json", "path": "media/table/label_metrics_210_8d73f6b3ed8e72f75add.table.json", "ncols": 6, "nrows": 5}, "test_predictions": {"_type": "table-file", "sha256": "9a3dee79662171fa65e46a34f22285b9ef86132f8fc447ee4f2cee6ad69ff455", "size": 91298, "artifact_path": "wandb-client-artifact://zdy6z6y3ey1ilzp8ty576f4janbegzvyi0xh3fxatleuwsktsqkm6nkgo6uubk7e8gg6ybmsl80s08cgp00k68adpt2v7ixakkqq4fu25ghj2qfs9ile5sys9p03kxjb/test_predictions.table.json", "_latest_artifact_path": "wandb-client-artifact://2e49f2hh9rypdw96ijh5wby71oxm162y3jzg5j3gig4thovz8c8vtioyfw9c0bey12egzj8bw8d3krcghh7hto1srvgpv3om8l7eb9shsvfmmacppmsh2rqcmwguwfu8:latest/test_predictions.table.json", "path": "media/table/test_predictions_211_9a3dee79662171fa65e4.table.json", "ncols": 8, "nrows": 168}, "test-metrics": {"_type": "table-file", "sha256": "c06ecc68e1e654bbca383d711ed705a8ad8fe1b8164ac07590e84c8e655df311", "size": 215, "artifact_path": "wandb-client-artifact://a2omajhjhkyznuuh2tvz2oic65bpztwqsozhr6bi3eo8onkc9gtussdvc466bpod60qt5yjrkmmram0p4btsw5wzvs21tidvtz8rk1qtqoag4e45ahbg1snqo3xsvj6g/test-metrics.table.json", "_latest_artifact_path": "wandb-client-artifact://yoia102e0i81z059ia3143jqnoiexohtafg2vbg86xpar05mn2hcochfdl2mt4vox67b6ef7bsobo3fvi6ocw6i2o6o5pj7b238ugieoh2zjstmkgq3a0wet175kfung:latest/test-metrics.table.json", "path": "media/table/test-metrics_212_c06ecc68e1e654bbca38.table.json", "ncols": 5, "nrows": 1}, "test_connective_metrics": {"_type": "table-file", "sha256": "09e38b8e17c11ae11cda7c8535a7748319255770725ce45ac6b558c686810815", "size": 486, "artifact_path": "wandb-client-artifact://6l77uy0y8awl1mqmzky880mrv7mqnsxtrp3tbrcj2ogpiclcnyx84n397ko76djvxcrmdk5afmagwlxpnuluy9vew6evl2sct5ziqtamwipfnaz2ofi09ovwy86ji5cq/test_connective_metrics.table.json", "_latest_artifact_path": "wandb-client-artifact://ylwy8n2t74q49yx543g8yrhhyhpxiwz14uaxqtsvsoeikj0cj1gjfittff42c8pvunqavsux5nq8zc68fj0x9dkyqwc2u9761z2vcdb0ny38a07gr6jvfussfxiw21lm:latest/test_connective_metrics.table.json", "path": "media/table/test_connective_metrics_213_09e38b8e17c11ae11cda.table.json", "ncols": 6, "nrows": 3}, "Exclude_counts": {"_type": "table-file", "sha256": "83103ea35ea937c5aafb1fde568b44549369be67e2f5e61e6a3b2ec01d6ce634", "size": 94, "artifact_path": "wandb-client-artifact://c33xs4awhx77ckooetzz39pwd7fnv5rx97lv69drhwfy5ojfc1pbnojj7avejx9ehrwsajcuy8yb8an9dzp99957s2ilcpv9q9idoc2bj846wotjyh4sm9qgx0yjq5px/Exclude_counts.table.json", "_latest_artifact_path": "wandb-client-artifact://yeq1spzmm2yomjfnilqgear1ui40nrbwbbwkm7cfhpv7exn3xtloszmi7knj5hry3ef41xp0jm766yl06plfmym9hzmlp5gfc2kbfk81j7zx0qaycpsmu673o5s5zixu:latest/Exclude_counts.table.json", "path": "media/table/Exclude_counts_214_83103ea35ea937c5aafb.table.json", "ncols": 2, "nrows": 1}, "_wandb": {"runtime": 1537}}