{"train/loss": 0.8247, "train/grad_norm": 8.36813735961914, "train/learning_rate": 1.6000000000000003e-05, "train/epoch": 1.0, "train/global_step": 167, "_timestamp": 1736407915.0391583, "_runtime": 80.56483030319214, "_step": 27, "test/loss": 0.9955366253852844, "test/accuracy": 0.6607142857142857, "test/precision": 0.6607142857142857, "test/recall": 0.2, "test/f1": 0.15913978494623654, "test/runtime": 1.8695, "test/samples_per_second": 89.864, "test/steps_per_second": 11.233, "epoch": 1.0, "train/f1": 0.17150192554557125, "train/accuracy": 0.750561797752809, "train/precision": 0.750561797752809, "train/recall": 0.2, "val/f1": 0.1672473867595819, "val/accuracy": 0.718562874251497, "val/precision": 0.718562874251497, "val/recall": 0.2, "val/loss": null, "eval/loss": 0.8734192848205566, "eval/accuracy": 0.718562874251497, "eval/precision": 0.718562874251497, "eval/recall": 0.2, "eval/f1": 0.1672473867595819, "eval/runtime": 1.8533, "eval/samples_per_second": 90.108, "eval/steps_per_second": 11.331, "train_runtime": 73.4211, "train_samples_per_second": 18.183, "train_steps_per_second": 2.275, "total_flos": 351262720189440.0, "train_loss": 0.9269422485442933, "label_metrics": {"_type": "table-file", "sha256": "35b2082e96d0fd4d438b81aaf78c3f417b088217d4a23994818f467d7b2732f4", "size": 465, "artifact_path": "wandb-client-artifact://6ziowkye5ukl2z1tkjyj199w1cgavltzejw5g4lgswbxnjspr8d8l6mg1042ghe65dzlydhbzktnvsie1tts3r46t19f1drsouz8m7jfn2mau381ecuz656rg23mf4qx/label_metrics.table.json", "_latest_artifact_path": "wandb-client-artifact://uhp24xj4zqrumulzl50693g2nxv584de9lefve5oxqobuj2vptqfp4hzay5f7ix23n0ny2m2gzr3ith5ohptgrgxronfakxq50ze9kab4qkhuszfni6w4j640ndr69tc:latest/label_metrics.table.json", "path": "media/table/label_metrics_23_35b2082e96d0fd4d438b.table.json", "ncols": 5, "nrows": 5}, "test_predictions": {"_type": "table-file", "sha256": "399dcd53cd61facc8c15b91669aeb397c0db59da572815d475c638c19d7ad114", "size": 81488, "artifact_path": "wandb-client-artifact://fh5g5wd2kasigspgtitljjgmobli88pcchv6pne8oditeu8lja8kd0lcnn1yc4qrmr3xf45yb23qbf4qy05us23ykp1nv37lwevpoy2jb6rn829m42pf4d5hyg796j6e/test_predictions.table.json", "_latest_artifact_path": "wandb-client-artifact://ron6hzn5eo8bat1hy3i4itsbj6vybx3pkm0aelo151aomdg9rsfkfi33edeivexwy0388tfm933s2u4jyggpyhk0d73pp7l4utw5e7ah644kresgtqvdm5gfvf94mmc0:latest/test_predictions.table.json", "path": "media/table/test_predictions_24_399dcd53cd61facc8c15.table.json", "ncols": 7, "nrows": 168}, "test-metrics": {"_type": "table-file", "sha256": "4521a93333f67c90e9fdac377e10a9803ee6f6adf72ba53b0bde354fc3ef9233", "size": 196, "artifact_path": "wandb-client-artifact://o7coiov7ys2dl9eutwyqt9x3ve3yhxtudc7z7d5m4nz1ib0sxhrur847i493u8z47asho5t3lj1a3eueuhld6x6f02tige98hh85w0qv0gt4122g317aa8g16fogqmne/test-metrics.table.json", "_latest_artifact_path": "wandb-client-artifact://3je32ojo2jyq0wex4vqsrpyanw34g6wuwgexwtm0j9s5yf6vmf5uerfsgjl8uuepfwwt8cegtr259l3h0toq9aso7hule7wcoc4cawluy8t4gp490upu0wndkwycjtno:latest/test-metrics.table.json", "path": "media/table/test-metrics_25_4521a93333f67c90e9fd.table.json", "ncols": 5, "nrows": 1}, "test_connective_metrics": {"_type": "table-file", "sha256": "58b6e511316ba7895a115b17316f47cb71bbb44b7fd121edcd4e33af5bbfeaad", "size": 403, "artifact_path": "wandb-client-artifact://5qevs5ls3v14p1hi9hwryim9mcaqxcj8m12ad0ewe46qs3892esl7vgilindqlukaoeubpe1q6ztwcab7xgarvd8p0fzh4piff7l0d1b4n726xizsmql8m411b732xyx/test_connective_metrics.table.json", "_latest_artifact_path": "wandb-client-artifact://kjsdbrdlj6y0ydw6vtsbwjr1msftx3s8eks9dgsxvrpmzjip1kve7963xqs65nseihahsrllq87ngr1teikf9nzs5avqxksvrkok28wegzo7mu61dab34wbau8ej6otv:latest/test_connective_metrics.table.json", "path": "media/table/test_connective_metrics_26_58b6e511316ba7895a11.table.json", "ncols": 6, "nrows": 3}, "exclude_count": 0, "_wandb": {"runtime": 86}}