{"valid/loss": 0.05553732517950549, "valid/accuracy": 0.874251497005988, "valid/precision": 0.82681664791901, "valid/recall": 0.7416666666666667, "valid/f1": 0.7132523616734143, "_timestamp": 1715145711.600881, "_runtime": 458.10686016082764, "_step": 32, "trains/loss": 9.514825952270727e-06, "trains/accuracy": 0.9940074906367041, "trains/precision": 0.9897162479667451, "trains/recall": 0.9678541505556282, "trains/f1": 0.977816451678214, "test-metrics": {"_type": "table-file", "sha256": "77cb1db9ceb23766ffb8dec0b138007b03829c29a4e5e3e8aed9c1e6194619fd", "size": 212, "artifact_path": "wandb-client-artifact://1rionvwdswqhakncl9u3xs43sa4yr0u9n9xm84257tiautuwv0bwx9i4iija9bxw3xncwd5ih5qbby72gduw5jes24m2srq06vaw880jnv0ikqavkpe00xd06xj7g0tw/test-metrics.table.json", "_latest_artifact_path": "wandb-client-artifact://tnv6gxsichsipxquchckgmlm6kzd30b8ic33fkk8pglll2vrw7tktoavh6sondgkens20m4ip7d8g6hh81pq02jzmjm4kscpif0kih011728j73feyzjoxrm3e8tvq3f:latest/test-metrics.table.json", "path": "media/table/test-metrics_31_77cb1db9ceb23766ffb8.table.json", "ncols": 6, "nrows": 1}, "save_directory(best f1 for valid)": "./models/cl-tohoku_bert-base-japanese-v3_2024-05-08 14:14:55.593425+09:00", "_wandb": {"runtime": 440}}