{"train/loss": 0.153, "train/grad_norm": 0.017443228513002396, "train/learning_rate": 4.0798226164079826e-05, "train/epoch": 8.0, "train/global_step": 1336, "_timestamp": 1739855667.69366, "_runtime": 1227.0434920787811, "_step": 173, "test/loss": 0.9273064136505127, "test/accuracy": 0.7738095238095238, "test/precision": 0.7163124156545209, "test/recall": 0.46546693034497916, "test/f1": 0.4610515213837473, "test/runtime": 4.4268, "test/samples_per_second": 37.951, "test/steps_per_second": 4.744, "epoch": 8.0, "train/f1": 0.7505871192835556, "train/accuracy": 0.9558052434456928, "train/precision": 0.9055383309879184, "train/recall": 0.7840717154258878, "val/f1": 0.48416936005171296, "val/accuracy": 0.6826347305389222, "val/precision": 0.7085668736365162, "val/recall": 0.5325, "val/loss": 1.536584734916687, "eval/loss": 0.9358891248703003, "eval/accuracy": 0.7964071856287425, "eval/precision": 0.7345330023901453, "eval/recall": 0.53625, "eval/f1": 0.5251883918550585, "eval/runtime": 4.4, "eval/samples_per_second": 37.955, "eval/steps_per_second": 4.773, "train_runtime": 1209.1388, "train_samples_per_second": 33.123, "train_steps_per_second": 4.143, "total_flos": 2810152156078080.0, "train_loss": 0.4376978699039824, "label_metrics": {"_type": "table-file", "sha256": "bd19ec9813b5026b2641ce6c98d48999b0f3fd758309e107b2c76858e9494370", "size": 617, "artifact_path": "wandb-client-artifact://0gge2ni159yx44pj3fjf8pw6i8e91b37l3wm3k5moqc8i6fr7p8b9lvpvqkpk4jop6app88wjawogr90yvbzzqyvu0oy2o4jjbh67rw9vx5rvxq12a5zmsts7z14s8do/label_metrics.table.json", "_latest_artifact_path": "wandb-client-artifact://7tfbw2xd1mcxllidw0tvfdpfg37dp63mvdb6mafonwdr6uw01qry53dsgltvdfdrfyoqwppz10segcio8zrhji47ml7jgz2ulzc3p0hag2kt1rwzdv7wqdb3xqz9mfrj:latest/label_metrics.table.json", "path": "media/table/label_metrics_168_bd19ec9813b5026b2641.table.json", "ncols": 6, "nrows": 5}, "test_predictions": {"_type": "table-file", "sha256": "d354c6c063141e5916924a707def25e120bdc794f260f7fae4b0bf19a4e9f767", "size": 75178, "artifact_path": "wandb-client-artifact://8zu2gcpgc4951ie6jm7v8b519app4e62xh49xauo40t9dgwozemg439uuugon70fji25kw64z89szvwqkwh9irqwsbyvc1t61ukacl8xs2eotioqcwuu39kug9rjtb2c/test_predictions.table.json", "_latest_artifact_path": "wandb-client-artifact://k9zphf2cjlqy31vt7t12sbuvkwae944vwljuew9n26b519l8t1fae3cefr9g35rdnogjtlkd72aixpnx1phvzu1304bu28fgi70om4ddioxi9eezk5wgk4g56nsxnqlo:latest/test_predictions.table.json", "path": "media/table/test_predictions_169_d354c6c063141e591692.table.json", "ncols": 8, "nrows": 168}, "test-metrics": {"_type": "table-file", "sha256": "7965dc5b6564316aea87f9516f1951244939a11476f231ebb19b923d1f420157", "size": 201, "artifact_path": "wandb-client-artifact://qwugao1ws9ohlspi8weqmi5bpb1eavhx2i84017477k16m2fcc6uj2l4wp8xi41fvi4a2yvznzufondi43cgedezezd6oh5s1k74zmce47m0xqh1d63g4zf01rz4y8q0/test-metrics.table.json", "_latest_artifact_path": "wandb-client-artifact://g6fif0yy0qu167rwdfm5lz834ueticu0yt4386pjagq2t5nloh04xgi6wasdtkmt9syg82bmuh4oqoqbwirl0nh76a19rzj2dlqnaxea1wkau2eowmahwh2rpuyjwkoo:latest/test-metrics.table.json", "path": "media/table/test-metrics_170_7965dc5b6564316aea87.table.json", "ncols": 5, "nrows": 1}, "test_connective_metrics": {"_type": "table-file", "sha256": "050bdf5e43e15a752e56682871c795c6d38eb839bea824dff10c8b930e799095", "size": 440, "artifact_path": "wandb-client-artifact://bg8fyx7m0rrkidpqmqofytjz29la6hvmnniq75jn3j99kqw7cv9394083qnfx219hwbtjdloubi0q2f81vj4cn1rra11wdh4xn1e9grwnnqt8eymap1at8abykgbkts0/test_connective_metrics.table.json", "_latest_artifact_path": "wandb-client-artifact://zccmi60dyvpdvvh6y2k6txm7potp60gglzlwe634vqcki8u9qw8rwx3l0y23mk1ugkodxr895t7rrx56fq9l9mbwixx9q8amof1p21ul3dxh3ape57emoc14b1o9mg7g:latest/test_connective_metrics.table.json", "path": "media/table/test_connective_metrics_171_050bdf5e43e15a752e56.table.json", "ncols": 6, "nrows": 3}, "Exclude_counts": {"_type": "table-file", "sha256": "e1c9680c5dbf27c108a9c47e201f13cfb20008c24fc3198b33ecbe61bb69d2a1", "size": 79, "artifact_path": "wandb-client-artifact://s7q34uk23aojqo6fi21a7x3l44051bkec0ahonxgvslokd4e9se54bwsyvgljsbmuv5t9pck5um2i35s82ulyoe87kbm1fcls77hif2urbzvrc7k7i491bs2pkune2nq/Exclude_counts.table.json", "_latest_artifact_path": "wandb-client-artifact://p8tz1kys0vp3ugoz8b8qnd9uzm3rej6jz574f6a8nbq7q9lqndkljxqiqtnmm0kx2x32rpwnyxwmlv4u9899nemt0vuxlssqlbon0h0kvzslgdwem9dkc5uhnzo7g2gn:latest/Exclude_counts.table.json", "path": "media/table/Exclude_counts_172_e1c9680c5dbf27c108a9.table.json", "ncols": 2, "nrows": 1}, "_wandb": {"runtime": 1229}}