{"train/loss": 0.0006, "train/grad_norm": 0.024175582453608513, "train/learning_rate": 3.7028824833702884e-05, "train/epoch": 10.0, "train/global_step": 1670, "_timestamp": 1739945798.3995788, "_runtime": 1525.200778722763, "_step": 215, "test/loss": 1.1145490407943726, "test/accuracy": 0.7916666666666666, "test/precision": 0.5742638777152052, "test/recall": 0.5267655460338387, "test/f1": 0.5403361344537815, "test/runtime": 4.4308, "test/samples_per_second": 37.916, "test/steps_per_second": 4.74, "epoch": 10.0, "train/f1": 0.9727100404838552, "train/accuracy": 0.9917602996254682, "train/precision": 0.9881757933920507, "train/recall": 0.9590978915241399, "val/f1": 0.5305998899284534, "val/accuracy": 0.7904191616766467, "val/precision": 0.6974474474474475, "val/recall": 0.6045833333333334, "val/loss": 1.3781453371047974, "eval/loss": 0.8738924264907837, "eval/accuracy": 0.8383233532934131, "eval/precision": 0.743719806763285, "eval/recall": 0.6366666666666666, "eval/f1": 0.6135002085940758, "eval/runtime": 4.4036, "eval/samples_per_second": 37.923, "eval/steps_per_second": 4.769, "train_runtime": 1512.6299, "train_samples_per_second": 26.477, "train_steps_per_second": 3.312, "total_flos": 3512690195097600.0, "train_loss": 0.329524798333801, "label_metrics": {"_type": "table-file", "sha256": "6c0ccaa8aad531a850ee35dfaabbf5ffecf7824740b3040a25964622d367cec9", "size": 576, "artifact_path": "wandb-client-artifact://og9k8azz6n1pa9su4jye2ev6srp7ngmjxwliiy7p10srqkatdutx2uj1fwlhjt7pjx9ik8vwhnho79meaq413pt990bab6pveos9gsbh0ylef9s1mxp715olofwejhog/label_metrics.table.json", "_latest_artifact_path": "wandb-client-artifact://32c8fl7qjd8ro10oaxfpaitdozmgnq7lziv8wxs7n89w9qf5t531mz12zdaf95q0f2ly2rb3usid7z6eelry73fxnhmtccrnsmmkprenb2u4nomtdrccukh32n7vfyld:latest/label_metrics.table.json", "path": "media/table/label_metrics_210_6c0ccaa8aad531a850ee.table.json", "ncols": 6, "nrows": 5}, "test_predictions": {"_type": "table-file", "sha256": "d826472555bdae7a4c0ed9c8ecc63e5d15127ffdade0837d6f592d2c4eb27a99", "size": 87304, "artifact_path": "wandb-client-artifact://li6oqm8ngz439mld303lvdpxw0u33ypl3vktzc1izobuevyjd2j325ppeemgs7u8q4f5vk4mfozo346zq1ncunigie4uq8if72e4bo0ds7l85g1v3zzry706fu5ezy2i/test_predictions.table.json", "_latest_artifact_path": "wandb-client-artifact://p32c2cvcsq9lt24u4zwprvc74z9bhh0m60n5ufejllnt27s5walzq1igwmkvu0k4xgu0nu3gey92bz85vjx63t6qvs21s4xiltn4vdlhfmrww3ni1pw5vlw55t8illxm:latest/test_predictions.table.json", "path": "media/table/test_predictions_211_d826472555bdae7a4c0e.table.json", "ncols": 8, "nrows": 168}, "test-metrics": {"_type": "table-file", "sha256": "70fd575ca71a606ecb240a6c5abc61ea55d4141d260ad251f88b6f1ab261d46f", "size": 203, "artifact_path": "wandb-client-artifact://h8r6hnnt1ydtm9wiwfkp4xmhgy883loix3p8lr69dpwkz8u4nyhar1vb4aimncm50oviagoitgz0crqjg80s0dsk65l7nvcscn484l2gov1ehjmcr91yr4cdsa5dc0oo/test-metrics.table.json", "_latest_artifact_path": "wandb-client-artifact://l4i21j97r35sqdayrds7v25uzvz0j3dmjqn781hyvjekd26elp2esu1ua57dg6ujmsoyxihlpfg60y76oddor7l3x3yw06sorgw34exbsjvdvxyby1qa502uzruvi764:latest/test-metrics.table.json", "path": "media/table/test-metrics_212_70fd575ca71a606ecb24.table.json", "ncols": 5, "nrows": 1}, "test_connective_metrics": {"_type": "table-file", "sha256": "44a2a029782e6c5191bbffba98acd84212f099dd0fc13e40f71bcdf5813f1546", "size": 462, "artifact_path": "wandb-client-artifact://eb4quu9osn7srufa79qlm0qm8rvij0wc05uynxaahwqfvzzs2om9s13ehlyqy1ths3cz149vplfjskjto3aoi48wl6dguyzmphugzwsq8o3w2k7kw7cnjfo3hkul13cs/test_connective_metrics.table.json", "_latest_artifact_path": "wandb-client-artifact://k9z42j52g4z98nq8qzxfsqz19rl8hyiuoknnj7nux8ui5xkq2c0bj0aihquelxt52mghsujkpqrqb4pzqky0rfdma38o6uhsbs153cw5mjz2qm5r6pqjssu64f7r4ioq:latest/test_connective_metrics.table.json", "path": "media/table/test_connective_metrics_213_44a2a029782e6c5191bb.table.json", "ncols": 6, "nrows": 3}, "Exclude_counts": {"_type": "table-file", "sha256": "ef52b237b8fb84fe8f03bdad3c5f8451ff086bce62bb1cbf03795a0e9e806bb3", "size": 81, "artifact_path": "wandb-client-artifact://zdt07060guwhkv4tc9sttldf4gjd6m8lz83obx0zjoymgxfcokoancgazm16kj8tv6sz8dm3ybopwnd8ji2rj7nzarklos0mt8jeq534vb7x00cpvi4pqbz8bhotghh9/Exclude_counts.table.json", "_latest_artifact_path": "wandb-client-artifact://vp5qriqoa38b6oa4rsji1r87zdojabffmnkxq9y2xrddzo6k4dyadladmb03k1622zx1qkpcad7bhk8zrncmcj5ow7bil65if3bkemy8w7i3lsyjodaw7wxn3oxktkk7:latest/Exclude_counts.table.json", "path": "media/table/Exclude_counts_214_ef52b237b8fb84fe8f03.table.json", "ncols": 2, "nrows": 1}, "_wandb": {"runtime": 1532}}