{"train/loss": 0.001, "train/grad_norm": 0.016964800655841827, "train/learning_rate": 3.148558758314856e-05, "train/epoch": 13.0, "train/global_step": 2171, "_timestamp": 1739840709.3655877, "_runtime": 1988.3668568134308, "_step": 277, "test/loss": 1.468265175819397, "test/accuracy": 0.8035714285714286, "test/precision": 0.8249418604651163, "test/recall": 0.5719116677653264, "test/f1": 0.6035782482357824, "test/runtime": 4.427, "test/samples_per_second": 37.949, "test/steps_per_second": 4.744, "epoch": 13.0, "train/f1": 0.9623845556978992, "train/accuracy": 0.9932584269662922, "train/precision": 0.9922092030020279, "train/recall": 0.9397275073806416, "val/f1": 0.5890142021720969, "val/accuracy": 0.8263473053892215, "val/precision": 0.6352121212121212, "val/recall": 0.6008333333333333, "val/loss": 1.565423846244812, "eval/loss": 1.261487364768982, "eval/accuracy": 0.8263473053892215, "eval/precision": 0.6352121212121212, "eval/recall": 0.6008333333333333, "eval/f1": 0.5890142021720969, "eval/runtime": 4.3982, "eval/samples_per_second": 37.97, "eval/steps_per_second": 4.775, "train_runtime": 1975.1579, "train_samples_per_second": 20.277, "train_steps_per_second": 2.537, "total_flos": 4566497253626880.0, "train_loss": 0.3174087061117867, "label_metrics": {"_type": "table-file", "sha256": "48f0001df3c050261564b9a01c47d95cc7951a56a6840fffe3219c752393bd96", "size": 607, "artifact_path": "wandb-client-artifact://0zwzsxrzcitvftcj43e599zzhka77nfzgirf5f4j8bg3ax3k6j7cih4zrfiqni3qx4k1yeb162y83ag581bcj60wutpeqxjailonaxa64zvvk7s67ddy7k13wiuckkdj/label_metrics.table.json", "_latest_artifact_path": "wandb-client-artifact://kergbzdquge5vldwwe5oy03dhcjw3gd3ausypn7aasicxzzd9rvtrfc36s8tuqf1i9n79qrnpag4xf4hkh7v9ihprlhllw3f0ii67y5lgt74yhp8u40yba6uu1lhlusb:latest/label_metrics.table.json", "path": "media/table/label_metrics_272_48f0001df3c050261564.table.json", "ncols": 6, "nrows": 5}, "test_predictions": {"_type": "table-file", "sha256": "98b9ab99861339f24e873de4ff501f3afcd6f96eeebf5084f92964483c5c240f", "size": 75022, "artifact_path": "wandb-client-artifact://yv9hf85lxhk72wgzzdgjaanhkz0lngvaq5jn9q3x0uiz9od6lixysu752capv6zr9siec8j1eh7ia7iv1izat0bne8xschwq5wgic8ygcnhmvusgeavoxspi6sa18pvk/test_predictions.table.json", "_latest_artifact_path": "wandb-client-artifact://fohzszfeyvostpf3f7nyryrtx6r60fa5f8he45pxdxuq6urat6p87kis44f4k9e1kwttxxad7k2cpih9yxa7mk7b45ax93jp69gorz39emcv16zdjvhxp2xt9tlwa1h9:latest/test_predictions.table.json", "path": "media/table/test_predictions_273_98b9ab99861339f24e87.table.json", "ncols": 8, "nrows": 168}, "test-metrics": {"_type": "table-file", "sha256": "f320a6000944d8d42a0c9163bbd7efd745ab90cf2914e524d003ef3969a3cd52", "size": 200, "artifact_path": "wandb-client-artifact://dfhtpj4x5o41i1d9zui7md2ll8z2xg5ndbg7lzcyi0jf5c0nsv8b21ozucvh2p2dk54bg8wu0h0nu7hr39t3tvdxjbc89y7bruf46msjxxx6xjgky3jzmoyzvgdwd36i/test-metrics.table.json", "_latest_artifact_path": "wandb-client-artifact://3ejaa697c65u1tnfpl5ogmwzyh19kl6z0ejbm8p19rctmi54jfy66x3vpqynohwlbkcm8rtasql8xucn8u889pkirlk27qec7e3hya44jcuhbbpxy1jbw4mp1isauhxl:latest/test-metrics.table.json", "path": "media/table/test-metrics_274_f320a6000944d8d42a0c.table.json", "ncols": 5, "nrows": 1}, "test_connective_metrics": {"_type": "table-file", "sha256": "8eb7e91143558b930579fd739edb20f0ce87342614e19dea61d70a5e6cdf9d46", "size": 440, "artifact_path": "wandb-client-artifact://xn24fiz3u4z6nd2zdukbgur5oxokvkagnjuulep0kfly2rora6j7q584q8cki7jna1j8bsttpop68h0suz2q58n41v2v7r4s41f3xdn9is09x9jw67gy0cqii16tq427/test_connective_metrics.table.json", "_latest_artifact_path": "wandb-client-artifact://yazzwq71wbtswqhowbekhwsisuer410pwfhmseogwx7q3lzk9b1da195pbj02cg2ewdc1ve1epoqwv6fweu4aglkdjpzo95w50b6lb3joepvd3m9qcogebveoxbh9kl2:latest/test_connective_metrics.table.json", "path": "media/table/test_connective_metrics_275_8eb7e91143558b930579.table.json", "ncols": 6, "nrows": 3}, "Exclude_counts": {"_type": "table-file", "sha256": "e1c9680c5dbf27c108a9c47e201f13cfb20008c24fc3198b33ecbe61bb69d2a1", "size": 79, "artifact_path": "wandb-client-artifact://sgbn7srtip6yxol9t4erxqn7thvvlnuxeaanyyetrig0ku5w5sk2yv9239fj8l2tr965ykkarfvqt4bm2u00r7f4qlzbwj76lmvwp5qsmmep5en1aychqm2n550qa19j/Exclude_counts.table.json", "_latest_artifact_path": "wandb-client-artifact://piy3l7zam3c2ehmpawhpn7iww938bbjz50bmq566lllvyhr9v77uiets9bwjg0t51p3ipq56q5lf3w8oj3patpcskff9tkeih9izaq02b88oq0jmlmvpr2szm3prn9m1:latest/Exclude_counts.table.json", "path": "media/table/Exclude_counts_276_e1c9680c5dbf27c108a9.table.json", "ncols": 2, "nrows": 1}, "_wandb": {"runtime": 1996}}