{"train/loss": 0.1123, "train/grad_norm": 0.011598234064877033, "train/learning_rate": 3.52549889135255e-05, "train/epoch": 11.0, "train/global_step": 1837, "_timestamp": 1743021043.0916884, "_runtime": 793.7722544670105, "_step": 235, "test/loss": 1.0922410488128662, "test/accuracy": 0.8273809523809523, "test/precision": 0.7409722222222221, "test/recall": 0.6670336189848386, "test/f1": 0.6842825498400197, "test/runtime": 1.8738, "test/samples_per_second": 89.657, "test/steps_per_second": 11.207, "epoch": 11.0, "train/f1": 0.9775988924164318, "train/accuracy": 0.9940074906367041, "train/precision": 0.9976851851851851, "train/recall": 0.9594473730228825, "val/f1": 0.8084590508529388, "val/accuracy": 0.8982035928143712, "val/precision": 0.8341458333333331, "val/recall": 0.8012499999999999, "val/loss": 0.7867517471313477, "eval/loss": 0.7076607942581177, "eval/accuracy": 0.8922155688622755, "eval/precision": 0.9000545256270447, "eval/recall": 0.8574999999999999, "eval/f1": 0.8651603827278487, "eval/runtime": 1.868, "eval/samples_per_second": 89.401, "eval/steps_per_second": 11.242, "train_runtime": 786.2665, "train_samples_per_second": 50.937, "train_steps_per_second": 6.372, "total_flos": 3863889922083840.0, "train_loss": 0.24152740759830305, "label_metrics": {"_type": "table-file", "sha256": "49c798db62e101031a1c4f5fa8146a626350fa3ed1ae1b5cf46a37388de604d8", "size": 566, "artifact_path": "wandb-client-artifact://gbc3lbkj9a5kz5te253b0gphboaajkfipi9ki8oo1x070e5252kz320oe6ffypuzfsnje0ujmxr79w5mq1avbfvnfzxohzqxfphuxbo2bs8w7f2qzwnrbtme4zodgayt/label_metrics.table.json", "_latest_artifact_path": "wandb-client-artifact://yig76wmrquz8h434owvuqncvl8xl0jdgsj1uk16jgcl0usa4p1u69mx7hmy9ycbxtwi42750a7mz728gu72rlig8p3fto13vg96m6qcmhg29rp6qpdn7g8s0sr9bpil3:latest/label_metrics.table.json", "path": "media/table/label_metrics_230_49c798db62e101031a1c.table.json", "ncols": 6, "nrows": 5}, "test_predictions": {"_type": "table-file", "sha256": "eb7ebf8fb9fd9eb0c1dc4d95d0d3e481bdb0c52550560c761ff60483b9c736fc", "size": 89146, "artifact_path": "wandb-client-artifact://2zi01rwz2ws6pqju296geoj1aqoc6csx6wvmivtlzo93hnde7syxst132lftrsc1jqofaa94h2w1jxco9rbihc1jvzod03yumvug0oc2t7a36eeemt5egrddsg221ui2/test_predictions.table.json", "_latest_artifact_path": "wandb-client-artifact://xm5t0eqq9czeesnw9kephixr3y8rgp284ls1a9xera4xea6r7s9vbi5mirojdxq4eed7i50f4171kz2qf5hdvz1ohvs08svy9gxmnjx92hdlp7k2fv7nfslaalpdb5yk:latest/test_predictions.table.json", "path": "media/table/test_predictions_231_eb7ebf8fb9fd9eb0c1dc.table.json", "ncols": 8, "nrows": 168}, "test-metrics": {"_type": "table-file", "sha256": "2be4ce432a54a59bcf237836c84c69ef36858c2cf88677536fb24c1668bbdde9", "size": 200, "artifact_path": "wandb-client-artifact://vihu40hiwgey0gfkoiw7mbbw0r9h4yapnlclus4q9jvcp65490xq3yyfklq6zsnvbxr577f434mtkmks0958w3rmaath4c48039xzpb3fjfljvg7g69k9uq4okqk7eow/test-metrics.table.json", "_latest_artifact_path": "wandb-client-artifact://w76h5st68tm8jgzl711g1bg2x9ky5fk342d21pcs4mxanh7b9twpx4wy9mb2mcm8d6if4ajuv3s7dekakjo14vzxkp3bpc6pnkeuvv31qzae7s4d98aezmh8oguld9l7:latest/test-metrics.table.json", "path": "media/table/test-metrics_232_2be4ce432a54a59bcf23.table.json", "ncols": 5, "nrows": 1}, "test_connective_metrics": {"_type": "table-file", "sha256": "792693d4be2a72763e59ef74a46574a63d63cbb31753d91f730292c8474dc174", "size": 407, "artifact_path": "wandb-client-artifact://ox2h21wxvqsc0jmokvzmx5aombnqyktglfskf8mmpsdcmkl92yoc23wpekgbjekwehr1vdunyq62ylfoq4mdzxijhw23ocfbb5oiu65dc11p3dxqvp466hcwocjzmlbc/test_connective_metrics.table.json", "_latest_artifact_path": "wandb-client-artifact://a6cx4c6tg50b15u8i825vir3rfoft90f9jd2v67u06nz86oajb0bfz13zj1ckejsx562ay6lgzoql7gqqm887apw7c9tfrglxrv6u1r2w3pq9rztcq1o3z9c6m5jedhl:latest/test_connective_metrics.table.json", "path": "media/table/test_connective_metrics_233_792693d4be2a72763e59.table.json", "ncols": 6, "nrows": 3}, "Exclude_counts": {"_type": "table-file", "sha256": "1315d459f2edbaf5a26cf162c57611f734e37385686ca35ad763b16ff92f0e5b", "size": 77, "artifact_path": "wandb-client-artifact://dxipscnul7o519ckp3rmzzf83lz953ipcs6j7ywjb2tx4xpk8dvxpi0v8tv5xuu3et2mvyabbue1bcnf7oqnxls3hu9pze00prf0k34v200yexkrek467jdlskf33fvd/Exclude_counts.table.json", "_latest_artifact_path": "wandb-client-artifact://4v0xetijitcwnletikb7n6eo0yngm1micylq9u5toip0sc7udiuikloigqaoqu4iphn2l8zcaajtt4tmbm4tvm1em162im838sdhp0dc8e52x73308w9rb8e6sbf8k1u:latest/Exclude_counts.table.json", "path": "media/table/Exclude_counts_234_1315d459f2edbaf5a26c.table.json", "ncols": 2, "nrows": 1}, "_wandb": {"runtime": 802}}