{"train/loss": 0.0327, "train/grad_norm": 0.6410316228866577, "train/learning_rate": 1.2468827930174563e-07, "train/epoch": 15.0, "train/global_step": 2505, "_timestamp": 1735899793.4646966, "_runtime": 1204.9715156555176, "_step": 316, "test/loss": 1.7918683290481567, "test/accuracy": 0.7380952380952381, "test/precision": 0.6922985957132298, "test/recall": 0.603107009448473, "test/f1": 0.623943173943174, "test/runtime": 1.9866, "test/samples_per_second": 84.566, "test/steps_per_second": 10.571, "epoch": 15.0, "train/f1": 0.9765457757414723, "train/accuracy": 0.9932584269662922, "train/precision": 0.9747488855417104, "train/recall": 0.980203697856832, "val/f1": 0.5712975977217398, "val/accuracy": 0.8083832335329342, "val/precision": 0.683068783068783, "val/recall": 0.5745833333333333, "val/loss": 1.583329439163208, "eval/loss": 1.4364030361175537, "eval/accuracy": 0.7964071856287425, "eval/precision": 0.6087072649572649, "eval/recall": 0.5833333333333333, "eval/f1": 0.5049641919616688, "eval/runtime": 1.9853, "eval/samples_per_second": 84.118, "eval/steps_per_second": 10.578, "train_runtime": 1107.4962, "train_samples_per_second": 18.081, "train_steps_per_second": 2.262, "total_flos": 5268940802841600.0, "train_loss": 0.2644284979516488, "label_metrics": {"_type": "table-file", "sha256": "363bef45fb46cb01ca15daf8f6025f8fbc2373001ec31c47675a87de7723e0e3", "size": 546, "artifact_path": "wandb-client-artifact://whqe30a25sobgh7hsa8grm9g8vm1sqe3i9u9a7a3q1xfc9okhh1m69qg8d2tyy4l0trufvu8n9cjimzyhss2gqt53lmd4pnt6e2foy92xn197utm0o8qlsl69u8ez628/label_metrics.table.json", "_latest_artifact_path": "wandb-client-artifact://qwtz6zk00vtme34xc95fx6k7xsqzur8cuyu6mis3jbebpz3658v1hu17a13na3kajykcrbz9x7fq568dpdti7rb9kbszc4746gc26g45juzk2h3bclnwvrhc9kcrwhth:latest/label_metrics.table.json", "path": "media/table/label_metrics_313_363bef45fb46cb01ca15.table.json", "ncols": 5, "nrows": 5}, "test_predictions": {"_type": "table-file", "sha256": "1613f7ea30d33990d71fa765914281bfc5022f4e7e8f0051865e05393b53ad19", "size": 88250, "artifact_path": "wandb-client-artifact://iuq5v0a8dfww5ids5xvi1o2gmrmb985fcevu2qkuupnitc64nxwg3f62ene1veoq0w7y2kjhknypzywzjrcq0opnhk17xktoqb0c8el0tlsek45dz4evwqlj6o6eaj8e/test_predictions.table.json", "_latest_artifact_path": "wandb-client-artifact://sqij33t434rbgq0bs16dchnv5fqjs8qykbo84vwfj40j621dqbn9af8p3t6ci172saha88fhqxd869umrcdt7iqy17alwwnqmdaz557y05qx0umbykpyfdb0ojk2d2kr:latest/test_predictions.table.json", "path": "media/table/test_predictions_314_1613f7ea30d33990d71f.table.json", "ncols": 7, "nrows": 168}, "test-metrics": {"_type": "table-file", "sha256": "1d6abed17e21b3a933c1628416b9a6311b53324f7459d70b370d252a4550d919", "size": 203, "artifact_path": "wandb-client-artifact://qmrpxwpfmrmtkw4cue4461eucmeaz4f63jrqylp05lrj4mzupudswsab2zfj0f9bblgtg9sqhre07chi6i4xt3ighqlb07vcj1vommp55xu3s47i00do43di75lzx2gr/test-metrics.table.json", "_latest_artifact_path": "wandb-client-artifact://jf5g9u6jwz8udv1v163zegcbu6vtfw4jn3yfny2k7v9irpv2ph9a6p7uvecfeiqelnb2gcyg2ymff9dj999kfjdkm7ml38d7vsgrkntvvloliicjthlsbzjgvi2dazye:latest/test-metrics.table.json", "path": "media/table/test-metrics_315_1d6abed17e21b3a933c1.table.json", "ncols": 5, "nrows": 1}, "test_connective_metrics": {"_type": "table-file", "sha256": "475e37b89833bb398ea4f43fd50a605fcb4b384f0f4eae7ae2a976bfaf028aeb", "size": 439, "artifact_path": "wandb-client-artifact://7nslwiloiml7kc8035ivo2v555d70nhdb2v6w4d34bauny6fdka99dtn5hb39cjsvqpi7s4z8xmkos6x16rogaek8eeia2pbh2sb8algviqzj4oeylqnaz8rbmr9bmn0/test_connective_metrics.table.json", "_latest_artifact_path": "wandb-client-artifact://ug3lzhu1x99kjdbcpcuyy2kwj4kfbrs0tiqn10qm3vdqb5olfsc0avpv565k3znshowoegooo7y1udszilxa7sr2s6zwz41fvt02rzqdn1w055kotnie2k1cym8ir0he:latest/test_connective_metrics.table.json", "path": "media/table/test_connective_metrics_316_475e37b89833bb398ea4.table.json", "ncols": 6, "nrows": 3}, "_wandb": {"runtime": 1288}}