{"train/loss": 0.7562, "train/grad_norm": 9.076035499572754, "train/learning_rate": 1.6000000000000003e-05, "train/epoch": 1.0, "train/global_step": 167, "_timestamp": 1735983429.2143593, "_runtime": 95.97112131118774, "_step": 26, "test/loss": 0.8100262880325317, "test/accuracy": 0.7023809523809523, "test/precision": 0.7139548349739433, "test/recall": 0.23722258844210065, "test/f1": 0.2257175660160735, "test/runtime": 1.847, "test/samples_per_second": 90.956, "test/steps_per_second": 11.37, "epoch": 1.0, "train/f1": 0.22004170089088265, "train/accuracy": 0.7662921348314606, "train/precision": 0.610274445048284, "train/recall": 0.22788001977695985, "val/f1": 0.2390293225480283, "val/accuracy": 0.7604790419161677, "val/precision": 0.7027972027972028, "val/recall": 0.24375, "val/loss": null, "eval/loss": 0.7651106119155884, "eval/accuracy": 0.7604790419161677, "eval/precision": 0.7027972027972028, "eval/recall": 0.24375, "eval/f1": 0.2390293225480283, "eval/runtime": 1.8335, "eval/samples_per_second": 91.082, "eval/steps_per_second": 11.453, "train_runtime": 88.84, "train_samples_per_second": 15.027, "train_steps_per_second": 1.88, "total_flos": 351262720189440.0, "train_loss": 0.9410449616209475, "label_metrics": {"_type": "table-file", "sha256": "96b2bbd606648433f4b04299a9bd1e2341f417e1ccd0c0f2aa8351603c4aa12e", "size": 499, "artifact_path": "wandb-client-artifact://87h465g8f3nrssbdj8ntuhrifdpodnojkh5c5z9ovv0ryxfb6l46b58344drv7h6ab46124mkq1pxrk27qh1p020u634uhhy3ytiwbspdowuv8mzwuivphf72kcameed/label_metrics.table.json", "_latest_artifact_path": "wandb-client-artifact://91p5m4sxolflzbv1zgedvvvg8xtxctz1ty2izutuuu1lwnwfcwe5kd8d9foo21i48x8e3hg47qq4hh4gxbiy262tu2z4t9qfhyn34w5khyggopr5bjp74732y3plhbc0:latest/label_metrics.table.json", "path": "media/table/label_metrics_23_96b2bbd606648433f4b0.table.json", "ncols": 5, "nrows": 5}, "test_predictions": {"_type": "table-file", "sha256": "a0c952d180b6a43310b37d8f6c9da4c945d09f17adae98dfe4f47e7bacd7af29", "size": 48814, "artifact_path": "wandb-client-artifact://fhdbuf3d17x6jf0y4bs3fbwbigntkgmtb0uuzvf3wmv6fvlwqa8498hx1bzs81cjlw6yqtdmut04yrlyq0dil1j59ftjp7albrj6g7856df2pkrijxrz9kyi2ffgthcd/test_predictions.table.json", "_latest_artifact_path": "wandb-client-artifact://80dpm3tjchhjrssq6hdo14b3dt069us65otelcbf7gt3orapgw6eyaxb6i2o4f96vsu7ggfwq3x3mt5fgzol22jo9mu86kz09wzlolsp4a3h6e4lzck6q5kjfssjzizb:latest/test_predictions.table.json", "path": "media/table/test_predictions_24_a0c952d180b6a43310b3.table.json", "ncols": 7, "nrows": 168}, "test-metrics": {"_type": "table-file", "sha256": "67ad65c6bf569c673b38a0b099bc0c059733890b1c28b6574edf3a3455476d1f", "size": 206, "artifact_path": "wandb-client-artifact://5kvfosdqkqulp2jvbe82pkrej9yg6hlyt96lpwor4vwqs308ou8lusx9ebrohmwwp6ffvcsbt8st81a0n0i18lxazubo7gsv2omduoy27nw2mpps1blinpz4vnrhstpw/test-metrics.table.json", "_latest_artifact_path": "wandb-client-artifact://qtfel00x1fiewe20yen26jzg1m0aj98tumf7bkeyxg0mzar12erg407ckvmlkthoj9x3nj43jtdte3guyv6moehpdvrvd2pkyhui6cee8l8wjplmkvb9y5f6nt42lo57:latest/test-metrics.table.json", "path": "media/table/test-metrics_25_67ad65c6bf569c673b38.table.json", "ncols": 5, "nrows": 1}, "test_connective_metrics": {"_type": "table-file", "sha256": "8181be18b5e9817c76a8cefb6d5fcc0e244ca7684e8e8aa49e24bf6da2b8c978", "size": 424, "artifact_path": "wandb-client-artifact://bkzj9z9v4xlwtl5cpqru9q46wvi233vhzo4znbbbt4qsmeclfq06tuwpuxppe2676h5wkrl1ha7818p950mp2mmqw1r2zyyx3gsajfwnmw41k4gzjv0lqaz9wvivbwo8/test_connective_metrics.table.json", "_latest_artifact_path": "wandb-client-artifact://6runfcw5f70sh0eql5d0er0bjrxh6ogtnjnsk3k4d5nwh9bq7bbl45gmnp497tnv2l35qnfm00b9dbubmttqeqq6yd6q1m1c9a2h7h1kfjlkft4h2emxi8xzjt8ngsbe:latest/test_connective_metrics.table.json", "path": "media/table/test_connective_metrics_26_8181be18b5e9817c76a8.table.json", "ncols": 6, "nrows": 3}, "_wandb": {"runtime": 102}}