{"train/loss": 0.8532, "train/grad_norm": 3.5756425857543945, "train/learning_rate": 0.0, "train/epoch": 30.0, "train/global_step": 5010, "_timestamp": 1721581841.9078274, "_runtime": 2184.8739104270935, "_step": 626, "test/loss": 1.0030041933059692, "test/accuracy": 0.6607142857142857, "test/precision": 0.6607142857142857, "test/recall": 0.6607142857142857, "test/f1": 0.5257296466973885, "test/runtime": 1.8799, "test/samples_per_second": 89.366, "test/steps_per_second": 11.171, "epoch": 30.0, "train/f1": 0.6436139677777617, "train/accuracy": 0.750561797752809, "train/precision": 0.750561797752809, "train/recall": 0.750561797752809, "val/f1": 0.6008888147050846, "val/accuracy": 0.718562874251497, "val/precision": 0.718562874251497, "val/recall": 0.718562874251497, "val/loss": 0.8970251083374023, "eval/loss": 0.8907184600830078, "eval/accuracy": 0.718562874251497, "eval/precision": 0.718562874251497, "eval/recall": 0.718562874251497, "eval/f1": 0.6008888147050846, "eval/runtime": 1.8664, "eval/samples_per_second": 89.478, "eval/steps_per_second": 11.252, "train_runtime": 2177.5404, "train_samples_per_second": 18.392, "train_steps_per_second": 2.301, "total_flos": 1.05378816056832e+16, "train_loss": 0.8169844131031913, "label_metrics": {"_type": "table-file", "sha256": "845e6ea413946a95c5827a47780393e906fc08702a4c206cb83bf898b67cce99", "size": 391, "artifact_path": "wandb-client-artifact://j5p6sw8ezrmpsuk9oyeknj9nonpa17tw5n07ixwubecs7ynrpxzhel09c3nj3fc509ih7itlwoyz1qwy05971yx8dnjzkyzxspbxpggnloeaxb3lhzm35ekvq8d5k1xe/label_metrics.table.json", "_latest_artifact_path": "wandb-client-artifact://20c7ktaxvpyket67ynjumn06t15b09sx0puhuyjy9az4gu0as39yiq8t68dbw3vl8xypmvr3gmpq3zg86ram1z78vdo0ci1cxyr2vda190u6tgha5utfc330tceo37wh:latest/label_metrics.table.json", "path": "media/table/label_metrics_624_845e6ea413946a95c582.table.json", "ncols": 5, "nrows": 5}, "test_predictions": {"_type": "table-file", "sha256": "ce8faee4295f15f3e95caa09405529c49701c9cc8aef8d88c9824ff947f18d8b", "size": 84372, "artifact_path": "wandb-client-artifact://dhrwgcvq3t3onh1um1xwfkaa5q1u8k421d51pa6tk78ipzjq8diodz4f33tgqetl2dkvyrnoc4o3kfedohicvtk9l6jr7ycorg56p26dhf3pfzj4hboqttx5nw6pp57p/test_predictions.table.json", "_latest_artifact_path": "wandb-client-artifact://ku5p7obuk8fz50piloac3yy2kdt6xwy0s6wcyn9kk64w7zp87uc33lmsnhssxahvtaj1pn1z45350cml8ixsus7typx478lpsoeo742n5wtc2er4haj77e5htol8pd3p:latest/test_predictions.table.json", "path": "media/table/test_predictions_625_ce8faee4295f15f3e95c.table.json", "ncols": 6, "nrows": 168}, "test-metrics": {"_type": "table-file", "sha256": "32f8ba2997ef2eb73be67901b95bd1d13d857f42306cd2f92f56d73f2a59e399", "size": 196, "artifact_path": "wandb-client-artifact://ajcf23vkk6lok3reuykkufojoo6fhq52plr18ro86p40xfpa1aixs0x5399te8aa344c010317pese7ec0i4nc469pe33sj9dr5c6sirji03en3vk5mgsu0k1unudg53/test-metrics.table.json", "_latest_artifact_path": "wandb-client-artifact://pumy106j4dko7pofkgiq9uwegm012sj52gpi3voqwna7fzyr2zm7c7prdprnnjvh76noyn98knqwr4bhmqh7yujl78sq6txawm5inifavsfv4xgfpprx66lagpvmwjk9:latest/test-metrics.table.json", "path": "media/table/test-metrics_626_32f8ba2997ef2eb73be6.table.json", "ncols": 5, "nrows": 1}, "_wandb": {"runtime": 2191}}