epoch,loss,accuracy,precision,recall,f1
,0.0087309337797619,0.0238095238095238,0.0047904191616766,0.16,0.0093023255813953
0.0,0.001320248558407738,0.7619047619047619,0.15238095238095237,0.2,0.17297297297297295
