epoch,loss,accuracy,precision,recall,f1
,0.0087832148203592,0.0179640718562874,0.0035928143712574,0.2,0.0070588235294117
0.0,0.0013281542383982035,0.8083832335329342,0.16167664670658682,0.2,0.17880794701986755
