{"train/loss": 0.1757, "train/grad_norm": 0.43229275941848755, "train/learning_rate": 4.26829268292683e-05, "train/epoch": 7.0, "train/global_step": 1169, "_timestamp": 1738592950.6537354, "_runtime": 509.10051941871643, "_step": 151, "test/loss": 0.6086567640304565, "test/accuracy": 0.7916666666666666, "test/precision": 0.6707053571428571, "test/recall": 0.5034300153812349, "test/f1": 0.5153177453939551, "test/runtime": 1.8866, "test/samples_per_second": 89.047, "test/steps_per_second": 11.131, "epoch": 7.0, "train/f1": 0.8213939060379222, "train/accuracy": 0.9872659176029962, "train/precision": 0.974149013272813, "train/recall": 0.8050040970584288, "val/f1": 0.4952092352092352, "val/accuracy": 0.7724550898203593, "val/precision": 0.6173395445134576, "val/recall": 0.5166666666666666, "val/loss": 1.2435519695281982, "eval/loss": 0.6057223081588745, "eval/accuracy": 0.7904191616766467, "eval/precision": 0.6256770833333334, "eval/recall": 0.5541666666666666, "eval/f1": 0.5145538577626863, "eval/runtime": 1.8744, "eval/samples_per_second": 89.097, "eval/steps_per_second": 11.204, "train_runtime": 501.6, "train_samples_per_second": 79.845, "train_steps_per_second": 9.988, "total_flos": 2458839041326080.0, "train_loss": 0.43679908505609855, "label_metrics": {"_type": "table-file", "sha256": "70cf0c1365fca2372e05441ab2b1bbf7432e24d4b3200e0978824840d67b95bc", "size": 659, "artifact_path": "wandb-client-artifact://r0n9d5twsa466agcit1zjskgrnmtbfusg9uook91z2ipz3eafx4pg07oy25kii546t8jraxy1yshc3r99249fcvwylz43rw5dc142yn3m6a9c5gtsh49umpsy5zkdcei/label_metrics.table.json", "_latest_artifact_path": "wandb-client-artifact://rie7kv4aj7yrs7tx9k28ewgzpypus44r07rhrpp5w2nhaqk4rq16033pldeuaqm66tp56mx0zuvvkfecql5cn2erxdrgb76s89upxoyh7xsv06r5pghk3lsjybc3wh6w:latest/label_metrics.table.json", "path": "media/table/label_metrics_147_70cf0c1365fca2372e05.table.json", "ncols": 6, "nrows": 5}, "test_predictions": {"_type": "table-file", "sha256": "9dbc5b9904ede7210202aef36787825c5434ec09637c43ecbb3da9ace9445f37", "size": 91238, "artifact_path": "wandb-client-artifact://tvr879bxj9vcqmry9y7qrhpdmobrptcjh1whgnp8qcwxt0j2o32a26zcsxhmbkzbi4nur5ngto5zidt8sn044xez9wcz7ge5h6rcqlgagvmt4lex1myc7igvlld4eaqm/test_predictions.table.json", "_latest_artifact_path": "wandb-client-artifact://7n5f6o5lp8eu0eud6iuod7q1c7qz4z3226rsbcahxg525t6i6z59a4yrrlpr2w8pjcryliqyzn5vfe8pshnith5yjkdh3ebllq37rojgljst43ipbxsvt02urygzr4oy:latest/test_predictions.table.json", "path": "media/table/test_predictions_148_9dbc5b9904ede7210202.table.json", "ncols": 8, "nrows": 168}, "test-metrics": {"_type": "table-file", "sha256": "d1cdfb053412dce1919772daf57fc3300d29935df1b29c0ce5bac7f55fed44e5", "size": 215, "artifact_path": "wandb-client-artifact://xk0yg07nn2fbsm7mk363thdud8b4i1lmze9u096tikmpgph66arasnk50e9byokrc39z6fghp8jw6f37h8l3wa1b14bmltakq60cdgghjnabrfcq0oph0xw42bgivzha/test-metrics.table.json", "_latest_artifact_path": "wandb-client-artifact://89ymt25qzmwe8mnmxxjojbpkm4cxxcj53h2hnlzvf9js80i53j4jx48jyk8717y6ho7wupkuksfhayu3r8jh3hcfuaolnh6qhh1bxit9qffbs2jrf3f0nb9tqy144pli:latest/test-metrics.table.json", "path": "media/table/test-metrics_149_d1cdfb053412dce19197.table.json", "ncols": 5, "nrows": 1}, "test_connective_metrics": {"_type": "table-file", "sha256": "6899c32332afa24e901f9bfb31fd84db6e0998a49c2827e00fa52b346b6e57a7", "size": 446, "artifact_path": "wandb-client-artifact://yvgil8li9e95nrp58cqyjg6e92izx01189up5fo8bebao4gygy1yvzto07nayk5np2as96sli7x85nvfdrttkp3xiut48t23amj5gqctip6s800imnqp504aadu9i62m/test_connective_metrics.table.json", "_latest_artifact_path": "wandb-client-artifact://2ry3ddsitbhwo7z8n8s47yxbnqjlqsa2212q35kfytu5rkm7p7dcdu4cccvcl9a0hs14w7mm8ugf68v8rxdc607m348ygrxw46ptydst1nng7ecoa8w54q0tic4lrh4o:latest/test_connective_metrics.table.json", "path": "media/table/test_connective_metrics_150_6899c32332afa24e901f.table.json", "ncols": 6, "nrows": 3}, "Exclude_counts": {"_type": "table-file", "sha256": "83103ea35ea937c5aafb1fde568b44549369be67e2f5e61e6a3b2ec01d6ce634", "size": 94, "artifact_path": "wandb-client-artifact://kpcvrfvc95c9r8prrqby1qw29dtgenj8nyz7f7tzulagrzl6sxg6mm4e5jx5lhl6x0tjc5hg9uy23lh0tmsdbmk0qvzn7jvfmkavkc5dzsvf4e6nuzswgvswd871146b/Exclude_counts.table.json", "_latest_artifact_path": "wandb-client-artifact://rzolt6pdq85xmlpoeks0b8jw01o1t5s9srhr78cebz5c78svm8ckgl5x0237ie6t60bglwrqdd9man9fcpfh812avioafgz1dsd9cbctffd7zdzj5kf4d37lkfqgowv6:latest/Exclude_counts.table.json", "path": "media/table/Exclude_counts_151_83103ea35ea937c5aafb.table.json", "ncols": 2, "nrows": 1}, "_wandb": {"runtime": 517}}