{"train/loss": 0.0003, "train/grad_norm": 0.005268690641969442, "train/learning_rate": 3.337028824833703e-05, "train/epoch": 12.0, "train/global_step": 2004, "_timestamp": 1743037835.87984, "_runtime": 868.7776989936829, "_step": 256, "test/loss": 1.3248987197875977, "test/accuracy": 0.7619047619047619, "test/precision": 0.5988235294117648, "test/recall": 0.552887277521424, "test/f1": 0.5438449212564829, "test/runtime": 1.8757, "test/samples_per_second": 89.568, "test/steps_per_second": 11.196, "epoch": 12.0, "train/f1": 0.9775988924164318, "train/accuracy": 0.9940074906367041, "train/precision": 0.9976851851851851, "train/recall": 0.9594473730228825, "val/f1": 0.4026251526251527, "val/accuracy": 0.7544910179640718, "val/precision": 0.6668560606060606, "val/recall": 0.48791666666666667, "val/loss": 1.081269383430481, "eval/loss": 1.308150291442871, "eval/accuracy": 0.7724550898203593, "eval/precision": 0.7168653648509763, "eval/recall": 0.6179166666666667, "eval/f1": 0.6029020509871573, "eval/runtime": 1.856, "eval/samples_per_second": 89.978, "eval/steps_per_second": 11.315, "train_runtime": 861.3086, "train_samples_per_second": 46.499, "train_steps_per_second": 5.817, "total_flos": 4215152642273280.0, "train_loss": 0.2843202239760693, "label_metrics": {"_type": "table-file", "sha256": "52c71eea65adc9dfd40d3163b02bb472358f8c5800309d09ca75dd60e3930901", "size": 650, "artifact_path": "wandb-client-artifact://15rao8mzm5p99kpdwxj5eo6waslqis66bnncwfmwhnoqc5fd3sm1ov4e0pjmjpg7dz3xxlc4d2p99cjfvvnc91i15kfooyieezs1u91r5c0cnh08em8xgo2q75x3k2b8/label_metrics.table.json", "_latest_artifact_path": "wandb-client-artifact://qmbip6lycuggopur0n2bmnjk193hae2ph2v5rhixddhmaxeav9tdmupn5p0e6el4ul902ldt99k1bjx9pbq0jy0vudi35jom5nfqe0i1e5g6k2u6hfk1cifgqzkav8xn:latest/label_metrics.table.json", "path": "media/table/label_metrics_251_52c71eea65adc9dfd40d.table.json", "ncols": 6, "nrows": 5}, "test_predictions": {"_type": "table-file", "sha256": "80bd27b5744c87e3fa1623117af85f133024e84c3671e34aa065ba685fabf2b0", "size": 91136, "artifact_path": "wandb-client-artifact://phda99r87v5hpwg37293ssktvfyrm498lg3bxngtw0nczsu4sx88qzcvlnu9sjiipx7t4mlyk0i694d835vx36sc7izrn15kglg5nio0w0wer8tax2fxxrke0mipgp8p/test_predictions.table.json", "_latest_artifact_path": "wandb-client-artifact://rh8u6jmztrw13f8b4numdug01cr1uyvekggrkvlaputjt3r9kynzla45sl5puxzno4ce71y5t970bur6geil277312v9crq6qnnhrscd2tk6r89pno02t2rk4krn6qmi:latest/test_predictions.table.json", "path": "media/table/test_predictions_252_80bd27b5744c87e3fa16.table.json", "ncols": 8, "nrows": 168}, "test-metrics": {"_type": "table-file", "sha256": "2adb939d7138ad6cac10921283f2d1a9c8387a6a349030566382d0c4c983bdb1", "size": 214, "artifact_path": "wandb-client-artifact://j8t166b3mdc0bcg33qy2scq34ymxfhytcuak2521ts8kp1g4noff9v16m1agfdv4u85l4i2qldkzsvd5uevtc9j5z6ow9fiwjscjqdb9pahxdph1yi7vxh30r3eef79s/test-metrics.table.json", "_latest_artifact_path": "wandb-client-artifact://6zblnshskjczneklhhi3et83ig3aaausysoir6tgo3l8f8093bze9lgd6rf162untfpf5nrys3o80049mmk2u3ysvr7pxn6rfs9gsaqr05b9mw7nevga3w64dww6yznc:latest/test-metrics.table.json", "path": "media/table/test-metrics_253_2adb939d7138ad6cac10.table.json", "ncols": 5, "nrows": 1}, "test_connective_metrics": {"_type": "table-file", "sha256": "3c495dbd37c8b4458bce071e957366c884071a9c10692363304ec069d6a84fb7", "size": 455, "artifact_path": "wandb-client-artifact://t8qi2h16lfulirxiihh7s87wkvxdnxuchtgfzjqx4pr7y1ikh9oe2hcirqhradd9i62puxojesbsw3apaz6ochrqphwthb7c4c4ebjk4aou8t4tqe05c2c9eues4vnhg/test_connective_metrics.table.json", "_latest_artifact_path": "wandb-client-artifact://gmr5gy7cvi0culvc334lypou0vw6xjx7zormpycck21foi7xfj05rqsj8ybrjygs9347eukb6vb277ranaxn8xfx7tqv3y45skxbmanzipdplehrunsnok4xagqv5oba:latest/test_connective_metrics.table.json", "path": "media/table/test_connective_metrics_254_3c495dbd37c8b4458bce.table.json", "ncols": 6, "nrows": 3}, "Exclude_counts": {"_type": "table-file", "sha256": "83103ea35ea937c5aafb1fde568b44549369be67e2f5e61e6a3b2ec01d6ce634", "size": 94, "artifact_path": "wandb-client-artifact://c3d4gxfa4k9dqzts5x56xpu18f2hm0dj80rh1kmnaq76l3o4zh94k4h5aqe2xzzzusmw0k3gph6eyo86nkmd0tk8oth6vd2t7g5gy12ysdyyvz7ymgocnbkt8nagi5u0/Exclude_counts.table.json", "_latest_artifact_path": "wandb-client-artifact://44nketc01mytyahbweoj84gfppbg16iv93ueqnwjnqvdm35iz4bqyqmecp7z1h02xmpka3magpqjd34qyvorcne9g44gag2n80tdqvc3c1b1o4okgkbqepx3qawi1ddx:latest/Exclude_counts.table.json", "path": "media/table/Exclude_counts_255_83103ea35ea937c5aafb.table.json", "ncols": 2, "nrows": 1}, "_wandb": {"runtime": 878}}