{"train/loss": 0.0026, "train/grad_norm": 0.15121369063854218, "train/learning_rate": 4.26829268292683e-05, "train/epoch": 7.0, "train/global_step": 1169, "_timestamp": 1743041087.4929264, "_runtime": 508.28609824180603, "_step": 152, "test/loss": 0.6466578245162964, "test/accuracy": 0.7619047619047619, "test/precision": 0.6645348837209302, "test/recall": 0.3708569545154911, "test/f1": 0.39948051948051944, "test/runtime": 1.8857, "test/samples_per_second": 89.092, "test/steps_per_second": 11.137, "epoch": 7.0, "train/f1": 0.8923555965414621, "train/accuracy": 0.9895131086142323, "train/precision": 0.974865038831528, "train/recall": 0.8674549489588219, "val/f1": 0.5252993712203132, "val/accuracy": 0.8203592814371258, "val/precision": 0.7134809634809635, "val/recall": 0.5991666666666667, "val/loss": 1.202025055885315, "eval/loss": 0.606273353099823, "eval/accuracy": 0.8023952095808383, "eval/precision": 0.7318948412698413, "eval/recall": 0.5525, "eval/f1": 0.5659262485481997, "eval/runtime": 1.8725, "eval/samples_per_second": 89.185, "eval/steps_per_second": 11.215, "train_runtime": 500.8021, "train_samples_per_second": 79.972, "train_steps_per_second": 10.004, "total_flos": 2458839041326080.0, "train_loss": 0.4454590627418511, "label_metrics": {"_type": "table-file", "sha256": "1c2a7921209d10c856973ee46eaa30f4b29d945b2e975fc68d5900ce4d06800b", "size": 651, "artifact_path": "wandb-client-artifact://f2n5slcu006v6248us9lkg21pavq4g926q3riz9yqrzxpyneg7qx9xljq7ueo8v1wse5l3268l2enk5nw1ty40oxju1gwlpggrqnrq91msk5qu6mpuc7sl2j58y9ta43/label_metrics.table.json", "_latest_artifact_path": "wandb-client-artifact://ys52fl1rroljsn54h0fmfddq9jw7vxhx3icufhi5xxn6eqkr06wtvl27tog8f20bx4oj1ca0zev4es8bsxw6t00k5ix5atvrd2ru31aizifst2xs53tpxqv1srp0bs7y:latest/label_metrics.table.json", "path": "media/table/label_metrics_147_1c2a7921209d10c85697.table.json", "ncols": 6, "nrows": 5}, "test_predictions": {"_type": "table-file", "sha256": "79c67c2ab0c2fb4df1a3a6a00b873133a2ce14a887abab13888be432ff378a0d", "size": 91358, "artifact_path": "wandb-client-artifact://rtzfjfa74gbcdenw0i8nx2hwkbf8pdywla7s77ivx9lrqo8v59jfc5yzwrv7u07lbth5uuynkqhoh3w9qha0hbcpjeevqh0q7m1r8ho9274k017zrpf1e9xn1pojhetr/test_predictions.table.json", "_latest_artifact_path": "wandb-client-artifact://r38ogw3fcwadlqexaiwkjakjrxovmlnapq9cttmvq0lpgkthef7d91008jhtw4maxjp9h9968de8zovkoavjy3toh7in9p4nr7fyofx2rksa0uevmchsdof4femqn5jk:latest/test_predictions.table.json", "path": "media/table/test_predictions_148_79c67c2ab0c2fb4df1a3.table.json", "ncols": 8, "nrows": 168}, "test-metrics": {"_type": "table-file", "sha256": "006dc328e2b49956998eb87e26fcd73019603118198680481955b6d36b091ef5", "size": 216, "artifact_path": "wandb-client-artifact://x9wo5k61naojm0zc0yro1crotovmhfbnvnlnfhyzjog7zvb0j08qlwmp3p37bnw34xohnmu7o8erqpa8t26uxojwazdjma6u8avhgvkj2oetgpwzh54mt531xvquh3nj/test-metrics.table.json", "_latest_artifact_path": "wandb-client-artifact://qzhfxwbt6gatg4d1qjqeg5lspfbso0pysz93b0hvjclygk1u81xnugvjfx9ql3klue88t6msqdz2xx0da9nmexmgv2bv0ucir3dvopumfjtz8cj8y6yewrwuo5yz0q7f:latest/test-metrics.table.json", "path": "media/table/test-metrics_149_006dc328e2b49956998e.table.json", "ncols": 5, "nrows": 1}, "test_connective_metrics": {"_type": "table-file", "sha256": "9a22816fe8161eb603a309748f1304426a4dff15d34c16ebeb41b6f4c90315ae", "size": 483, "artifact_path": "wandb-client-artifact://2lq218uqu9eotwxawu9f0dz6p75s5gnyjbs4yxjv8xrgysj1cbdf114cvd3025ut6erpckvzu0bishhge3qaqfehp8zipl3yat4uxkxkngbet6715zhu0u7fshxlzuax/test_connective_metrics.table.json", "_latest_artifact_path": "wandb-client-artifact://kqqbtmklxht07qr2v3wkcyb40mgl1qau1p6r1gsb6lgjoszqpxodpuisnwmoqzsorm629jnuwh7pkq9rlnb7v5eve8562cr4vx1vkca70oqyo9lh2hm1cp1rdef8trxk:latest/test_connective_metrics.table.json", "path": "media/table/test_connective_metrics_150_9a22816fe8161eb603a3.table.json", "ncols": 6, "nrows": 3}, "Exclude_counts": {"_type": "table-file", "sha256": "83103ea35ea937c5aafb1fde568b44549369be67e2f5e61e6a3b2ec01d6ce634", "size": 94, "artifact_path": "wandb-client-artifact://lr649snlxsxxo59xaj0gng5eh28u1vfx1kol0v6fylfidvqd6xx7c3ap4aldu2iggqhfteumm0p86dipgd0asz7hahx95dkh4t56sy7gzg4du2p7e1r5bdvhyv25cghj/Exclude_counts.table.json", "_latest_artifact_path": "wandb-client-artifact://4x0h5qdxiochfy106aeocfsshb6an1njz4ug0fz9qq8bqd2938mh19gtooaenthzjzrrxhc6qgyl1gqrthrc4gff1gx9u0doqhbs6wp01tkmqg1o91upsa9ughigrvdn:latest/Exclude_counts.table.json", "path": "media/table/Exclude_counts_151_83103ea35ea937c5aafb.table.json", "ncols": 2, "nrows": 1}, "_wandb": {"runtime": 516}}