{"train/loss": 0.0455, "train/grad_norm": 1.4598057270050049, "train/learning_rate": 4.0798226164079826e-05, "train/epoch": 8.0, "train/global_step": 1336, "_timestamp": 1739790684.324953, "_runtime": 1234.7042779922485, "_step": 173, "test/loss": 0.6689964532852173, "test/accuracy": 0.875, "test/precision": 0.7727240896358544, "test/recall": 0.6109360580092288, "test/f1": 0.6103369094673442, "test/runtime": 4.4291, "test/samples_per_second": 37.931, "test/steps_per_second": 4.741, "epoch": 8.0, "train/f1": 0.7781825351188073, "train/accuracy": 0.9857677902621723, "train/precision": 0.9608221313311134, "train/recall": 0.7882112737927713, "val/f1": 0.6046207043209499, "val/accuracy": 0.8562874251497006, "val/precision": 0.7717365553186448, "val/recall": 0.605, "val/loss": 0.7844308018684387, "eval/loss": 0.5552331805229187, "eval/accuracy": 0.8802395209580839, "eval/precision": 0.7669398907103826, "eval/recall": 0.7275, "eval/f1": 0.6581430137148613, "eval/runtime": 4.4005, "eval/samples_per_second": 37.95, "eval/steps_per_second": 4.772, "train_runtime": 1222.0289, "train_samples_per_second": 32.773, "train_steps_per_second": 4.1, "total_flos": 2810152156078080.0, "train_loss": 0.40835754330197493, "label_metrics": {"_type": "table-file", "sha256": "b3d9ba09fd2990b092cd1c96905829e0bac279e44a7b366aee47e8378d9999ea", "size": 587, "artifact_path": "wandb-client-artifact://asyz5j40itqd63gc9dajvc7sw77z8lyn2nnb30y8g2q9hjz4qksty0sqt45g4f6prdpsneq64es7thed5wv3fhif5mklom4748b6dewxxu85oana6jd7ln6mfa56dayu/label_metrics.table.json", "_latest_artifact_path": "wandb-client-artifact://py74dl1ca747chuvn5kom182iifsqvmdkemxbyzgdg2dnzo91f1tfosn65of3ti65zvdb1h2qxgenl3n5nsyeks1bidc8lnrermntmyk6nhe361pxukimphgsjru59x1:latest/label_metrics.table.json", "path": "media/table/label_metrics_168_b3d9ba09fd2990b092cd.table.json", "ncols": 6, "nrows": 5}, "test_predictions": {"_type": "table-file", "sha256": "2131621f2f7b12f0aee3fa464a3c131ab6292c782793f4a4c58e1241976147f3", "size": 90459, "artifact_path": "wandb-client-artifact://na6hjbgbnpgezd3tx4vwwk5frzqfk1i65j8pk4424i10hpb59e0xc5y6kiq4lcasyin6w4o6dh8e0ye4d31s6tt63fyu727ikdvcbdq0kawamvblpsl5ur17tq9jy8z8/test_predictions.table.json", "_latest_artifact_path": "wandb-client-artifact://b0n9o0xq0yu1q6lstkxj38ja7qij0k1qbaitl6gxv04kznxcov01d11n714q6alaijy4php02iwil96a2lfzqrdkgdn6qt2q7hij4pj9yxhjntmjo5rcbl0n1vhgm6cy:latest/test_predictions.table.json", "path": "media/table/test_predictions_169_2131621f2f7b12f0aee3.table.json", "ncols": 8, "nrows": 168}, "test-metrics": {"_type": "table-file", "sha256": "8e2f02d983fa88c6cae7512b59fc99f06df35ec48291f72f4cc8acd9e43643b4", "size": 181, "artifact_path": "wandb-client-artifact://9u9v4muq6f5c2pdq1sa2pos4f5sr9jgn2hpp2vsu6zeq9429q2atxwhdixkf426g5uhy7z3ydpu4sf2fxnpnhsp724fywh7po8okvqp0c46z82f4izpc40mooe2adank/test-metrics.table.json", "_latest_artifact_path": "wandb-client-artifact://lmmwv4hb0m957i3gxe039y82adgihu48ir6v2ssr438z2o0birc6eeexlze4zray6wa6kxn9vqb6m1qneg909jnzz4yd4z0tw9p1f2sgm7tj2wf4caxmbs5ozx8vz5aq:latest/test-metrics.table.json", "path": "media/table/test-metrics_170_8e2f02d983fa88c6cae7.table.json", "ncols": 5, "nrows": 1}, "test_connective_metrics": {"_type": "table-file", "sha256": "7b7b56505b6a65c5442af8b6f4c0c71e9bb2679dc6532911772bb5cccbdcf59b", "size": 407, "artifact_path": "wandb-client-artifact://phpb5oy8ivaymq51j3bfcsqj8gotqk6ujf5se25fbnz2ku819hm07563dnfucu75ygz7rpa647my1bjw1h4dd1x4kohy7l6abp1hhamq2m3uzkckyd10z40dgokoro76/test_connective_metrics.table.json", "_latest_artifact_path": "wandb-client-artifact://iljrr4pqg1aekp5ktitfw4hhdl7arelqtr6se8z99thjfb7x5m7tqepp3ngs5fb15i0mlhvhufqebh6hsf97cfnpjd4y0rotlkqvvtvveh0zzp75egb0r691jd26wiu2:latest/test_connective_metrics.table.json", "path": "media/table/test_connective_metrics_171_7b7b56505b6a65c5442a.table.json", "ncols": 6, "nrows": 3}, "Exclude_counts": {"_type": "table-file", "sha256": "082fcc874914d75958d68e780085931cf5c17034575e8b060f4acd16accf2d9e", "size": 71, "artifact_path": "wandb-client-artifact://zu382ysk5t80pv1cc45wu9drd1fo4nqzxvejrnya88jtzizssndeo5sekc0alm6hjn0g6j823fif129y78y1qma52rxewu0nlf6aco7gty20u09b8b5mdz0qevo5javh/Exclude_counts.table.json", "_latest_artifact_path": "wandb-client-artifact://kx4yy2zp3u6hi0d1x5w1ow6bos3ttsbv9lgo8zbaqdbecif5awl0658lj75sodlnb9sghp4s9aifggypq8r3gnam12ga7ompc8h8v389b8m7vh5ybdm0wj39kdxf1rpb:latest/Exclude_counts.table.json", "path": "media/table/Exclude_counts_172_082fcc874914d75958d6.table.json", "ncols": 2, "nrows": 1}, "_wandb": {"runtime": 1242}}