{"train/loss": 0.1072, "train/grad_norm": 0.00888074655085802, "train/learning_rate": 3.52549889135255e-05, "train/epoch": 11.0, "train/global_step": 1837, "_timestamp": 1736790645.893492, "_runtime": 797.8416600227356, "_step": 234, "test/loss": 1.0009384155273438, "test/accuracy": 0.8392857142857143, "test/precision": 0.8254098360655737, "test/recall": 0.6345001098659635, "test/f1": 0.6695917530252294, "test/runtime": 1.8781, "test/samples_per_second": 89.451, "test/steps_per_second": 11.181, "epoch": 11.0, "train/f1": 0.9770530397832818, "train/accuracy": 0.9932584269662922, "train/precision": 0.9960662441218565, "train/recall": 0.9599656026187369, "val/f1": 0.6551510003181162, "val/accuracy": 0.8622754491017964, "val/precision": 0.844017094017094, "val/recall": 0.6525, "val/loss": 1.0970852375030518, "eval/loss": 0.7824305295944214, "eval/accuracy": 0.8802395209580839, "eval/precision": 0.8690982592693155, "eval/recall": 0.64375, "eval/f1": 0.6617603722978538, "eval/runtime": 1.8644, "eval/samples_per_second": 89.575, "eval/steps_per_second": 11.264, "train_runtime": 790.5815, "train_samples_per_second": 50.659, "train_steps_per_second": 6.337, "total_flos": 3863889922083840.0, "train_loss": 0.24155788066179457, "label_metrics": {"_type": "table-file", "sha256": "05de97b00dddf06ab74bcebf360aee2a1805f61bd716e1f9d84000a745511979", "size": 620, "artifact_path": "wandb-client-artifact://oyv1k7lae97e589dfrfrlixhd6vfqhurfhhxisskx0pusfeerh9a7pfuey0qsqktjygp751ch7g3lvqrjm6ynbcagwxj5ohsn9quqxcp284vkwa69tebxfr00milmnws/label_metrics.table.json", "_latest_artifact_path": "wandb-client-artifact://rpztgwnuyltsqek3eqwu6hdwiwkkazvxs6wueavlhbpvm5ooxrq8hvd59v0rrj7b6vvar22oi5kwukb7uqglxh0t4syaxplv6d2wde46nitryw7kri9u1k130feqaqw3:latest/label_metrics.table.json", "path": "media/table/label_metrics_230_05de97b00dddf06ab74b.table.json", "ncols": 6, "nrows": 5}, "test_predictions": {"_type": "table-file", "sha256": "9be64af417f6bbc7e257cb761d7052db63e07c51d6a7ed318d34f3fe13d512b2", "size": 87106, "artifact_path": "wandb-client-artifact://zoa0k8yuv86mhq3wf9gfbj0x0jqhyo9270kf1jdh2f9a0i9a8dfrm4bx72tu7e6z7cmqxibuedrjwjk74p8i117rkhaawn73ng53nm3w4fl6qx05bqy5sab9tdo7a143/test_predictions.table.json", "_latest_artifact_path": "wandb-client-artifact://5pvxfa017o11tgfdaxc4hnm8wg2sod65mfkngliuqyhpeh069yes97i4gidl2kkmzxq2k02y8457fp8hhwarl9sxid505qkurhtq9u5itp20nvbtqynfxeykmk059oyg:latest/test_predictions.table.json", "path": "media/table/test_predictions_231_9be64af417f6bbc7e257.table.json", "ncols": 8, "nrows": 168}, "test-metrics": {"_type": "table-file", "sha256": "6c364048869312912bc8b500ac8c812f44bcca3e8364480ce41c8c0130c21c4c", "size": 203, "artifact_path": "wandb-client-artifact://qphuh9p5kiq2gh631l5c2t9lf0gdurb7tvb8d17l78d34f23rzl5ijnuh8oh12moz2h5he0c4v36vakbnitml4ubvj6l1rml2pjxi9h0nukc6qea35433agnlo2txl8h/test-metrics.table.json", "_latest_artifact_path": "wandb-client-artifact://0wj0k66rqks5zhnb2g0l19q9bgd1z9gbwxct79dhbdgkcs0caogb4afw8hzysv2v2g5duz68ea9i2i2743c0lb9hveeu0w9o1fcvhjjfanhjjik7hs1wi48qxwl1z2ms:latest/test-metrics.table.json", "path": "media/table/test-metrics_232_6c364048869312912bc8.table.json", "ncols": 5, "nrows": 1}, "test_connective_metrics": {"_type": "table-file", "sha256": "ef72d754ecefdb3d9f903595df72fc5d2854d1a00d813773c179ee8e6bb38cbf", "size": 432, "artifact_path": "wandb-client-artifact://6bjmotjat2klady6pmkvn1s2b7c90ztqx7r5eiijinlfd5zmj4hqs6it8m9jmharv3kumc1ljm49uga0ne6vw2dti9d2g3joc75352odno5y7uainkddwulsbe9n5s37/test_connective_metrics.table.json", "_latest_artifact_path": "wandb-client-artifact://sb73ctk5xiypzt2efdtok17nmqpy70ohvjik1g0prlf3zcww3sh2x9082uurgmeguyle4gg0v8732f2grvosrftfzni8nvgk434lpc5v2x1aaswj7wwcv0cjfta4do7g:latest/test_connective_metrics.table.json", "path": "media/table/test_connective_metrics_233_ef72d754ecefdb3d9f90.table.json", "ncols": 6, "nrows": 3}, "Exclude_counts": {"_type": "table-file", "sha256": "6b61ed8104e7789baa2a078cd4b3e82ab1d17bd9254552ac8bfb5d3efebbd3dd", "size": 81, "artifact_path": "wandb-client-artifact://5f1s4srl52qkj7pwwnjthcgxgvsz8ycg9r1cnrmrd5zyrlpmibwzvw8sr8wjp5lq64xrd2cflspprngffpckvnrsip4nqssxemoja7gobjc5duxwy24bvndtv46vrfxy/Exclude_counts.table.json", "_latest_artifact_path": "wandb-client-artifact://nwgeo0lwfd4ad075vhid6fy5m1b25mtrysvjsn62zsobxosvedl81z956i6i6gitxr0uianpffayipoc6pnwgnggl5cztvl6bspahg6h48hrq62qhdgytpfpjwrft5nm:latest/Exclude_counts.table.json", "path": "media/table/Exclude_counts_234_6b61ed8104e7789baa2a.table.json", "ncols": 2, "nrows": 1}, "_wandb": {"runtime": 805}}