epoch,loss,accuracy,precision,recall,f1
0,0.0016399087977320068,0.7962546816479401,0.27272244895285386,0.31267190389862476,0.2902152641878669
