{"train/loss": 0.1271, "train/grad_norm": 0.029579762369394302, "train/learning_rate": 3.52549889135255e-05, "train/epoch": 11.0, "train/global_step": 1837, "_timestamp": 1743063820.6156456, "_runtime": 796.2574815750122, "_step": 235, "test/loss": 0.9944081902503967, "test/accuracy": 0.8571428571428571, "test/precision": 0.8738752688172042, "test/recall": 0.7214238628872776, "test/f1": 0.7541619585687381, "test/runtime": 1.8815, "test/samples_per_second": 89.291, "test/steps_per_second": 11.161, "epoch": 11.0, "train/f1": 0.9775988924164318, "train/accuracy": 0.9940074906367041, "train/precision": 0.9976851851851851, "train/recall": 0.9594473730228825, "val/f1": 0.7186715931508789, "val/accuracy": 0.8562874251497006, "val/precision": 0.8406838263542067, "val/recall": 0.655, "val/loss": 0.8141154050827026, "eval/loss": 0.8081042170524597, "eval/accuracy": 0.8802395209580839, "eval/precision": 0.8570717839374555, "eval/recall": 0.7654166666666666, "eval/f1": 0.7839849028305423, "eval/runtime": 1.8782, "eval/samples_per_second": 88.915, "eval/steps_per_second": 11.181, "train_runtime": 788.8253, "train_samples_per_second": 50.772, "train_steps_per_second": 6.351, "total_flos": 3863889922083840.0, "train_loss": 0.24429309689330833, "label_metrics": {"_type": "table-file", "sha256": "38591076f1b8f0f7fd10080fd9f65f9f65eabee1bc5248ad4d02cbe320e4f0bc", "size": 678, "artifact_path": "wandb-client-artifact://cmchodpyepfr2r5bex41yb3n0cuul63uad9n39f27tvillomuvxxybpuq983o89wnx69ra97zmr7hgn3a6uiiddpca9896e6jttft86lu2xhg0pluebhzf2c6bs8n8xp/label_metrics.table.json", "_latest_artifact_path": "wandb-client-artifact://r7x26frtnf5ft08jt185y7io9ez1o48oislxvtrol1hy9j5qk4o4pgl320z9u6t6f8kbyds5lyggiuhrhbjkziw7yrhun5metpdr5hky4zbcz1hygagcuwg4dvtpy8wr:latest/label_metrics.table.json", "path": "media/table/label_metrics_230_38591076f1b8f0f7fd10.table.json", "ncols": 6, "nrows": 5}, "test_predictions": {"_type": "table-file", "sha256": "b4d6265c4a670f04f24b5e7de6dda41cce0fa6f90123bc0763c87a553b4190f9", "size": 92890, "artifact_path": "wandb-client-artifact://py9e32qojapycpznd75yzhxviuc2bypp0zhuuio56lolczcwn2zqgldy54sqxzky4yesusjto342m0g65tyiw9c3iortyp0o4ciffot6t1by06y4wbp5gv4enzackw4v/test_predictions.table.json", "_latest_artifact_path": "wandb-client-artifact://d163pra7o4mgg09g87ui6pqevub4y7qmy74e64kunna0z1zrb4nb9bbnkj46d3a6uxa8xvxa6916fr18jkrmjuljktjif4ubp9thzizsf0qmlstnfgwq0a1ooarwbgvi:latest/test_predictions.table.json", "path": "media/table/test_predictions_231_b4d6265c4a670f04f24b.table.json", "ncols": 8, "nrows": 168}, "test-metrics": {"_type": "table-file", "sha256": "87ec340314ac45fe47fba54a8a990810f11c2820ecdfea210e28cd82a60b117a", "size": 212, "artifact_path": "wandb-client-artifact://vj894zofagyvke09piunoyaii5t8grjh2n0vwq1lywvzexnbekpg9230b7oyohqgst2ryu5q8i5nyiuy2px07vstadref4ng9ebn0ecg3auoucv7tyn5k3q2pur5n0hf/test-metrics.table.json", "_latest_artifact_path": "wandb-client-artifact://dn1xziu3nx3o16m58jmtpeoy9kl5hb5i54cxk7aqwklu19az0duww5si2749005r4eaiaby5vd7z6putds7zas4as43fbeq4n3sfhtukmdgfwkzsb2bduf2a2z5z88hp:latest/test-metrics.table.json", "path": "media/table/test-metrics_232_87ec340314ac45fe47fb.table.json", "ncols": 5, "nrows": 1}, "test_connective_metrics": {"_type": "table-file", "sha256": "3ea69b94b6b860b836ed35a8dfbd912cca62674df0d0794b7aeece945caf0517", "size": 470, "artifact_path": "wandb-client-artifact://pk8fw176loayft3o3kqvhdxc2zug0yysf8k8g0hqqft6if7p98vjfaijrkie2q2wbtnfsoo6dph6vne56920kt1tv8bw6chy4ysevz3e6o5f207azges0ajj05fajfob/test_connective_metrics.table.json", "_latest_artifact_path": "wandb-client-artifact://4bdtk8a82wrvmuxv2hoy3x2rh1geyy8duj02gq27q6p5v8w267b0qclte7v0twsv8qs8p8gmvtcewhi76pqz7jydmq8m81nmlhk5gxzkqml1su58jhci1i95j19cr4zc:latest/test_connective_metrics.table.json", "path": "media/table/test_connective_metrics_233_3ea69b94b6b860b836ed.table.json", "ncols": 6, "nrows": 3}, "Exclude_counts": {"_type": "table-file", "sha256": "25a1c51bc7d78f8f0c485181ff588729b74bed10d613faf3814f153d95fa71a3", "size": 90, "artifact_path": "wandb-client-artifact://n1irrwwaucnank8jfki4454ku4le36ob6surcu2aa9iq96qn8h52iesrlmzyhnye0fj54kc5fuy0qjozkiujgf2mr486uoqsze2x31netkb6wyy60bd6d25eszgkf7wx/Exclude_counts.table.json", "_latest_artifact_path": "wandb-client-artifact://ks51kkvdx7adjk1rxzd80dza5gqq79fz0kvkrgnrapufbmgjg9012nn8jyobwqy8f0llcv3yb3vxd4rsswmgnwt3hp2efxqqfx696zn5u3gg3y951rpiqtd53uv3uumr:latest/Exclude_counts.table.json", "path": "media/table/Exclude_counts_234_25a1c51bc7d78f8f0c48.table.json", "ncols": 2, "nrows": 1}, "_wandb": {"runtime": 803}}