{"train/loss": 0.0637, "train/grad_norm": 0.2432708591222763, "train/learning_rate": 4.445676274944568e-05, "train/epoch": 6.0, "train/global_step": 1002, "_timestamp": 1739592133.5216913, "_runtime": 931.2957713603973, "_step": 132, "test/loss": 0.8290950059890747, "test/accuracy": 0.7678571428571429, "test/precision": 0.7606183368869937, "test/recall": 0.5139178202592837, "test/f1": 0.4882127396413112, "test/runtime": 4.4213, "test/samples_per_second": 37.998, "test/steps_per_second": 4.75, "epoch": 6.0, "train/f1": 0.7695126179609814, "train/accuracy": 0.9872659176029962, "train/precision": 0.9439142938051714, "train/recall": 0.7857331531110578, "val/f1": 0.5305288461538462, "val/accuracy": 0.8263473053892215, "val/precision": 0.7294117647058824, "val/recall": 0.5966666666666667, "val/loss": 0.9150375127792358, "eval/loss": 0.5183311104774475, "eval/accuracy": 0.844311377245509, "eval/precision": 0.7458686824011902, "eval/recall": 0.6341666666666667, "eval/f1": 0.5579898362507059, "eval/runtime": 4.3914, "eval/samples_per_second": 38.029, "eval/steps_per_second": 4.782, "train_runtime": 918.2713, "train_samples_per_second": 43.615, "train_steps_per_second": 5.456, "total_flos": 2107614117058560.0, "train_loss": 0.4023946733076865, "label_metrics": {"_type": "table-file", "sha256": "869f8b7ad9ed3148ecda7939393253d45756b466a3cb7569f02cc46ffd6e3a79", "size": 592, "artifact_path": "wandb-client-artifact://47kdrfx9wu2h4afzsc4bp4gv322mmqfzprd0wgz8d87869u9wor0ba1f4nho1dqi2d6fsstasrwfcho8c1evks9t7gh7tq9knq5x64017cfoj8rmyia4rexjmxhl9al9/label_metrics.table.json", "_latest_artifact_path": "wandb-client-artifact://6xzlqa4zldxd3s2ryqg2t72nbw41puhl6azk3gjtaecuxp9cub92qfkp307k765k9td0vt48oc3h92qg0gwbfeqkis9rhlnwuzkmfbi1fn39ytjo9ykckryby2zjg177:latest/label_metrics.table.json", "path": "media/table/label_metrics_127_869f8b7ad9ed3148ecda.table.json", "ncols": 6, "nrows": 5}, "test_predictions": {"_type": "table-file", "sha256": "6acb6b9650d1b1119c9b558b3633c0874bfe0f9039d32334008351555968293b", "size": 53604, "artifact_path": "wandb-client-artifact://iabjn0bil8k9vk3x4e1b8ggkmde9bqkodjhjq2ffs7kzm6q97z5ce1ah0i7gu975lx2iej9a71gaslprkvoojpfuf03jl34pav5jlrfylqwjcx9dccjk06rt680lzl2q/test_predictions.table.json", "_latest_artifact_path": "wandb-client-artifact://xxdku0rr80mrfdrsljm69qztisq6f9eyq5g1zac5m18yud6b4b2k8ml6tbem7phm3vqa5u5jnsa2zwnqybzh0oqil87h7ztf9wngxnhejk0jk536vpaprw49ygcig6du:latest/test_predictions.table.json", "path": "media/table/test_predictions_128_6acb6b9650d1b1119c9b.table.json", "ncols": 8, "nrows": 168}, "test-metrics": {"_type": "table-file", "sha256": "dac039cadf4d3ef325ecbc3fec42fe006d94acd05a6e6039880ef19845ab1d5e", "size": 195, "artifact_path": "wandb-client-artifact://cbxh4w0hx605eoornmmhxl4qkj8rjlrk6e8i24kybsou6bto45myoy87rpdb190enguyx8g68d6fdvyq9t0d3kc7irifrzyn918l5ointvq7q7xuypbpus0f3krhdmo9/test-metrics.table.json", "_latest_artifact_path": "wandb-client-artifact://o4kwolgzev5pedkq51ezmew121a7w4n0sfer3go7um1nzdsvr9sm140u6j0liwuynrrotmirk7o957qhq8oxinzxz5lke8e4jiquvaeckb1ub7o6z1shp26tv1qs0qik:latest/test-metrics.table.json", "path": "media/table/test-metrics_129_dac039cadf4d3ef325ec.table.json", "ncols": 5, "nrows": 1}, "test_connective_metrics": {"_type": "table-file", "sha256": "01f1d45ef4e3ae81b9345281c5ed126249b82514b4884c724998c6df79239c0b", "size": 408, "artifact_path": "wandb-client-artifact://rbzrytpmn1y9q6s414eyytekw1ski5r1jdo3uja46ma36nzlz3pv2yehjnd42kd8wbkob5p9xvwjwhasb86onzivpq91j4y53qo7vn6n03wm3d8ld4a6sq0zn9pb3g15/test_connective_metrics.table.json", "_latest_artifact_path": "wandb-client-artifact://shfdfpm7gezulz4w4ygpjzpgdvg3uzdo528k35341rttshyhx5qtau4a450eb08q3132sex6sq7ygnvgtdyanmqwasth26igg6082uox04631p5lo25msvee1n0gakv6:latest/test_connective_metrics.table.json", "path": "media/table/test_connective_metrics_130_01f1d45ef4e3ae81b934.table.json", "ncols": 6, "nrows": 3}, "Exclude_counts": {"_type": "table-file", "sha256": "14b17048af7d70db18371f6d087e4493b63d0c540484cbe27bc06c81be6115b0", "size": 74, "artifact_path": "wandb-client-artifact://303ytmfr2oh8kbvofjnt47mw2t896d2pv0z59qyk02rb94gee6z85v1mf5ghi8gbo18n1gythu8v3sc3w0rq5o0sccq2hsl8nfssjp20gzakterix20k5mkddsr3jwht/Exclude_counts.table.json", "_latest_artifact_path": "wandb-client-artifact://2srlf1dhmwirry8xyd1olfkpyj15d1c71ogx9fmopi3d3443uuzacdsq7athu4iui9r7gqjq7qnfgfchhr0vlbt9tez2k3cjat19tlto59blvq7kv4yfbgewh114ews0:latest/Exclude_counts.table.json", "path": "media/table/Exclude_counts_131_14b17048af7d70db1837.table.json", "ncols": 2, "nrows": 1}, "_wandb": {"runtime": 939}}