{"train/loss": 0.0976, "train/grad_norm": 0.009372650645673275, "train/learning_rate": 3.52549889135255e-05, "train/epoch": 11.0, "train/global_step": 1837, "_timestamp": 1742994818.8945084, "_runtime": 796.5940964221954, "_step": 235, "test/loss": 1.0608346462249756, "test/accuracy": 0.8452380952380952, "test/precision": 0.8062994350282485, "test/recall": 0.7406526038233354, "test/f1": 0.7289236823880201, "test/runtime": 1.8692, "test/samples_per_second": 89.877, "test/steps_per_second": 11.235, "epoch": 11.0, "train/f1": 0.9654660748999445, "train/accuracy": 0.9932584269662922, "train/precision": 0.9726808785529716, "train/recall": 0.958529941830222, "val/f1": 0.8279898362507059, "val/accuracy": 0.8862275449101796, "val/precision": 0.876390977443609, "val/recall": 0.8279166666666666, "val/loss": 0.8451736569404602, "eval/loss": 0.7308008670806885, "eval/accuracy": 0.8862275449101796, "eval/precision": 0.8841241379310345, "eval/recall": 0.8275, "eval/f1": 0.8446704583472734, "eval/runtime": 1.8551, "eval/samples_per_second": 90.021, "eval/steps_per_second": 11.32, "train_runtime": 789.1276, "train_samples_per_second": 50.752, "train_steps_per_second": 6.349, "total_flos": 3863889922083840.0, "train_loss": 0.24282728904307144, "label_metrics": {"_type": "table-file", "sha256": "c329f30fa0ec47bf818f5b2f34f24b03fb0623a02b30f74037ddfcaf8f92faa8", "size": 575, "artifact_path": "wandb-client-artifact://r1t4tvizoqulqgfcp8m54v1m8e6zbswwgr9m1ami5adnxsjtb2cq4c3n6usqt08ryefpcmwpibg6nbdnvelgt56565c3zxs7o17sjulvhusxwh9rftax0dp0qceefdmd/label_metrics.table.json", "_latest_artifact_path": "wandb-client-artifact://8tl5xtfamfx91jf1qx00vphze8fmyt4m6y8uw6rhkmzkwt92u1aai5w344dcyx0w4jys0u2ovv5wlxblqz8f34la0ej3gsyfyvbdqnpuu04gyvdg69vj23do6yiide8q:latest/label_metrics.table.json", "path": "media/table/label_metrics_230_c329f30fa0ec47bf818f.table.json", "ncols": 6, "nrows": 5}, "test_predictions": {"_type": "table-file", "sha256": "6eb42fc36d3288e8012dcdad86954a1023ecf83f15eb0184b31304823ec4b7ab", "size": 90981, "artifact_path": "wandb-client-artifact://o14cu3ey4s8ai4xn0trgmuag9ew95yed6woc251s0gyzbqerfziyl8wf1z9o5fesen0ywe4hxx1fpegkgqizdn6qxvbh1ufawu1xdttqmj5bsfwre4qoit382pgthbfv/test_predictions.table.json", "_latest_artifact_path": "wandb-client-artifact://xi54tju9lmluyb2sllo7yo7fxrzlqp9l31zu9f7g3m8xnvjgwcuw2tok5bmwfjksj07erf48ktvzab94898f9u0ern8iaklav457yzcm23edfl645978ry5jyj5cl83r:latest/test_predictions.table.json", "path": "media/table/test_predictions_231_6eb42fc36d3288e8012d.table.json", "ncols": 8, "nrows": 168}, "test-metrics": {"_type": "table-file", "sha256": "342ecc22f3c5ebd72e5923b3bb73bd7fb77de325bf5ff0587305f2cd3835cb1f", "size": 196, "artifact_path": "wandb-client-artifact://qbxyxunyb683t9yszf05w6t5equckf27lywvh2kjon6a9wdqd28dcq9aoaunyvufjd0yppd25kymtmkl4sx3eeueacf7bukxdbj01g9jw8sg9xgibbaazyo3xekhqsap/test-metrics.table.json", "_latest_artifact_path": "wandb-client-artifact://svbrkxvaep8mmzd8230zszdbj6k2nzxiygzjc7drsqxytgrt0ejtxjgprdt8xza2y4zsqhb4pzryfoe4yi2ghs4vvkwjh4g7a7s6v3ydw0pc9qza55zivt4kkho1dwqb:latest/test-metrics.table.json", "path": "media/table/test-metrics_232_342ecc22f3c5ebd72e59.table.json", "ncols": 5, "nrows": 1}, "test_connective_metrics": {"_type": "table-file", "sha256": "50c01b23223b831c035ef6e09cdb971f7ce36188fffd7970f52c447addc9fef0", "size": 413, "artifact_path": "wandb-client-artifact://3zz8co1wdzabwn50o3ckw2f164yrhf1qkfh951pc5tean80244iajhx75f1w9cts3kvgpmipeakp42h5leurmx9twc753eqcjnob6mmgtlro00prmka6wweyxnculucm/test_connective_metrics.table.json", "_latest_artifact_path": "wandb-client-artifact://zgcsxwu3e480dpjdmdcxpvc0hyqvul01ap0kg94s2ekdsrln33ojgrxm3klwanugvobbwqn8p75d5cxcsy5ftm8e5j09yxfu5etwykmh9c9cxvjl9ovrkc4ehlmmb6pd:latest/test_connective_metrics.table.json", "path": "media/table/test_connective_metrics_233_50c01b23223b831c035e.table.json", "ncols": 6, "nrows": 3}, "Exclude_counts": {"_type": "table-file", "sha256": "1b351f34479cdfe9bb187a7d7913779d5623e98ab90b705bfa6a94767059f967", "size": 72, "artifact_path": "wandb-client-artifact://zwxtexm93lq5v4z759x614zo27lnfv0dh6d7wxdtw0bd9ukgkjwv955kj3jo0zogcq7z3bsm6x70omuyophy5em0vfau3u7kfw8pump86t7s4gsfnmrgcdsqszil1xqe/Exclude_counts.table.json", "_latest_artifact_path": "wandb-client-artifact://bf49e8v4hn3wjg8867fpddgxzox721p48v074b6n271s92fjxi8kexxrmvtasn6ufxhhgt49jkylu3aa2c9uwyz22c6k3hakj9bk62u0ddim218gqm7b2sjxkx0xjzlb:latest/Exclude_counts.table.json", "path": "media/table/Exclude_counts_234_1b351f34479cdfe9bb18.table.json", "ncols": 2, "nrows": 1}, "_wandb": {"runtime": 806}}