{"train/loss": 0.1072, "train/grad_norm": 0.11142044514417648, "train/learning_rate": 2.5942350332594233e-05, "train/epoch": 16.0, "train/global_step": 2672, "_timestamp": 1739628684.0617065, "_runtime": 2443.5322184562683, "_step": 339, "test/loss": 1.4304473400115967, "test/accuracy": 0.8511904761904762, "test/precision": 0.7894666666666666, "test/recall": 0.7665458141067897, "test/f1": 0.740562584546829, "test/runtime": 4.43, "test/samples_per_second": 37.924, "test/steps_per_second": 4.74, "epoch": 16.0, "train/f1": 0.9760431357319325, "train/accuracy": 0.9910112359550561, "train/precision": 0.9647242869379241, "train/recall": 0.9889788242850924, "val/f1": 0.7096641314032619, "val/accuracy": 0.8383233532934131, "val/precision": 0.7712127440904419, "val/recall": 0.7216666666666667, "val/loss": 1.214821457862854, "eval/loss": 0.936858057975769, "eval/accuracy": 0.8982035928143712, "eval/precision": 0.9087878787878788, "eval/recall": 0.8591666666666666, "eval/f1": 0.8686202686202688, "eval/runtime": 4.4019, "eval/samples_per_second": 37.938, "eval/steps_per_second": 4.771, "train_runtime": 2430.7465, "train_samples_per_second": 16.476, "train_steps_per_second": 2.061, "total_flos": 5620304312156160.0, "train_loss": 0.22440111953859262, "label_metrics": {"_type": "table-file", "sha256": "59cb842f5fe1a6fbfabb78dd66f4e6af49f2214e6982ef3697821d8b32a1480f", "size": 585, "artifact_path": "wandb-client-artifact://5bezk54hnis10hqj611x43j3tjppsc0pbmaj0nu99xyqkkpelg1m5l2zmq1ir113wbilha3taox1fzne1x0ro1cxwz1iz4ckzaj40c2qwtwx47tk88jjp75m8mfb1jc0/label_metrics.table.json", "_latest_artifact_path": "wandb-client-artifact://ii97v9x3crm4e5di2oyc8uz6p53k9z3f64lsfzbkjzyerckoj30uq8mx2mkmtmvttifpr5w9cztledu4ofz63pu60htdtkkph6b89jjuk81ezn8sz9wvhz83gq1j9so8:latest/label_metrics.table.json", "path": "media/table/label_metrics_334_59cb842f5fe1a6fbfabb.table.json", "ncols": 6, "nrows": 5}, "test_predictions": {"_type": "table-file", "sha256": "07987b7a19f50c692ce2aeae948454cae16b8f36972329a58ba0c0851ee98866", "size": 90897, "artifact_path": "wandb-client-artifact://ymt0hf7f4h49rikcc86axu6pd4w8awvl2qgk2c2zgbfdq9jkv16venlv0e27ocvmujr6bcrniboacwg94a7zsfobxhc0vxnnddclmvc4u1llue07949vgwm2oviye3zm/test_predictions.table.json", "_latest_artifact_path": "wandb-client-artifact://q056gfcz9q1q31kno7lzmco7dufyagr8dgfgy3s7yl7k1hh1i8ecwm8cv4x1po74hgw0g28ztzxcz3tovkos5fugzf7gt6ef8ejlcm9zebyy9851sbgdnaks3vdhkbx7:latest/test_predictions.table.json", "path": "media/table/test_predictions_335_07987b7a19f50c692ce2.table.json", "ncols": 8, "nrows": 168}, "test-metrics": {"_type": "table-file", "sha256": "c1461db436e3dbcdcae211dbb2d64aabefd6c202f00390f4e75ab8f1539e29e9", "size": 195, "artifact_path": "wandb-client-artifact://x3cgsz7976nyii31yokc96excn409bnh5zf7ew7lzev3lac2qyrmkigzpwb2giih20zxykoo5w7obkm67d1k1zmy1aez1obw5x3bz2szmq3yszoa5nvq0sbct50io8u1/test-metrics.table.json", "_latest_artifact_path": "wandb-client-artifact://uwoa8v08vkq06ck364scdaaw86vzcpyttftv3arh9sg0xs7b6w9xx6eyrrbs4lu3s74q64ecljg2yezgituv2z40lga86umx9dqlz2jduotftm244x4f7u8vd1eticfp:latest/test-metrics.table.json", "path": "media/table/test-metrics_336_c1461db436e3dbcdcae2.table.json", "ncols": 5, "nrows": 1}, "test_connective_metrics": {"_type": "table-file", "sha256": "ca38222aa3978842c7c98060e082ebc52f8333c20b786fae33bfd150ad6f33e7", "size": 428, "artifact_path": "wandb-client-artifact://blziimz7jwmf3uzwp6yw2pz01uyfpnnjfg2hbm43w7pmhsd2tmmhe0rd9dvxprxfmficby4yoxfallu14kkku4rd4dq1p3kpio11lbeur7ak92h6np55qifc6dcae0gy/test_connective_metrics.table.json", "_latest_artifact_path": "wandb-client-artifact://rbska4hnjzmfoxeqqcgx589htg9a66v350hjwi5dnc9v4yi4eki1sa0z72444mrp0g4ndcq58r08ffuxhdc0bweq3hjmw3nam7p9onf0scdg3u8fq7ijmli7a6q8clir:latest/test_connective_metrics.table.json", "path": "media/table/test_connective_metrics_337_ca38222aa3978842c7c9.table.json", "ncols": 6, "nrows": 3}, "Exclude_counts": {"_type": "table-file", "sha256": "1b351f34479cdfe9bb187a7d7913779d5623e98ab90b705bfa6a94767059f967", "size": 72, "artifact_path": "wandb-client-artifact://ou62i4mi75mnnhel9vcsm0zbmwvzmield13l9894jda2lcqfgxfkhv6gxucmrg3fuirlq7argsxu0tginjg3cy8cf2moonorrxrpn2sbmv698qgqp9qos52mwf6qxej4/Exclude_counts.table.json", "_latest_artifact_path": "wandb-client-artifact://kngkkads858boxtth0xde13pu3vlp9yfnrq31ktxch0bbmv1yx2ixoxi6cd198porfoa6xyibxeci76ojfnokrn0mcj93nmscwojmibiv70chdjdl0pjjngogxdtye77:latest/Exclude_counts.table.json", "path": "media/table/Exclude_counts_338_1b351f34479cdfe9bb18.table.json", "ncols": 2, "nrows": 1}, "_wandb": {"runtime": 2451}}