{"epoch": 40, "valid/loss": 0.04162762015165683, "valid/accuracy": 0.7544910179640718, "valid/precision": 0.5575342465753425, "valid/recall": 0.35833333333333334, "valid/f1": 0.40626566416040105, "_timestamp": 1719671136.977238, "_runtime": 1431.6232888698578, "_step": 82, "trains/loss": 4.725081057807479e-05, "trains/accuracy": 0.9940074906367041, "trains/precision": 0.9984158415841584, "trains/recall": 0.9587295426286252, "trains/f1": 0.9775911498091971, "_wandb": {"runtime": 1474}}