{"train/loss": 0.0789, "train/grad_norm": 0.14730796217918396, "train/learning_rate": 3.7028824833702884e-05, "train/epoch": 10.0, "train/global_step": 1670, "_timestamp": 1739579981.7164707, "_runtime": 1521.7724077701569, "_step": 215, "test/loss": 1.2363706827163696, "test/accuracy": 0.7738095238095238, "test/precision": 0.6596691038620173, "test/recall": 0.4918721160184575, "test/f1": 0.47831803656161564, "test/runtime": 4.4174, "test/samples_per_second": 38.032, "test/steps_per_second": 4.754, "epoch": 10.0, "train/f1": 0.7716425262287064, "train/accuracy": 0.9850187265917603, "train/precision": 0.9543675954428104, "train/recall": 0.7810706885452806, "val/f1": 0.47000000000000003, "val/accuracy": 0.7844311377245509, "val/precision": 0.5986201298701299, "val/recall": 0.5287499999999999, "val/loss": 1.0657691955566406, "eval/loss": 1.0018640756607056, "eval/accuracy": 0.8143712574850299, "eval/precision": 0.6943554538520214, "eval/recall": 0.5558333333333334, "eval/f1": 0.5319565751166299, "eval/runtime": 4.3907, "eval/samples_per_second": 38.035, "eval/steps_per_second": 4.783, "train_runtime": 1508.8408, "train_samples_per_second": 26.544, "train_steps_per_second": 3.32, "total_flos": 3512690195097600.0, "train_loss": 0.4657361705859978, "label_metrics": {"_type": "table-file", "sha256": "696cb3bdcf82cffbc0df427bf88f338843f93bd10283bc0121e07e725d766f39", "size": 612, "artifact_path": "wandb-client-artifact://g4tt8sk6qxrcbsz7i3se77g7quer7sf6cll8gpm2n29vg0p02oqishlq0rt2mzxyr0cjr45899kxloak45h1l6sqix858e491qmeyw701k44jy27lkz6j1xxvopnyatv/label_metrics.table.json", "_latest_artifact_path": "wandb-client-artifact://mvftzt0nru8abe477t53u0qztouivfb8gded013kwkzddujdwjyo60syq0uy93hqi8rnsx45hz9adb5fx0gr24iohhv5dppy3667prsrsl4e0jy4k636jwsnc91uquua:latest/label_metrics.table.json", "path": "media/table/label_metrics_210_696cb3bdcf82cffbc0df.table.json", "ncols": 6, "nrows": 5}, "test_predictions": {"_type": "table-file", "sha256": "3c9e689a39393ff3003d916f524f1ec7dacfdc12ff7830ccba568494d7d226f7", "size": 55220, "artifact_path": "wandb-client-artifact://2xpohypp7onqeio47ep6y27km0u6tv6gm4emu9x1pbkwtlcx9m9x95whcb0qg50zfei6tzriwv96mx0ayx63s4ccf14wmgkha552qayf20xvvovwgua7pzx83usib574/test_predictions.table.json", "_latest_artifact_path": "wandb-client-artifact://1ukifvvqakj8l6t4fqbocossr708w35xxziw86yz2c79128rgomyo2bnn1nkk31l1gys6uxicjclh5smspyinxp9poro4137i3k26io53gnp6jswcy9hzi5b9s0n9kts:latest/test_predictions.table.json", "path": "media/table/test_predictions_211_3c9e689a39393ff3003d.table.json", "ncols": 8, "nrows": 168}, "test-metrics": {"_type": "table-file", "sha256": "82b6db483a25c46a458dd3eb69867cbabafa9d4ea223f963393f514c9b37a9bc", "size": 196, "artifact_path": "wandb-client-artifact://bq25fu977x4vf8qr3ihnb2lcs671rwaeowj47fjtxpiexzrkdl9a3zje843o6ipqy6fqpuajpksih3zf1bhxp3rhjgd8tj9b6jnw1l4i5yzidxrzox47421uphs60ibc/test-metrics.table.json", "_latest_artifact_path": "wandb-client-artifact://nfjux1dbavvga55gxv0g60obzmydg42bw3qmx99fwsu1bafvcjhqtbcp5g03v11kkv7hlm3zoa4c5lfj5uuu7jpe9fhiet6l4kt5hnms3b2ot4ogxjgdrp9x85pm3ip5:latest/test-metrics.table.json", "path": "media/table/test-metrics_212_82b6db483a25c46a458d.table.json", "ncols": 5, "nrows": 1}, "test_connective_metrics": {"_type": "table-file", "sha256": "6cd15e5f4e1d9aaf70c1a3b461ed52dba1d7383c766c0f2fc160f036f8b19620", "size": 385, "artifact_path": "wandb-client-artifact://3u46p4ou3n8imj1jrgs87wb71ydynrfdd9r1idh3k70eeo2rqjiw1sigjrg64gsr9d8r06wodqkc1g425ejhi3y7c9o2ba5m12hlui9yaji0kg34qnk5nkt3c5uxp3si/test_connective_metrics.table.json", "_latest_artifact_path": "wandb-client-artifact://xkkht4brwr7tsjftfiw7zm8qbtbtnw1rm7byfshwlhx22dumgf3d8c26tx4ler9mkcgk3c4uwqhe54q0zuqgy339zgkumhctttw1no5ghtm2vdqft96i482pobo35ua7:latest/test_connective_metrics.table.json", "path": "media/table/test_connective_metrics_213_6cd15e5f4e1d9aaf70c1.table.json", "ncols": 6, "nrows": 3}, "Exclude_counts": {"_type": "table-file", "sha256": "fa22c4da7120bb2d050f2b48bfbb63b94fd3760be735d6d12002cc9214cc8ce6", "size": 74, "artifact_path": "wandb-client-artifact://yabg7qyajwxw2o7ozx4h1gqs28tbou485dtsrt62vuaaeycg0f3tpx4sp6va1nxzppu88cd6ukp07ly2xrwvoxmil4kcg25872g83890lusmqs1ljc6ns2pa02v2h7y7/Exclude_counts.table.json", "_latest_artifact_path": "wandb-client-artifact://5xd3naipzgffsv42vj4he8x1mgh6lkr1wt24il3e5sswl0iv292mzboz75uwcea6nw7vub3smtjsmrh66qsf5c7yttn44rmeav1zxaz349toyoptur0j8u72y9b2dohf:latest/Exclude_counts.table.json", "path": "media/table/Exclude_counts_214_fa22c4da7120bb2d050f.table.json", "ncols": 2, "nrows": 1}, "_wandb": {"runtime": 1529}}