{"train/loss": 0.383, "train/grad_norm": 17.865509033203125, "train/learning_rate": 4.26829268292683e-05, "train/epoch": 7.0, "train/global_step": 1169, "_timestamp": 1736590394.6099079, "_runtime": 505.7018868923187, "_step": 151, "test/loss": 0.7437376976013184, "test/accuracy": 0.7559523809523809, "test/precision": 0.5701801479360534, "test/recall": 0.40802460997582946, "test/f1": 0.39995609054432585, "test/runtime": 1.8633, "test/samples_per_second": 90.163, "test/steps_per_second": 11.27, "epoch": 7.0, "train/f1": 0.9310233508980146, "train/accuracy": 0.9835205992509364, "train/precision": 0.9784789428616028, "train/recall": 0.9013095202879853, "val/f1": 0.5250075414781297, "val/accuracy": 0.8023952095808383, "val/precision": 0.6647486772486773, "val/recall": 0.54375, "val/loss": 0.9985447525978088, "eval/loss": 0.5281267166137695, "eval/accuracy": 0.8203592814371258, "eval/precision": 0.7473262032085561, "eval/recall": 0.5391666666666667, "eval/f1": 0.5530855718355718, "eval/runtime": 1.8467, "eval/samples_per_second": 90.434, "eval/steps_per_second": 11.372, "train_runtime": 497.8285, "train_samples_per_second": 80.449, "train_steps_per_second": 10.064, "total_flos": 2458839041326080.0, "train_loss": 0.4819092475725505, "label_metrics": {"_type": "table-file", "sha256": "19708764b4e116111ec464027a1e5a4cc8e7a8518ecb024d62522756951ddb6f", "size": 530, "artifact_path": "wandb-client-artifact://sktz7jzxj4czeex9w7dtuukww23qw4yvt5m888jwjrag01868obky2sw16dh2lypaemgsyvakh89f2shai68sczzltppfnpmdxu9bt3yu5btffx217fp9pu41qnsc0bs/label_metrics.table.json", "_latest_artifact_path": "wandb-client-artifact://w9xd11fqz2jaf8pcfjcxdw7ss971yepbbkcriolu53lg1p4esx89pr64b51oqapwzm8rig1wf4bri5kck6z26h2evgg25767ivf7iedxuphnpz6202c44ti92fs0qx9e:latest/label_metrics.table.json", "path": "media/table/label_metrics_147_19708764b4e116111ec4.table.json", "ncols": 5, "nrows": 5}, "test_predictions": {"_type": "table-file", "sha256": "bc3b6ed9a978385c467ce569caafc8cac7d813ed7f14446a4b4345f50f02b05a", "size": 53081, "artifact_path": "wandb-client-artifact://tjx1nb1a54myg2osvc1qiw2mbck9seeh3eju4aof9s52169szrmubud26zzn0u80v4un7go4lfwjrqyzmtrss6q1dqmjihgi5j806j0srxjj0xuyzk0civqbx2vb68ni/test_predictions.table.json", "_latest_artifact_path": "wandb-client-artifact://jjspkfvqvma7jmam5wo8ugbdvl7l7txj1elz8wb9ofgwtq8awtx2sjguvskv46zv6uz6funnk2hvol737rewjp2bhjftu1iyysbr6nbm78olqnrmcqjdfbzkpnod31w3:latest/test_predictions.table.json", "path": "media/table/test_predictions_148_bc3b6ed9a978385c467c.table.json", "ncols": 8, "nrows": 168}, "test-metrics": {"_type": "table-file", "sha256": "23f072b2279f8f67ce536edc796bc50b44fda57e520bcae2780027371866df40", "size": 207, "artifact_path": "wandb-client-artifact://ex770doekyml88qztytwkjo05r18wuweexj1x8mpigg45fjjqind2unoahajaxxbcwxyfcg3d0wn4zepwz046x0bdjyk382hgu9ep4qyav8wwown5i1s68fdvkv82198/test-metrics.table.json", "_latest_artifact_path": "wandb-client-artifact://504ii8lldlbbx535buqx48rnijsjfxtdj7282xgx0sqf5piimqhfks3brougyt44eyp55xu5to8urm0p0l7scbe0ei0qfsnd3wy1v1wti3zkee2qu4vt8qqaisg7ig0l:latest/test-metrics.table.json", "path": "media/table/test-metrics_149_23f072b2279f8f67ce53.table.json", "ncols": 5, "nrows": 1}, "test_connective_metrics": {"_type": "table-file", "sha256": "fe3083be46b5548fcfad07808e982e9f0f706ee8626c4d4cfd83897bfaf4a1b0", "size": 456, "artifact_path": "wandb-client-artifact://8a0s8n47g1t9xcyklykf4x1x2xwu3ln7t5miw1h7n8b6thoqn0xyzr335xcmcmodsq96hcgt7i0t72sb55brkqceie1d6k9hfj6t5pgb01eobn0beeyyxaba1aqw5mc2/test_connective_metrics.table.json", "_latest_artifact_path": "wandb-client-artifact://diyv09cmdsxtpnvsnkzt5ywkxozrwiu6i7bk6yy0zexw00s8r6kedaydrw4czqkvd1drbnvpb5jejqh7z29togan0u3umq91ebqby4zk7tphm1lajyguy86xwqwhycwg:latest/test_connective_metrics.table.json", "path": "media/table/test_connective_metrics_150_fe3083be46b5548fcfad.table.json", "ncols": 6, "nrows": 3}, "Exclude_counts": {"_type": "table-file", "sha256": "e0904507c7a3e3f62f0831416757fbded3c24349ee8ce39d59ff399ee82bffe7", "size": 84, "artifact_path": "wandb-client-artifact://ev9ht9wu33u5z2wepbz5gw6qa8xv94r3q2rfeu2iqmfw6tt96brin56zpg86hehh9ekc9kt2rs6xrwok5vonejbtjxapn25qzjhjsxp02p0805y691yz161uprfxud0s/Exclude_counts.table.json", "_latest_artifact_path": "wandb-client-artifact://9q5el1i1m0vuap54slw4kwpyn4iigmwxbgpo66vnno6q074jichhslraz6wft9l54oaa1u8d10mwzxucmr1n8au22irsg3zt5mdh2mf2rmm0ds7lj46xg31zfqwxocde:latest/Exclude_counts.table.json", "path": "media/table/Exclude_counts_151_e0904507c7a3e3f62f08.table.json", "ncols": 2, "nrows": 1}, "_wandb": {"runtime": 513}}