{"train/loss": 0.1215, "train/grad_norm": 0.029209749773144722, "train/learning_rate": 3.52549889135255e-05, "train/epoch": 11.0, "train/global_step": 1837, "_timestamp": 1736662432.2819014, "_runtime": 798.3277592658997, "_step": 234, "test/loss": 1.0687477588653564, "test/accuracy": 0.8571428571428571, "test/precision": 0.8616843458694954, "test/recall": 0.7896220610854757, "test/f1": 0.8037862252197016, "test/runtime": 1.85, "test/samples_per_second": 90.812, "test/steps_per_second": 11.352, "epoch": 11.0, "train/f1": 0.9775988924164318, "train/accuracy": 0.9940074906367041, "train/precision": 0.9976851851851851, "train/recall": 0.9594473730228825, "val/f1": 0.8721759059354968, "val/accuracy": 0.9041916167664671, "val/precision": 0.9184210526315789, "val/recall": 0.8608333333333335, "val/loss": 0.7887149453163147, "eval/loss": 0.5146175622940063, "eval/accuracy": 0.9101796407185628, "eval/precision": 0.9506771653543307, "eval/recall": 0.9245833333333333, "eval/f1": 0.9352226720647774, "eval/runtime": 1.8355, "eval/samples_per_second": 90.984, "eval/steps_per_second": 11.441, "train_runtime": 790.9917, "train_samples_per_second": 50.633, "train_steps_per_second": 6.334, "total_flos": 3863889922083840.0, "train_loss": 0.23417134931621283, "label_metrics": {"_type": "table-file", "sha256": "68851708334aaa90556b76ff4b450a12b6ead511ea244af2c09c2bcfb5bda008", "size": 471, "artifact_path": "wandb-client-artifact://kijvz382hd2ru2cgilcs3xunx713n74g6x0l1krvjoymwk2ipfydcwitn69w0x5baqx8zxekovezndzntshek3ah3otvsoe9hukzlgootcxw5ajc2l6uaazlklx087zg/label_metrics.table.json", "_latest_artifact_path": "wandb-client-artifact://ol8vcs69p0gxmts1j5pc6lnr2d1p1aw3xow8drykipd0j0dczcgafgvxsnvduxne1s1rmtojs2o28osbiobhjaw9jsewrohcgt4qab306c3anx1g460iv3ryqmoos4ld:latest/label_metrics.table.json", "path": "media/table/label_metrics_230_68851708334aaa90556b.table.json", "ncols": 5, "nrows": 5}, "test_predictions": {"_type": "table-file", "sha256": "d0bb1a7f94c7842fc40345e4a39be065a7998b2b97645917b5c68ab172d0ed8f", "size": 87989, "artifact_path": "wandb-client-artifact://kl9p2s83fooaz28b1qtyhewlo4wior5idrreqltf1utne9t7wmcd3x7g910m8dsq95kxypl5j2ch49rea70nb34txvezq0wps6475h5904al5f8ex6fl5tnvpbcgl3m6/test_predictions.table.json", "_latest_artifact_path": "wandb-client-artifact://2bex91b4myw37ngwj1hu22jc41mbzpbr00thnv44vbhwmgi653rxviq20wh2k5jn5dd29lx1eh5i7mw8niwait9ggz1gyn04y6qycanamxx1r6ifknbiormxe6ssg4xr:latest/test_predictions.table.json", "path": "media/table/test_predictions_231_d0bb1a7f94c7842fc403.table.json", "ncols": 8, "nrows": 168}, "test-metrics": {"_type": "table-file", "sha256": "8c0de1b7cef2fa2d510c684941a91780755811e5fb1353c49c9fda0325d431c2", "size": 190, "artifact_path": "wandb-client-artifact://yku70cwhg5sspqz81jef7c07tysw6amc47mdc5oh1z2ievkkaq9vjvpjnjkydqrv49cc04ddgv2gkia3ep7wfuvkve6e9d809ciejozkpvj3h0tife19ccyaz3k7nfv9/test-metrics.table.json", "_latest_artifact_path": "wandb-client-artifact://mshnch3q50m90wha5ae64w7lgmermj0dwl3e51tyqirvhbnrtmdwroqcnrbch27hrc9fa9c0vrb6p6rk4yukaw5fy5z621332evmzmwe8ohsvtmzybjeaqlnpa0t47nw:latest/test-metrics.table.json", "path": "media/table/test-metrics_232_8c0de1b7cef2fa2d510c.table.json", "ncols": 5, "nrows": 1}, "test_connective_metrics": {"_type": "table-file", "sha256": "8a5348a56c0dd079d4d6873d4afd1b47a27154fc44438c84ea01393634f1f3c9", "size": 420, "artifact_path": "wandb-client-artifact://l729uzwq6pya588fxf84sy94e1a8knkiot9e28wel4ug3n2tjtpjcw12bdzunhfazmuupym9s7rrbp1otgb4z8klrea5bx44lcdh1akj6gtowikxxbfhbgm16oe24wip/test_connective_metrics.table.json", "_latest_artifact_path": "wandb-client-artifact://0xbbge4xwnb305wwg2d4kmoe9v36p4q475nydd3y3zx3vbzz8nd71rjs3f9ycwydiatte8i87yb5fp0j50ils7tg4rbbgv81y7wdwjuwxu4tcu1ba6icswt09ugbjcq9:latest/test_connective_metrics.table.json", "path": "media/table/test_connective_metrics_233_8a5348a56c0dd079d4d6.table.json", "ncols": 6, "nrows": 3}, "Exclude_counts": {"_type": "table-file", "sha256": "3a3e16eee488be4d9705c81c282778d2e17c222f184cef71ed7ae945012d1110", "size": 66, "artifact_path": "wandb-client-artifact://us1q4xuqf36s7l6wvdwpto6u3m3d4pccva1o4qtet41dk87b6w32ku6gjf7r87ck3frx1g0wjex2mh868okxyje2k4zvek4yal8uab0o7xbtd9b95cevg9kc37mjojz7/Exclude_counts.table.json", "_latest_artifact_path": "wandb-client-artifact://zynne2xnwvsud14w7zrv5081whki9k52kuykuntmxj4qfqa31igmiyzuxuka1noedatfc9z39td2n1cw6n1x4sa9rvl4062nz9cyueypq6xykxrzm8874cuhoae9mmts:latest/Exclude_counts.table.json", "path": "media/table/Exclude_counts_234_3a3e16eee488be4d9705.table.json", "ncols": 2, "nrows": 1}, "_wandb": {"runtime": 806}}