{"train/loss": 0.0002, "train/grad_norm": 0.0011146459728479385, "train/learning_rate": 1.8514412416851442e-05, "train/epoch": 20.0, "train/global_step": 3340, "_timestamp": 1739752436.8592484, "_runtime": 3036.4532895088196, "_step": 422, "test/loss": 2.068864345550537, "test/accuracy": 0.7797619047619048, "test/precision": 0.62051912568306, "test/recall": 0.6131465611953416, "test/f1": 0.5930797420973211, "test/runtime": 4.4162, "test/samples_per_second": 38.041, "test/steps_per_second": 4.755, "epoch": 20.0, "train/f1": 0.9968709002636571, "train/accuracy": 0.9977528089887641, "train/precision": 0.998679934639323, "train/recall": 0.9950882145377559, "val/f1": 0.5851883063613991, "val/accuracy": 0.7904191616766467, "val/precision": 0.6979448621553884, "val/recall": 0.5929166666666668, "val/loss": 2.0015079975128174, "eval/loss": 2.0355966091156006, "eval/accuracy": 0.8023952095808383, "eval/precision": 0.7884210526315789, "eval/recall": 0.6054166666666667, "eval/f1": 0.6337668281375375, "eval/runtime": 4.3897, "eval/samples_per_second": 38.043, "eval/steps_per_second": 4.784, "train_runtime": 3023.2152, "train_samples_per_second": 13.247, "train_steps_per_second": 1.657, "total_flos": 7025380390195200.0, "train_loss": 0.2118650087206987, "label_metrics": {"_type": "table-file", "sha256": "4d6ca5509cab66166df21bee0a30454cafde25654b021cdee0e61dd46bb30dca", "size": 563, "artifact_path": "wandb-client-artifact://qdfyx5k2mngarkbe0mx1zkzkwieiq9e5umvtljg2tzr56a9culj3lrp8u4shwfjvnyaz4ncw7rbxj7aj85bxw45tlnbh4obtpcmivfv0whc8x5l34vi1r3foiyuq8sc8/label_metrics.table.json", "_latest_artifact_path": "wandb-client-artifact://ujqy8htr5d7ki2tv9nwx5ubemz84x4ev3m03ll0naglimf0altjws7hnqnt1uyhtjdwxvek1vd0gj6kh11dtvqcb0inu91qs9xzezjz9khuaitolgnhhue5h7zk7x84j:latest/label_metrics.table.json", "path": "media/table/label_metrics_417_4d6ca5509cab66166df2.table.json", "ncols": 6, "nrows": 5}, "test_predictions": {"_type": "table-file", "sha256": "0c422929f15f0e1bf00e19d6105c37d5f35d96e9cc285fd6762c0446d49dff98", "size": 55202, "artifact_path": "wandb-client-artifact://n1lzy7y1pry2faus2gr34743z2q1znkgtwbyls8gdehiru80q2mcm329m4p7h3djn6f9cyjkufi9n4fm5kt8i4icv9ajdnw76rym8eft8odoz8xudw6fbumejfauq4kq/test_predictions.table.json", "_latest_artifact_path": "wandb-client-artifact://iygcggjw9mv00r1yjjzpb9bnf8nq6taot2g033xp7l5f41b0dcl76tyl1vabbetgrvu5e45j9twwthwudv632297p62nsby0bybvi77g70csvi0lyiaxzlanbbh599bx:latest/test_predictions.table.json", "path": "media/table/test_predictions_418_0c422929f15f0e1bf00e.table.json", "ncols": 8, "nrows": 168}, "test-metrics": {"_type": "table-file", "sha256": "999eceaf6be80934f3dcc949d59c3e698543fd938ac084d5170617774542fc60", "size": 193, "artifact_path": "wandb-client-artifact://tus4ii8mqf4d4j5egqycnoyrxs8hs0qh42z7zjo5edsazwz70n708pxwxwkih1fynk8z3psrfjljtu7l9o4olxzk1e5kr552b8tjo23aglzx4xlbxv6vyq4d94vqhpmi/test-metrics.table.json", "_latest_artifact_path": "wandb-client-artifact://d5x5dhp8z61bkao49bqrp0g4kubp9wcj32i29xj4s8yq2q519vfcv24id6dib48md0lp1lkoyb11h3wt0u8rvcvdym2wz5ulzyk2uue89fezk9ot49n7x0wagg481sqe:latest/test-metrics.table.json", "path": "media/table/test-metrics_419_999eceaf6be80934f3dc.table.json", "ncols": 5, "nrows": 1}, "test_connective_metrics": {"_type": "table-file", "sha256": "b2f3efac47dc7cab2f3c752d91c7b5f0b76819dfb7942833a96ec56f80ea7ee3", "size": 425, "artifact_path": "wandb-client-artifact://115e3ztfgi9t0sxmewm1v59b28b40c7bbm2ozga1hyxqcqzpj4u18tzeo2o4gsmf0iclhcw0g1ptmpec1qm7w0da4stbqp03f69j5mwyyb499an5z7rhjoz3j38i1pi7/test_connective_metrics.table.json", "_latest_artifact_path": "wandb-client-artifact://wwse252b45o4ktp92vc0od292o9n5a8u7qc8dm7krrr573o6mxpdb09go0k92b8hxfus08yyiojd76aip0up67jue0oykryacst5cj1mqsmodr9vfxsysdae96tc1459:latest/test_connective_metrics.table.json", "path": "media/table/test_connective_metrics_420_b2f3efac47dc7cab2f3c.table.json", "ncols": 6, "nrows": 3}, "Exclude_counts": {"_type": "table-file", "sha256": "fa22c4da7120bb2d050f2b48bfbb63b94fd3760be735d6d12002cc9214cc8ce6", "size": 74, "artifact_path": "wandb-client-artifact://taepps1qcwon3d1faq0xkn0cr1c9nmjcymrwxrfcjdmsdjgmkfjpx2t5eq46jy4sval9c88r440k06qpz41u11k0nyk9gtk6othn38r4t80jj5glcydp9e4mwni52m2m/Exclude_counts.table.json", "_latest_artifact_path": "wandb-client-artifact://v8d2tjp53jrhrzq3j18x5vbrrduknib99e0kp80fdiz3vilhhyphz41ydhrbp6fwnp0j4hqu3zvxyx41xzmja6sxebj7g20ry0lm6fkqluq6sekfuvuuo8dbaxwfpg1k:latest/Exclude_counts.table.json", "path": "media/table/Exclude_counts_421_fa22c4da7120bb2d050f.table.json", "ncols": 2, "nrows": 1}, "_wandb": {"runtime": 3044}}