{"train/loss": 0.0031, "train/grad_norm": 0.0031881160102784634, "train/learning_rate": 2.2283813747228384e-05, "train/epoch": 18.0, "train/global_step": 3006, "_timestamp": 1739635147.1121485, "_runtime": 2732.905296564102, "_step": 380, "test/loss": 1.22353196144104, "test/accuracy": 0.8452380952380952, "test/precision": 0.8186189766517635, "test/recall": 0.812942210503186, "test/f1": 0.7882204951732849, "test/runtime": 4.4251, "test/samples_per_second": 37.965, "test/steps_per_second": 4.746, "epoch": 18.0, "train/f1": 0.9775911498091971, "train/accuracy": 0.9940074906367041, "train/precision": 0.9984158415841584, "train/recall": 0.9587295426286252, "val/f1": 0.6701906659077974, "val/accuracy": 0.8802395209580839, "val/precision": 0.8293575063613231, "val/recall": 0.6904166666666667, "val/loss": 0.996256411075592, "eval/loss": 0.9821784496307373, "eval/accuracy": 0.8802395209580839, "eval/precision": 0.8253018783542039, "eval/recall": 0.6950000000000001, "eval/f1": 0.6723114131402458, "eval/runtime": 4.3972, "eval/samples_per_second": 37.979, "eval/steps_per_second": 4.776, "train_runtime": 2720.2015, "train_samples_per_second": 14.723, "train_steps_per_second": 1.842, "total_flos": 6322842351175680.0, "train_loss": 0.22823825867921585, "label_metrics": {"_type": "table-file", "sha256": "6c5f0a98f73629e0a5540c93abf0446fcaddf339e03cdc935892c89f778887b7", "size": 611, "artifact_path": "wandb-client-artifact://bp7do6mto291ngdmgai0uhfl56i76vjz94yfbnpnquprhqgqk67edmc1haevczn3tp6iswjbx1cif0lndh8fiw2lplplxosksbqzvfjr6p1faz3tqa59e8t971ttojmd/label_metrics.table.json", "_latest_artifact_path": "wandb-client-artifact://4ynvwrdulnqn1ph86fx74tesb0pnx0t1thbf0bwhlo4b4da3kmdtnokghje1q6ty7r7kccw341imbx1jy9qtfmvtj00n07acgd48i9fwbo5s9qij6ttyvxsnsqqrj0ut:latest/label_metrics.table.json", "path": "media/table/label_metrics_375_6c5f0a98f73629e0a554.table.json", "ncols": 6, "nrows": 5}, "test_predictions": {"_type": "table-file", "sha256": "3c97daa7b2d96bc571a600edeb84eaa56f5ffc99f33812c5d64a029bf4195176", "size": 90915, "artifact_path": "wandb-client-artifact://134025s5nvx24ms1qdn0jkf8gwcgxsxweg03betni9cvu8dvkcyz7m60nlft3hk0c03jb7llacqqq1htdknvlah73b3vfgn7camow7yg3u7c35c5wzvyjfadzuqjgj5v/test_predictions.table.json", "_latest_artifact_path": "wandb-client-artifact://dwexnhaat11b1kbxngz4wjssstc3o9a34zljy34wdos8dndas9d5w07v3xithjp5cln867qjhd3yx2rbbxx5hqnmipapw1utkk7tp7r0gmtz0ekx62tjiotvezkp2c2l:latest/test_predictions.table.json", "path": "media/table/test_predictions_376_3c97daa7b2d96bc571a6.table.json", "ncols": 8, "nrows": 168}, "test-metrics": {"_type": "table-file", "sha256": "947201fefb29c9b5cb97613e0801eb799bb2407034f65f252df67e8d2da9ac59", "size": 195, "artifact_path": "wandb-client-artifact://asd3mnb515w5a03borjoa4p0ef5kagv6jaszd08vfmpums6el9xzv8jf0ti6s8ea8x3zbc3t5c6y2o8kk6z3ytc2qzjfqq7r8gmy3n2k1bfjqbhb3sluvyo5l1gnyelw/test-metrics.table.json", "_latest_artifact_path": "wandb-client-artifact://nw4pvu9rd5wfxu10jmam0b46e6frwwmilexh8n0f3boj3azkj1bzkzabd3fv1gqkrb9zwkaikvlylufwq71awwyyalwehpoi396scp68kwxqn5ac45iicfmf8vow02cf:latest/test-metrics.table.json", "path": "media/table/test-metrics_377_947201fefb29c9b5cb97.table.json", "ncols": 5, "nrows": 1}, "test_connective_metrics": {"_type": "table-file", "sha256": "e1270a5af01882845a975225a94dc9b821e79f22de198da22e7404da4396033b", "size": 439, "artifact_path": "wandb-client-artifact://0jdwx1swmb9eaafghhe1bzzhsin9pfaaju876bgdjduudkgbna4cda3yvkiw2ii6yrwzs87rox668e0y3u1jx5nnin1cp47ouj6r5imw5s34cwv8evzv2b7f16jv19c9/test_connective_metrics.table.json", "_latest_artifact_path": "wandb-client-artifact://ez087hy4enyimso5jg8witz0wteoq03sdiaz4fyyxxs69dh385e2e2dv3u80k7l2n6hi3n2bwfz3mrwgld4sty7mgaflto59yq3hnt3xbczy9ykf0ti2biqul32up2ks:latest/test_connective_metrics.table.json", "path": "media/table/test_connective_metrics_378_e1270a5af01882845a97.table.json", "ncols": 6, "nrows": 3}, "Exclude_counts": {"_type": "table-file", "sha256": "1b351f34479cdfe9bb187a7d7913779d5623e98ab90b705bfa6a94767059f967", "size": 72, "artifact_path": "wandb-client-artifact://zfz6817muyn6dl1abzoeecnsk2k4nud3ng0w8x3qkigz7lbq4bghmn73i5hmjz0lxudzvpo37jsswt5od1wejsn9h9h5jxzhdej58nwxopclro42xixxdicoimljeh8p/Exclude_counts.table.json", "_latest_artifact_path": "wandb-client-artifact://2tnnx8e9ejop2xd0zv133s7bf4adl395vsiqm6m3eol1eetmxprd6p4emiovkdjjfh0nam9o909hkin7dn26kr5axqsn7vfs5z51tawyypu1gfe1sbsxant46cesh5uk:latest/Exclude_counts.table.json", "path": "media/table/Exclude_counts_379_1b351f34479cdfe9bb18.table.json", "ncols": 2, "nrows": 1}, "_wandb": {"runtime": 2741}}