{"train/loss": 0.0435, "train/grad_norm": 0.25357481837272644, "train/learning_rate": 3.7028824833702884e-05, "train/epoch": 10.0, "train/global_step": 1670, "_timestamp": 1739757624.8817353, "_runtime": 1521.2359383106232, "_step": 215, "test/loss": 1.6487371921539307, "test/accuracy": 0.7738095238095238, "test/precision": 0.6858314148390484, "test/recall": 0.5218721160184575, "test/f1": 0.4923114318836245, "test/runtime": 4.4171, "test/samples_per_second": 38.034, "test/steps_per_second": 4.754, "epoch": 10.0, "train/f1": 0.9950852625591875, "train/accuracy": 0.9962546816479401, "train/precision": 0.9934316453624202, "train/recall": 0.996848504825212, "val/f1": 0.5708550334231269, "val/accuracy": 0.844311377245509, "val/precision": 0.7729225154407636, "val/recall": 0.6483333333333333, "val/loss": 1.043164849281311, "eval/loss": 0.8809347748756409, "eval/accuracy": 0.8622754491017964, "eval/precision": 0.8067853009259259, "eval/recall": 0.6854166666666667, "eval/f1": 0.6607260017183473, "eval/runtime": 4.3903, "eval/samples_per_second": 38.038, "eval/steps_per_second": 4.783, "train_runtime": 1508.4099, "train_samples_per_second": 26.551, "train_steps_per_second": 3.321, "total_flos": 3512690195097600.0, "train_loss": 0.2726441582271684, "label_metrics": {"_type": "table-file", "sha256": "f11874b3060d603b66887b8078c02a241dc9d4dd421ffdc00352e20f805477ed", "size": 622, "artifact_path": "wandb-client-artifact://kg7oyc4knuea9bfgu1w5zjq5jxzuru6mkgg8crx0xj466y8svarcs9bvohbotomjdlifxwkucoqa7xf76gzhzhes9oj4fxqweinlsadauqh6c23uk7jphjt30k7i6ect/label_metrics.table.json", "_latest_artifact_path": "wandb-client-artifact://2xeh62vuuzng7kpjvh34w3jcx86moert401msprbtnfx1bksfled1qzc44ga1599ec38p2rh929rzj4bere5kpaal7ehlzwyjqzws2ocn9kulhih3oe7w5lkrxqmz7eo:latest/label_metrics.table.json", "path": "media/table/label_metrics_210_f11874b3060d603b6688.table.json", "ncols": 6, "nrows": 5}, "test_predictions": {"_type": "table-file", "sha256": "2f620056ce162c292a5224e7f0aa071d36287f098b4bfd7828f89ca9f6e5e4ed", "size": 53610, "artifact_path": "wandb-client-artifact://nb1vcepfcyjq2wkwv5uaje1y5wcln0vrhwk8urwcoo66vye1od0cg30dybzjuwn3ya7nx4iatnb9e4of2kaetomnkbxwb0d51ni1nvxo91hk94y5ml4rljyf82n8fm42/test_predictions.table.json", "_latest_artifact_path": "wandb-client-artifact://lcdxczn32btcsn37trtvujrxyg4r3hk19kh0rbu5dz07n3ncks1f0l06lucfctm7aaeszzv0yxiytd0o81zw8mchrkqqeah9jzl016gjhm24rzphy3xc13w8awd8sjjd:latest/test_predictions.table.json", "path": "media/table/test_predictions_211_2f620056ce162c292a52.table.json", "ncols": 8, "nrows": 168}, "test-metrics": {"_type": "table-file", "sha256": "d68ef9c69cffc0ab645e4f5e9033ccbfa8a5a616aac3ef9e5ac46095211c4b92", "size": 195, "artifact_path": "wandb-client-artifact://icgcpxtog6izpzia03yda1noosba8tgnqggsmgfcl37kajzhi4bxqx84ro397uny27lz9hvqqzvb66jhwtxroy883hj5881d5zxseznus9u2cv0tv9x15yne3lk3jp19/test-metrics.table.json", "_latest_artifact_path": "wandb-client-artifact://ct6hrolqsdhdcxe3dyy0dm82vhsdghrhwtbjn80ufapdsez3x8cldktl2575aym4jy4trfe6e8piq0yw9iqnxj4rian5cpppwguxssonflxu7ht3jigegfqh0ek8wv9m:latest/test-metrics.table.json", "path": "media/table/test-metrics_212_d68ef9c69cffc0ab645e.table.json", "ncols": 5, "nrows": 1}, "test_connective_metrics": {"_type": "table-file", "sha256": "76a053eeffc7993947b0a043b703bcd11de277d07b91db85a28f312cf9440a1e", "size": 436, "artifact_path": "wandb-client-artifact://6s7brdbk5az5hp2rmg7t6zb58rozu9n723fifr8lm7hzchemdmz6wvtouiu3y1qdt3wgt80p25w3tmnf4lbjjq1m3xmwb7ybk2g181jtpgqs7s0mino8xuho5md2sjdd/test_connective_metrics.table.json", "_latest_artifact_path": "wandb-client-artifact://ry5aj8avmj68z7386xdrlfdon8swukhxc4m5ecwc79t444q86pqao9gs7pcmt9ajvqc4i4s4pvndnes1smpf0yi98t7ub707qg9m14b8ex2g6pf52q0h7m7ye9fzgmcy:latest/test_connective_metrics.table.json", "path": "media/table/test_connective_metrics_213_76a053eeffc7993947b0.table.json", "ncols": 6, "nrows": 3}, "Exclude_counts": {"_type": "table-file", "sha256": "14b17048af7d70db18371f6d087e4493b63d0c540484cbe27bc06c81be6115b0", "size": 74, "artifact_path": "wandb-client-artifact://hhk54jm4t3ch354qzxtgvh637j14htggkyo9ol9wpt2y881r3q1zbxec695njaqo6ca8w7e655zznnm4pz9rit6hg75d6h947a6lzsz8khkhkqv1sahr7otfwcls91vu/Exclude_counts.table.json", "_latest_artifact_path": "wandb-client-artifact://qetvmhejamhq3bkh07evkcy7h3rwt1salblmg4k90xjt0vzhm159i9ciut2za3ewjak4x3pqvwektpjqt455khodz5o3f2rk2jp60y4b8jscn51tqo7abhpahuuxnzlc:latest/Exclude_counts.table.json", "path": "media/table/Exclude_counts_214_14b17048af7d70db1837.table.json", "ncols": 2, "nrows": 1}, "_wandb": {"runtime": 1528}}