{"train/loss": 0.825, "train/grad_norm": 6.191812038421631, "train/learning_rate": 6e-06, "train/epoch": 0.3592814371257485, "train/global_step": 60, "_timestamp": 1736579542.96616, "_runtime": 20.968919038772583, "_step": 5, "_wandb": {"runtime": 20}}