epoch,loss,accuracy,precision,recall,f1
,0.0652308656783874,0.2574850299401197,0.184818442427138,0.2304166666666666,0.1232575757575757
0.0,0.0286740971182634,0.7485029940119761,0.2667589069526115,0.31375,0.2850088183421516
1.0,0.0192240642573305,0.7964071856287425,0.4301159420289854,0.3558333333333333,0.3780905752753978
2.0,0.022351842797444964,0.8143712574850299,0.4211817168338907,0.34208333333333335,0.36067167262034944
