{"train/loss": 0.1944, "train/grad_norm": 0.1700519472360611, "train/learning_rate": 3.7028824833702884e-05, "train/epoch": 10.0, "train/global_step": 1670, "_timestamp": 1743029838.0309849, "_runtime": 727.8722717761993, "_step": 215, "test/loss": 0.9086601734161377, "test/accuracy": 0.75, "test/precision": 0.6459935897435897, "test/recall": 0.5387563172929026, "test/f1": 0.4965953824874987, "test/runtime": 1.8939, "test/samples_per_second": 88.706, "test/steps_per_second": 11.088, "epoch": 10.0, "train/f1": 0.7903616482675162, "train/accuracy": 0.9602996254681648, "train/precision": 0.9550448870262118, "train/recall": 0.7657474193663283, "val/f1": 0.5152534287418009, "val/accuracy": 0.8203592814371258, "val/precision": 0.7030538302277433, "val/recall": 0.4883333333333333, "val/loss": 0.9030364155769348, "eval/loss": 0.6571740508079529, "eval/accuracy": 0.844311377245509, "eval/precision": 0.8101237345331833, "eval/recall": 0.6108333333333333, "eval/f1": 0.6201709401709401, "eval/runtime": 1.8833, "eval/samples_per_second": 88.676, "eval/steps_per_second": 11.151, "train_runtime": 720.0322, "train_samples_per_second": 55.623, "train_steps_per_second": 6.958, "total_flos": 3512627201894400.0, "train_loss": 0.4583979433257423, "label_metrics": {"_type": "table-file", "sha256": "9db0492b94f856b49a22b125da9266a7956c2b095e88fabea9d90d888cd71bd5", "size": 662, "artifact_path": "wandb-client-artifact://yhu5hmj6hfqw39cjm0tbg55ymsdwleyc3idb2cdtfnuhn8vdyk1un9jfekpm3mb7ob93vizu3yc1ouuiqzv0n4jflilcil9sneu7jozgmvl50w7fm3ght7kk42sz40jw/label_metrics.table.json", "_latest_artifact_path": "wandb-client-artifact://3zcdmp5sv8cn90okxygyeqdkpd7nr6uvrfu21x599j9majn8k6khnfkhfj71gvjqwinyv4rkm8owz800hahys7s4r3i5122uqhsftyhq5tv7zfuc4tysbcv2d1pj8rdk:latest/label_metrics.table.json", "path": "media/table/label_metrics_210_9db0492b94f856b49a22.table.json", "ncols": 6, "nrows": 5}, "test_predictions": {"_type": "table-file", "sha256": "41370db58dc8ac9a7313489eee239b14d8310e86a67aa8aa545c1ebdba064a46", "size": 139745, "artifact_path": "wandb-client-artifact://v7yinmmdi9fmsaxhc8a1gs9r6f7k23tba76o3s807u04r09d7ck7icsvpfwmt16o3skqivctz13ba8i5gshkqnx1cv2p9ph150888zougl36nta5zz7io6lodic1j6wc/test_predictions.table.json", "_latest_artifact_path": "wandb-client-artifact://lv5ccvka5npqi5y1375ofv29yomi9eaa6c8c6t35qudsti0e097pc3wre6ur5xri8b1e4hw8teanf2rzk79gtxmp4m5spkflbzv9w5kcgu2c2myhtc0b4dsanwxd42na:latest/test_predictions.table.json", "path": "media/table/test_predictions_211_41370db58dc8ac9a7313.table.json", "ncols": 8, "nrows": 168}, "test-metrics": {"_type": "table-file", "sha256": "4468239d991878141e095e586795fae19f003467bceb097168469d532eac51a8", "size": 200, "artifact_path": "wandb-client-artifact://j48xbfqs8thm42rpzlfbqaqifw7p5iuruidhi40diq8fct17frq8mc5nxw7j8cvmck8a12jpt2ixn8dc15tdrq9qpzyicihh1qzx5w9mt70msqp1pem0xzslcx0jv1xa/test-metrics.table.json", "_latest_artifact_path": "wandb-client-artifact://qbqmih8bc4tz3g6xs7eevq8djlgd1dgnhm4zd4ukow22uhflpwn7n61uypqscakm51ox3lkjdyormxmvdi7l7ew2hegjsnzmn48ujrq4yd6g1rkf3tph8s79ojgndym3:latest/test-metrics.table.json", "path": "media/table/test-metrics_212_4468239d991878141e09.table.json", "ncols": 5, "nrows": 1}, "test_connective_metrics": {"_type": "table-file", "sha256": "d14524993ab7e6fcffa7172720db40aa1a81a1ce855c91e0a344b2896f189bf6", "size": 453, "artifact_path": "wandb-client-artifact://6le8wy7tudruzlwsfgn3pecuoh7mknnxzxhfswhjvk66fwt6x30frvm4xghym046z6uddhkwrsedl6sh3zv13egwmdlc9cj0l1x5m0qa6oehhfzu8w2g23ri6k9dvszf/test_connective_metrics.table.json", "_latest_artifact_path": "wandb-client-artifact://dz8ew3qaqpkcf4za870elkgzod2hld31qvd6etbwgg1yqbtoalospgxzpbuk632686b2ln9b615gvhxpsd0ncoukr7osquie0pwzw8g5gashklwby98z0nf9u6xnec6p:latest/test_connective_metrics.table.json", "path": "media/table/test_connective_metrics_213_d14524993ab7e6fcffa7.table.json", "ncols": 6, "nrows": 3}, "Exclude_counts": {"_type": "table-file", "sha256": "c34a277c71c512b8edf166c56baf83d9cf5f1d112b0d9e9e2b7fd47129239695", "size": 93, "artifact_path": "wandb-client-artifact://hj1pvx2mll155imezfixtziyu08cnjhj3wwlt9allpnfgh4hxxputsx6yw1hobpyt51seko8mco8r404kpzwtjv4xxl0hau0a3z2wr0s9ayk4h7q1ajmfg8wjceig7fx/Exclude_counts.table.json", "_latest_artifact_path": "wandb-client-artifact://kgwj6cy5cp34dza5wwbfqiajd50m2n6z4e0dya4szwog94i6a7kfnyseflhmb4qg2qaqvhlwreur0g02j0q86nwbw5398b4bgpokc28tt45vhna85azy07hj0qb15uad:latest/Exclude_counts.table.json", "path": "media/table/Exclude_counts_214_c34a277c71c512b8edf1.table.json", "ncols": 2, "nrows": 1}, "_wandb": {"runtime": 736}}