{"train/loss": 0.1991, "train/grad_norm": 0.005831986200064421, "train/learning_rate": 3.8913525498891355e-05, "train/epoch": 9.0, "train/global_step": 1503, "_timestamp": 1742987671.9163342, "_runtime": 651.903489112854, "_step": 194, "test/loss": 0.9325984716415405, "test/accuracy": 0.8392857142857143, "test/precision": 0.8064860426929392, "test/recall": 0.7719116677653264, "test/f1": 0.7679927667269439, "test/runtime": 1.8816, "test/samples_per_second": 89.288, "test/steps_per_second": 11.161, "epoch": 9.0, "train/f1": 0.977721904744077, "train/accuracy": 0.9940074906367041, "train/precision": 0.9924072169165192, "train/recall": 0.9647275073806416, "val/f1": 0.6406837606837607, "val/accuracy": 0.8502994011976048, "val/precision": 0.7571428571428571, "val/recall": 0.65625, "val/loss": 0.8601454496383667, "eval/loss": 0.5813143849372864, "eval/accuracy": 0.874251497005988, "eval/precision": 0.8859398496240601, "eval/recall": 0.795, "eval/f1": 0.8128190649929781, "eval/runtime": 1.8673, "eval/samples_per_second": 89.436, "eval/steps_per_second": 11.246, "train_runtime": 643.9391, "train_samples_per_second": 62.195, "train_steps_per_second": 7.78, "total_flos": 3161364481704960.0, "train_loss": 0.3057381389098749, "label_metrics": {"_type": "table-file", "sha256": "35adcc5a83de3b94e1e867089e2bd0ffada7fdfb271e5e4efb268119994a6e30", "size": 547, "artifact_path": "wandb-client-artifact://felu0b1ml76fw3f3q02a3gbldbt07j7rsnt5b55eh9l9emu2l5qwexb78bw0fbhlmsceftd2rnpoxw0mvwzp3zt9y1valn4h6g5s5g7iq5ge8bm8fmkgfhw6qrzdfaj0/label_metrics.table.json", "_latest_artifact_path": "wandb-client-artifact://7doh8hsu8v73m1nkns76x0q3oq26mnn34iz4eh1xhy7jngsn7jc3i00854c8er45n8r72dvly7gxmdktibcizu29jnfrr3xbo90t4zfyts9h8tome9rphdt9h244zlth:latest/label_metrics.table.json", "path": "media/table/label_metrics_189_35adcc5a83de3b94e1e8.table.json", "ncols": 6, "nrows": 5}, "test_predictions": {"_type": "table-file", "sha256": "d7d1e2bdbc8e761789bb7ab58892efca7f4adfafa9257b392038ab54c31b1133", "size": 90405, "artifact_path": "wandb-client-artifact://aba8i1l6mcpbq4oi04lc425tnka2z9wcdufj3s1zxzy1bjx0i3ziv81kg6havkrgcql9tdyhybcygl70k94ttwwchyjx25q5hwu5dwaikm1bn621odj8kzh3rps16qka/test_predictions.table.json", "_latest_artifact_path": "wandb-client-artifact://wg4k5d604dqn97zcgibs1c1im5sqn8wqk74udd7z7c7y7gpjthg32969c1rmirsoqntn85ydugm9dmjtjp7dchky6arackiovahzmh23pvk2cjwbr5ay2qw2eglmtd9z:latest/test_predictions.table.json", "path": "media/table/test_predictions_190_d7d1e2bdbc8e761789bb.table.json", "ncols": 8, "nrows": 168}, "test-metrics": {"_type": "table-file", "sha256": "858312ac77ff6347288c0e8755893c7f401cc92ec2765ce0b442216294474b20", "size": 194, "artifact_path": "wandb-client-artifact://xw11zl819d2pcglhllfgoyfzrsqeeazj7cmv2528pkba9t0e4ldnm51h910uocv9ucek7cco0qvhwn31a559fr4y8nnxcm82ufvl6w7keh6knyefvq0c5v2xija3x3ck/test-metrics.table.json", "_latest_artifact_path": "wandb-client-artifact://h7ui9ib0xfidoxftbfyuk367ims88tkydgdunewzrmrq26dftt6f6e6ffmffvslodajwlkj3ci2zhrshwk62v8p8snj48ez5t420ocflbfgs1vy7no5k6umourpw7kbx:latest/test-metrics.table.json", "path": "media/table/test-metrics_191_858312ac77ff6347288c.table.json", "ncols": 5, "nrows": 1}, "test_connective_metrics": {"_type": "table-file", "sha256": "12dbab5d549fb112e93e8d0e9fb8da66bad5d3f698eb4ceb9057222830111cb5", "size": 406, "artifact_path": "wandb-client-artifact://4tk81zburkm3fkqelxr9sji88huvc15vdr5y0wxwdclqgstdfi1bnwpjvzt8mmu1nn9cwap518cmmddg4ju8jbmyd3hkcsdwf18lm0j6fipto017qyq8931yo459iw3f/test_connective_metrics.table.json", "_latest_artifact_path": "wandb-client-artifact://61mduhp92xcolytule1xqxezq55vd47hpkh188wa59fzulmgz9r05cc700hjii3mlucb93luevn47a2f1a3bpwzvqm7no6zs2t4uck4c0w48tn8q5bktd75uv8gmgu4b:latest/test_connective_metrics.table.json", "path": "media/table/test_connective_metrics_192_12dbab5d549fb112e93e.table.json", "ncols": 6, "nrows": 3}, "Exclude_counts": {"_type": "table-file", "sha256": "082fcc874914d75958d68e780085931cf5c17034575e8b060f4acd16accf2d9e", "size": 71, "artifact_path": "wandb-client-artifact://a9yl6tq1owzh24irijqn2x4xhd5e2vv0otv55iii3fq7vrvghkq2fr9k6uorunltj9eogeuqj105qzhefn87be29htan04b5xg1f7lze5iemphhvmzh7sa6ot7dcwtiy/Exclude_counts.table.json", "_latest_artifact_path": "wandb-client-artifact://byshustulye1sekgrf49hzlqzqppi4sb8gdcjxzk45icwubvcr2o6ic06xdkrp4eu30bdwyvnufits0s8sy115c28o1u5jykyllkxp9k32s0n0lw942e3i27oamx5zvp:latest/Exclude_counts.table.json", "path": "media/table/Exclude_counts_193_082fcc874914d75958d6.table.json", "ncols": 2, "nrows": 1}, "_wandb": {"runtime": 659}}