{"train/loss": 0.1613, "train/grad_norm": 0.0776163786649704, "train/learning_rate": 3.337028824833703e-05, "train/epoch": 12.0, "train/global_step": 2004, "_timestamp": 1739653062.8546948, "_runtime": 1836.4338448047638, "_step": 256, "test/loss": 1.1475251913070679, "test/accuracy": 0.7559523809523809, "test/precision": 0.7387522943612072, "test/recall": 0.5192836739178203, "test/f1": 0.4796856906534326, "test/runtime": 4.4317, "test/samples_per_second": 37.909, "test/steps_per_second": 4.739, "epoch": 12.0, "train/f1": 0.8452112581874017, "train/accuracy": 0.9722846441947566, "train/precision": 0.8651640263563717, "train/recall": 0.8621451058966854, "val/f1": 0.5428193384223918, "val/accuracy": 0.8143712574850299, "val/precision": 0.7910798122065728, "val/recall": 0.505, "val/loss": 0.9262628555297852, "eval/loss": 0.8035772442817688, "eval/accuracy": 0.8383233532934131, "eval/precision": 0.7775735294117647, "eval/recall": 0.61375, "eval/f1": 0.5853766025641025, "eval/runtime": 4.4002, "eval/samples_per_second": 37.953, "eval/steps_per_second": 4.773, "train_runtime": 1823.7074, "train_samples_per_second": 21.961, "train_steps_per_second": 2.747, "total_flos": 4215228234117120.0, "train_loss": 0.44989213201323314, "label_metrics": {"_type": "table-file", "sha256": "989275670b0c4c43ca6065d127d98fb77521a86ca5d7f480557d4b267cba33e2", "size": 659, "artifact_path": "wandb-client-artifact://8btd5mrurkougfe6fi2t91a4n9n8zptseq9poouwsrij8m3bs5d9j2ygta4mcol0awzerbi04haumfi4ioyr9ku0n3j5jdb3an0gmlrd7o4h3t6slmdh7vm9ta6dx12l/label_metrics.table.json", "_latest_artifact_path": "wandb-client-artifact://5m6esasu19cl0io6os88ell3120420dhde8nbmril78ei42tm9pwi67bvty7npki0p1vjp9csgltu7jw7i24blx1b8hamdg31jgxg0ws6i5uaakcmmzwxvrcv21sl2uy:latest/label_metrics.table.json", "path": "media/table/label_metrics_251_989275670b0c4c43ca60.table.json", "ncols": 6, "nrows": 5}, "test_predictions": {"_type": "table-file", "sha256": "8eb97bf6d4dc3c9c1f64e6f1d833bc684bb4a9ffb32f450ae823d6264d97faae", "size": 52955, "artifact_path": "wandb-client-artifact://ltm8phnvotghymkeghpqctl70nu45lvmmdisk5pc93amtlzoxltbx1nthin1xcntc98wq186me0o8vl8zt1ucizbi9ztrmvzfpbe7lmu1llt0cnqqv8w6v4465zkfshz/test_predictions.table.json", "_latest_artifact_path": "wandb-client-artifact://vkd35nhk0x66mn352yf65rts6l9lrfhcnd78y3e2tgd6ikooxvpiu9iazgbjbscwx0f9tisab7l9vsyluxaxcqatohxl4hz0gh9ke24hr1a3c3h57s3ecectsqsrk2zd:latest/test_predictions.table.json", "path": "media/table/test_predictions_252_8eb97bf6d4dc3c9c1f64.table.json", "ncols": 8, "nrows": 168}, "test-metrics": {"_type": "table-file", "sha256": "67e3d41afaf6bc1aeb8b4d1c6a795801aef767ab45bba3410cd47b9e4f2496e5", "size": 205, "artifact_path": "wandb-client-artifact://igplfedf2addc44099nzt1jou3xnck3kk1f74y0ktvt2zh2uba6vdh41k3rhj6yqtjggvzomo7n4wdcihj1pq2nfvzrlaygew7hpuqkkwneyqybrojlnm8jhq82mxgqt/test-metrics.table.json", "_latest_artifact_path": "wandb-client-artifact://gylis03y2pkpsgqgah1ww4wxk949dnl4ciuae7ewbu36rnmyrqvp3j6agzsklz65gzsxil08qzbvcowya1f0fmyu0fciystg2weytm8qbw7j5dgvft36uafyvwdiuecm:latest/test-metrics.table.json", "path": "media/table/test-metrics_253_67e3d41afaf6bc1aeb8b.table.json", "ncols": 5, "nrows": 1}, "test_connective_metrics": {"_type": "table-file", "sha256": "f302662ec1ddaeec71f86ca343a350417d3d2751941b7b8fffb8f361e3ae60fd", "size": 453, "artifact_path": "wandb-client-artifact://td6yka0yf4r87a8kvjdqduoq7xiljq50g3ubxy3qdjh7l8xt6kjayrjtgqrrk17fthbhf88yeb9odhlc6fdh612ouwafd5emsk6o2gweh9ky50yppk7lbf7sl7skro07/test_connective_metrics.table.json", "_latest_artifact_path": "wandb-client-artifact://60v39b3obbtyc5fnypc4l3g0mivfleiq33cxz2x2nu0vfgkwcyzg7954mm5p7swvy8pfy04tjr1t2e13vmnxoun4kd87x50nf4wtrwnyctg613m3ha0axsh0t7itvibf:latest/test_connective_metrics.table.json", "path": "media/table/test_connective_metrics_254_f302662ec1ddaeec71f8.table.json", "ncols": 6, "nrows": 3}, "Exclude_counts": {"_type": "table-file", "sha256": "e0904507c7a3e3f62f0831416757fbded3c24349ee8ce39d59ff399ee82bffe7", "size": 84, "artifact_path": "wandb-client-artifact://mhv8c8fipqnds47clr77eyqvsdqkbblh38tofb7tnd4rdwzkqoa2nb6bn5a14z7xb32vnlokuucicr65o1a7yndwi9fzm6086y9g63za7n9nb6hke5n6w4newbcy1yke/Exclude_counts.table.json", "_latest_artifact_path": "wandb-client-artifact://hirw8yk24cqvsv5faujsxontlw6s7gbt1ud88ota35gu8r6tb60qrxew7spg7af0mi2szpn7uonio87lj53msg018qyk4w3qujhzh4le3709yqzmujbsaof7t24gwnoc:latest/Exclude_counts.table.json", "path": "media/table/Exclude_counts_255_e0904507c7a3e3f62f08.table.json", "ncols": 2, "nrows": 1}, "_wandb": {"runtime": 1844}}