{"train/loss": 0.0007, "train/grad_norm": 0.009091975167393684, "train/learning_rate": 4.26829268292683e-05, "train/epoch": 7.0, "train/global_step": 1169, "_timestamp": 1742975602.0765839, "_runtime": 506.4444508552551, "_step": 152, "test/loss": 1.004427194595337, "test/accuracy": 0.7916666666666666, "test/precision": 0.7769097222222222, "test/recall": 0.5577807075368051, "test/f1": 0.5376292974697691, "test/runtime": 1.8729, "test/samples_per_second": 89.703, "test/steps_per_second": 11.213, "epoch": 7.0, "train/f1": 0.8800674752780386, "train/accuracy": 0.9917602996254682, "train/precision": 0.9190381385566463, "train/recall": 0.8670866000633073, "val/f1": 0.5311318619128467, "val/accuracy": 0.8383233532934131, "val/precision": 0.6669034090909091, "val/recall": 0.6558333333333334, "val/loss": 0.86086505651474, "eval/loss": 0.6283546090126038, "eval/accuracy": 0.8502994011976048, "eval/precision": 0.7427653493829964, "eval/recall": 0.6120833333333333, "eval/f1": 0.6024407252440726, "eval/runtime": 1.8602, "eval/samples_per_second": 89.773, "eval/steps_per_second": 11.289, "train_runtime": 498.985, "train_samples_per_second": 80.263, "train_steps_per_second": 10.04, "total_flos": 2458839041326080.0, "train_loss": 0.33120511590572466, "label_metrics": {"_type": "table-file", "sha256": "e9e7a0e9570b77f4680031b1c1979c0c2a468535e1ed579704285f02ec92e16d", "size": 596, "artifact_path": "wandb-client-artifact://0li6rmgrsr22vxrle6y3k99lmc35kx80xmzv7k64nxmh80jm70ettcdszixvw0zdnor8nb85sbspswfhajhf69le8k31l6fxmcm1fi7din3x3lek9j0qjb3wlvnj9sd5/label_metrics.table.json", "_latest_artifact_path": "wandb-client-artifact://1qkqzxjqjaqombu9vysagvdn5jw7sp0xo8y27cis8tozzezx9oftvuxsc1wf4yaps05rtop6gpqv25th7lqh7yxet57tttosg9p0026tah83nm3lrpqwc7e2wjpdggqk:latest/label_metrics.table.json", "path": "media/table/label_metrics_147_e9e7a0e9570b77f46800.table.json", "ncols": 6, "nrows": 5}, "test_predictions": {"_type": "table-file", "sha256": "954c89555afa1a7ef08905470695e30c96bdce0b5236b81706ac4010eb5814ab", "size": 53640, "artifact_path": "wandb-client-artifact://0efflpftg0bodxw0r5lem1kwj6xe5g3qblvk3ua7ikgsscypim860d6qi67ngcbrzsbr4uhqflds4lfyehnr6h3wkashswfnqb033ig3ll74mbhjdxfh73g81g1pdr6d/test_predictions.table.json", "_latest_artifact_path": "wandb-client-artifact://nn7qd05l52v0pzpsr9k2nx8ekyg0ymfxcdbikgfsciovs550oti3qvs8dqsav0gokrm0jdspup87oi7wk4q02wtqrivqcpz5bw9w3lka3k3j2r3axw3t779sncnn3c6j:latest/test_predictions.table.json", "path": "media/table/test_predictions_148_954c89555afa1a7ef089.table.json", "ncols": 8, "nrows": 168}, "test-metrics": {"_type": "table-file", "sha256": "bb7e43bafb214a13de31fcdc2b12a976fecaa2582321aee64c028cdf64277ee1", "size": 195, "artifact_path": "wandb-client-artifact://vhrpxx82u96rrp361d826jdt6jjfcp4gf8rlvlfj4wq8lstks4snwep6msc54amhsj5vj5zl1ucv3pessr5w5e53o9d9w4f7bfcxq651zeet2yu4nqpj6agqukifl32e/test-metrics.table.json", "_latest_artifact_path": "wandb-client-artifact://m7ormtk23zhoi0uot5a7uvvjx7q00b9q7ywgal6z1pna3qf47jzxgtzrxm7g6tyr4vsxumimlofo9mwp9a2uh99artti2w6wjbs3z5ppqmmt1x1n65p8u95ath7aef5w:latest/test-metrics.table.json", "path": "media/table/test-metrics_149_bb7e43bafb214a13de31.table.json", "ncols": 5, "nrows": 1}, "test_connective_metrics": {"_type": "table-file", "sha256": "0359d3ddfe1ed3c04fe897b8651c8915b601586f39d6716ee8b4ae96377f219e", "size": 434, "artifact_path": "wandb-client-artifact://zcsdok16zgbiyiv0g66d7befiq4n95ame6ekkgjg56xiftkk6ywy7rhblr2lg24ghpjdjv3sumuq5rnz9wolggjkp891m53kpk07eputaiugywcukn6h9rge87iif23l/test_connective_metrics.table.json", "_latest_artifact_path": "wandb-client-artifact://6vqueav5sjajnlqn7h9rrbdij26hwuc9daz950uyl054lrog2j2jvz366diz6dyqbimj35rdzum61dw8mydji5qzxgpm17ef3snw4wc685aji1trd18knann83b5e6fj:latest/test_connective_metrics.table.json", "path": "media/table/test_connective_metrics_150_0359d3ddfe1ed3c04fe8.table.json", "ncols": 6, "nrows": 3}, "Exclude_counts": {"_type": "table-file", "sha256": "14b17048af7d70db18371f6d087e4493b63d0c540484cbe27bc06c81be6115b0", "size": 74, "artifact_path": "wandb-client-artifact://f75a2ccysv5idzgig5notzi3pp91js38p3u7skf1ctgoo5aat2ft74kbg2us2kejsta5d9dlt063gqnxrhq3hoe9iva09g23fwyfj3rqnq0wu27j0p9maiw17uyuirwp/Exclude_counts.table.json", "_latest_artifact_path": "wandb-client-artifact://w97kkilju6cx5fmsebfhqx85sj22rto3d6lr3u0ojrmwd76jizy6538ijgbaw8qlklbzk72ggwl7w9l06rfvg0v0uzrxg1xmrndldrj99ccudwnmukowcvirpus9lxvd:latest/Exclude_counts.table.json", "path": "media/table/Exclude_counts_151_14b17048af7d70db1837.table.json", "ncols": 2, "nrows": 1}, "_wandb": {"runtime": 515}}