{"train/loss": 0.4984, "train/grad_norm": 9.224720001220703, "train/learning_rate": 3.7028824833702884e-05, "train/epoch": 10.0, "train/global_step": 1670, "_timestamp": 1743052435.4517965, "_runtime": 726.28258061409, "_step": 215, "test/loss": 0.9106272459030151, "test/accuracy": 0.6428571428571429, "test/precision": 0.2727272727272727, "test/recall": 0.23150955833882664, "test/f1": 0.22288955622288956, "test/runtime": 1.8878, "test/samples_per_second": 88.992, "test/steps_per_second": 11.124, "epoch": 10.0, "train/f1": 0.5020326133456081, "train/accuracy": 0.850187265917603, "train/precision": 0.7589101924999255, "train/recall": 0.449690078457864, "val/f1": 0.3580584258196199, "val/accuracy": 0.7305389221556886, "val/precision": 0.5178014553014553, "val/recall": 0.3383333333333333, "val/loss": 0.7499897480010986, "eval/loss": 0.7511923909187317, "eval/accuracy": 0.7245508982035929, "eval/precision": 0.5453003875968992, "eval/recall": 0.37333333333333335, "eval/f1": 0.39591442693852336, "eval/runtime": 1.8763, "eval/samples_per_second": 89.004, "eval/steps_per_second": 11.192, "train_runtime": 718.8498, "train_samples_per_second": 55.714, "train_steps_per_second": 6.969, "total_flos": 3512627201894400.0, "train_loss": 0.7142429538829598, "label_metrics": {"_type": "table-file", "sha256": "384805aeabb21a48db0d2274a8a39521fbf436bb60f25d6dbd4f49cd456ed269", "size": 610, "artifact_path": "wandb-client-artifact://vyy9kb1u1pjrcrwg73tvgyymebkqlpq92qriamdwe1ulv13utgofvl68w7n1mxiy0kypl45lkcd6sd7kecjo6e35w49kdp2z98oxdrbwebix6peq9sn7y5fb7tside8i/label_metrics.table.json", "_latest_artifact_path": "wandb-client-artifact://28e049rqrunpcojp7znebd0p30knis5arpw55zkgmbn0a46gnd205s6wkqojx0oykhqfblm5vzxj0mtqyq95e3zp7ff7rggofn1xnkoeu5j8becof28sbtiklkoypz3k:latest/label_metrics.table.json", "path": "media/table/label_metrics_210_384805aeabb21a48db0d.table.json", "ncols": 6, "nrows": 5}, "test_predictions": {"_type": "table-file", "sha256": "058b135637430a6c478fe6f41a3115c457f0f861b4cc152b47e45e662ff9eda0", "size": 138267, "artifact_path": "wandb-client-artifact://k3un78nsdvyq95aiki3udsooblb3h9008unlw6iub5w6cih1limcs5bu1t7minpg09phdzxdbbxeox701u553g0s1y9wwy8aarcl7568qbtqhgxmzi1af884tmmujlou/test_predictions.table.json", "_latest_artifact_path": "wandb-client-artifact://uj606mmtz7w9d537i5fpy9p7dg43r0dogznmjmixk3jjmjrdm1f4ksnidalu5cqjkudondvrzpxlbf043niuh88eypmug2czodob03iqbnmosyzjf3m3u4nru7f72wm7:latest/test_predictions.table.json", "path": "media/table/test_predictions_211_058b135637430a6c478f.table.json", "ncols": 8, "nrows": 168}, "test-metrics": {"_type": "table-file", "sha256": "3aad254c21da4c0deb8331f6c0d825fcda9ca52dc6c683c0f1429e399c66681d", "size": 212, "artifact_path": "wandb-client-artifact://ds7ossbtd2gyiymje1h2ts5lfognb7q83jo2w4mtl7jh6z5i16y5oigkw30myy2gerstr4q2nqhs6amn84k9j0749e36xsw7w24drf0vnoyg99va8r9nlmkn9desjuiz/test-metrics.table.json", "_latest_artifact_path": "wandb-client-artifact://fzp2un10q3pt9mfirlc38tlnyxtlx0vu0yn4md43zfuj65yxppac0bv3kkfh9ll78oahbxq84a3s0bxrxdgyhbeo5em3sjxb3x85j6x8gvv0r5rc73bogbssgy978yd8:latest/test-metrics.table.json", "path": "media/table/test-metrics_212_3aad254c21da4c0deb83.table.json", "ncols": 5, "nrows": 1}, "test_connective_metrics": {"_type": "table-file", "sha256": "d10ccbb3207061d7a824b88f04bb5e7b9d2503e029e9b28d70646874ec832cb6", "size": 445, "artifact_path": "wandb-client-artifact://hmi8i90yem3bf422dr8asukl245xh9qzytodb0nqiwa9q9npkknq1g1zsmdoajqs4l0c87j16404bl6ctvghqn0iebtu42ex8i5dm0s41r42ed1rm91xf5a8es7gttyv/test_connective_metrics.table.json", "_latest_artifact_path": "wandb-client-artifact://gqzsymg4as03ezikf1my36zua5ml2h8hiom6n5gap2j3si92hvwixn7pu4g1vjrz3pqu6ebsw8e2o9pvdprk4p2zjgijp6652rwi95s90bw862bibb3rh89xzagm5ots:latest/test_connective_metrics.table.json", "path": "media/table/test_connective_metrics_213_d10ccbb3207061d7a824.table.json", "ncols": 6, "nrows": 3}, "Exclude_counts": {"_type": "table-file", "sha256": "b29489d20e57d05bb6aec67be60a99d8dcef8e432ded61216e66508bd510be58", "size": 90, "artifact_path": "wandb-client-artifact://qestr4f2fya85i4paribrkil564mclbvo30pmokbd2ltb0iw1nop3r6aqhipm21iyquapvvgti57bf39kq9n2939ht7qsonrdx7iewajsab9g13i7y75i5tqcm4a3lp2/Exclude_counts.table.json", "_latest_artifact_path": "wandb-client-artifact://1w8dlpwclagu4udzsg961mnc80fmw37gflg2u2pd8fcshoaieutm8yeg6vn58vlw2kered223gf208ch0esp5olsi2azja5gkl40v5tmevcma81tia3liif077a2zc4h:latest/Exclude_counts.table.json", "path": "media/table/Exclude_counts_214_b29489d20e57d05bb6ae.table.json", "ncols": 2, "nrows": 1}, "_wandb": {"runtime": 733}}