{"train/loss": 0.0293, "train/grad_norm": 0.006167025770992041, "train/learning_rate": 1.2468827930174563e-07, "train/epoch": 15.0, "train/global_step": 2505, "_timestamp": 1735703804.9215112, "_runtime": 1094.2378561496735, "_step": 316, "test/loss": 1.4240267276763916, "test/accuracy": 0.7261904761904762, "test/precision": 0.6998802036537886, "test/recall": 0.7043419028784882, "test/f1": 0.6347879516462968, "test/runtime": 1.847, "test/samples_per_second": 90.96, "test/steps_per_second": 11.37, "epoch": 15.0, "train/f1": 0.9775911498091971, "train/accuracy": 0.9940074906367041, "train/precision": 0.9984158415841584, "train/recall": 0.9587295426286252, "val/f1": 0.8394513821464841, "val/accuracy": 0.8862275449101796, "val/precision": 0.9200400956126147, "val/recall": 0.7908333333333333, "val/loss": 0.7682298421859741, "eval/loss": 0.5607737898826599, "eval/accuracy": 0.9101796407185628, "eval/precision": 0.9441045606229143, "eval/recall": 0.8854166666666667, "eval/f1": 0.9107728337236534, "eval/runtime": 1.841, "eval/samples_per_second": 90.713, "eval/steps_per_second": 11.407, "train_runtime": 1086.3417, "train_samples_per_second": 18.433, "train_steps_per_second": 2.306, "total_flos": 5268940802841600.0, "train_loss": 0.19593606750678808, "label_metrics": {"_type": "table-file", "sha256": "d2edaafbd68882ecdd07a6586e0f93af8f4ee0eb9438a7fb6005a340c83264ce", "size": 537, "artifact_path": "wandb-client-artifact://s7obadsb0cdr1fr5iwabts7h97gq2llpd3bl6tu563zrm12l52kv6ai0slrpwdwv2ibyr9ffvgpu805q7iko9tqo6k06gdeqcmobx0d5fef28dt6u13bopltpf8dsnu3/label_metrics.table.json", "_latest_artifact_path": "wandb-client-artifact://z199olhz826zbew3o6qzv77v6lt0hfdhbkl38s2a3xwf8z0dx9j1ysk8fgpjttdeezf5m0e4axqa4vhx7efdwxb659dl9x1ib56h6fzjizpadumdnw2u1bmqs2gzhpiz:latest/label_metrics.table.json", "path": "media/table/label_metrics_313_d2edaafbd68882ecdd07.table.json", "ncols": 5, "nrows": 5}, "test_predictions": {"_type": "table-file", "sha256": "4ce8789c3dc42b7cc3d2602fc91296d860fc40e0a697f2ae134e604379dd64da", "size": 83048, "artifact_path": "wandb-client-artifact://ow91c0zpnpa9gas8qxb7jq9zew9k2v3pyy1cljxn2e1km9uzwi9ffjr38as5puft1wvd7xvf5vzroyq8ggexmitifxky6pl5g0hd9l6k1hig8nwuamm8c6r7qr7fc5tv/test_predictions.table.json", "_latest_artifact_path": "wandb-client-artifact://fmdsi7ibuq5477ga0maxap6eg12qdq08crzwgwn2w5yupyqh5rmv8abuyr5lk5qujt1491jm0wix9wf6n8gpdfhpt209s02xphcjdt9k5i3qxdhnf2c5jn3j2fif24kg:latest/test_predictions.table.json", "path": "media/table/test_predictions_314_4ce8789c3dc42b7cc3d2.table.json", "ncols": 7, "nrows": 168}, "test-metrics": {"_type": "table-file", "sha256": "0a4d75823f07550dd33c238975aecc82476024d7ee08d0045338140ea8fbab10", "size": 200, "artifact_path": "wandb-client-artifact://33y5dj6830j4bftww0qmzbszp6v17amxkdlu0mioujqi1bkiwfxo2swrcfemzjob48oxxkabm7wv4jflcgtnur5kuq6zsi2u343mpho0nkky0rki06zb0nys9jhmqbw5/test-metrics.table.json", "_latest_artifact_path": "wandb-client-artifact://4wa850gfssd9grj83x3d6xvlhpyyui1o131bdzsl0k5kwfbvuaug2yyojo1x4ab798hdmmixc6p482jmcnhgdflcvj4y4loymxoip6jzek3utq9rteykcso7fcsk53iz:latest/test-metrics.table.json", "path": "media/table/test-metrics_315_0a4d75823f07550dd33c.table.json", "ncols": 5, "nrows": 1}, "test_connective_metrics": {"_type": "table-file", "sha256": "bd4de0d15c52a260fb4858d9311a3db12f0eb3d239993a13bafbef1fb8cde129", "size": 453, "artifact_path": "wandb-client-artifact://jcsz2s12tq3zhucxskauz55ktft3ysa9ma688g9tqw4y1j21myfu66gdzlxe8llzr4327bbp4cecd0jfrua1ag4u9o8i9ogtlhbxgdssd1sfenamr2munqw99x119u75/test_connective_metrics.table.json", "_latest_artifact_path": "wandb-client-artifact://f4unwxt0xyac7i4q7ly6pr53894qp0ww2o04w09oljjcljf43v1kd4vfnar7dg91jvordaz4r7tp7mksgqtp3n05vcv7ukugbjlj0vn74de4ivmw77owlv1drqzrueuy:latest/test_connective_metrics.table.json", "path": "media/table/test_connective_metrics_316_bd4de0d15c52a260fb48.table.json", "ncols": 6, "nrows": 3}, "_wandb": {"runtime": 1100}}