{"train/loss": 0.0004, "train/grad_norm": 0.0051903510466217995, "train/learning_rate": 3.337028824833703e-05, "train/epoch": 12.0, "train/global_step": 2004, "_timestamp": 1742972364.6215532, "_runtime": 862.9952132701874, "_step": 256, "test/loss": 1.4688910245895386, "test/accuracy": 0.7976190476190477, "test/precision": 0.7718466898954703, "test/recall": 0.7895429575917381, "test/f1": 0.7586235986235985, "test/runtime": 1.8711, "test/samples_per_second": 89.789, "test/steps_per_second": 11.224, "epoch": 12.0, "train/f1": 0.9962103761807655, "train/accuracy": 0.9977528089887641, "train/precision": 0.9938300505464686, "train/recall": 0.9986833672105331, "val/f1": 0.661507164688604, "val/accuracy": 0.8263473053892215, "val/precision": 0.6682915173237753, "val/recall": 0.6745833333333333, "val/loss": 1.097689151763916, "eval/loss": 0.889295756816864, "eval/accuracy": 0.8562874251497006, "eval/precision": 0.7634710743801654, "eval/recall": 0.7245833333333332, "eval/f1": 0.7228908392875733, "eval/runtime": 1.8605, "eval/samples_per_second": 89.76, "eval/steps_per_second": 11.287, "train_runtime": 855.7285, "train_samples_per_second": 46.802, "train_steps_per_second": 5.855, "total_flos": 4215152642273280.0, "train_loss": 0.19691285006541615, "label_metrics": {"_type": "table-file", "sha256": "69d0536f136fc089867f58fe24a835b7f1813690aae091c8fe3de1a4ac9a9ef5", "size": 608, "artifact_path": "wandb-client-artifact://869jo1rnabxjy4pjl7dpdvcfoqgi5ylo52g35ahs3zzn9rc0oljuipzswkkfephbk4pnw0jirjhk34rtxplux7q0y4ampkf5rsgfqbyao8dqyk0cagex49rt56rldtge/label_metrics.table.json", "_latest_artifact_path": "wandb-client-artifact://kvsad2hrvn79mwlju7c3xji5k9pqfbpjeteoz7kg0u76mz7duoagja1q3tp4mrkogc9qli8pgypiqx29ybk6dfu3nlie0h1o0wgdkta26a4kohuhydkbmk9f8emlldvk:latest/label_metrics.table.json", "path": "media/table/label_metrics_251_69d0536f136fc089867f.table.json", "ncols": 6, "nrows": 5}, "test_predictions": {"_type": "table-file", "sha256": "9eeafbdc7e791bb3bb441eae359bbe747f90554457340da9bac002c191079647", "size": 53544, "artifact_path": "wandb-client-artifact://66ybuqh3wywnn9codrbuvoy33uoj8g2dbploihlakjnk7t77qunbd11s6rhwoqe016hch8uchg33227vj5is6rtht3rz53dcu85lgcw0iy0mgiu8000ej29rzvfitxid/test_predictions.table.json", "_latest_artifact_path": "wandb-client-artifact://mjvrnzds1w81iiq78o6wo5vcn1at1vvykv8dyr873c2kmi51sqcmgc0brzafph9llig845jk1kcdg94c2ghnxk3t4ep5alvse1qawt9oyteoutx5q564tckr7g1814gh:latest/test_predictions.table.json", "path": "media/table/test_predictions_252_9eeafbdc7e791bb3bb44.table.json", "ncols": 8, "nrows": 168}, "test-metrics": {"_type": "table-file", "sha256": "43202e6dc874140905b827033dbcf02e296a1d8ce0a964c2df12aeb03961b188", "size": 195, "artifact_path": "wandb-client-artifact://0pc8836mp4u8pfo4djjs7oe2mjh0wusurn1yxl6t4uml5xjz4gii0kpjsd1szvt6tyza78uc5meixyso8veg8p1r383r266xgamhtyb2sleio6oammoj5fy52wwvvxjc/test-metrics.table.json", "_latest_artifact_path": "wandb-client-artifact://kduqnvni7p4tpfuu8vl83bus5ovyq6z8f8x3hq7bkruxemk81m5oii4zs9korazdxa380k0v21pgrmyvz9gp2640wmdo9s08u32s8j3g8p3tt7g1gbx2qhmucf74b0k6:latest/test-metrics.table.json", "path": "media/table/test-metrics_253_43202e6dc874140905b8.table.json", "ncols": 5, "nrows": 1}, "test_connective_metrics": {"_type": "table-file", "sha256": "e0bbafb83f57b97190abddc12b3c45f0cc2c6a36df2255d3dafac4faf4dd5dba", "size": 425, "artifact_path": "wandb-client-artifact://p3qfakgdex432jzumh5fyliakszc9th84u3zc496sdkd62a1sic4ioh62xzzeebn59ex4i6nixhtzaypxsnrd609t5wmky8enw4l3koaw3w2s0h1zrckz05lvgh65d0l/test_connective_metrics.table.json", "_latest_artifact_path": "wandb-client-artifact://9n6a4haleynupfl0sdm8wrlketsktwkfsd5wxwbp7k0n6706q012ix041al804eyfuxmkmpixkkeeaejp0om9t5lw5ktn3of4nt3qqoirmwbvr4ix1lanszxdvck4fnb:latest/test_connective_metrics.table.json", "path": "media/table/test_connective_metrics_254_e0bbafb83f57b97190ab.table.json", "ncols": 6, "nrows": 3}, "Exclude_counts": {"_type": "table-file", "sha256": "14b17048af7d70db18371f6d087e4493b63d0c540484cbe27bc06c81be6115b0", "size": 74, "artifact_path": "wandb-client-artifact://b7v6g7mnozyvq0wcigs073wgis6cteqjiyjr8pz798i2f9hr5du06cbhys8l87e0s8tlh9f0xunimq5zca90wga4wiwmlgr0bhoetko2z903yn1leot2x0vlsns413cm/Exclude_counts.table.json", "_latest_artifact_path": "wandb-client-artifact://eptdy3v7q6er6qlbsjdj8asryky8ednz0fekhsbwrj7bg1ai0b0ici4opq7jerw9ox38lfbxkgijrhmi0sg1ovjha6hdqrh97u6taoz6i9v8ipdbot6dcug1y2e3j88s:latest/Exclude_counts.table.json", "path": "media/table/Exclude_counts_255_14b17048af7d70db1837.table.json", "ncols": 2, "nrows": 1}, "_wandb": {"runtime": 871}}