{"train/loss": 0.0003, "train/grad_norm": 0.0037795596290379763, "train/learning_rate": 3.337028824833703e-05, "train/epoch": 12.0, "train/global_step": 2004, "_timestamp": 1739148208.1899369, "_runtime": 862.6076619625092, "_step": 256, "test/loss": 1.1971946954727173, "test/accuracy": 0.8333333333333334, "test/precision": 0.7802884615384615, "test/recall": 0.7670336189848386, "test/f1": 0.7394596057370053, "test/runtime": 1.8682, "test/samples_per_second": 89.925, "test/steps_per_second": 11.241, "epoch": 12.0, "train/f1": 0.9775988924164318, "train/accuracy": 0.9940074906367041, "train/precision": 0.9976851851851851, "train/recall": 0.9594473730228825, "val/f1": 0.6984124391026576, "val/accuracy": 0.9041916167664671, "val/precision": 0.8718238587424634, "val/recall": 0.7108333333333333, "val/loss": 0.6350024342536926, "eval/loss": 0.6809490323066711, "eval/accuracy": 0.8982035928143712, "eval/precision": 0.9089473684210526, "eval/recall": 0.8358333333333334, "eval/f1": 0.8561276404754666, "eval/runtime": 1.8557, "eval/samples_per_second": 89.993, "eval/steps_per_second": 11.316, "train_runtime": 854.7019, "train_samples_per_second": 46.858, "train_steps_per_second": 5.862, "total_flos": 4215152642273280.0, "train_loss": 0.22750293265545077, "label_metrics": {"_type": "table-file", "sha256": "962dc9009037dd0f05358719dd6e501e1759e7e2eb3be092765cfb00e76f2750", "size": 581, "artifact_path": "wandb-client-artifact://4e4ni64heee12mu7iwycggtea74ql00gr2gfewse7m4ekm6mbpgbq9l1wzszehldglxt63y83zvxf023q83pehb7pbd1yzk72g967v7mvhnhs4fqsf34oehg94s42mc4/label_metrics.table.json", "_latest_artifact_path": "wandb-client-artifact://qm1drld76hvy2fxt6sftiyo91kvt14fzr6layhbi2pv7o2io5g0hu3xu6t8fxlvqe6d5qcbx9852v3ntm3ey9gimqhjs4x6i3qph6045sy9omg42sgqm5v5y3bsrw49t:latest/label_metrics.table.json", "path": "media/table/label_metrics_251_962dc9009037dd0f0535.table.json", "ncols": 6, "nrows": 5}, "test_predictions": {"_type": "table-file", "sha256": "4e591c6f8052d982adedfe82bf020ea31916ce20e5baaccac41b48c05174164d", "size": 89128, "artifact_path": "wandb-client-artifact://3qvny5bfzsk634v9q6ref0tpq4yyl8zgtphpvraeiaau6bhl7knhh88r2cdojnvtax31i86x4r40q3inqbi125vfah1451bzl00wwe7kgc5n05u23o2huu2h0x4rclxz/test_predictions.table.json", "_latest_artifact_path": "wandb-client-artifact://c8849auphufe3blm5ge8194s0cn02ef31p4irahc26pdkxq62dvj40hah7uvl12ou550akr5oz9do2luw1zuygm5o6a8jbi0t15fdshy2xyf0025jr6r1pv2axy2hxjf:latest/test_predictions.table.json", "path": "media/table/test_predictions_252_4e591c6f8052d982aded.table.json", "ncols": 8, "nrows": 168}, "test-metrics": {"_type": "table-file", "sha256": "cfc02cd5ef8f0ca0b537711b2863c0db340498ea9dff3ca81e9140696a049701", "size": 200, "artifact_path": "wandb-client-artifact://z1no2qz03wv3xypbn877re6wz9ai9z590hj0u42x65lfl3382wwhndiam82rsnf4c58urn46qczqivk6trfq605x6ror6wz2sk96hexoe5d062dqewu7lbq7q3ufyobw/test-metrics.table.json", "_latest_artifact_path": "wandb-client-artifact://5ajxtl35ttlap4ilwo192nbblwrw7x9n9fb2rj539ayl8zvd4awo6pbrwihwhse7dnlppu846l0722mbw3sid1bz00uz3k4sizwtcgeqjpiep6g8xzhc6f7ndmtc3cmc:latest/test-metrics.table.json", "path": "media/table/test-metrics_253_cfc02cd5ef8f0ca0b537.table.json", "ncols": 5, "nrows": 1}, "test_connective_metrics": {"_type": "table-file", "sha256": "c18502eadf4fc8dadd747072071a2c67c107f423596496fcd6e33d04636547fc", "size": 439, "artifact_path": "wandb-client-artifact://xuvwxifcu2dqsdgu0e9lig5nsnb55mrgixu88zhtgdq5gyw4eizitfmf7rvzcckr9zqp7bzp72sr6cs92zgno8gwq6z4uiuqf56dw4rw1sr1lkp1o857dydakjlxmxbj/test_connective_metrics.table.json", "_latest_artifact_path": "wandb-client-artifact://h36zzxpce8j8jd8db3uz64pcd7pyyf5ofnjis45o8g8qtwkag5ycjrq8kj5uqa8ieqqjd0w6tdl8eo12jdapqbniv26yeb96nbrislz67b8tfo5n2jxklj72nxca6g4i:latest/test_connective_metrics.table.json", "path": "media/table/test_connective_metrics_254_c18502eadf4fc8dadd74.table.json", "ncols": 6, "nrows": 3}, "Exclude_counts": {"_type": "table-file", "sha256": "1315d459f2edbaf5a26cf162c57611f734e37385686ca35ad763b16ff92f0e5b", "size": 77, "artifact_path": "wandb-client-artifact://ogj3cg7kv5xtxwcf53ldui943t340ff8sk92b52jgvwczrgtlm1tuhg0xlq9j2zswr98uvq9ghtzdyhl6ueb167c08qkb0witu8a0zakfea4iuddle8ldaon83l7f292/Exclude_counts.table.json", "_latest_artifact_path": "wandb-client-artifact://eio86ms93jnfsd62h03xajibgp3pkjfhcgj297bar8o1kjlr06sq4kdc7uicq1f3f4wd5khf0qn2tgl2wwenss7pt9rw3s2r2tdvihxnwmgzycer1gupgti5lqyvqh8b:latest/Exclude_counts.table.json", "path": "media/table/Exclude_counts_255_1315d459f2edbaf5a26c.table.json", "ncols": 2, "nrows": 1}, "_wandb": {"runtime": 870}}