{"epoch": 14, "valid/loss": 0.03170319517215569, "valid/accuracy": 0.718562874251497, "valid/precision": 0.1437125748502994, "valid/recall": 0.2, "valid/f1": 0.1672473867595819, "_timestamp": 1715564073.424563, "_runtime": 276.9634749889374, "_step": 31, "trains/loss": 0.0033926403924320523, "trains/accuracy": 0.7528089887640449, "trains/precision": 0.23136363636363635, "trains/recall": 0.20490578476075375, "trains/f1": 0.1823934524403633, "test-metrics": {"_type": "table-file", "sha256": "6e197842a3558e710117c6081132ed9c50f450b14ac20a0cd67233c9ddcaf32d", "size": 213, "artifact_path": "wandb-client-artifact://wplxiahqfcr75o8lzyvoeotp27tu4ugncx9plleou5qqjhvfjcu3evy2kmx3fslgddn5mlft5lykvlpyu1xzn5pfazzk8vu4jfd54sqpek7sae861mvkxqy1a98mak46/test-metrics.table.json", "_latest_artifact_path": "wandb-client-artifact://r1xadqpj2hruiwawcmj5cpb6o17vjzq1iep30zkpd2n0fl2b3ygaxeqx6ci77cp8i3k7f8p4dqcjvydnh9mw3xtrq0kkkig9d3jbqvy0nj71tvv83k9z2fvumn5c0ozb:latest/test-metrics.table.json", "path": "media/table/test-metrics_31_6e197842a3558e710117.table.json", "ncols": 6, "nrows": 1}, "_wandb": {"runtime": 274}}