{"train/loss": 0.0014, "train/grad_norm": 0.010645791888237, "train/learning_rate": 3.7028824833702884e-05, "train/epoch": 10.0, "train/global_step": 1670, "_timestamp": 1743011721.5167432, "_runtime": 723.9153451919556, "_step": 215, "test/loss": 0.9588788151741028, "test/accuracy": 0.8392857142857143, "test/precision": 0.7437780401416766, "test/recall": 0.667820259283674, "test/f1": 0.6862673926194797, "test/runtime": 1.8789, "test/samples_per_second": 89.413, "test/steps_per_second": 11.177, "epoch": 10.0, "train/f1": 0.9760328329768285, "train/accuracy": 0.9932584269662922, "train/precision": 0.9936523667940913, "train/recall": 0.9602149235152038, "val/f1": 0.7806428571428572, "val/accuracy": 0.8862275449101796, "val/precision": 0.8486928104575163, "val/recall": 0.75625, "val/loss": 0.477163165807724, "eval/loss": 0.6429868936538696, "eval/accuracy": 0.8922155688622755, "eval/precision": 0.9063909774436091, "eval/recall": 0.8529166666666667, "eval/f1": 0.8627517410126107, "eval/runtime": 1.8744, "eval/samples_per_second": 89.095, "eval/steps_per_second": 11.204, "train_runtime": 716.232, "train_samples_per_second": 55.918, "train_steps_per_second": 6.995, "total_flos": 3512627201894400.0, "train_loss": 0.266188161299023, "label_metrics": {"_type": "table-file", "sha256": "2d0a86be49cd36cc3fe8326768b8e01322d0ff65675bacec909653f2e8c15ef3", "size": 622, "artifact_path": "wandb-client-artifact://x8cqxknn2qpi5pg2oqwob2alazxkzea1lqu26d97lbr67geskpqpogsyzq3x0c6u2lshmrinqdi9ulnt4yekbqj0laxmsqfjncj204bdmj8hyyvdfxd6rh58d5c8j906/label_metrics.table.json", "_latest_artifact_path": "wandb-client-artifact://oo9paeukphmno7ka9l0et2d72x7b5zcnecr0r63r8sf00lfs8qzl3z67h5ottoomfb6ozs6d4bm6x3f6a89mkjbvkoihvhx5os8wk63vzgp623335cewwmt6w463yvl9:latest/label_metrics.table.json", "path": "media/table/label_metrics_210_2d0a86be49cd36cc3fe8.table.json", "ncols": 6, "nrows": 5}, "test_predictions": {"_type": "table-file", "sha256": "05b982c586021d1dc24f41ee07e95266af11bd92a1b9f628e9f20a44174332d6", "size": 88198, "artifact_path": "wandb-client-artifact://j245oieljj20wfd0rnmmgsyrlvdrouudifeyn9a3tm9sufmzlf5ii50yrgn49a76rwl2pfw19pt5cr8j5l2d8bymnr9645vw7shpt0tg3sq7ncglyn9v3vcsec5wrmlm/test_predictions.table.json", "_latest_artifact_path": "wandb-client-artifact://du8yafshvrp3qtyv0wdygletuwef4axa9y8qo23oczhehbwy8j3ubswbbw5ok35y1w0alk8ob5nfg9jfhefmtw3w3xlsekpevblwxdj3w1d0wd1acbgdqil76qz3k1tc:latest/test_predictions.table.json", "path": "media/table/test_predictions_211_05b982c586021d1dc24f.table.json", "ncols": 8, "nrows": 168}, "test-metrics": {"_type": "table-file", "sha256": "d9bd61c3ece9f153f8c9ffb7ec55f07be34f75e2dba4fb95e35dfa843a72611e", "size": 200, "artifact_path": "wandb-client-artifact://m2m26z7q3z1hvpzgwozw5cghs3pt1784abb3v0xiy2o9qwm6rnyyb5k3rbu8th6nye23ghqv8w549o1t3wxpm0sur273fa9804uoputp82gdwxaangerqaegfcysjo1n/test-metrics.table.json", "_latest_artifact_path": "wandb-client-artifact://97srelew8vwfzszytbuc67kb9ryfhc0l6o8evahyc5c8edat52az0o070g8jzk2yi5hsax7o4qrpuv5ohyw8bxbdppfwkyahcpc7utz1p615sxbta7xe7jda3rgq65zv:latest/test-metrics.table.json", "path": "media/table/test-metrics_212_d9bd61c3ece9f153f8c9.table.json", "ncols": 5, "nrows": 1}, "test_connective_metrics": {"_type": "table-file", "sha256": "0367f481f5fa97a400baa8460132ec0f78c260e3ed195e100a748d56a636eddd", "size": 444, "artifact_path": "wandb-client-artifact://ry3rxskzw0hqitatwrfct8ggrbz5f1sryp0g0elu167k5emt5s9jshl6ac7b9jwyecsll99en3cdfq4ormbr7rc8sxvebnvljod0fte0qkcaykyssdwvbi1c9tyyj9w1/test_connective_metrics.table.json", "_latest_artifact_path": "wandb-client-artifact://uqz57euv67iladjwjd1wtm54ti7wfiy3fqu9bp7pgnex85asr6vtjubu1c7jr84pl4kmeaqcdku7izj2x6rqzxht499ki7y1t4q4yohbheaen7eseioak48sd3f5fttj:latest/test_connective_metrics.table.json", "path": "media/table/test_connective_metrics_213_0367f481f5fa97a400ba.table.json", "ncols": 6, "nrows": 3}, "Exclude_counts": {"_type": "table-file", "sha256": "77258b7129a4391441f72a7439756a1d881e220753ec917f090c57798cc106a7", "size": 79, "artifact_path": "wandb-client-artifact://rtc0h831llkluisckkk0meo2pr2nzb98oy7rwnw5xkr9gpqw311f8nyiyytipj1f9kwc7tss06pzu3lbvsxaoaj1kkguai72mf44gk8edae99ker6aehe79og0s6vs5c/Exclude_counts.table.json", "_latest_artifact_path": "wandb-client-artifact://3brx1yb063zjdnz7cp0ojyz3bcrrqw1i4y2gz79hggebp85lsweaxjqy1oyy8k3b4ph6i8qjjsl1ouqufe262f49lvfmyzcn4sj76j9lwon6mm379btfx6coyudl7h5p:latest/Exclude_counts.table.json", "path": "media/table/Exclude_counts_214_77258b7129a4391441f7.table.json", "ncols": 2, "nrows": 1}, "_wandb": {"runtime": 732}}