{"train/loss": 0.0004, "train/grad_norm": 0.010342499241232872, "train/learning_rate": 3.7028824833702884e-05, "train/epoch": 10.0, "train/global_step": 1670, "_timestamp": 1735984782.0773923, "_runtime": 730.6542193889618, "_step": 213, "test/loss": 1.0341402292251587, "test/accuracy": 0.8452380952380952, "test/precision": 0.7930417031204433, "test/recall": 0.7419116677653264, "test/f1": 0.7534080298786181, "test/runtime": 1.8794, "test/samples_per_second": 89.389, "test/steps_per_second": 11.174, "epoch": 10.0, "train/f1": 0.9759647658813224, "train/accuracy": 0.9932584269662922, "train/precision": 0.995337348479073, "train/recall": 0.958529941830222, "val/f1": 0.7091248393550185, "val/accuracy": 0.8862275449101796, "val/precision": 0.8367251461988303, "val/recall": 0.6941666666666666, "val/loss": 0.7845287322998047, "eval/loss": 0.6394520401954651, "eval/accuracy": 0.9101796407185628, "eval/precision": 0.9203030303030303, "eval/recall": 0.8670833333333334, "eval/f1": 0.877899877899878, "eval/runtime": 1.8681, "eval/samples_per_second": 89.397, "eval/steps_per_second": 11.241, "train_runtime": 722.8228, "train_samples_per_second": 55.408, "train_steps_per_second": 6.931, "total_flos": 3512627201894400.0, "train_loss": 0.2572806374652278, "label_metrics": {"_type": "table-file", "sha256": "235a0171a6ce4a86bb8348d355862ad2bd3030c03cabfc3feb5aca3ef1e51dab", "size": 508, "artifact_path": "wandb-client-artifact://k0gylgswbkd62wvtpiz1v62amd0tmbyp5hn8gy9qt0iqe3tvm3xuu1dqaa0m1g0ljga4i65lwlk2rknv78ih6xlwp5ah5q0e98kwr9unb6x9rsl9ebs3s88l2ev4aqix/label_metrics.table.json", "_latest_artifact_path": "wandb-client-artifact://nzk2uijzrz080i2w4pbdiqu3tyc9nygzrvpra90csjdiv1dhfjx8atfdncmzx50h78lwp20e5rms54i4j9b2s55x7dys1pp3y3aklv6or9wj5qpdpcin8hppmulqc83r:latest/label_metrics.table.json", "path": "media/table/label_metrics_210_235a0171a6ce4a86bb83.table.json", "ncols": 5, "nrows": 5}, "test_predictions": {"_type": "table-file", "sha256": "5fedb3416aba1f72a38332ab828df642c9539307d6c019809ed8eac8fe9f483e", "size": 84591, "artifact_path": "wandb-client-artifact://7gm8yi6h5dpr96w2y5rku3nzhapudz2kqzdbv5aov9gdlb0eua0ockndbq7wv0l8rv1of2m3wvd3fyrhi2h758b5ii8yucatitmt09qp208vzjsdvc91w34f4eqahuec/test_predictions.table.json", "_latest_artifact_path": "wandb-client-artifact://0of98m9ah1mav19s46asd0yptwyuqh4sbup04sxnrg48g9ldtpb6p2foe3yujbo13tmjwva11l81wt2zet75p91vs4wx206axpi0gl7e5zo66ixvt47hk72azbvwiasz:latest/test_predictions.table.json", "path": "media/table/test_predictions_211_5fedb3416aba1f72a383.table.json", "ncols": 7, "nrows": 168}, "test-metrics": {"_type": "table-file", "sha256": "3f4c3f40eee29a2805061e02703361870f5f301bf2b8c98c050a93f2181d18f7", "size": 201, "artifact_path": "wandb-client-artifact://i8woesob1htul1tq89ockpx8ydrqfkb8cdx7kkoccbtbkcxtod7lmnmmunqkpball697l2b8lw4pbdw06ae4td4igkn7kdhqhcng3g5a3mb4w1g5yec7xs3w732l0ejq/test-metrics.table.json", "_latest_artifact_path": "wandb-client-artifact://hzrsilfeffj4iafm6zorc51ncaou01b56n82e5d3epsqqbyv1tpbicv5iali5y6jkblml6rh0vsjn3k90fz96dix0zmsnqrmu3ynwmll79be7u1qgmorx9swx676gsee:latest/test-metrics.table.json", "path": "media/table/test-metrics_212_3f4c3f40eee29a280506.table.json", "ncols": 5, "nrows": 1}, "test_connective_metrics": {"_type": "table-file", "sha256": "524ac1a30ceabe5125eefdc2382cf3025f32205c051ece7f97eb5ca21cb007fb", "size": 454, "artifact_path": "wandb-client-artifact://io1zso0xjki7geoyy0ldakgeo3yqbm11uz3vge38znnadeysa06vg1i4m0f8ii545un6ddiygbgoipfa6wv87b1e55fezl1livgtx5ownnl1ilbz9jclc35n20lho7cd/test_connective_metrics.table.json", "_latest_artifact_path": "wandb-client-artifact://jlrc6h78n3covzjmxeihuf568mrc22yu4ip95orfvtbwvs68l916en4x8g3x4dd40ms2x7anzxopla3ebgh6wz4av852893xfr5csc2b14z7znxe5t4rvopwy4azb26z:latest/test_connective_metrics.table.json", "path": "media/table/test_connective_metrics_213_524ac1a30ceabe5125ee.table.json", "ncols": 6, "nrows": 3}, "_wandb": {"runtime": 736}}