{"train/loss": 0.0009, "train/grad_norm": 0.014348512515425682, "train/learning_rate": 3.7028824833702884e-05, "train/epoch": 10.0, "train/global_step": 1670, "_timestamp": 1736758482.7918086, "_runtime": 722.1085956096649, "_step": 214, "test/loss": 1.2501667737960815, "test/accuracy": 0.7976190476190477, "test/precision": 0.7198382749326145, "test/recall": 0.6341924851680949, "test/f1": 0.6353336970358247, "test/runtime": 1.8777, "test/samples_per_second": 89.473, "test/steps_per_second": 11.184, "epoch": 10.0, "train/f1": 0.9752412477336423, "train/accuracy": 0.9932584269662922, "train/precision": 0.9707809601290182, "train/recall": 0.9811708491475564, "val/f1": 0.5569309050075446, "val/accuracy": 0.8083832335329342, "val/precision": 0.5570962588203967, "val/recall": 0.5958333333333333, "val/loss": 1.1406924724578857, "eval/loss": 1.2079681158065796, "eval/accuracy": 0.7844311377245509, "eval/precision": 0.7848979591836734, "eval/recall": 0.74125, "eval/f1": 0.714636277302944, "eval/runtime": 1.8618, "eval/samples_per_second": 89.697, "eval/steps_per_second": 11.279, "train_runtime": 714.7478, "train_samples_per_second": 56.034, "train_steps_per_second": 7.009, "total_flos": 3512627201894400.0, "train_loss": 0.2774632681858263, "label_metrics": {"_type": "table-file", "sha256": "a415ade7dad5bae04a3f44e7443716fe407f9db03e61b8db3f25022d2a3dd418", "size": 620, "artifact_path": "wandb-client-artifact://4pssihybxjs9ym6z39cs07c60v870szu9wqjhf6qbn5ykj3882231g2ccmpv4dgc77kvh0cyluu3zxatu82pydr1f9sr0uepjimpau0sgj4kitmxe18ndqerxqz6fmgy/label_metrics.table.json", "_latest_artifact_path": "wandb-client-artifact://5rhxdw9r0thf2azz8gbknay8fck7auwjwpieemq0zh5oyd2tvbeow9lv959z9chufevry8ssvomumtm99pbtu90ziya7ztzheechlbqc96gwxrvl1ipmy149enf6s2aa:latest/label_metrics.table.json", "path": "media/table/label_metrics_210_a415ade7dad5bae04a3f.table.json", "ncols": 6, "nrows": 5}, "test_predictions": {"_type": "table-file", "sha256": "a2b90590b2530405448003cabd2f12a901c63df740a15755bab74fe6e6cfbbc0", "size": 75124, "artifact_path": "wandb-client-artifact://4ux6h8f82tc3rx0tdlzmuu5e6glu6vj2zicqt7j5ppiofcwu1lhglqr0srywihps9mlcilyd16qgi5c18m623bbi3o4wzdaey0ys7pd7328ej2grvxhi57hh4x96q34t/test_predictions.table.json", "_latest_artifact_path": "wandb-client-artifact://1phr3b5ha302s10rt48zbru1m3j2aot1548o0n4vp2q95fas21y0piqpg88bb7aw8mix2zq163qnp7ukxeaywln35wgngv4r3l72rgk8mp397w3ljfbzf7drib8wmm45:latest/test_predictions.table.json", "path": "media/table/test_predictions_211_a2b90590b25304054480.table.json", "ncols": 8, "nrows": 168}, "test-metrics": {"_type": "table-file", "sha256": "e9b9ffcdfc6d8d9ccc0c46885e882568828ce8e800124d43cfa11961ddc42f26", "size": 200, "artifact_path": "wandb-client-artifact://th8qy9dwvmhcbhw9qwb2sumeevlws7sledic38ypkv4w5xtvhegk4uvhmm07o81mq6hq8eknb5abumuegl0c3027pm9eulyc0o35fn43c6w6b4e8yk93k3pbq67h2ja6/test-metrics.table.json", "_latest_artifact_path": "wandb-client-artifact://rrp4fv1n4k72u3b8hug8d81f5tn30soqthm2njpv3st80zyp0c325en1r9ynirnlaxpx9vpc6vf8r9uzvo4iytse3rt1fqsh2zqrlzrm1s1w4yfereyl5vkqbkxmebvd:latest/test-metrics.table.json", "path": "media/table/test-metrics_212_e9b9ffcdfc6d8d9ccc0c.table.json", "ncols": 5, "nrows": 1}, "test_connective_metrics": {"_type": "table-file", "sha256": "7b51029707e360870a204fbad09424a40606cddd887b3009d1ac56948bf244c8", "size": 425, "artifact_path": "wandb-client-artifact://959n7unsb4uiq32xnnsl8hqc982ddv0yimait56b4ph5zlham4xc504aj936wkpux4pgepb01kt0pl2x879u0ji12rrvlha3m0uivc6ud4bmu56q15t3vpk9xpzry3pr/test_connective_metrics.table.json", "_latest_artifact_path": "wandb-client-artifact://5sq5c8aaihbsel3cseiwo1v0skmaz7j4hc4chmhttftjocifuxg3klbvcut8zq1yqhj9ilileba1a50d184sf2fq7i4id8o80mvh0a75hpectqhbj1eu50m3u5bd1k0u:latest/test_connective_metrics.table.json", "path": "media/table/test_connective_metrics_213_7b51029707e360870a20.table.json", "ncols": 6, "nrows": 3}, "Exclude_counts": {"_type": "table-file", "sha256": "e1c9680c5dbf27c108a9c47e201f13cfb20008c24fc3198b33ecbe61bb69d2a1", "size": 79, "artifact_path": "wandb-client-artifact://uti5nl1ekgmxem45jm5ansch9ug5q1p39axkah63xvc38p0h6ast9dkxv9cdx6e8r2wjxysjykxaypqg0p92zem3jd43w9moh5nq7gtzq6j1zttdc3jy5k17inprrqp7/Exclude_counts.table.json", "_latest_artifact_path": "wandb-client-artifact://sdl3r2yjkecd84x6b2voe18htbmo63h5u8b4hp55o6mam76u4illl6lrvvcrfb9z6i30sd2kizy7af45o0sn9sh6iv3gaqwn23km90sxalrfjrvmz71wsm683duuxm80:latest/Exclude_counts.table.json", "path": "media/table/Exclude_counts_214_e1c9680c5dbf27c108a9.table.json", "ncols": 2, "nrows": 1}, "_wandb": {"runtime": 730}}