{"test/loss": 1.5983054637908936, "test/accuracy": 0.2, "test/precision": 0.06666666666666667, "test/recall": 0.2, "test/f1": 0.1, "test/runtime": 0.1143, "test/samples_per_second": 87.511, "test/steps_per_second": 17.502, "_timestamp": 1720437415.1575959, "_runtime": 57.8806037902832, "_step": 131, "epoch": 30.0, "train/f1": 0.725, "train/accuracy": 0.8, "train/precision": 0.6799999999999999, "train/recall": 0.8, "val/f1": 0.14444444444444443, "val/accuracy": 0.2, "val/precision": 0.12857142857142856, "val/recall": 0.2, "train/loss": 0.8165, "val/loss": 1.8653342723846436, "eval/loss": 1.5454392433166504, "eval/accuracy": 0.4, "eval/precision": 0.5266666666666666, "eval/recall": 0.4, "eval/f1": 0.4216666666666667, "eval/runtime": 0.1145, "eval/samples_per_second": 87.372, "eval/steps_per_second": 17.474, "train/epoch": 30.0, "train/global_step": 60, "train/grad_norm": 11.978782653808594, "train/learning_rate": 6e-06, "train_runtime": 54.2039, "train_samples_per_second": 5.535, "train_steps_per_second": 1.107, "total_flos": 78935442739200.0, "train_loss": 1.2309653600056967, "label_metrics": {"_type": "table-file", "sha256": "964aae10619b98fcbc9f315301703194aad0464ed34ff34be3a92d267bae180c", "size": 315, "artifact_path": "wandb-client-artifact://arkll61dju4nv6sw3rq0bp7u1mckdqtyqolijz0gn1ua208bthr2zwv2b7hsqstfsl760i7j4hj6fuvo5vb33f6mwjq4bhisx6l7391c9qtqclqylhfqpbzqw0lxh0z8/label_metrics.table.json", "_latest_artifact_path": "wandb-client-artifact://4nfehvoii3sd9jfbbcsp8gqv2vyjuunxi24zxn9wlw6zsi5bvkdv82bb0ztgcfyiiuagsetxid54w3f39tbt0doht2ns63dlr7wh9czuni2jj2i1dflnbtedjk4glr7u:latest/label_metrics.table.json", "path": "media/table/label_metrics_129_964aae10619b98fcbc9f.table.json", "ncols": 5, "nrows": 4}, "test_predictions": {"_type": "table-file", "sha256": "cb80929c5aac574c48bfbe6582eb54bde9b927a931d99908e8a4dd75ce9c3271", "size": 4806, "artifact_path": "wandb-client-artifact://2mig5giey0tnbbee1pwu1823pdqtn80nmns9b6k2mi2u71c3p1vt1n6h3g44ynvdzvsisw87dtze53ez4v62ymsowzqkc69pydsv7plixxb0mnymnbjm6sv87h2bvxcs/test_predictions.table.json", "_latest_artifact_path": "wandb-client-artifact://txvtjrl2e8clbtctbnmmkwulnro3i7lug8f9noaowo2zzme86790vga1g8fd6no3f64snnifuazzdmmb1oauax2oaue9brtuof4pdmwwggevubrykhsxvpifk28p2nwf:latest/test_predictions.table.json", "path": "media/table/test_predictions_130_cb80929c5aac574c48bf.table.json", "ncols": 6, "nrows": 10}, "test-metrics": {"_type": "table-file", "sha256": "75b7ca52c1bad592da6d7f89de71001e0d34ba676e9c4fb45623c98265025015", "size": 152, "artifact_path": "wandb-client-artifact://mf147udom414cqlgpe7a0kp05pk04eyj3z1z7yzx4wk42zubs6n1ep0ekluckuwr8f54whep7zjo21c7snjjzdyyfcraiqcl2tonfxm25asuf3x2pw40pvgjzc8lulfp/test-metrics.table.json", "_latest_artifact_path": "wandb-client-artifact://55yrgyrodqcqi6x4xukmwme4s2ohd32w8f5qpg4qfq2pdtnpdmzizg88efi6stv5148nqv8wc509hyqsfzqmeeol7o8u9kr8edtmb1e4393drea0fnhx2of1u0ag2i1j:latest/test-metrics.table.json", "path": "media/table/test-metrics_131_75b7ca52c1bad592da6d.table.json", "ncols": 5, "nrows": 1}, "_wandb": {"runtime": 61}}