{"train/loss": 0.0167, "train/grad_norm": 0.008281409740447998, "train/learning_rate": 2.5942350332594233e-05, "train/epoch": 16.0, "train/global_step": 2672, "_timestamp": 1736764327.5814095, "_runtime": 1156.8415665626526, "_step": 338, "test/loss": 1.3648091554641724, "test/accuracy": 0.8333333333333334, "test/precision": 0.7718028780885148, "test/recall": 0.6719116677653264, "test/f1": 0.7072268907563025, "test/runtime": 1.8841, "test/samples_per_second": 89.168, "test/steps_per_second": 11.146, "epoch": 16.0, "train/f1": 0.9775911498091971, "train/accuracy": 0.9940074906367041, "train/precision": 0.9984158415841584, "train/recall": 0.9587295426286252, "val/f1": 0.8155238095238095, "val/accuracy": 0.8862275449101796, "val/precision": 0.8651851851851852, "val/recall": 0.8045833333333334, "val/loss": 0.7745141386985779, "eval/loss": 0.8634969592094421, "eval/accuracy": 0.8982035928143712, "eval/precision": 0.8611050527081062, "eval/recall": 0.8404166666666667, "eval/f1": 0.8395392732752727, "eval/runtime": 1.867, "eval/samples_per_second": 89.45, "eval/steps_per_second": 11.248, "train_runtime": 1149.3546, "train_samples_per_second": 34.846, "train_steps_per_second": 4.359, "total_flos": 5620203523031040.0, "train_loss": 0.17558098707155012, "label_metrics": {"_type": "table-file", "sha256": "0870f266a7b47c1e16f40bc7415b8a49692d3cfc6d737578c65c9c2dea84c720", "size": 565, "artifact_path": "wandb-client-artifact://we0u3ytgqmhqmn9enqfq3sa5uy1pvik0bolkfotwtrqkhtrqnofo4929k1jush8k8jr69npe8z7df7ro3dwcf7ne0i12x1sqmnncitfawwe9drpc7oe2f6gxxbcngxca/label_metrics.table.json", "_latest_artifact_path": "wandb-client-artifact://hudal9k1d8sop86f8zgku8f7175f93icry1twxot2b9ux4x6se7414vksjax5pmuoqaftzdpajbkwespiwimu7flip3l6eeoz0u1em17jlfm06rk8qc28ybor033i6z0:latest/label_metrics.table.json", "path": "media/table/label_metrics_334_0870f266a7b47c1e16f4.table.json", "ncols": 6, "nrows": 5}, "test_predictions": {"_type": "table-file", "sha256": "cffd888a9a7da5d97f4f96164fa65fe291d6b3e5537048b2286e25ca80239ffd", "size": 88168, "artifact_path": "wandb-client-artifact://4m2humwmwg5phjcww57yh7xk0gn26gt4t16h5kw99vr1h2xsz48xm5i54aj8mlgda762uzjfz30y34d0ylhl0mtfxh649ptcvi8tko9ztw5406t9nhyyvu8imfnjeob6/test_predictions.table.json", "_latest_artifact_path": "wandb-client-artifact://ibnmp49uollgh393n5pgjq423m8ogg8cehbu0pavch9vij0a5vspedio0blm8w29yk314g43lgsz9gcqqlgriokeaukp9pe7b82i8az0dn7ipzub9xqdqx94muwzob9u:latest/test_predictions.table.json", "path": "media/table/test_predictions_335_cffd888a9a7da5d97f4f.table.json", "ncols": 8, "nrows": 168}, "test-metrics": {"_type": "table-file", "sha256": "49ecda629ad3233efae3e5677a78811181458b53a5cafca6eefaf32e8b3cc2db", "size": 201, "artifact_path": "wandb-client-artifact://8jmryjz2v9jqg0vdtd6do0nfs8qzyyr1etnzatup2psec2kzlb740gg8qx2kpoibchnpkcc0q5rc3l8zomp85vbwcxysi638sa89mupyf5fghsybhvutnx5y033otqtb/test-metrics.table.json", "_latest_artifact_path": "wandb-client-artifact://cld92tlet98uq724lgbv2sxbt3cy3e0acqaxrb8itwm7y0sdadbiiytof8xomcndxmfrn5ax0egcjdbeutr5cmurxt1c56dupomj8jexm9cebdy62n3mokacv2zpqen8:latest/test-metrics.table.json", "path": "media/table/test-metrics_336_49ecda629ad3233efae3.table.json", "ncols": 5, "nrows": 1}, "test_connective_metrics": {"_type": "table-file", "sha256": "f386ad0b569a46a0389c0e883dd4f40487f48474b4d5996f4030ca2d4e8d81cb", "size": 443, "artifact_path": "wandb-client-artifact://7jow46uf3r7soldkzs2cclhcmaxo8h29a7errpieep0vlm03xpb5ik3pcdoccdyd92mgx7yhcagb2w5hkonb8zx35l4v3ffts6z3a2ipuldiz7vuoqp8awdp3f8rp6t3/test_connective_metrics.table.json", "_latest_artifact_path": "wandb-client-artifact://ga04orzy8tz3hqe3zeezpta6m2adza1uk3d9bqhpm4fwedg626x3qiikwc9c0plujxrwqr3zr7rfgjtobtls6my7hl1ge9y9y6dsdciajsuxi2jp9izi7l1d3e98feer:latest/test_connective_metrics.table.json", "path": "media/table/test_connective_metrics_337_f386ad0b569a46a0389c.table.json", "ncols": 6, "nrows": 3}, "Exclude_counts": {"_type": "table-file", "sha256": "77258b7129a4391441f72a7439756a1d881e220753ec917f090c57798cc106a7", "size": 79, "artifact_path": "wandb-client-artifact://nj1b0wadcvi4vgdwdhv0yfj5drwl32dz985olri0dyek0l417g0w5fh4ydlvj802dvebaq7i7xuj25r9wh82jpo2acrujgvp3tg2q9wuvdurb1zjrytdm3gng11byqaa/Exclude_counts.table.json", "_latest_artifact_path": "wandb-client-artifact://h4up30rnyqbg124bmrkmnqvgo592vx0wupqmcn8ugocyvx3a4fp517sf5x5j2noxr8tqagf1ksqq94fbptrbf8tgepgf3qcg5wwwqg5w4uscuv7jnsd3ulz43t8xuyyy:latest/Exclude_counts.table.json", "path": "media/table/Exclude_counts_338_77258b7129a4391441f7.table.json", "ncols": 2, "nrows": 1}, "_wandb": {"runtime": 1165}}