{"train/loss": 0.237, "train/grad_norm": 0.6178733110427856, "train/learning_rate": 4.445676274944568e-05, "train/epoch": 6.0, "train/global_step": 1002, "_timestamp": 1739813247.9928207, "_runtime": 919.2448928356171, "_step": 132, "test/loss": 0.742851734161377, "test/accuracy": 0.6964285714285714, "test/precision": 0.5288359788359789, "test/recall": 0.42206108547571963, "test/f1": 0.29030402454353704, "test/runtime": 4.424, "test/samples_per_second": 37.975, "test/steps_per_second": 4.747, "epoch": 6.0, "train/f1": 0.32885236060554435, "train/accuracy": 0.8606741573033708, "train/precision": 0.6749048186298555, "train/recall": 0.3470715027249664, "val/f1": 0.22416974169741696, "val/accuracy": 0.7425149700598802, "val/precision": 0.578228476821192, "val/recall": 0.2341666666666667, "val/loss": 0.9990828037261963, "eval/loss": 0.6922712922096252, "eval/accuracy": 0.7485029940119761, "eval/precision": 0.5621693121693122, "eval/recall": 0.43083333333333335, "eval/f1": 0.30488239641754705, "eval/runtime": 4.4002, "eval/samples_per_second": 37.953, "eval/steps_per_second": 4.773, "train_runtime": 906.195, "train_samples_per_second": 44.196, "train_steps_per_second": 5.529, "total_flos": 2107614117058560.0, "train_loss": 0.6679400431062885, "label_metrics": {"_type": "table-file", "sha256": "f3a20b359d19f6d2e7f4f3e0240642dbba620375f35f768f8760714e4c9eafa2", "size": 619, "artifact_path": "wandb-client-artifact://mt8ufd2eo1eoebdse3j3f5bu4tndc8wnc8zww4xz0f484qfx37oeqnz3ao8lp8h34afh20pb41y6yawju8797phdqogdssbkfh2cz3uwkvbaum9kfnac3llg27mw3bzc/label_metrics.table.json", "_latest_artifact_path": "wandb-client-artifact://wxko0jng5tm2rdc9wwch6a0phe685suy24kx81jwlxo359x8obn0nxgjwd2tj5eh3ay86fv43mrcdnx3dzws2i3pmzjwa0y297uleswjjejmsfgtptort2oikhm3c6y4:latest/label_metrics.table.json", "path": "media/table/label_metrics_127_f3a20b359d19f6d2e7f4.table.json", "ncols": 6, "nrows": 5}, "test_predictions": {"_type": "table-file", "sha256": "d67763f81f62973f1985d20e9d3fc069b36d0ae308e6add6589a8a44ff6ffdf7", "size": 61988, "artifact_path": "wandb-client-artifact://s29al11moblgqeyxtsf8yhnvq39j7vhuxwnirols5z69h0enq2n7gvyciqpg605s0vy1xxypyai5u68yxz7bwrbvm949maazxd03r4jws5ff77n9h3lhzw1lj35tb0ji/test_predictions.table.json", "_latest_artifact_path": "wandb-client-artifact://7cy4t40p03z1807qkievb968sd8fpxvekfront6hwcswuce0ppcj6wgvdj9cvvuwcvbitllpjx5jj5x1odkln8hfm2dgryukvrier08h4iz7kyb7isns8cx24f21ko7n:latest/test_predictions.table.json", "path": "media/table/test_predictions_128_d67763f81f62973f1985.table.json", "ncols": 8, "nrows": 168}, "test-metrics": {"_type": "table-file", "sha256": "9916ccab57d972f831731b74e9cca07265f387ba9bc9dd05cb03d79848187b15", "size": 208, "artifact_path": "wandb-client-artifact://r473dr7h7r5ink0m8epzkhgfhfeuc1rgu3iyhk993eaxfi5vdndiov8ytby4uo65bfvi91xef412z0j0d8p78w2tthug0is5ewq3oi47phdh0eibjnx6guo6tnxwm6qf/test-metrics.table.json", "_latest_artifact_path": "wandb-client-artifact://yi70lphd01eqfr6zcyno3y3125ibbyhtoccqul7ac7e902krmqglfyyfk4jjh06idtlthdefxvd2zangcdq6h65vkv1sv7x51cof9doqwmne6qwkca41ntr10ns20nvv:latest/test-metrics.table.json", "path": "media/table/test-metrics_129_9916ccab57d972f83173.table.json", "ncols": 5, "nrows": 1}, "test_connective_metrics": {"_type": "table-file", "sha256": "de106049e5fd4a7148236f720d132e0421698d12dd2969f1ec6cc4687e5b13ad", "size": 442, "artifact_path": "wandb-client-artifact://bq5g8ekacok322uadwk4nqsqadyq8ns03morylr42hd1e1mvpz1jjdz58u9vsyhk37v1bu0fn31yli4nh5te6jwuppuqu6isnc47n5qjjf7tj93qlftip3ziksiuh62l/test_connective_metrics.table.json", "_latest_artifact_path": "wandb-client-artifact://w4e1iuoyf27fm4pki3g7zt177ux56tkb9xxoguo7yjswayvqdoa24ot9amtf1bqw0dyno6je7m5wkemzjaoi0rvmouzex8mrxupljick5be9oz7huwxmz8575pbifldg:latest/test_connective_metrics.table.json", "path": "media/table/test_connective_metrics_130_de106049e5fd4a714823.table.json", "ncols": 6, "nrows": 3}, "Exclude_counts": {"_type": "table-file", "sha256": "92504b126567f736cbedb8586a5e833f3c5632191cd4c7ca2291163d6a06ccb8", "size": 85, "artifact_path": "wandb-client-artifact://e4xm817su704mtp8b0wjnmrrjvuv3psysegu9e31kvb9m1rody6l4mst3trc561tg8nri6ngb5vfm3wybi4te6nn8p7uzb4seyhpa6t417m6qukgeu4scg7nzmpg1nkc/Exclude_counts.table.json", "_latest_artifact_path": "wandb-client-artifact://j2vl7weew6ry5n9cy43ozo1rbtyi66alx8e8n1njmdii0ki4zg9i584v46fekhmnvscux5971aswf43417rtdipgfdhjcj3ai8oniqp9vimb244pwxrsvovz5d1ja3x2:latest/Exclude_counts.table.json", "path": "media/table/Exclude_counts_131_92504b126567f736cbed.table.json", "ncols": 2, "nrows": 1}, "_wandb": {"runtime": 927}}