{"train/loss": 0.0003, "train/grad_norm": 0.005830549634993076, "train/learning_rate": 3.337028824833703e-05, "train/epoch": 12.0, "train/global_step": 2004, "_timestamp": 1736771907.3918395, "_runtime": 865.7950735092163, "_step": 255, "test/loss": 1.086423397064209, "test/accuracy": 0.8571428571428571, "test/precision": 0.7895491803278689, "test/recall": 0.7414238628872776, "test/f1": 0.7278734787465458, "test/runtime": 1.8766, "test/samples_per_second": 89.525, "test/steps_per_second": 11.191, "epoch": 12.0, "train/f1": 0.9777065025555134, "train/accuracy": 0.9940074906367041, "train/precision": 0.9938492063492064, "train/recall": 0.9632918465921267, "val/f1": 0.8530415405028409, "val/accuracy": 0.8862275449101796, "val/precision": 0.8672134733158355, "val/recall": 0.8604166666666668, "val/loss": 0.7791720628738403, "eval/loss": 0.5998044610023499, "eval/accuracy": 0.8982035928143712, "eval/precision": 0.8910138248847925, "eval/recall": 0.8775000000000001, "eval/f1": 0.8764090554254489, "eval/runtime": 1.863, "eval/samples_per_second": 89.639, "eval/steps_per_second": 11.272, "train_runtime": 858.1606, "train_samples_per_second": 46.67, "train_steps_per_second": 5.838, "total_flos": 4215152642273280.0, "train_loss": 0.22496647905454248, "label_metrics": {"_type": "table-file", "sha256": "7a188b9386baf784febd707f5c542faac6d43b2f8d320b797a0dadb6bd5aa013", "size": 633, "artifact_path": "wandb-client-artifact://f3pm708hvvk4dil4oov9q0imls1elwlh4fw9xwe584c3yxaf5jkujq13q8lm1njgjnbik4neh1tt9px68zffjzids0hibgbhsens5kiqpnlfz7i2y0mir8a0xlb04m30/label_metrics.table.json", "_latest_artifact_path": "wandb-client-artifact://lvf5zlv7scda54mrxbr9kkxp4avg82qi838fa72e59sjbv508r0drlrxflrae43l91p7zziubmuo2rfukztmjzctgo1703b518hfse0vzl4a9mpj8p2ebjv4r2koyplr:latest/label_metrics.table.json", "path": "media/table/label_metrics_251_7a188b9386baf784febd.table.json", "ncols": 6, "nrows": 5}, "test_predictions": {"_type": "table-file", "sha256": "1ae48c0215c787d14117506da9571ceeeb392d40ab7edb451914ebe8ef2c97b0", "size": 89176, "artifact_path": "wandb-client-artifact://gd3iyhyup50asomdbt0rr12yikth5n2xiqm2zftvs4z8mafmvd9m2qfrd4xj29gevqmxitu3syglzle2bomqkcr56e79664naupt0t3tczkcdgsiwtui4jhbamtbjg3e/test_predictions.table.json", "_latest_artifact_path": "wandb-client-artifact://18mkves0giemdl3wbnsxynllqhvyywv2c2i3o5nhxyscdkfbxtnx6fv8xhon038r1pncice08312jw4kvm0m1ffseddmq2rqkqijybyzoqg2xqynnj9uk8dxudy03i5g:latest/test_predictions.table.json", "path": "media/table/test_predictions_252_1ae48c0215c787d14117.table.json", "ncols": 8, "nrows": 168}, "test-metrics": {"_type": "table-file", "sha256": "894cc5910362e658fca6c90999d51ca7e731a20118ca7a7b942ff31efb6621b3", "size": 200, "artifact_path": "wandb-client-artifact://z2pi646cki390dj7htpuqb0u6cakj5f7bfcq8402rq275kq2jzmlteycfz5xx9yj7lln6ylnlsbsfg6v81m4033rzidq5g75xf1218s5c950dedh9grr91cbg5lbfisn/test-metrics.table.json", "_latest_artifact_path": "wandb-client-artifact://bfuk9yk6ie9t5wnxg8o5b8twr0ebjstjiq8azid0i7ffl8qfwkj5sqf6m6i79c2icwwx30hgb79wqp1uf1r00phxe6rmlsl4m3syu7nvn9b3bj0e71rp0s7atgt9p91t:latest/test-metrics.table.json", "path": "media/table/test-metrics_253_894cc5910362e658fca6.table.json", "ncols": 5, "nrows": 1}, "test_connective_metrics": {"_type": "table-file", "sha256": "8df021a92bad93b07f5cc914d1a92c818fcbdb5d19523e2b4a1944aa978b984a", "size": 451, "artifact_path": "wandb-client-artifact://v4f7efksr5kg7c9pih0xvvsarjlaqnc9ckqf9dhu4km3wkza48vkjdfsiper071ghg3f77exujmdk565wofj9usccbj9d5e4n1nx6at1b83tckcckca80w22o476ygkm/test_connective_metrics.table.json", "_latest_artifact_path": "wandb-client-artifact://qrqk6pe1e5kdu8lr3a24jwd87a6mwx2enol7lcw1qo2k7zyyt3lqkusvylib4j4z9lybtz7v7g03l1ynakazu5q2219debfu38438dhv8oaa5n0t4ta05m9h83253c6c:latest/test_connective_metrics.table.json", "path": "media/table/test_connective_metrics_254_8df021a92bad93b07f5c.table.json", "ncols": 6, "nrows": 3}, "Exclude_counts": {"_type": "table-file", "sha256": "1315d459f2edbaf5a26cf162c57611f734e37385686ca35ad763b16ff92f0e5b", "size": 77, "artifact_path": "wandb-client-artifact://jqk6awcsd0qjfbymu9k43tfvjfkch292elesyz59k8ers0pyjo7n2jjt9now3xwc4qjcbr6oyxirmslk6objdjr754gzmjn9bz1l8lk46cscqc0hunmlbrfg58y9cq0e/Exclude_counts.table.json", "_latest_artifact_path": "wandb-client-artifact://243mnl5vq5n6x5njzy8w10clc65r1k54bk0qu6g0ed5xnxtvlp38srhldu4iw6e7igdmit76gewbacf4wrd243aaxruxvfnm762bnr5hqympy9q3kevqfkprf4v6i651:latest/Exclude_counts.table.json", "path": "media/table/Exclude_counts_255_1315d459f2edbaf5a26c.table.json", "ncols": 2, "nrows": 1}, "_wandb": {"runtime": 874}}