{"train/loss": 0.0019, "train/grad_norm": 0.022764580324292183, "train/learning_rate": 3.337028824833703e-05, "train/epoch": 12.0, "train/global_step": 2004, "_timestamp": 1739869597.4617815, "_runtime": 1838.1077885627747, "_step": 256, "test/loss": 1.159812569618225, "test/accuracy": 0.8273809523809523, "test/precision": 0.774483870967742, "test/recall": 0.6049879147440123, "test/f1": 0.5941337099811677, "test/runtime": 4.4352, "test/samples_per_second": 37.879, "test/steps_per_second": 4.735, "epoch": 12.0, "train/f1": 0.7835625258618364, "train/accuracy": 0.9887640449438202, "train/precision": 0.9732436996879594, "train/recall": 0.7890096769863841, "val/f1": 0.6582729866140005, "val/accuracy": 0.8682634730538922, "val/precision": 0.803, "val/recall": 0.69625, "val/loss": 0.7793459296226501, "eval/loss": 0.6138463020324707, "eval/accuracy": 0.8922155688622755, "eval/precision": 0.8107378472222222, "eval/recall": 0.7262500000000001, "eval/f1": 0.6743133925896334, "eval/runtime": 4.4055, "eval/samples_per_second": 37.908, "eval/steps_per_second": 4.767, "train_runtime": 1825.2503, "train_samples_per_second": 21.942, "train_steps_per_second": 2.745, "total_flos": 4215228234117120.0, "train_loss": 0.3386929256907997, "label_metrics": {"_type": "table-file", "sha256": "8cba390dd09c3e8a7959f8ba0d3ac613ec0048ae0fdc794fdd37ca142ecbe6b8", "size": 582, "artifact_path": "wandb-client-artifact://9i72ubmkiugm49k81lcxjv2y8c77lj91uldqx8uvg58fforruky5q4q465hjosvhnbv6wj97j7jrh43jmvtzrjqzqoxrmzvns36io4nugenw459wfdzzuqstpsy68axy/label_metrics.table.json", "_latest_artifact_path": "wandb-client-artifact://7jclacnr4j4ifqvpok3l0i709y29me56rjn3s3riqj483xqk8x8ong1sfksko2a8ijwyjs32soybys8aod42mnj9o87oa6hnw1xa6m0jnd10yk3lwq6pe7g95ivaoz38:latest/label_metrics.table.json", "path": "media/table/label_metrics_251_8cba390dd09c3e8a7959.table.json", "ncols": 6, "nrows": 5}, "test_predictions": {"_type": "table-file", "sha256": "4bc16082f4ae49c8d3cf7f9d4bea95de073ce88aa71ed4e996d21e3212623b54", "size": 88180, "artifact_path": "wandb-client-artifact://j2yhvrltszkpp4qx3lpt6g5i8tmm9el1bsglfvy5v31ja0jqz84o6hdp0h5znnj84yygcg9cw6g3ec17ox88mkaj7xrayrppoerorcrzmh1gpwmao44ajf3e8cidj8g7/test_predictions.table.json", "_latest_artifact_path": "wandb-client-artifact://ray7q92h5h4zef7r600cyifz0tcof22pynqv5mqxtuzxu6dpswu7pv3lf7r0xgxayi85lw94mt9p9ub55lbcnk8qadu580y20y0rwv2nr9h6i6331883wpxxaq4c3fjo:latest/test_predictions.table.json", "path": "media/table/test_predictions_252_4bc16082f4ae49c8d3cf.table.json", "ncols": 8, "nrows": 168}, "test-metrics": {"_type": "table-file", "sha256": "f47d34c0eae9a08be51e46e7a7df9c6a1ac249f9208bc591c0bef1c93e06483f", "size": 200, "artifact_path": "wandb-client-artifact://s8fk4lx8xtuswidc8p7hncool8qvwaazq18izmm0yn5yghcxeurq1lmt7o2g9xn030aqyvbhx4e1cl2p5c9rmz1z64ceshybu1r7foacxb904rlhdthtdfjnyz8ci224/test-metrics.table.json", "_latest_artifact_path": "wandb-client-artifact://ja5aue32cm38ktq0fb8r67lthwldjsy8oqazb6b70qi206xvwlmp2zne0du9qt47gvldk5c5pleqsqzp1avrciwz6ooifo0uy2vxj53s32ftm5pj6in1bp617x9qavpl:latest/test-metrics.table.json", "path": "media/table/test-metrics_253_f47d34c0eae9a08be51e.table.json", "ncols": 5, "nrows": 1}, "test_connective_metrics": {"_type": "table-file", "sha256": "a1b27941cf3daa06836c40fc039bf6761dc95ff5fc48b9d890e6a1f9d172b086", "size": 441, "artifact_path": "wandb-client-artifact://3zl4enz3ntzpybtgzfc0qbhadoiw3rar3tqgypc2jyzzb7ypcpfls8ot8yhw7mnrtn0f8t0wegepme4hwoxbl7zz82t3uoy24rm5t6crvjnkigg0g29gnztj9jv302fi/test_connective_metrics.table.json", "_latest_artifact_path": "wandb-client-artifact://tv59jlx92rc6gdth86rs4t4uten8hl1yx6il5y6g08bmquwjoap5xuwav8zc1f133pgmjylqta8d4k3pfg0mc5koosat465jlb09v8090mai7elzt3mgff5y9976cplz:latest/test_connective_metrics.table.json", "path": "media/table/test_connective_metrics_254_a1b27941cf3daa06836c.table.json", "ncols": 6, "nrows": 3}, "Exclude_counts": {"_type": "table-file", "sha256": "77258b7129a4391441f72a7439756a1d881e220753ec917f090c57798cc106a7", "size": 79, "artifact_path": "wandb-client-artifact://umfavfffzshgjdmgj6zkvhmnvgi5vql4qktt0eu4coxno5i34sncsgu3um4vevq1qqughpa6sv91djqnyj4nlom3ki9nxdosu7tmqm1dcxx1cqhlsbj7cqbapshbcgyq/Exclude_counts.table.json", "_latest_artifact_path": "wandb-client-artifact://mm8kw7yyssi6nz2awnf1inffjdtnf1ly3bk3qbdwpqki4n3jsl63virr7ro723tu0o0lfi6t0biuvxb4scsf81cqo5010mbq7zx6zntxdqdd49i673628c6wddi5vdml:latest/Exclude_counts.table.json", "path": "media/table/Exclude_counts_255_77258b7129a4391441f7.table.json", "ncols": 2, "nrows": 1}, "_wandb": {"runtime": 1846}}