{"train/loss": 0.6452, "train/grad_norm": 7.781674861907959, "train/learning_rate": 1.7000000000000003e-05, "train/epoch": 1.0179640718562875, "train/global_step": 170, "_timestamp": 1735911758.6854143, "_runtime": 74.80950236320496, "_step": 20, "test/loss": 0.6858309507369995, "test/accuracy": 0.7425149700598802, "test/precision": 0.662044701986755, "test/recall": 0.2479166666666667, "test/f1": 0.24474169741697419, "test/runtime": 1.8627, "test/samples_per_second": 89.655, "test/steps_per_second": 11.274, "epoch": 1.0, "train/f1": 0.22923226763713336, "train/accuracy": 0.7647940074906368, "train/precision": 0.5733841281870838, "train/recall": 0.23108197155442117, "val/f1": 0.24474169741697419, "val/accuracy": 0.7425149700598802, "val/precision": 0.662044701986755, "val/recall": 0.2479166666666667, "val/loss": null, "eval/loss": 0.6997504830360413, "eval/accuracy": 0.7365269461077845, "eval/precision": 0.7430981595092024, "eval/recall": 0.21875, "eval/f1": 0.20294464075382807, "eval/runtime": 1.863, "eval/samples_per_second": 89.639, "eval/steps_per_second": 11.272, "_wandb": {"runtime": 73}}