{"train/loss": 0.0356, "train/grad_norm": 0.00997174996882677, "train/learning_rate": 1.2468827930174563e-07, "train/epoch": 15.0, "train/global_step": 2505, "_timestamp": 1735902253.4635694, "_runtime": 1187.4985144138336, "_step": 316, "test/loss": 1.0960321426391602, "test/accuracy": 0.8511904761904762, "test/precision": 0.8130288836846213, "test/recall": 0.7545001098659635, "test/f1": 0.7500819645680725, "test/runtime": 1.8559, "test/samples_per_second": 90.524, "test/steps_per_second": 11.315, "epoch": 15.0, "train/f1": 0.9778318507001359, "train/accuracy": 0.9940074906367041, "train/precision": 0.9882758253301571, "train/recall": 0.969289811344143, "val/f1": 0.8762634955406039, "val/accuracy": 0.9041916167664671, "val/precision": 0.9053083923154702, "val/recall": 0.8699999999999999, "val/loss": 0.7067422270774841, "eval/loss": 0.6772850155830383, "eval/accuracy": 0.9101796407185628, "eval/precision": 0.9078125, "eval/recall": 0.87625, "eval/f1": 0.8815668202764977, "eval/runtime": 1.8431, "eval/samples_per_second": 90.61, "eval/steps_per_second": 11.394, "train_runtime": 1084.8572, "train_samples_per_second": 18.459, "train_steps_per_second": 2.309, "total_flos": 5268940802841600.0, "train_loss": 0.17161369139459653, "label_metrics": {"_type": "table-file", "sha256": "e9469da7488c6558893b78cbc09bf520bb0f0c734ca741bab6821fdaf8bfb932", "size": 477, "artifact_path": "wandb-client-artifact://a3x1ebd4s7gtrs56jxtliszyuutfiomz702v0ent0hsge7pk8ow4qtmfs0omf3sopz3s5ab01jkow17dqy65c6c3le78omcbit8hvcad7misikohsxdh0oag9eqtj98f/label_metrics.table.json", "_latest_artifact_path": "wandb-client-artifact://blt9bndntfazuein259r1trdw7h80q3oi46bksunnc33hrv7tk3dcj1tyv4nwnntd0birjio1grg8jxc0tu3xvy19he1sfhes99dof265a832fjn8vu6mwg8awp1owhd:latest/label_metrics.table.json", "path": "media/table/label_metrics_313_e9469da7488c6558893b.table.json", "ncols": 5, "nrows": 5}, "test_predictions": {"_type": "table-file", "sha256": "4d5b43549408767c1b43b206577bd8c74893e7deba87ce4b25666f8865a06013", "size": 88118, "artifact_path": "wandb-client-artifact://e5nkecgo4ydqia67rwuvqnnbpipjunry61webhb9fqtus9wkj3ibvpyegzi4kaj75u2gl1jy0pbixz67gjmow205e45e0ymgtdjn99x745507s64ibnxqpao0jsczk9j/test_predictions.table.json", "_latest_artifact_path": "wandb-client-artifact://hldpp3keje1kbeqae5x91j3pku374bwaapa11vogf59ihqgzje5mfss4anus7dp4k6t2li08x9nqvqphjbqb44d3obyxchu58m0bqylneuybjuu8q0kbaqt71qwnaou8:latest/test_predictions.table.json", "path": "media/table/test_predictions_314_4d5b43549408767c1b43.table.json", "ncols": 7, "nrows": 168}, "test-metrics": {"_type": "table-file", "sha256": "c78279e5541d3601016e68bac998db5e8ea882d95d635acf3b4d5c7c00b0f4c8", "size": 194, "artifact_path": "wandb-client-artifact://zngrtp8q8fd4jnz0g4wq8jfrden1eydl7j1cdjy2upbf8ib1hurbbhdgjs3q3l7vm63ejy2jlloighwb4gezdwovtd9nc5puzc9of32feqk0ucxpzox27ijblrea16zw/test-metrics.table.json", "_latest_artifact_path": "wandb-client-artifact://bhbhmnqu2gppsjzcisq7j4uzlwu21ndn5wckpvpmwy1ixq8b4bwumax2e1ljzn2rghpsef06qimur35h3xul28ztabhlvrskafisq817ckoduamdjz5twto6gzu7mug3:latest/test-metrics.table.json", "path": "media/table/test-metrics_315_c78279e5541d3601016e.table.json", "ncols": 5, "nrows": 1}, "test_connective_metrics": {"_type": "table-file", "sha256": "e03d7971dfb70437c2a8452de50d1b1a24e8d6e5ba0a3e1ec025b68540bd4a88", "size": 404, "artifact_path": "wandb-client-artifact://1j7el6zkjnjd7he8vjwj3elyh4xowu7wxuwai9w4wsds7pmpf6ij21fnq75ie5d59srkor9iiobk0rw7fj8fxo5un36br8zfoiknpalfkf2ma2dnw7sfnpelg1air06c/test_connective_metrics.table.json", "_latest_artifact_path": "wandb-client-artifact://deuenbwqjcvv1u7ycvsjwuzqzh3tbwlzzbo3c2x0kqskejonerhus6sgj787t69gond894g5h4pehhybgnxuf8zgatzq12t20za0gs5s13psrl5ugn3x5duy7cgqual1:latest/test_connective_metrics.table.json", "path": "media/table/test_connective_metrics_316_e03d7971dfb70437c2a8.table.json", "ncols": 6, "nrows": 3}, "_wandb": {"runtime": 1192}}