{"epoch": 12, "valid/loss": 0.031764595808383235, "valid/accuracy": 0.718562874251497, "valid/precision": 0.1437125748502994, "valid/recall": 0.2, "valid/f1": 0.1672473867595819, "_timestamp": 1718455079.4527748, "_runtime": 453.6328618526459, "_step": 26, "trains/loss": 0.0034183344144499703, "trains/accuracy": 0.7528089887640449, "trains/precision": 0.24344233678575583, "trains/recall": 0.20490578476075375, "trains/f1": 0.1823345329369426, "_wandb": {"runtime": 510}}