{"train/loss": 0.0003, "train/grad_norm": 0.0018835075898095965, "train/learning_rate": 3.148558758314856e-05, "train/epoch": 13.0, "train/global_step": 2171, "_timestamp": 1742974130.9586444, "_runtime": 945.0769164562225, "_step": 277, "test/loss": 1.8585199117660522, "test/accuracy": 0.7857142857142857, "test/precision": 0.6434920634920636, "test/recall": 0.6180246099758294, "test/f1": 0.6022454595487067, "test/runtime": 1.8742, "test/samples_per_second": 89.638, "test/steps_per_second": 11.205, "epoch": 13.0, "train/f1": 0.9956526653774361, "train/accuracy": 0.997003745318352, "train/precision": 0.9929124195536081, "train/recall": 0.9984837664121299, "val/f1": 0.6594752722025449, "val/accuracy": 0.8682634730538922, "val/precision": 0.6850615698421093, "val/recall": 0.6654166666666667, "val/loss": 1.139581561088562, "eval/loss": 0.9546671509742737, "eval/accuracy": 0.8802395209580839, "eval/precision": 0.7026487926996688, "eval/recall": 0.73375, "eval/f1": 0.68591609086393, "eval/runtime": 1.8621, "eval/samples_per_second": 89.682, "eval/steps_per_second": 11.277, "train_runtime": 937.247, "train_samples_per_second": 42.732, "train_steps_per_second": 5.345, "total_flos": 4566415362462720.0, "train_loss": 0.19226579039215047, "label_metrics": {"_type": "table-file", "sha256": "72d7201c795f8028b7ddb5db9c7f9ed13f96a01ca4cea0c78bb805876a2355e3", "size": 608, "artifact_path": "wandb-client-artifact://yynz7h7dzuxt8jty1k3l6ubaijvnlyg1b5jraxu5q7ml0iqkjxc8hf14r1q15vsoqf88hfq7wlp6dafp7li23yejgjsn72l54ll01d4e9u0tdhu6q60sqjuvbjmlbknn/label_metrics.table.json", "_latest_artifact_path": "wandb-client-artifact://ez11q9fadvjcx3ku8xzzkbgx801yrcxfrsci4hxqlh9v967dnjel0zizo82prqq4e4eq2pnk2g9c2g2vn0cobjokpps60ut0p4yb4da1ombbib3s5ngy3pxkifcgt4x2:latest/label_metrics.table.json", "path": "media/table/label_metrics_272_72d7201c795f8028b7dd.table.json", "ncols": 6, "nrows": 5}, "test_predictions": {"_type": "table-file", "sha256": "298221d4a49f3ef5147430b952f28e5af36312ea359d72381f1bba24a0b9ab6a", "size": 53580, "artifact_path": "wandb-client-artifact://k0oca8yiunaajy3prlhs4t4u25ps5eoalr4zh0x2l9jy3tadnn7bn1whq2p6ow0w89gb33ozkgms5m8cn5p4zvqpi8c9sfzf7mh4yearwao7dv0myescqwls4yfa16rc/test_predictions.table.json", "_latest_artifact_path": "wandb-client-artifact://bzsc1dw0i1epq2e7591xuraffq0zw6s12y0dctmg304i9ebm14x6wfo0gh7gtrcsoty8564ok2cuq6mq0slq3u0dpx8eq5nepn3el4a6nrcwa9gnlkosrc9ormanu0bd:latest/test_predictions.table.json", "path": "media/table/test_predictions_273_298221d4a49f3ef51474.table.json", "ncols": 8, "nrows": 168}, "test-metrics": {"_type": "table-file", "sha256": "85c43b39e2ef021af9e2f6d85dd9916ef7659e14ca134981ea6238ac797f19df", "size": 195, "artifact_path": "wandb-client-artifact://bphxvmquvt0qbk3ifm1gstgpx0xuo563z62hwb7nvq4kaioa47rp3p90iko4wgbt2cr2xfa4540npxhicfbspr8li8ng5pu4ydykqyv6oo9wtlgm6de2ls3ju2f8fb9b/test-metrics.table.json", "_latest_artifact_path": "wandb-client-artifact://5iskaovpzv57km5khqfqj8r9i877m694j0ccwehp0xajq1nh0mbkrj7cla38mr7hjmhqxbrvwf2taf8avu0ianpemag9xv0mqwfgspanc3utgxx7l78afi1u3l8fnsle:latest/test-metrics.table.json", "path": "media/table/test-metrics_274_85c43b39e2ef021af9e2.table.json", "ncols": 5, "nrows": 1}, "test_connective_metrics": {"_type": "table-file", "sha256": "dc76dc2dc659ac18d7549f7f53f77219db2982f7eac73afaee36b7b0f28b1ac2", "size": 384, "artifact_path": "wandb-client-artifact://yizo66fdt9nvnt6rjmppxs3htma5cgoxn0r38ecsq6vc70o79z8nkumn8pbzgyj73p4dywb4s69lm99449zwpmb3s66nticshxrgibls7ljr9biu1kwc4dts9b089q33/test_connective_metrics.table.json", "_latest_artifact_path": "wandb-client-artifact://ijjnsatrv6s34zn9nyh9wyot0mog9pjj8ho5p7ogc7b0xtoir29zkci1y6p9v67pefeeu5nnjmxdmc55sa2oaeg2z1b8oddom83x34q9zc3kb2zkgfzsi3bt94wcw91m:latest/test_connective_metrics.table.json", "path": "media/table/test_connective_metrics_275_dc76dc2dc659ac18d754.table.json", "ncols": 6, "nrows": 3}, "Exclude_counts": {"_type": "table-file", "sha256": "14b17048af7d70db18371f6d087e4493b63d0c540484cbe27bc06c81be6115b0", "size": 74, "artifact_path": "wandb-client-artifact://sevv628lhxreo5ykijlukwk6cxy03pdr4twdfp0g8r97ztd0rsneew18eyb0o472av4cs4hgliht9zjwexerl19asnl5dtffjzci3e5ucx7eec7tio3qfa84o2n2xei9/Exclude_counts.table.json", "_latest_artifact_path": "wandb-client-artifact://s6ro7gdoudtdudi4j4qehlbepdypt3fedrowuc8tx313kg43rttxlh555twttbdga16gu86u1qzdnuo5dd2hm019y9a5aes2vh405w1myyts7nn7w5kkfobvghns9mos:latest/Exclude_counts.table.json", "path": "media/table/Exclude_counts_276_14b17048af7d70db1837.table.json", "ncols": 2, "nrows": 1}, "_wandb": {"runtime": 952}}