{"test/loss": 1.6834074258804321, "test/accuracy": 0.3, "test/precision": 0.42857142857142855, "test/recall": 0.3125, "test/f1": 0.1688888888888889, "test/runtime": 0.115, "test/samples_per_second": 86.953, "test/steps_per_second": 17.391, "_timestamp": 1736581233.0129468, "_runtime": 7.48969292640686, "_step": 11, "epoch": 1.0, "train/f1": 0.17575757575757572, "train/accuracy": 0.4, "train/precision": 0.4583333333333333, "train/recall": 0.3, "val/f1": 0.07272727272727272, "val/accuracy": 0.2, "val/precision": 0.125, "val/recall": 0.16666666666666666, "train/loss": null, "val/loss": null, "eval/loss": 1.5944057703018188, "eval/accuracy": 0.2, "eval/precision": 0.125, "eval/recall": 0.16666666666666666, "eval/f1": 0.07272727272727272, "eval/runtime": 0.114, "eval/samples_per_second": 87.728, "eval/steps_per_second": 17.546, "train/epoch": 1.0, "train/global_step": 2, "train_runtime": 3.9149, "train_samples_per_second": 2.554, "train_steps_per_second": 0.511, "total_flos": 2631181424640.0, "train_loss": 1.4687914848327637, "label_metrics": {"_type": "table-file", "sha256": "18252536b98a6e817a567a7e7dce22c511f399ace4c20405adc50afe4a09c96c", "size": 331, "artifact_path": "wandb-client-artifact://pu7hb6q76ypia6o08wcgo570ntlgapqi9zh73va1t3j0a6qzkyb8p8qhx0gebh08u7w2ppb6a3h2cd8j2ruovxsy6pz24h504y03o7a1z0bam4wvkoskxx6fwgu6b3cs/label_metrics.table.json", "_latest_artifact_path": "wandb-client-artifact://rnarfdde1vt4bqdtebpz783ziqwmtp8jhc6bndlgq4fqhif51mwscabciqf776s14zdvrp2i5fz3hwzdy459lrjxrqea3tjgiippld8zu242mr40qlt0zak3xzfmxvcj:latest/label_metrics.table.json", "path": "media/table/label_metrics_7_18252536b98a6e817a56.table.json", "ncols": 5, "nrows": 4}, "test_predictions": {"_type": "table-file", "sha256": "facefb77e56bc7341237b1f55a3a21f0754fe8281fdbe0df9609010042808aee", "size": 3934, "artifact_path": "wandb-client-artifact://wenodwfmxlpisry9756inqrsf58kmivp1z08hmrcc67h9e66daodwez24n236bzqs0o133ugrivmtegl8e8y56oqwt7i0mt5fnfatu96th8zalwj98uma4skp5cekyxx/test_predictions.table.json", "_latest_artifact_path": "wandb-client-artifact://zuq7ly52vvpze68ybiv3dhunv3x2o8odq4y3no1ifjtr0pdsceiq6igozmfe6apozqgta1x7vlr4n3xdjfhjd6gw7peyzarxcros7ptexa682q3970cfaenv5nk8tfw5:latest/test_predictions.table.json", "path": "media/table/test_predictions_8_facefb77e56bc7341237.table.json", "ncols": 8, "nrows": 10}, "test-metrics": {"_type": "table-file", "sha256": "44ebed896867c80e1d96fcf8a0c2970ff99c64dbdaafe3139efd4c49f9229f4d", "size": 169, "artifact_path": "wandb-client-artifact://l3we767ynb4lh955p0z68gcunmnlw8al754610p3jpg6zvw7wdyfs8hrzhi6v73lvydm9hqoroibggooplzoznk6vbpnsn061ldh0l0wq7qu3d434utui3n2vgd3zphw/test-metrics.table.json", "_latest_artifact_path": "wandb-client-artifact://de66m2pybabmq3j87hww5ggjagdy5h877iu5713s6f0wurycgjqkbkmbni9h9qewp9mb4e5yt786s8ch98w9jbj5cdsnoknfl1idr8889y10rrxw3h4c75uwoanbv3un:latest/test-metrics.table.json", "path": "media/table/test-metrics_9_44ebed896867c80e1d96.table.json", "ncols": 5, "nrows": 1}, "test_connective_metrics": {"_type": "table-file", "sha256": "06daa77908bf6d1bc695de0839d31858a42cca4b347d10680d30f6df46cd3d4a", "size": 190, "artifact_path": "wandb-client-artifact://megtsz4gxzxropjzfe7ey2r1ln2tia9tuy1ivfdxbiqfcb2l67ygx950jtf1axvre4u8zrw2wsq9mnfsedpwz2bsbjfds6htzh7rtzyc50ksr24a1xfsq02kqsq9ts27/test_connective_metrics.table.json", "_latest_artifact_path": "wandb-client-artifact://q1mp1w2u822z83ofi7fn1hb41bixy7ho7bu9a82hbl5nidk6cbgpb7szdqt30ptuien2zjyw4hbyw8v18fpqgakcj7vnoktjwvri04atv8yyg970wyk7qiarxbjf17db:latest/test_connective_metrics.table.json", "path": "media/table/test_connective_metrics_10_06daa77908bf6d1bc695.table.json", "ncols": 6, "nrows": 1}, "Exclude_counts": {"_type": "table-file", "sha256": "082e09b377b6c6c440649c55ec48ebcd84406d435dbf3ef765c34321688ba72b", "size": 71, "artifact_path": "wandb-client-artifact://b5k9ot2uswble9oqv3peuk3udey25m2b4pxsn9pi8ikeagvkcj0d9x5szplyndb0lom7p6bwuanbbgz6juxe18t2h7fased4iyfcky3u04b8bypi0260dg9m04q3i22d/Exclude_counts.table.json", "_latest_artifact_path": "wandb-client-artifact://9w0l8kilk1h7r3nd0zza1p1clruyj3chjs4xbhk4dvnglr8pp2j4jx41pfylzi6ud66e2c8hgkyquf9b5r76jdl8gx0gqicrdxe6dyn075myg3yjq8jii7vkx5gucpn8:latest/Exclude_counts.table.json", "path": "media/table/Exclude_counts_11_082e09b377b6c6c44064.table.json", "ncols": 2, "nrows": 1}, "_wandb": {"runtime": 15}}