{"train/loss": 0.1117, "train/grad_norm": 0.23976194858551025, "train/learning_rate": 3.52549889135255e-05, "train/epoch": 11.0, "train/global_step": 1837, "_timestamp": 1742984494.1051123, "_runtime": 794.5604302883148, "_step": 235, "test/loss": 1.0065853595733643, "test/accuracy": 0.8452380952380952, "test/precision": 0.8314735730357716, "test/recall": 0.737820259283674, "test/f1": 0.7551507195152739, "test/runtime": 1.8824, "test/samples_per_second": 89.249, "test/steps_per_second": 11.156, "epoch": 11.0, "train/f1": 0.9777065025555134, "train/accuracy": 0.9940074906367041, "train/precision": 0.9938492063492064, "train/recall": 0.9632918465921267, "val/f1": 0.6889041881812966, "val/accuracy": 0.8802395209580839, "val/precision": 0.7147286821705426, "val/recall": 0.6783333333333333, "val/loss": 0.8686017394065857, "eval/loss": 0.6250801086425781, "eval/accuracy": 0.9041916167664671, "eval/precision": 0.8941045606229142, "eval/recall": 0.8354166666666668, "eval/f1": 0.8441061670569867, "eval/runtime": 1.8683, "eval/samples_per_second": 89.388, "eval/steps_per_second": 11.24, "train_runtime": 787.1383, "train_samples_per_second": 50.881, "train_steps_per_second": 6.365, "total_flos": 3863889922083840.0, "train_loss": 0.25280282546998806, "label_metrics": {"_type": "table-file", "sha256": "b3fecbc2f8e62fc7f38f2ee441cb8f1d51e4cfa7382eac1912846d4cca554cd7", "size": 616, "artifact_path": "wandb-client-artifact://scxdtbnulw532ckcxabel6kl80n4pt7e8cdzl0m5uwksv54zahksfbezfa33y3iv8id7roxt4ae53fb6lj4vhmbgpb3r8gvsdpyb5mge9yg9eey3dqx4tu65bo9yu72i/label_metrics.table.json", "_latest_artifact_path": "wandb-client-artifact://24c9ij8107wboklo5px3n0rfo94ygvbjn6amoz7z1bmkkhxf7l0nkvtywk1r2hlteguddo4b7kscwrpg21fwfvm8w4q9v91scsfpfajroyig53gn0lnuvkean4e76prw:latest/label_metrics.table.json", "path": "media/table/label_metrics_230_b3fecbc2f8e62fc7f38f.table.json", "ncols": 6, "nrows": 5}, "test_predictions": {"_type": "table-file", "sha256": "5ce7fa1a48d4133df21f325e18fffd448c9873dfb3b67bce18fbe462c87f9008", "size": 90453, "artifact_path": "wandb-client-artifact://ewr8sewm3xmfktlpo6t965a4hkxh6hyogw6ew1vbo9yacipgmube5p9zu1opb106cafqpo3ll5wv9nsogpub4q61qv5zgx7s5cl9j06tggai23f5xt1jpd092tv8d76q/test_predictions.table.json", "_latest_artifact_path": "wandb-client-artifact://qdzk9igdm0l2w6epuk36gt09bkwvcifocdc8srrpk5h404adyvyb0acyv5ws6y2om7e56haabavrzib50yvvwz7f74djv81xjlop4dij0tvgp8ctuzk3ybwy32znaz6i:latest/test_predictions.table.json", "path": "media/table/test_predictions_231_5ce7fa1a48d4133df21f.table.json", "ncols": 8, "nrows": 168}, "test-metrics": {"_type": "table-file", "sha256": "ea66457871418ae9bfdfdee9b020e98aae5c913372687b598a44ef2f693e1aca", "size": 193, "artifact_path": "wandb-client-artifact://21kwtpeaftnrqq42a89npmuh5udfawmm6ncwdlvwu1eyo0e7hx134yrn4ovvq8ytkc9m7rogutgdt79xgx929dpp58fqldsjsfe28rbjzc888bkzi8z0cl3jssxrb5kh/test-metrics.table.json", "_latest_artifact_path": "wandb-client-artifact://keytyugb2hki4tcs0xjabsj96drpe8q6mws0wj4t291tzhv4tt3ofj1oye8nq8ldi4f9bji70eis8vh76elj8yezt7r25xqge5ndz7jguua9iw14fg3yzasoznbh0o5y:latest/test-metrics.table.json", "path": "media/table/test-metrics_232_ea66457871418ae9bfdf.table.json", "ncols": 5, "nrows": 1}, "test_connective_metrics": {"_type": "table-file", "sha256": "602d2ff053d985e01fa3c650af03ebf5eb35c535d851e0dfe3f9f4438c26fd8f", "size": 416, "artifact_path": "wandb-client-artifact://pmo13zbe1qnril6xmdy3tn1i6u9adzirx9u6oetr4533dds9q0s0pncu5ys9ydf1ipxmotnyxq2vasnhk4e5stja1x0xetl373rc8zm3pqieb2k498g0ex6ax2g6upma/test_connective_metrics.table.json", "_latest_artifact_path": "wandb-client-artifact://iapbrjvvxbd14kvwgo8b8j7826q69dt0v3209p361iz4iybkjb9s9d3kv26xmbtby1gay7ye4m8p9qhdj08mus3kizqimyc7q9of59x05j5rc5h63axm9ancfn7ahv6s:latest/test_connective_metrics.table.json", "path": "media/table/test_connective_metrics_233_602d2ff053d985e01fa3.table.json", "ncols": 6, "nrows": 3}, "Exclude_counts": {"_type": "table-file", "sha256": "082fcc874914d75958d68e780085931cf5c17034575e8b060f4acd16accf2d9e", "size": 71, "artifact_path": "wandb-client-artifact://8le9s75m5pi8w29oh3s9ygx13sv93e5zm15hiamhn5mnoogdnfy08ta824r26bayzv39khobk84ub5ungzkk6mnkyryi9bwl0hwo4r2kd6lrwa1ovff2hu6i0hiueimp/Exclude_counts.table.json", "_latest_artifact_path": "wandb-client-artifact://wzo8csg19iylmcfyx3l3q8smfyub32poycnourkpc61o11g0p2u69fkmnoz2ydd0xt3nys35atdt07qjyuepfdcyza4pe632gk9b24fna49zf32777iftoavcu2f3asb:latest/Exclude_counts.table.json", "path": "media/table/Exclude_counts_234_082fcc874914d75958d6.table.json", "ncols": 2, "nrows": 1}, "_wandb": {"runtime": 802}}