{"results": {"_type": "table-file", "sha256": "9c03e7ad2b7c86bef948f6524e34a6ffac9d252a76efbae4f0920e342c0c7c81", "size": 130601, "artifact_path": "wandb-client-artifact://s5srm2s2l4ellw3qmqytv7vetllh4wp6iackjfcdjat1t0y40y38snu24e5bsgtqhhx51moi1vwjbeti78cl563tgpyg0bkwyx9e3jvkpsapuunvufe9p3yq5yz0kh66/results.table.json", "_latest_artifact_path": "wandb-client-artifact://xdz7mmu37fja9j2fwqma2pvsv2ie4ygca7aw24cl4qmt8yxfuzahmwh6l13c1haeed4capnuoplyz29fel87k41ddm6xrdjsv6ae1lgq5vn3qfvl65v2537kufu371rz:latest/results.table.json", "path": "media/table/results_11_9c03e7ad2b7c86bef948.table.json", "ncols": 3, "nrows": 168}, "_timestamp": 1715490845.9752486, "_runtime": 243.98904252052307, "_step": 14, "\u9006\u63a5\u30fb\u8b72\u6b69": {"precision": 0.54, "recall": 0.6585365853658537, "f1-score": 0.5934065934065934, "support": 41}, "\u540c\u6642\u9032\u884c": {"precision": 0.8389830508474576, "recall": 0.8918918918918919, "f1-score": 0.8646288209606986, "support": 111}, "\u6642\u9593": {"precision": 0.0, "recall": 0.0, "f1-score": 0.0, "support": 2}, "\u5834\u6240": {"precision": 0.0, "recall": 0.0, "f1-score": 0.0, "support": 4}, "\u305d\u306e\u4ed6": {"precision": 0.0, "recall": 0.0, "f1-score": 0.0, "support": 10}, "accuracy": 0.75, "macro avg": {"precision": 0.27579661016949153, "recall": 0.31008569545154907, "f1-score": 0.2916070828734584, "support": 168}, "weighted avg": {"precision": 0.6861138014527844, "recall": 0.75, "f1-score": 0.7160920800970707, "support": 168}, "valid/loss": 0.03228353811595254, "valid/accuracy": 0.7964071856287425, "valid/precision": 0.28632668144863266, "valid/recall": 0.33166666666666667, "valid/f1": 0.3057396577864414, "trains/loss": 0.001645876629075754, "trains/accuracy": 0.7962546816479401, "trains/precision": 0.27272244895285386, "trains/recall": 0.31267190389862476, "trains/f1": 0.2902152641878669, "test-metrics": {"_type": "table-file", "sha256": "bb67233867ce418ef1c2b376745e69866056424e6debb31585ce795509aa31eb", "size": 200, "artifact_path": "wandb-client-artifact://k8x4nxnc2seucmd0qjngc3j6975wsrdci605hr053engyyd1r4mhg8uh7nkj84cjz1lzeppg88ozlfs74g1uv8li2db58rf18qr1x4cc4nsc6smc08fw1dzs1cku34w2/test-metrics.table.json", "_latest_artifact_path": "wandb-client-artifact://7w3r31qkacdav94v0i0rwef9ipduyrnqzm8386ff9iigl65ky8hj5rioqdmodesum8jv5916369bw4a3oktrxb7atijyrl1mherzm7p4512qudwe7d4a0cmqmrjd8q03:latest/test-metrics.table.json", "path": "media/table/test-metrics_13_bb67233867ce418ef1c2.table.json", "ncols": 6, "nrows": 1}, "save_directory(best f1 for valid)": "./models/cl-tohoku_bert-base-japanese-v3_2024-05-12 14:10:36.055535+09:00", "_wandb": {"runtime": 239}}