{"train/loss": 0.0006, "train/grad_norm": 0.008729218505322933, "train/learning_rate": 1.2468827930174563e-07, "train/epoch": 15.0, "train/global_step": 2505, "_timestamp": 1735901053.465999, "_runtime": 1169.3791058063507, "_step": 316, "test/loss": 1.360680103302002, "test/accuracy": 0.8095238095238095, "test/precision": 0.7415639068310824, "test/recall": 0.6252318171830367, "test/f1": 0.6465183527463039, "test/runtime": 1.8583, "test/samples_per_second": 90.405, "test/steps_per_second": 11.301, "epoch": 15.0, "train/f1": 0.9967698967698968, "train/accuracy": 0.998501872659176, "train/precision": 0.9940298507462687, "train/recall": 0.9996007984031936, "val/f1": 0.5745901639344263, "val/accuracy": 0.8562874251497006, "val/precision": 0.558698553948832, "val/recall": 0.6045833333333334, "val/loss": 0.9386579990386963, "eval/loss": 0.8479631543159485, "eval/accuracy": 0.8682634730538922, "eval/precision": 0.7197191697191697, "eval/recall": 0.7, "eval/f1": 0.7034943329728863, "eval/runtime": 1.8505, "eval/samples_per_second": 90.248, "eval/steps_per_second": 11.349, "train_runtime": 1077.2252, "train_samples_per_second": 18.589, "train_steps_per_second": 2.325, "total_flos": 5268940802841600.0, "train_loss": 0.15071969923276096, "label_metrics": {"_type": "table-file", "sha256": "a73caf1207786e9b5c67e2bb19de6bb2e9a94113b7d674abd36439cee0cdf051", "size": 481, "artifact_path": "wandb-client-artifact://8ewmnkx7md5wppz7g8toruiv3e16xnlc8sfedlhwhknhewh8kbhwdu73k51ilizzpdic6oxvl7q2agj56dzzu2q802pj4ruqjuec7fix2yb9ywd54aziuj19qigwofzp/label_metrics.table.json", "_latest_artifact_path": "wandb-client-artifact://jt857gdwg73bvcuxrwt8jir9gphjwasm7pxtkmzx3izu1p1a4q2s77hjdkinjz3qzbioj8lt5snf2n6o1i5wtt0r25wl549jwbzpf01ssemwg0jp5uve6tl22hw2g0so:latest/label_metrics.table.json", "path": "media/table/label_metrics_313_a73caf1207786e9b5c67.table.json", "ncols": 5, "nrows": 5}, "test_predictions": {"_type": "table-file", "sha256": "df2287502af71b013f2942747c5c30c2b9df6e29715fc36020ee2db096c4cb31", "size": 51059, "artifact_path": "wandb-client-artifact://4vv7f4tm1att3xalwn9p7ynainnsnemcd96w3mukrsfbyexk1sp97m89qwrlkxsidlikwlbx9anqvqb15b8219rsq76j5c9yghenz1la19ty1zhg1nm5h0m82kpw13zd/test_predictions.table.json", "_latest_artifact_path": "wandb-client-artifact://5cqzi6dseurlk0i7hq8dt4iw1vdlqt94gy481hr716z3wlt8zrhhfataiufcyjz3dnautv909i3ke6jdvbxwgcu3bl4iqiqcvaj0i820f187g08qpa6c5p5792tv61yx:latest/test_predictions.table.json", "path": "media/table/test_predictions_314_df2287502af71b013f29.table.json", "ncols": 7, "nrows": 168}, "test-metrics": {"_type": "table-file", "sha256": "809658d7497c8b9ac37a8791a913aaab0180f02c0cff0eb9983c7cc02a6b99f3", "size": 195, "artifact_path": "wandb-client-artifact://ojr68e9uzxcw1w5ykdomfwmnxq8oqf4dzp0uo2d60w37rbopecyh041m9m6o4nb1lookqfj7b2d909hrblc6w8p9gk12s4pqarz04is6pqf357h9nydjnnzqkswdmrmt/test-metrics.table.json", "_latest_artifact_path": "wandb-client-artifact://k0r0kyzsncwqlpq9fxqvzseu0bpad7h0pi90vx95yi8ep0exx81dd8zn9kto1qnfllj8he3vx1wiywg4kr5uhmyzs0watazdao1lvfhjpaoxkdwivklxfsy4o3aoqq29:latest/test-metrics.table.json", "path": "media/table/test-metrics_315_809658d7497c8b9ac37a.table.json", "ncols": 5, "nrows": 1}, "test_connective_metrics": {"_type": "table-file", "sha256": "a79e5b30fc38dd6e8a726a2f09906fd5cc08bf612a69ca0c970a42cdf302df6c", "size": 395, "artifact_path": "wandb-client-artifact://o2qbde0q8mrgcxtc435oojbukodwu9q5is4z86pwe6y2nag8psgs1loutga559103rn6nm1drw2bn5f2gkzu9udlpfb59x177yvkwqxgnt7mgbh53nq76rxftmia72rv/test_connective_metrics.table.json", "_latest_artifact_path": "wandb-client-artifact://9xiec7v8bpgufv9rfg4digskabt61wljowunlxlm8lqlg4qt4qauhq8bmzy3upf5l4drh38iew1998iqwd9bqjf9pb2iixpkpqanjurngwa7nnwhdf9mezpw8gk2vrqm:latest/test_connective_metrics.table.json", "path": "media/table/test_connective_metrics_316_a79e5b30fc38dd6e8a72.table.json", "ncols": 6, "nrows": 3}, "_wandb": {"runtime": 1173}}