{"train/loss": 0.0664, "train/grad_norm": 0.03601587563753128, "train/learning_rate": 3.7028824833702884e-05, "train/epoch": 10.0, "train/global_step": 1670, "_timestamp": 1735977352.8333464, "_runtime": 730.3700354099274, "_step": 213, "test/loss": 0.9649991393089294, "test/accuracy": 0.8333333333333334, "test/precision": 0.7439837398373984, "test/recall": 0.7398659635245001, "test/f1": 0.6953652131734323, "test/runtime": 1.8558, "test/samples_per_second": 90.528, "test/steps_per_second": 11.316, "epoch": 10.0, "train/f1": 0.9759109908452519, "train/accuracy": 0.9917602996254682, "train/precision": 0.9963555903842165, "train/recall": 0.9574129098391582, "val/f1": 0.6472335600907029, "val/accuracy": 0.8682634730538922, "val/precision": 0.8054193548387097, "val/recall": 0.6775, "val/loss": 0.9961791038513184, "eval/loss": 0.5869483351707458, "eval/accuracy": 0.9041916167664671, "eval/precision": 0.9153083923154701, "eval/recall": 0.8949999999999999, "eval/f1": 0.8978507971279056, "eval/runtime": 1.8433, "eval/samples_per_second": 90.598, "eval/steps_per_second": 11.393, "train_runtime": 722.2631, "train_samples_per_second": 55.451, "train_steps_per_second": 6.937, "total_flos": 3512627201894400.0, "train_loss": 0.2755430333706701, "label_metrics": {"_type": "table-file", "sha256": "4312f702d82ab654901b024819baf7cc17013c7d15ac259d9e7094df06484e65", "size": 476, "artifact_path": "wandb-client-artifact://uil0cmmgb95tkmhwtvn8qmrr3do39obk0sr1yzwliddfmldw4b7krj59ms44e8slncku6lmu61jtcl5pq9hqn06l4jfkt0kmbf22kan4w7c26b965rled9lq3zbgs0nh/label_metrics.table.json", "_latest_artifact_path": "wandb-client-artifact://gonucmm6ru1a3v4m3djgu59o1m7v5vziqy0azsjpkfvj5l94ql06mrx4rdajx8710um0kx6a4t90sqqtv4izmfuibc9abckdpqdmxoix0usd5kmyuuzypiddfi8j6d8x:latest/label_metrics.table.json", "path": "media/table/label_metrics_210_4312f702d82ab654901b.table.json", "ncols": 5, "nrows": 5}, "test_predictions": {"_type": "table-file", "sha256": "5fe9b6dcd3d5dfb43b8eb2d534fa4ca31f0de86ba8a3724c6d4f958adada1be1", "size": 88040, "artifact_path": "wandb-client-artifact://s9gc6clr9hgvipgit6j8g4mtr5j6sb7h37jfk53ze0hi35csmunn6qli2iapu29ip7jtzmcnho6wl1wk55zvsoecuzzz5oo9eaa1gylyh1v9l5p5aztqlpz42n5rjxus/test_predictions.table.json", "_latest_artifact_path": "wandb-client-artifact://s0alrmx4hmct06yl7jf0miwl2gvle7kzfswus1br2g6s7r25r39bxub6183qq03covi1ojl0a985n4wipmfjapsao3ec10cn9bxam62c9waskvpavl83en54newbtweq:latest/test_predictions.table.json", "path": "media/table/test_predictions_211_5fe9b6dcd3d5dfb43b8e.table.json", "ncols": 7, "nrows": 168}, "test-metrics": {"_type": "table-file", "sha256": "0fae2ab42ab8e373910e71bcf15da5ce82ace299098a1b4fecf50a1569d449e5", "size": 194, "artifact_path": "wandb-client-artifact://q279lb9ngct5ieu5sl5gsocf9j8z4bvzuiknofzpgrl60y9ycfq4u9gts0yncp38u84khmmuzhj6ewjvpo4mxfji27nu7dize8nqbvsgbnmltoki91j7jsnad1l3lxgw/test-metrics.table.json", "_latest_artifact_path": "wandb-client-artifact://w9ijyce2u35843kuuok9oqualo7nzin37ybrcmzs2f35penlv3636alamnz88b3g8ud9t0uy1jezfeg7a8xqqz872u1ba941p7sewkojovn5nvtnotufqymn7q8zfopm:latest/test-metrics.table.json", "path": "media/table/test-metrics_212_0fae2ab42ab8e373910e.table.json", "ncols": 5, "nrows": 1}, "test_connective_metrics": {"_type": "table-file", "sha256": "fc313f6e7fe046da67065286a83f4fd95a743eaa0229a7f3908eb89e0f4b1dc2", "size": 422, "artifact_path": "wandb-client-artifact://2c01g1t31yzc0wahtjmicqonf1t9xdb7xue06g3lzqxd5ci4at39eojddxdlmg5bixjhv1es16k55gq8l9r5kl9hwgt8hvg1u33je31sqluspg2lvawo1jg96ig3vfz7/test_connective_metrics.table.json", "_latest_artifact_path": "wandb-client-artifact://ynescxdixr9dx4p4agdjccti69lt6ur87cw2xpq8y158bh3nuanwhky1s5mwyw55n1u0wu5gqjir6wlh5t1ewnvcmu4qj0gn1v4n7gylia83ubibk050i34u47hsnv71:latest/test_connective_metrics.table.json", "path": "media/table/test_connective_metrics_213_fc313f6e7fe046da6706.table.json", "ncols": 6, "nrows": 3}, "_wandb": {"runtime": 736}}