{"train/loss": 0.1783, "train/grad_norm": 0.01637273095548153, "train/learning_rate": 3.8913525498891355e-05, "train/epoch": 9.0, "train/global_step": 1503, "_timestamp": 1742987004.102115, "_runtime": 651.1567468643188, "_step": 194, "test/loss": 1.0537525415420532, "test/accuracy": 0.8214285714285714, "test/precision": 0.820258367586612, "test/recall": 0.6939573720061525, "test/f1": 0.7179016076641586, "test/runtime": 1.8756, "test/samples_per_second": 89.571, "test/steps_per_second": 11.196, "epoch": 9.0, "train/f1": 0.9751540929067062, "train/accuracy": 0.9925093632958801, "train/precision": 0.9898363245987818, "train/recall": 0.9621748146010631, "val/f1": 0.7518361218361219, "val/accuracy": 0.8682634730538922, "val/precision": 0.8259952038369305, "val/recall": 0.75625, "val/loss": 0.8281248211860657, "eval/loss": 0.7175670266151428, "eval/accuracy": 0.874251497005988, "eval/precision": 0.86239651416122, "eval/recall": 0.7737499999999999, "eval/f1": 0.8005442176870747, "eval/runtime": 1.8648, "eval/samples_per_second": 89.554, "eval/steps_per_second": 11.261, "train_runtime": 643.3066, "train_samples_per_second": 62.256, "train_steps_per_second": 7.788, "total_flos": 3161364481704960.0, "train_loss": 0.2816268012205824, "label_metrics": {"_type": "table-file", "sha256": "154abecd5ef97db98b85f2a83058c4b2ad107e2836ab1c55184a6d7578b644f6", "size": 591, "artifact_path": "wandb-client-artifact://niluba2kkhd5ajsdpaf9x69b3diflwif4vf95ddggp6ji94c3ywafzcxnvvx3ad1jyfcxscwdjr2j25hlqpfpdarp8mtbe8jxgk63xgc19cqy316i5647v9q91crfw2d/label_metrics.table.json", "_latest_artifact_path": "wandb-client-artifact://xbm4bb579x3d47otu8tcv3woh7xv29nd9n0chit3oieo7ydardl0p6ku4sf8t6dnxc3gi546tvk0fylhanx7hedbpw5hp9j64ij7gwqp1f5ip5pujcgh5a9nos6crrmu:latest/label_metrics.table.json", "path": "media/table/label_metrics_189_154abecd5ef97db98b85.table.json", "ncols": 6, "nrows": 5}, "test_predictions": {"_type": "table-file", "sha256": "778120c9180be47e0d3b96730298d87f30c62072479b9650a989d8f656e64740", "size": 90411, "artifact_path": "wandb-client-artifact://rfapdtv7wu5t1vlf2067cfd9nbcpj8k2j8m2rqdv11vws2rqqbyf7wa2tcbhwgu92jnoc62vyb369plvch27lz9mgn4kyvkaaux301jpp1uaei9y579dk8s1iar1tdyc/test_predictions.table.json", "_latest_artifact_path": "wandb-client-artifact://xkgvffxtvg4zyb3h4dovr8fb781c4sz7vt5xbae4bm5v05vjynr89spktk8hxseng58tqtdkmf7lcjub64frt6mu70w34jaw4kev055h8w84xkq9qv1da9htxykmacu8:latest/test_predictions.table.json", "path": "media/table/test_predictions_190_778120c9180be47e0d3b.table.json", "ncols": 8, "nrows": 168}, "test-metrics": {"_type": "table-file", "sha256": "4bb1c365bb0fb81f0d2c458e7e6e24588c42f237def0cb1ccfe7eea3b96605d5", "size": 193, "artifact_path": "wandb-client-artifact://orhiq157wf2g35g8s6eo2vsnjfd12gaf45utbajv016kd7h5auc49wy3u64mxsdwos6onfrnrkpmdg2alr95conwykma0gqja2z9hxu2ypnvh4db0kwuofhdsgzcer75/test-metrics.table.json", "_latest_artifact_path": "wandb-client-artifact://taj9ndd6i6vbfvu0hx96l1t8ztc5hzln9zjx4o2mz32z99qkyokiw9rcxm3ktk2u4azuchbd6qrhu3y0ncc3lmaxc9uqnekun1onuo2ts8syw5dysm04xmu81dlg7vss:latest/test-metrics.table.json", "path": "media/table/test-metrics_191_4bb1c365bb0fb81f0d2c.table.json", "ncols": 5, "nrows": 1}, "test_connective_metrics": {"_type": "table-file", "sha256": "67691f016cf9814f198f524ca488cecfe04379ded8587646c1f5c34546ba898a", "size": 433, "artifact_path": "wandb-client-artifact://wkgc4hd87nojf0ho6xtzzspmzc1pi1bkzbkecr9luwji6ljpkznzl4aibwm8ogar7at7ddc0gupr9xza2rfu87a2flnoa2bgfd0rdaakzete2yc220ln7kvqefgg6xip/test_connective_metrics.table.json", "_latest_artifact_path": "wandb-client-artifact://kb1x7yhud6oxngh9rawt6y6ernyg7e4dsnzpfxu217vqa348kagz6ej9z51hzv818kf6eydfcmfeyq7bqqv72ndqrf90i6f17fh2tuykmgx1ifvjn1oy555me4vy6ftg:latest/test_connective_metrics.table.json", "path": "media/table/test_connective_metrics_192_67691f016cf9814f198f.table.json", "ncols": 6, "nrows": 3}, "Exclude_counts": {"_type": "table-file", "sha256": "082fcc874914d75958d68e780085931cf5c17034575e8b060f4acd16accf2d9e", "size": 71, "artifact_path": "wandb-client-artifact://kdnmplxd623kugk982bjzn46lke4zsarehpyyq8ck6chheqikpitzgc6qz1p4icgx14bu9q9ub0s592u2naqjvbyqo5z28u5mojwcz13fuok5wx9mkkbi8pxk3usz4xm/Exclude_counts.table.json", "_latest_artifact_path": "wandb-client-artifact://27fuhpucb7cumhvxybppngebromi6ep3qyfki798qh30fusoak00ebt1g9ezfx20gjunz2yq4ltiejb2mxjkbn530uyiu8rdt6vl1zhq1wkif8pjn5n6g8g5e5cc0b9h:latest/Exclude_counts.table.json", "path": "media/table/Exclude_counts_193_082fcc874914d75958d6.table.json", "ncols": 2, "nrows": 1}, "_wandb": {"runtime": 659}}