{"train/loss": 0.0028, "train/grad_norm": 0.004258616827428341, "train/learning_rate": 2.971175166297118e-05, "train/epoch": 14.0, "train/global_step": 2338, "_timestamp": 1736798722.3614643, "_runtime": 1016.2364492416382, "_step": 296, "test/loss": 1.0706887245178223, "test/accuracy": 0.8511904761904762, "test/precision": 0.8127823691460054, "test/recall": 0.7878202592836739, "test/f1": 0.7590134469444815, "test/runtime": 1.8833, "test/samples_per_second": 89.205, "test/steps_per_second": 11.151, "epoch": 14.0, "train/f1": 0.9791589859879106, "train/accuracy": 0.9940074906367041, "train/precision": 0.976388888888889, "train/recall": 0.983529941830222, "val/f1": 0.8552322165119541, "val/accuracy": 0.8922155688622755, "val/precision": 0.9083959899749374, "val/recall": 0.8404166666666667, "val/loss": 0.7677479982376099, "eval/loss": 0.71970534324646, "eval/accuracy": 0.9041916167664671, "eval/precision": 0.9492499999999999, "eval/recall": 0.8995833333333334, "eval/f1": 0.9211318619128466, "eval/runtime": 1.8665, "eval/samples_per_second": 89.474, "eval/steps_per_second": 11.251, "train_runtime": 1008.8601, "train_samples_per_second": 39.698, "train_steps_per_second": 4.966, "total_flos": 4917678082652160.0, "train_loss": 0.18782826160240865, "label_metrics": {"_type": "table-file", "sha256": "5ee7569e2667243f96c5444118f094027d3a9fd790ac308483f2f82179fadaaf", "size": 679, "artifact_path": "wandb-client-artifact://6xd0q2ryalyqmm9zfzaa3uxk7vpi5bi11m54un9z3coygbf9wqvqfg3zyd0fdm4t5ulga4o31mu5xv6gpomeewro461hz0izjl01eg1lpitemb0n1e0c5qkxruya0syr/label_metrics.table.json", "_latest_artifact_path": "wandb-client-artifact://bh87920f7ocdrhfjmgirbjcu292hc8agd0yyy8lmqw8n4dx2xtbxz1hrtqia6p7uwf56gmvtw6z8ixoghbjysts2f7l3hqpfgazsp9dfaaub8tziqkzr2wjl19ks827z:latest/label_metrics.table.json", "path": "media/table/label_metrics_292_5ee7569e2667243f96c5.table.json", "ncols": 6, "nrows": 5}, "test_predictions": {"_type": "table-file", "sha256": "067732de53e71ace6eab684b67aada5dd3cd9ab0577b58849a0f3dcf37d0741d", "size": 91822, "artifact_path": "wandb-client-artifact://f5ji7ntbj61gzr35wgdtfqkwb1jszw819zlp82z1w5os1u6ptcas7sgg23d00pcxoznruh1paxnb51fk6co8itvl6vfm7a7s7fwff83mhie5eojb7u234kgmmw7vqll6/test_predictions.table.json", "_latest_artifact_path": "wandb-client-artifact://7ihpakcknzosj4o1idz8kvus6jp978dhy9h472rx1voa5875wht3n4tv4dwhlxdhe4e96l6k4mqmx3h98hmnmm9kqyz0rd77upzzgkzg1y6rh0t846l6sws3rd280cwp:latest/test_predictions.table.json", "path": "media/table/test_predictions_293_067732de53e71ace6eab.table.json", "ncols": 8, "nrows": 168}, "test-metrics": {"_type": "table-file", "sha256": "b2f8caa6136fa1f3315c9367dd4b1b59d3bd7d2e27f09097f7d4d40539402088", "size": 212, "artifact_path": "wandb-client-artifact://dahk4e3jllj0gdftvh6fwez05zo82uh6gtb2rair2qcs28cklkeqrid2q9n77lu4cvwuj9mrnadhjv45x25abe81qzw0kgtwloboyg0p1t71li134oed71bb11jbo49y/test-metrics.table.json", "_latest_artifact_path": "wandb-client-artifact://v6ez0pgx9lfx55pllqmob542lyue99f7vfijuaylx1w6u485e4wc4vt7g7tgi9gtga2gzjo7nhijw5i153uzyu2cwul909gx9s0qcftua4afix6a6vv9q85zoftrqkwo:latest/test-metrics.table.json", "path": "media/table/test-metrics_294_b2f8caa6136fa1f3315c.table.json", "ncols": 5, "nrows": 1}, "test_connective_metrics": {"_type": "table-file", "sha256": "6a5ad724ab265ebfcda6ccecc73c29e8869b28e354b596ad6512770059ab21fe", "size": 475, "artifact_path": "wandb-client-artifact://bi4nhr313crknw3640ewzp35woskqt26bwd64aebmrjtdzuyv6uqo4k7rfky7zubw225joyhiqo3z82lsj19wg6rite2obdmvix66yu0m5fw8ywq62qfm202ql1gtu26/test_connective_metrics.table.json", "_latest_artifact_path": "wandb-client-artifact://mx0aoz12k4prd3keb5hhk4nse0i0bdvcg52eb0bhuanqiy6940g9ebl24j2gtkdsneam142h9zm2t94aap6pjh6wrgfylu03o537aa7vccmqp3hzl2hbmfudjh9pg0ah:latest/test_connective_metrics.table.json", "path": "media/table/test_connective_metrics_295_6a5ad724ab265ebfcda6.table.json", "ncols": 6, "nrows": 3}, "Exclude_counts": {"_type": "table-file", "sha256": "25a1c51bc7d78f8f0c485181ff588729b74bed10d613faf3814f153d95fa71a3", "size": 90, "artifact_path": "wandb-client-artifact://03nclctwftke8h2674vxux3trsevax3inxvkfcswvfn6t4t8u6fkncqr0mivqniyuvqpi7ymgczhi2okuy9cxobpebgti9j508mkrqgmh95u84s6rlgraw2a8bre9wbr/Exclude_counts.table.json", "_latest_artifact_path": "wandb-client-artifact://wdwxlffnxpbg0tarfwh7nefzrvvvq7j4tpm2tr2r3rhp6lmcld7rx38agsv982zkyibiepmm2k82zxfg4aw2hqsztjmutmlu50m78px497k5qwmxbpd3lomk5dkm20j8:latest/Exclude_counts.table.json", "path": "media/table/Exclude_counts_296_25a1c51bc7d78f8f0c48.table.json", "ncols": 2, "nrows": 1}, "_wandb": {"runtime": 1025}}