{"valid/epoch": 19, "valid/loss": 0.04993681065336673, "valid/accuracy": 0.8862275449101796, "valid/precision": 0.871353226925746, "valid/recall": 0.7887500000000001, "valid/f1": 0.797194924007673, "_timestamp": 1714657217.3019526, "_runtime": 507.0935056209564, "_step": 61, "test/epoch": 19, "test/loss": 0.03188147431328183, "test/accuracy": 0.8511904761904762, "test/precision": 0.8661333333333333, "test/recall": 0.731667765326302, "test/f1": 0.7615954483965941, "trains/epoch": 19, "trains/loss": 5.15753213204583e-06, "trains/accuracy": 0.9940074906367041, "trains/precision": 0.975659008909506, "trains/recall": 0.9842477722244795, "trains/f1": 0.979166727018906, "_wandb": {"runtime": 504}}