{"train/loss": 0.0513, "train/grad_norm": 0.04234534874558449, "train/learning_rate": 3.7028824833702884e-05, "train/epoch": 10.0, "train/global_step": 1670, "_timestamp": 1739971551.5298078, "_runtime": 1527.1083447933197, "_step": 215, "test/loss": 1.0289552211761475, "test/accuracy": 0.8333333333333334, "test/precision": 0.8060049019607843, "test/recall": 0.54089650626236, "test/f1": 0.5802277432712215, "test/runtime": 4.4371, "test/samples_per_second": 37.863, "test/steps_per_second": 4.733, "epoch": 10.0, "train/f1": 0.9173711593739986, "train/accuracy": 0.9917602996254682, "train/precision": 0.9844623532120653, "train/recall": 0.8837295426286251, "val/f1": 0.6364727076202487, "val/accuracy": 0.8383233532934131, "val/precision": 0.6563049853372434, "val/recall": 0.64125, "val/loss": 0.8311784267425537, "eval/loss": 0.8053990602493286, "eval/accuracy": 0.844311377245509, "eval/precision": 0.8173611111111111, "eval/recall": 0.6941666666666666, "eval/f1": 0.6691736694677871, "eval/runtime": 4.4096, "eval/samples_per_second": 37.872, "eval/steps_per_second": 4.762, "train_runtime": 1514.204, "train_samples_per_second": 26.45, "train_steps_per_second": 3.309, "total_flos": 3512690195097600.0, "train_loss": 0.35240787288430564, "label_metrics": {"_type": "table-file", "sha256": "aaaf0dd4f33d72b6a8cf40e53c86f195686c5f1101d2f0daf4af8c184a09bb18", "size": 606, "artifact_path": "wandb-client-artifact://ccoli00xbik05my82equmwg73w63ofxodzc5yqk3adcr0b3dxbyn8nm04ss98pw9waawr7y16h8091qycd3dzl1iztkr8z52g3hf5vnnpzpi2pylmrd5t78bsktj00au/label_metrics.table.json", "_latest_artifact_path": "wandb-client-artifact://kr0bpjxh5ewbekcgxzrno4b6adacjvf9ehaq6djyb5da0qtldfjieiucd2o8ojuvu4hc935dslua707k6je5zv7p3o3fdleaodqmg63eh973ksmhebdrvy10yxwmdmps:latest/label_metrics.table.json", "path": "media/table/label_metrics_210_aaaf0dd4f33d72b6a8cf.table.json", "ncols": 6, "nrows": 5}, "test_predictions": {"_type": "table-file", "sha256": "22c1a0e765a4c1c814b428b084da45bf02d73ce618387fac67a83af4a947d889", "size": 89170, "artifact_path": "wandb-client-artifact://q9gwdvn52h82ospotatfnytrimitovsj89xbsp42ntoiwv13oqk5j678pdte81m8vmpy931dw90hkv4jigsrqvre77e9u4l3fjif47yex8xejgsh2cqmfxl6vev64t8p/test_predictions.table.json", "_latest_artifact_path": "wandb-client-artifact://6kd09w6adj4v0ly1qvg8gl5jootjs1z4y4vmj25epuzoa9sk3tjc85o3sdg6qd93une76bs6yjczs1a6803pcrfsodqt56aby8ix5pxw34pwtgp9ssss5es6am2u3ok1:latest/test_predictions.table.json", "path": "media/table/test_predictions_211_22c1a0e765a4c1c814b4.table.json", "ncols": 8, "nrows": 168}, "test-metrics": {"_type": "table-file", "sha256": "94f441063edce78c817b95db67e1bb4448f54c134ffcae91c2cef4c173b2d0bb", "size": 201, "artifact_path": "wandb-client-artifact://qdmh9dy1x4d4umznp5z82zshv1q3vzzusz03x9h64o57uuhsnzxn16bhrbelvhjbgqn4rv77cdmq49jpj4bm3zzs897ry88e0tqoyncb86qu01j4f3fwj89gbokdmysl/test-metrics.table.json", "_latest_artifact_path": "wandb-client-artifact://k3ihecnimkpxhze6u9ttblr16mth0tj0gfypg9w56500vpzbcwnvmytuwvc3tq1ovgaop0blexgshmaec87rr36jk0zt8y42odz18rhn9o75ef3d2pd5wzlq56106uvn:latest/test-metrics.table.json", "path": "media/table/test-metrics_212_94f441063edce78c817b.table.json", "ncols": 5, "nrows": 1}, "test_connective_metrics": {"_type": "table-file", "sha256": "c2d1548721c712c5a220c00d7a207e2cdb085e75e915a1b24969f00eb77c56c9", "size": 463, "artifact_path": "wandb-client-artifact://k6bnmfeq8zhcoqdfktpuaup6oxjcum3h3eue4rwtjwk2nmh403t4q14lnvmmt8fo3ux7cf94e1yo1xy305oqw73va1j3xg5zrrczot3rfbx0q1lhfptb5njjca3hf7ov/test_connective_metrics.table.json", "_latest_artifact_path": "wandb-client-artifact://8rd2dh31s25352vlc1u0igsepbb5rrai23zhaui0fw91h4sgkdwtfmjy69jzgzzq49sxmdcg7tgl6crpvgybiqnl1zunesaaz3zwaf38x9zznazhz7loi0lfv0fl8ft0:latest/test_connective_metrics.table.json", "path": "media/table/test_connective_metrics_213_c2d1548721c712c5a220.table.json", "ncols": 6, "nrows": 3}, "Exclude_counts": {"_type": "table-file", "sha256": "547cae2440c483556c6bc9f26fe482e70b5ab8e6358db48cca1b14065bf1a37d", "size": 81, "artifact_path": "wandb-client-artifact://2qjv8maidqmkmwgcey55l8pb1gcwvaaauoknaw29l11yvzm9snapmwkcuotmz65s2vmhu15aoh05g4lmnvb9fbhswessje9j02ams93dhx2s1ezgf2tiz49q2rxbf396/Exclude_counts.table.json", "_latest_artifact_path": "wandb-client-artifact://c84p5pyi22rvzdb90kvsh9dsggac5a6v2ohx8vvfbo6gdjeui8xjwi317gjvkjeum0afm9v5k0brgrocwpid9hzb271vhpwt3521vybvg9hf00ovr2i7xd7ch86wpegd:latest/Exclude_counts.table.json", "path": "media/table/Exclude_counts_214_547cae2440c483556c6b.table.json", "ncols": 2, "nrows": 1}, "_wandb": {"runtime": 1535}}