{"train/loss": 0.0001, "train/grad_norm": 0.0012218375923112035, "train/learning_rate": 0.0, "train/epoch": 30.0, "train/global_step": 5010, "_timestamp": 1735410813.677345, "_runtime": 2151.5842759609222, "_step": 627, "test/loss": 0.7317274212837219, "test/accuracy": 0.8630952380952381, "test/precision": 0.8458285714285714, "test/recall": 0.7883476159085915, "test/f1": 0.7981958751512064, "test/runtime": 1.8561, "test/samples_per_second": 90.51, "test/steps_per_second": 11.314, "epoch": 30.0, "train/f1": 0.977816451678214, "train/accuracy": 0.9940074906367041, "train/precision": 0.9897162479667451, "train/recall": 0.9678541505556282, "val/f1": 0.7440161725067386, "val/accuracy": 0.874251497005988, "val/precision": 0.8591774891774893, "val/recall": 0.75125, "val/loss": 1.1179953813552856, "eval/loss": 0.465582013130188, "eval/accuracy": 0.9041916167664671, "eval/precision": 0.9111050527081062, "eval/recall": 0.8654166666666667, "eval/f1": 0.8743011780371773, "eval/runtime": 1.8416, "eval/samples_per_second": 90.684, "eval/steps_per_second": 11.403, "train_runtime": 2144.1332, "train_samples_per_second": 18.679, "train_steps_per_second": 2.337, "total_flos": 1.05378816056832e+16, "train_loss": 0.10055936706255185, "label_metrics": {"_type": "table-file", "sha256": "db2ea6477e0e51ac602a5fd2b02164511093a7eadbe6daf38952f01f14443b3a", "size": 491, "artifact_path": "wandb-client-artifact://xhvcfjvv64xlo5gaxohqdc4058v6wgboig1j7k66xqqghep57rdtb0xu4auetrv8qi5wwewqjpq5og6i7mzuj0tdljds3wmwqt2zwpomnbl76ynzzf2v22to6j69rbdp/label_metrics.table.json", "_latest_artifact_path": "wandb-client-artifact://w58sgqqe3y4bngyvpvcplol53kbfsx60wwddjm9ai5ilrhmpegaqfqeqtqbwz402pjg0iv3g07dbe6rdx6qf2qvh2lp2mdsqnggdnzi3xr2y4xwcx4qy6jj41bs8m7zl:latest/label_metrics.table.json", "path": "media/table/label_metrics_624_db2ea6477e0e51ac602a.table.json", "ncols": 5, "nrows": 5}, "test_predictions": {"_type": "table-file", "sha256": "f60fa7c7b9cf817637447bd0fc16892cb8e3e556db8bde4d515253f9aa765826", "size": 88082, "artifact_path": "wandb-client-artifact://83tw6hjzbfbd3gfsn22wr555ye8zoms0j5ptr81z748xm6ew56nr2ncx5kqmlxv92s9el2c5pps0u99e2uhlr0fbk5xvnp375a5ih6yue3xmb8nq40igngp76tundpl9/test_predictions.table.json", "_latest_artifact_path": "wandb-client-artifact://pmvy8pnndx3voynxfuf5k6tf9uytf4d2f7wtnb7h9caar6pvgk4sxagrw6i8qabgnka293xswmyde1ey923zo7ut8fsczd9eel0fz5aa4bflcv64cj92nfsyvf3c8wyi:latest/test_predictions.table.json", "path": "media/table/test_predictions_625_f60fa7c7b9cf81763744.table.json", "ncols": 7, "nrows": 168}, "test-metrics": {"_type": "table-file", "sha256": "2c79a112cd65a237767ddeba237dac2006fb514b7b437490742c632b38669d05", "size": 194, "artifact_path": "wandb-client-artifact://42el3edag7e0vnbe2y5fgqf5gbx9jux483mavnz861xaiwoom0b4j83gmoke3u5qghg7l4n2tps588odil6ouoghciyj415783u9wucylluyh9x5c2uyifksntxin66q/test-metrics.table.json", "_latest_artifact_path": "wandb-client-artifact://cqjekpjlounptjxx3mthxfuq9zl646mup1tpfbs3pnt8o9tk35gvi5ihxzgylvxgzkckfwf4v8vw6lwtpqsk08amucsgceohu229rrs577b0pgvedmux1uoq448lmqjn:latest/test-metrics.table.json", "path": "media/table/test-metrics_626_2c79a112cd65a237767d.table.json", "ncols": 5, "nrows": 1}, "test_connective_metrics": {"_type": "table-file", "sha256": "b739681540d2b6a247466853592ce1ff544ce0df08b3528fb52d4cec6a9011f8", "size": 415, "artifact_path": "wandb-client-artifact://0ndc77a4v7799ht1lxki5hsi2fil2b3lb7pnpyamdmqqym1q3h8c57mpjq07hgzao3oduyrucdg5fn9t643ykwu7fngvctqxxg77lhg7lyc6hkgi3o4t3kuqaftxbm9z/test_connective_metrics.table.json", "_latest_artifact_path": "wandb-client-artifact://337pvv6udf8hh8hm2n7jpy9aubmnyaa8lphc8hk92jn6esghd0cx7mrjt9z2eg8j54vmz1rulig5lmkr3pc7lfoozzqy1qukkaq4yynrh9zigm2zl8uia2qb8zxsuiaf:latest/test_connective_metrics.table.json", "path": "media/table/test_connective_metrics_627_b739681540d2b6a24746.table.json", "ncols": 6, "nrows": 3}, "_wandb": {"runtime": 2157}}