{"train/loss": 0.7546, "train/grad_norm": 21.15369987487793, "train/learning_rate": 1.6000000000000003e-05, "train/epoch": 1.0, "train/global_step": 167, "_timestamp": 1736406979.451439, "_runtime": 86.54692101478577, "_step": 27, "test/loss": 0.8232117891311646, "test/accuracy": 0.6607142857142857, "test/precision": 0.6607142857142857, "test/recall": 0.2, "test/f1": 0.15913978494623654, "test/runtime": 1.862, "test/samples_per_second": 90.226, "test/steps_per_second": 11.278, "epoch": 1.0, "train/f1": 0.20959911935615602, "train/accuracy": 0.7573033707865169, "train/precision": 0.8355991943605238, "train/recall": 0.2197903014416776, "val/f1": 0.17995337995337995, "val/accuracy": 0.7245508982035929, "val/precision": 0.8614457831325302, "val/recall": 0.20625, "val/loss": null, "eval/loss": 0.8085440397262573, "eval/accuracy": 0.7245508982035929, "eval/precision": 0.8614457831325302, "eval/recall": 0.20625, "eval/f1": 0.17995337995337995, "eval/runtime": 1.8442, "eval/samples_per_second": 90.554, "eval/steps_per_second": 11.387, "train_runtime": 79.5857, "train_samples_per_second": 16.774, "train_steps_per_second": 2.098, "total_flos": 351262720189440.0, "train_loss": 0.9860347273820889, "label_metrics": {"_type": "table-file", "sha256": "c2e40aed0a9ab236f288dee06baf78785d18ba5f824b11ac4e2b29675a57d602", "size": 390, "artifact_path": "wandb-client-artifact://66j5v3vgykx5fix68ssg22sgi1iayomozey9cq9e6o9lhfw3gy6566v7qjetdj0tpbbz134q71om10mnylesyamg9ggr67ofo35giglct1mi2efbmm9gzcy6brxfbitm/label_metrics.table.json", "_latest_artifact_path": "wandb-client-artifact://rig1l6d0l7tee4qz669zo0yhxu9nx12rkjv3udt8u46nepbrcczf8zideszvzgqsr406jkx695v8gkg1924d3wf6ecuj6xagecvldtg6e4fb60d7s8wg05ro5xrgfr2s:latest/label_metrics.table.json", "path": "media/table/label_metrics_23_c2e40aed0a9ab236f288.table.json", "ncols": 5, "nrows": 5}, "test_predictions": {"_type": "table-file", "sha256": "b49ba50e06647e0205b9ce9c35c24554039c5637cd8940c23a0d252fa9096803", "size": 52609, "artifact_path": "wandb-client-artifact://c5zkoixjmzhzubuuau0yuukslxz59f35hwp2iemtavafswpk02mda557lm28n10tizqobjzq0glyrhjahjpwymc0ge1abs39muwa4pkpyl5uzjulmci9lfk4afpr5dqt/test_predictions.table.json", "_latest_artifact_path": "wandb-client-artifact://vj7arkcgafrbu8r7qc7xpyuwipssm6ziqh7tmynh24ym8960wxj3a4znj6mmyae5rj6onva4ff9g3we07nrvo1z635h8238v0tyaynyx7ch4xq5maj6pu1xzueyrwuvx:latest/test_predictions.table.json", "path": "media/table/test_predictions_24_b49ba50e06647e0205b9.table.json", "ncols": 7, "nrows": 168}, "test-metrics": {"_type": "table-file", "sha256": "07511935667decddbe2277dc3680c2574114c7ad391a8a8c1b30acc3f0431118", "size": 181, "artifact_path": "wandb-client-artifact://81zdnfey7799lq1poniwhe38xs3i9t5uzcyx10wdx81q3u8n7ekibi87gdl47u1z163yicb3n3dx3gjiozar4pp2z4xd5wa1hewpbcyhy1qh3nyckhywnd4a5o30ra1t/test-metrics.table.json", "_latest_artifact_path": "wandb-client-artifact://vhdl5qnbonq4aqnkbwikpzuwczgkege29v0492a34r2j08i2b1whai09d2idnzy79wpowa1p2ndwvz4gpbiklbzblufkmwu9mqh8ejdhjlqj9hnzpbq8k7neg1lya26b:latest/test-metrics.table.json", "path": "media/table/test-metrics_25_07511935667decddbe22.table.json", "ncols": 5, "nrows": 1}, "test_connective_metrics": {"_type": "table-file", "sha256": "fbce09031d7eafdacba0c5f23fd67746dabdd3ebbd094bbb4ff8e6cb384c1535", "size": 358, "artifact_path": "wandb-client-artifact://u2x82vvfqfnnm25q2onzsdvljvc8nck6juuyewlypgjm2rkwn4a327lmoz7zr47v2ezi65ihdjs1ejifrihgez09nchwy999jbdr02fjml57lioaxondvfzgs28396x1/test_connective_metrics.table.json", "_latest_artifact_path": "wandb-client-artifact://z6m0rtlzt9gqs1whb10fqdj6afcu5nb4f6vonxy87y4fw2x48cguwy5gumiyk7oknf3pjdmfxfnmuc887797wtx2g6qdqi2xk6wbwkssrkfxdnm1z7sozyo92ndnnnvs:latest/test_connective_metrics.table.json", "path": "media/table/test_connective_metrics_26_fbce09031d7eafdacba0.table.json", "ncols": 6, "nrows": 3}, "exclude_count": 0, "_wandb": {"runtime": 92}}