{"train/loss": 0.0001, "train/grad_norm": 0.0024999903980642557, "train/learning_rate": 2.0399113082039913e-05, "train/epoch": 19.0, "train/global_step": 3173, "_timestamp": 1739740819.5808449, "_runtime": 2880.663817882538, "_step": 401, "test/loss": 1.867518424987793, "test/accuracy": 0.7857142857142857, "test/precision": 0.71, "test/recall": 0.6177653263019117, "test/f1": 0.6273037451685992, "test/runtime": 4.42, "test/samples_per_second": 38.009, "test/steps_per_second": 4.751, "epoch": 19.0, "train/f1": 0.9850357287737621, "train/accuracy": 0.997003745318352, "train/precision": 0.9729209907292098, "train/recall": 0.9984837664121299, "val/f1": 0.6212252252252253, "val/accuracy": 0.8023952095808383, "val/precision": 0.7154676258992805, "val/recall": 0.575, "val/loss": 1.6496373414993286, "eval/loss": 1.6785640716552734, "eval/accuracy": 0.8203592814371258, "eval/precision": 0.8078832116788321, "eval/recall": 0.6375, "eval/f1": 0.6966806345405567, "eval/runtime": 4.3938, "eval/samples_per_second": 38.008, "eval/steps_per_second": 4.779, "train_runtime": 2867.6055, "train_samples_per_second": 13.966, "train_steps_per_second": 1.747, "total_flos": 6674111370685440.0, "train_loss": 0.20992191921941744, "label_metrics": {"_type": "table-file", "sha256": "98c99d95adbd538616084e174d3c54b88ff18863dedc1de08ad3a99f0edc1986", "size": 534, "artifact_path": "wandb-client-artifact://1vcfymx5nm544ubdvifq24tdaw7ag9vrbmng43inqt9z7n7p3qelcweyj034b1793lhp64kkyqb5k41iq65htt5l9cbezdqwylfwbtm8zbqh72cv2c48ru5uis1b22rs/label_metrics.table.json", "_latest_artifact_path": "wandb-client-artifact://wuw3yfon2jz6e9rfpalqdvunt7irihlf0srohgxm5p1sx0rhsvsrftt3iyazys21q9i87tz5nsp2fz86a5hrpxxbtahd6pv1owmiap17lp2vj7x37oqjvyyk578rg5k7:latest/label_metrics.table.json", "path": "media/table/label_metrics_396_98c99d95adbd53861608.table.json", "ncols": 6, "nrows": 5}, "test_predictions": {"_type": "table-file", "sha256": "868481c4c1a168e1ac99dbb0d9826517eaedd7daa6e77b3631c2e3b88a4fecce", "size": 55142, "artifact_path": "wandb-client-artifact://39ho8eflqhztqfdby8e8m8jzymf988he9fehrahvf13gkapr9n07v175jvilfmjbxniy7fs5mneqr5bonaxq8jijfesutvxzl6cnlbaeonek4gz4aafc8xtui0jujgm1/test_predictions.table.json", "_latest_artifact_path": "wandb-client-artifact://lspnzmlwndvw46gdm59of76ce2rmziz8ap9grdz1sw4vfq1cplyt9qyjhuvjjgb7f989k3m7o95gocfu9z56wq8ljulbhiup9ihuetzhr9wzabi0igmfeqvuirespksc:latest/test_predictions.table.json", "path": "media/table/test_predictions_397_868481c4c1a168e1ac99.table.json", "ncols": 8, "nrows": 168}, "test-metrics": {"_type": "table-file", "sha256": "44e04a25883964becb15c181c0f563fa7b83584429684ccc11bd2647a0dcb71e", "size": 181, "artifact_path": "wandb-client-artifact://hv4j5jxpo5v5sazhjcgrqjetgkq89c7ttsho9r869r0njk919k75yc2uvpayihzwwv3rnxpnb5hnce35eru24n3ayt06yvzfiuemkjflk4avim88w28zm1uoeygniico/test-metrics.table.json", "_latest_artifact_path": "wandb-client-artifact://ednrvc5duy4itxpo9cn2xqlj0aejxh1isagm7iseqw9wa7hnawhei9buhjzqb2ycz9oc4syneude0hf6v1awi8z3n2x860ukixknjrptqi2tbi1g2uyk1dbkwttuz5vj:latest/test-metrics.table.json", "path": "media/table/test-metrics_398_44e04a25883964becb15.table.json", "ncols": 5, "nrows": 1}, "test_connective_metrics": {"_type": "table-file", "sha256": "8f3ab70fa96d9e2f7c22143e62b3541a6c6198a0768f49104a52f13b7609c9e6", "size": 409, "artifact_path": "wandb-client-artifact://2pqdhwg53k12qka40jnmtuzyyrb31xig181lfx6atj246tushqdyca6qkx4u2w2ixgms9ohic275yvglie529jiy9g0o4a1xmgwg4p58fqq2pa4kc9rb1brvwjuac01l/test_connective_metrics.table.json", "_latest_artifact_path": "wandb-client-artifact://kmfp1emqaa5i0qd7hjdipaz68s2z6qpeqd5eofg5exky9eknvorjshhypjyxc766a1y4tzbx4pxm9opptvpo8qlr0ja4ly3raulf8vfvj5lkvjbb97gg6w5nvc46hqo2:latest/test_connective_metrics.table.json", "path": "media/table/test_connective_metrics_399_8f3ab70fa96d9e2f7c22.table.json", "ncols": 6, "nrows": 3}, "Exclude_counts": {"_type": "table-file", "sha256": "fa22c4da7120bb2d050f2b48bfbb63b94fd3760be735d6d12002cc9214cc8ce6", "size": 74, "artifact_path": "wandb-client-artifact://xtplwd5qkxpvmv9nv60rx7ubrww5w6nt3piohejhnp14zkwvzcm7oirw8oekqy4evrpootc0tnpjooujm33jufbpffe9rv1kfzrgtrlukymaxug3nkppq5p5nljhf3ri/Exclude_counts.table.json", "_latest_artifact_path": "wandb-client-artifact://pqg5qs2te7uhaca601beq27d3sj44t8k0a93crdsvi69yapeunpwz9rxywhg516c3bfom4397hz2k1dpko6ecgcja7nvg65x5a7gb0ghgk3fj7t9vnfqkp2pkoe8iyxg:latest/Exclude_counts.table.json", "path": "media/table/Exclude_counts_400_fa22c4da7120bb2d050f.table.json", "ncols": 2, "nrows": 1}, "_wandb": {"runtime": 2888}}