{"train/loss": 0.0275, "train/grad_norm": 0.01587214693427086, "train/learning_rate": 2.971175166297118e-05, "train/epoch": 14.0, "train/global_step": 2338, "_timestamp": 1738589635.099809, "_runtime": 1019.9810638427734, "_step": 296, "test/loss": 1.5974946022033691, "test/accuracy": 0.7738095238095238, "test/precision": 0.5576904983801535, "test/recall": 0.5723753021313998, "test/f1": 0.5571667076409238, "test/runtime": 1.8848, "test/samples_per_second": 89.135, "test/steps_per_second": 11.142, "epoch": 14.0, "train/f1": 0.9791819705283824, "train/accuracy": 0.9940074906367041, "train/precision": 0.9742521018568923, "train/recall": 0.985683433012994, "val/f1": 0.5430709058913223, "val/accuracy": 0.7844311377245509, "val/precision": 0.5882751726644856, "val/recall": 0.5912499999999999, "val/loss": 1.551974892616272, "eval/loss": 1.5262507200241089, "eval/accuracy": 0.7724550898203593, "eval/precision": 0.5990476190476189, "eval/recall": 0.6733333333333333, "eval/f1": 0.6108448540706606, "eval/runtime": 1.8724, "eval/samples_per_second": 89.192, "eval/steps_per_second": 11.216, "train_runtime": 1012.5956, "train_samples_per_second": 39.552, "train_steps_per_second": 4.948, "total_flos": 4917678082652160.0, "train_loss": 0.24660534640132603, "label_metrics": {"_type": "table-file", "sha256": "d51909db3d5fd3bf8ad55bad755ab20556a2a73a6dc54fb90fb83fba1847a65e", "size": 724, "artifact_path": "wandb-client-artifact://3t3l3h27mo10nc1ztf5po3bblp2u0zysm7ygjmqr33ya7udq5y674nz7aizshgzgp1cvtfyfutnhfgoji9mvfwdbi5wlb8wlzlumwtzee5hz14kveuhdl7dmqru7tso9/label_metrics.table.json", "_latest_artifact_path": "wandb-client-artifact://rwn94sqrnpvv0dd6qpi80w9m4yxl6355l5ekyh68jt62vuqclsxgcspmcfzrimg54pp0w28bng239ckcu9vrg7pv515obz9y88j481y2yg0pmsadpu0flanx8ti1oe4k:latest/label_metrics.table.json", "path": "media/table/label_metrics_292_d51909db3d5fd3bf8ad5.table.json", "ncols": 6, "nrows": 5}, "test_predictions": {"_type": "table-file", "sha256": "d9b30fd4ea081df1f8090fea5675ea8805d36b89b5b52de7c0ff5ba9d5ee5167", "size": 91220, "artifact_path": "wandb-client-artifact://89do92naagmyp7mkqz7fmxg14nmvx474rg55qfr6qsfduj2q62gdfd1xo1luzxvch6g1x1n0ahyab1votknhjk8h4igb2t0kzdbgq2nqe75aq0na2y1a1j6naj1xjaxj/test_predictions.table.json", "_latest_artifact_path": "wandb-client-artifact://om4xr65b9ful6488ua0gehrt8uqb6vih5klx082essnbczhd0nl8uxjnsojxhucpwn5xdqkme18e1ij4v4mee74z59dzxaqwitk7gmn6in2j9fjm511046tgvt4o21hj:latest/test_predictions.table.json", "path": "media/table/test_predictions_293_d9b30fd4ea081df1f809.table.json", "ncols": 8, "nrows": 168}, "test-metrics": {"_type": "table-file", "sha256": "ae4d8ce5f93ed3d40ff466131032160e80ccef0ba5bfa92b19eb3d31f0645d6f", "size": 215, "artifact_path": "wandb-client-artifact://3tbd37c37102kkwx89qy8ieexn37isrxdvf1wl4tobeyuca7tjj5qnda6nrsix6o92qncfmwihow0kh4c37e5o7k4hl3ptcyvffc3t6l6miifbfbatbukq58d5rg7s2u/test-metrics.table.json", "_latest_artifact_path": "wandb-client-artifact://qs6no9f2rwugp6mtuh0pr96y415a8xhpmksorf6myqhjdq5ysubqiri921ykz6ycp1hkjixusry7kb779i1k6xv7h1zkzf8y535i0m5qzkhtkkvfdd559e1jlqzjbcc7:latest/test-metrics.table.json", "path": "media/table/test-metrics_294_ae4d8ce5f93ed3d40ff4.table.json", "ncols": 5, "nrows": 1}, "test_connective_metrics": {"_type": "table-file", "sha256": "e7c18dc07a4e5e15ef55b83c107c013fb1e08a6fbe6d451be0db6fba4a2508af", "size": 472, "artifact_path": "wandb-client-artifact://q34h4k9drlkk2bvu169ypju9ioynead1r22ocpxbvg3i3slhynzmv5yogqqq7di45uuhbwkozs8cec6kzmt5emc76ua7r0q6s3njei57z493xb84qqunzsklt9cximm5/test_connective_metrics.table.json", "_latest_artifact_path": "wandb-client-artifact://ac9kucr0ko144bqc15vqszy28s27jh88gw68em12hud30vxlmxp1csl26m6pgbvjjcfnojy9wux3n8gscspv1ng7gniwmk5iex5i9yvg03v5h78ljd7jf2q78rqgrrku:latest/test_connective_metrics.table.json", "path": "media/table/test_connective_metrics_295_e7c18dc07a4e5e15ef55.table.json", "ncols": 6, "nrows": 3}, "Exclude_counts": {"_type": "table-file", "sha256": "83103ea35ea937c5aafb1fde568b44549369be67e2f5e61e6a3b2ec01d6ce634", "size": 94, "artifact_path": "wandb-client-artifact://ryjdgfum4viy5qb4b4ojrhnsyi7a2tthjj2b54epe9l8lye3c0bf3hgull86zwnqe6j4dcdqyohbp644tdoryt1twp1069cmn5e65sha9tvrtl752abyag65mar3yey7/Exclude_counts.table.json", "_latest_artifact_path": "wandb-client-artifact://qzk3o7q7nybvdtjcv7c8qua50xmwvq9pm0jsc3vuztyur1w7gfao49r869bg5j2q42gku3fdxtewyste1210qgcbuxhatxm4cuurne97aegxfqiw597jjt41obmk7hqy:latest/Exclude_counts.table.json", "path": "media/table/Exclude_counts_296_83103ea35ea937c5aafb.table.json", "ncols": 2, "nrows": 1}, "_wandb": {"runtime": 1027}}