{"train/loss": 0.0016, "train/grad_norm": 0.020330922678112984, "train/learning_rate": 2.0512820512820512e-05, "train/epoch": 7.125748502994012, "train/global_step": 1190, "_timestamp": 1719899927.4262311, "_runtime": 396.77147126197815, "_step": 132, "epoch": 7.0, "train/f1": 0.982897842818558, "train/accuracy": 0.9857677902621723, "train/precision": 0.9802799050937573, "train/recall": 0.9857677902621723, "val/f1": 0.7909525608142035, "val/accuracy": 0.8323353293413174, "val/precision": 0.8235127695952525, "val/recall": 0.8323353293413174, "eval/loss": 1.0552033185958862, "eval/accuracy": 0.8323353293413174, "eval/precision": 0.8235127695952525, "eval/recall": 0.8323353293413174, "eval/f1": 0.7909525608142035, "eval/runtime": 1.4402, "eval/samples_per_second": 115.959, "eval/steps_per_second": 14.582}