{"train/loss": 0.2352, "train/grad_norm": 0.2871876358985901, "train/learning_rate": 3.52549889135255e-05, "train/epoch": 11.0, "train/global_step": 1837, "_timestamp": 1739976212.0804443, "_runtime": 1680.7523362636566, "_step": 235, "test/loss": 1.0335396528244019, "test/accuracy": 0.8333333333333334, "test/precision": 0.7679539295392954, "test/recall": 0.5439727532410459, "test/f1": 0.5690415062045358, "test/runtime": 4.4396, "test/samples_per_second": 37.842, "test/steps_per_second": 4.73, "epoch": 11.0, "train/f1": 0.764255633647789, "train/accuracy": 0.9857677902621723, "train/precision": 0.9360936218827661, "train/recall": 0.7829311394350125, "val/f1": 0.5698651960784314, "val/accuracy": 0.8502994011976048, "val/precision": 0.7417237947810703, "val/recall": 0.58, "val/loss": 0.8789774179458618, "eval/loss": 0.8203009963035583, "eval/accuracy": 0.8622754491017964, "eval/precision": 0.785063752276867, "eval/recall": 0.6575, "eval/f1": 0.6420772097777446, "eval/runtime": 4.4097, "eval/samples_per_second": 37.871, "eval/steps_per_second": 4.762, "train_runtime": 1667.778, "train_samples_per_second": 24.014, "train_steps_per_second": 3.004, "total_flos": 3863959214607360.0, "train_loss": 0.3380123346478201, "label_metrics": {"_type": "table-file", "sha256": "03c593407fdb40135ab4683d372cee7424223cfaadbce7f84103ac7b8b3a7432", "size": 574, "artifact_path": "wandb-client-artifact://ck2o2q7hbey4nv1ujugq1j2kixasotpy8lleubl5jmrp03uj8wnbjcuj20f6vr8xop6qgka94vol5kst3aktgmilrba8unfsueizhtmc5fzofhx3yjs9j7jq7terqcwh/label_metrics.table.json", "_latest_artifact_path": "wandb-client-artifact://2xmidjuppfjnben02fgijanseulb8qymc6e9j4abfsfxg1bngq46dn8pi8wf58wsqzfycsjyhg40sgmlm0e7dms5xaknpfy2bjibjz0cm3qkihrdpqxbkoos1ffnxsjc:latest/label_metrics.table.json", "path": "media/table/label_metrics_230_03c593407fdb40135ab4.table.json", "ncols": 6, "nrows": 5}, "test_predictions": {"_type": "table-file", "sha256": "0e359bb8100bccdee8b2f70112dd7952a39c510af52ad656840860086c080754", "size": 89164, "artifact_path": "wandb-client-artifact://n8ad8di3unl7kw3enfx77iog3ab0yiva6tnkttd7smqrsw6nhsgspdttulvaj1bngbooivu20k5lz9plu0taqw7336kvxhkv60lurcplxa9hkpebxb9g1xe7fpgnxrmq/test_predictions.table.json", "_latest_artifact_path": "wandb-client-artifact://tr5r4hlapk8w92d4cqm88lx6kr6cc5roiltg3fi5t1hk05wbxz8pzujnv7ttcanhlt8n6qeh2hj4hxh0vkezyybzsuz6b5zoydg1wuqf666sdmlqz8c30025o2abbbbf:latest/test_predictions.table.json", "path": "media/table/test_predictions_231_0e359bb8100bccdee8b2.table.json", "ncols": 8, "nrows": 168}, "test-metrics": {"_type": "table-file", "sha256": "af9f18c0992887462d4d83ac608232b5100d255830ecbb63a01964e3fcb0834f", "size": 203, "artifact_path": "wandb-client-artifact://l4u99fzsw7t65jn7o9avz4shhukfr6l3l11edvlh6jc67ujk5nveuww5s8qqax0rdxlpgu61eudihci0oz8zidx3ul8vq0br765ztazhsus91y8lpwhxz6tsog37ihvp/test-metrics.table.json", "_latest_artifact_path": "wandb-client-artifact://kjgippmx8f0smx0twhyt4d1mkqoedj6f77wej66r2p971839yxh8lc2nahcqhjks63m2iieh1ua106hcjyt913394dmbt5am4u3h2i96b8v566shx72ksjt2chq2s070:latest/test-metrics.table.json", "path": "media/table/test-metrics_232_af9f18c0992887462d4d.table.json", "ncols": 5, "nrows": 1}, "test_connective_metrics": {"_type": "table-file", "sha256": "3f8b593243c73be3934b8518db0bd176ba084fa2cbe57252b700b12c403130f1", "size": 447, "artifact_path": "wandb-client-artifact://nmdjzsk8gx6cawgom5vymwhfo92ljjomafjr9p4mmd03v7d9dmlrlaghy0bdo0z76hxro8e6jdqyv34iprtmrozc1g7djwetyc5ttsn2ig6kesm2bbn7cqn6v5aoja5s/test_connective_metrics.table.json", "_latest_artifact_path": "wandb-client-artifact://805f6tezskyyia3nulsv82gha7xgjditlbcrh4e54b6wsww6782el2gijtumoxl6f98ya8ujimok5fajgtawdg1usvxyjrpojbxbue02ypv9efymqq15tqh7epzjlqta:latest/test_connective_metrics.table.json", "path": "media/table/test_connective_metrics_233_3f8b593243c73be3934b.table.json", "ncols": 6, "nrows": 3}, "Exclude_counts": {"_type": "table-file", "sha256": "547cae2440c483556c6bc9f26fe482e70b5ab8e6358db48cca1b14065bf1a37d", "size": 81, "artifact_path": "wandb-client-artifact://qh6wqvz61jmwnrzg6b4mf24zzurlkrhq16qjdhinuuh9e5rk3vmn4r49oradkbxbokr6f1m66qv1jj208m0dmafi81ugak9aab6d9r73a8t8kksk78r2io7o3bg1ubu8/Exclude_counts.table.json", "_latest_artifact_path": "wandb-client-artifact://ke9jrl4er02ljwh368t4lny8pi0bkx8q5orc0xgpwgl8bi2yhn6l1wt1ioaexj729jqsi3qxx5639w3oylj9lg14gczgbu4jccnk0z9yr2wapiyst5r2q32ar9a4bbxi:latest/Exclude_counts.table.json", "path": "media/table/Exclude_counts_234_547cae2440c483556c6b.table.json", "ncols": 2, "nrows": 1}, "_wandb": {"runtime": 1689}}