{"train/loss": 0.0435, "train/grad_norm": 0.047261856496334076, "train/learning_rate": 2.7827050997782704e-05, "train/epoch": 15.0, "train/global_step": 2505, "_timestamp": 1736726117.4952116, "_runtime": 1087.6012716293335, "_step": 317, "test/loss": 1.1705507040023804, "test/accuracy": 0.8452380952380952, "test/precision": 0.7834920634920635, "test/recall": 0.773713469567128, "test/f1": 0.7548358099431296, "test/runtime": 1.8789, "test/samples_per_second": 89.414, "test/steps_per_second": 11.177, "epoch": 15.0, "train/f1": 0.9775988924164318, "train/accuracy": 0.9940074906367041, "train/precision": 0.9976851851851851, "train/recall": 0.9594473730228825, "val/f1": 0.7828449328449328, "val/accuracy": 0.8622754491017964, "val/precision": 0.8457575757575757, "val/recall": 0.7870833333333334, "val/loss": 1.0529394149780273, "eval/loss": 0.7191493511199951, "eval/accuracy": 0.9041916167664671, "eval/precision": 0.8685629629629631, "eval/recall": 0.8308333333333333, "eval/f1": 0.8218736308082555, "eval/runtime": 1.8642, "eval/samples_per_second": 89.583, "eval/steps_per_second": 11.265, "train_runtime": 1080.1092, "train_samples_per_second": 37.08, "train_steps_per_second": 4.638, "total_flos": 5268940802841600.0, "train_loss": 0.1965267201496136, "label_metrics": {"_type": "table-file", "sha256": "504969db655a275446cadf848d1fb0e4acae84b4cd3327bc944ccf4f71a69286", "size": 573, "artifact_path": "wandb-client-artifact://uhqon9wsrvhr0wd7kwhujwbh6hk1wptxj6vkwra0h0dpk7ligmt2uyu3j2f015ohw800r2bfjci96q8zwbc6efsy1x9ddju592x4fj9avq0zq0ycmb9qbynp4bvlyc03/label_metrics.table.json", "_latest_artifact_path": "wandb-client-artifact://yncrxdvuiagnhw9b72av1umxs3kbwxfbkrpx9q6bmvx7jbk5ct0tqjaodj2bsenmqqgnyiklzjc937lv47tyeg9bz1l51za63gsvvgofdru6bfq13218o06lb6ah4ogu:latest/label_metrics.table.json", "path": "media/table/label_metrics_313_504969db655a275446ca.table.json", "ncols": 6, "nrows": 5}, "test_predictions": {"_type": "table-file", "sha256": "97ae5098b5433607465f7020f66f647fcfcd1b2e5f993ca50514431b573c7eb6", "size": 90387, "artifact_path": "wandb-client-artifact://n4o4jwdjuyymj5i30l4j34mrqe3460jm5cnf5umef25635euvmcii1zx9iqdusbr31iub46jsg28f13sefcom6y65itrvg5um9mci3cvtt6c9xtp0r3zmi4p8pri08vr/test_predictions.table.json", "_latest_artifact_path": "wandb-client-artifact://6e0o5zxmey6d5k5vtf9qmyav11wdjangs5pcozcrurmycd4gci7mxkzbecfstj56nkcixrx1an8ls3txuu9pp9hbjqia8eairw6oovit3i72alzy0fpx4awlear2hqiu:latest/test_predictions.table.json", "path": "media/table/test_predictions_314_97ae5098b5433607465f.table.json", "ncols": 8, "nrows": 168}, "test-metrics": {"_type": "table-file", "sha256": "14c54b32bb0c46faf12f8667747ce470450e505a8bd886ad827adca4d9495a3d", "size": 193, "artifact_path": "wandb-client-artifact://t1xwi9ahgmotnyymysxllwll2dxk9kj1a670yd7ogp4lj18xfo7lbx3p22urdqdzkqj18z0qlk9zchbjarmtl2dvg1j6svtq2oubvewnwi9z3yocvgjmf7llfdguc2zq/test-metrics.table.json", "_latest_artifact_path": "wandb-client-artifact://1ctsz5elsoq3q0izgrw1ywftp83lsayvx2t3ol50hxkfqcxn34bitbdlnzyahdiwwreiawp9ntkok5avlidfrh6vgsaoaefajtr4au9k8vmvdwh93mr0runa6migvlgs:latest/test-metrics.table.json", "path": "media/table/test-metrics_315_14c54b32bb0c46faf12f.table.json", "ncols": 5, "nrows": 1}, "test_connective_metrics": {"_type": "table-file", "sha256": "91925a19db8a7d5020c29d055d4275ce5d5dcbe98978b3cdb54fabfa4682fa87", "size": 415, "artifact_path": "wandb-client-artifact://1i2ccohdhba5p4p8zt81ggh13foprqrn9ielwr03fj660ugchlvdpb4hz03i9a4retyt3tt3j9mrtdtmee43h0vumy7dvzwc94t55xbvynopxeif8dxjwcqmqpmvhsje/test_connective_metrics.table.json", "_latest_artifact_path": "wandb-client-artifact://rxgmda4ct2rakf1csu0h0n0nhio2nb18vq8jglsk1w9yes7lvuwqro1tg5ye4z7sdp3oi7tzptq5nw9zh2seiqjn23ltncyflbqayr7097yl2muifw3cyk3fkre0axp0:latest/test_connective_metrics.table.json", "path": "media/table/test_connective_metrics_316_91925a19db8a7d5020c2.table.json", "ncols": 6, "nrows": 3}, "Exclude_counts": {"_type": "table-file", "sha256": "082fcc874914d75958d68e780085931cf5c17034575e8b060f4acd16accf2d9e", "size": 71, "artifact_path": "wandb-client-artifact://wk3irosiyuxolds6oo835o4mdq7tl14nfc0ecf9lej34xha2uyq3z012sg7hugw43n7zxml7dy4ccoo52ugj5y9a3h21o5li3r39ef1cwlvxosva4p3k1b00vxtvipvy/Exclude_counts.table.json", "_latest_artifact_path": "wandb-client-artifact://dpsu0dqtogudw4letjlyqk317k7u0y2pc6oz86gp3v4am2uathjzfw532wipmue5nkcovdajhvsmqzxlt4lm81c5ajeja11dsl1096fuxsrqujgp9uq92ncku7uuymq9:latest/Exclude_counts.table.json", "path": "media/table/Exclude_counts_317_082fcc874914d75958d6.table.json", "ncols": 2, "nrows": 1}, "_wandb": {"runtime": 1095}}