{"test/loss": 1.5045735836029053, "test/accuracy": 0.6, "test/precision": 0.4666666666666666, "test/recall": 0.5, "test/f1": 0.3142857142857143, "test/runtime": 0.1142, "test/samples_per_second": 87.553, "test/steps_per_second": 17.511, "_timestamp": 1736580393.8713217, "_runtime": 14.563135623931885, "_step": 23, "epoch": 4.0, "train/f1": 0.18181818181818182, "train/accuracy": 0.4, "train/precision": 0.3333333333333333, "train/recall": 0.2, "val/f1": 0.25396825396825395, "val/accuracy": 0.4, "val/precision": 0.4, "val/recall": 0.375, "train/loss": null, "val/loss": 1.632922887802124, "eval/loss": 1.642737627029419, "eval/accuracy": 0.5, "eval/precision": 0.5, "eval/recall": 0.375, "eval/f1": 0.29166666666666663, "eval/runtime": 0.114, "eval/samples_per_second": 87.702, "eval/steps_per_second": 17.54, "train/epoch": 4.0, "train/global_step": 8, "train_runtime": 10.7516, "train_samples_per_second": 27.903, "train_steps_per_second": 5.581, "total_flos": 10524725698560.0, "train_loss": 1.6812570095062256, "label_metrics": {"_type": "table-file", "sha256": "eb3ef41ea09112b1654f33935249f075037662a2fc68081ec0d7c16a05a822dc", "size": 375, "artifact_path": "wandb-client-artifact://zu3mx5f07krib7ian7vymig0l4vayzazqadvgzijxx4k3shypkizl7lt4fc652xmn0i55p8x5625i9ylyhkskjxpy4q3qtuq9d4gavmutwjhvgcjgeoa69v1kpmdzhrk/label_metrics.table.json", "_latest_artifact_path": "wandb-client-artifact://1ml873bkxgf15qduwhqnh6wvjmjijdnm662fl7pq3uqapy6kthz9cbgi7jp0kuml46lv3hb2guloxfvlxln311igw8u1gfqapkx1m6scywibqpjrnyqwz71hlbfl6jjn:latest/label_metrics.table.json", "path": "media/table/label_metrics_19_eb3ef41ea09112b1654f.table.json", "ncols": 5, "nrows": 4}, "test_predictions": {"_type": "table-file", "sha256": "11333818d7e1951fb08b16e74e9be231eb88e6ba3f68bbfc980dfc009e870398", "size": 4702, "artifact_path": "wandb-client-artifact://xrmcjn7vjdp602rm54xti3h1vifz5i5ge0zyj2stw024aqjophdswbr525a8hutvhq5u1znryptjkqhiv0563bsttujjjda94fzvu5jepqiodjvcqlbxuonqkzqh0c62/test_predictions.table.json", "_latest_artifact_path": "wandb-client-artifact://as7si6ors3qjwdxsfefdv1i7i3g7hfu74pzp8vf45kslspg3eeng51o2vqw474vedqe6dr4ankmpr77p9bprq5bkw1s3eeqoepmtmxrqt3zduc1ly77bk1p8pcssbmqk:latest/test_predictions.table.json", "path": "media/table/test_predictions_20_11333818d7e1951fb08b.table.json", "ncols": 8, "nrows": 10}, "test-metrics": {"_type": "table-file", "sha256": "385490bb84a25b4102f60a9ec095e8237dfdd216cab1e56f524ee370721289bd", "size": 180, "artifact_path": "wandb-client-artifact://65bxs0qem44eetnh952j1ygc84wc78bfw5cfucdj4dadflgph8lhydev2rkgyi3pkg7aam12e9sy0u7n27memtkndq3lkz096bvklznzoke99krc1d0r472tmcvvewn2/test-metrics.table.json", "_latest_artifact_path": "wandb-client-artifact://nclxncu02cp2kvz1na3zygoyxuswz1nt1n6u9q1f2z5y869h0ono9qdyxraszx8bbq7jonbwxgy7z549aqao9np2txa41uvvdkaxafpz5fyjx2chd8so6iqvb0ox92sw:latest/test-metrics.table.json", "path": "media/table/test-metrics_21_385490bb84a25b4102f6.table.json", "ncols": 5, "nrows": 1}, "test_connective_metrics": {"_type": "table-file", "sha256": "428cc9af244b1ff1ee056bb716d5843b3c8ab919ebae79ada466adc27c9a79d5", "size": 201, "artifact_path": "wandb-client-artifact://3yi1gelz9ena1m5qt4jv10oxwi7k4ivk4zpw5te7ulrbcbua6l9ricp4jr0mrxsf4v4soj9lqadbudiuh8zvocr5up2v0wpcg3f0c0kq59kiyf6n1a87ffdda2w9mfy4/test_connective_metrics.table.json", "_latest_artifact_path": "wandb-client-artifact://m9n63fb3pk358z0hr5uxgv4q3nde48z7p2bsnr21r7cn7pyvd82b0rnaih81qborm7p4hu5vrii700c0behrjz9qsm0pc51mwlxeplmdvv4rfgepir53m71e39a4mgk3:latest/test_connective_metrics.table.json", "path": "media/table/test_connective_metrics_22_428cc9af244b1ff1ee05.table.json", "ncols": 6, "nrows": 1}, "Exclude_counts": {"_type": "table-file", "sha256": "05ee199c323603ea621cfc63508e8d62e4da7371d7d2906ba2595f4df45bbd7b", "size": 88, "artifact_path": "wandb-client-artifact://o4v74s1tx8boi0qiwqzrncmde8tp1ylvu1xa16lr5ak0binzugnblgybnkgy69naqjfizf21n7gxp07xfawbe5h7t488qzbinyd9sewicrl16a1rzetlse3x5c7jla6i/Exclude_counts.table.json", "_latest_artifact_path": "wandb-client-artifact://htd2mh7io000tca777t8rd1knnpy3fponmdrol6we2zvgrtca1f9obo4jnyt9r5rgdtzfgz5gxicrq4q31ihcim99pbx4i7gvh6by4msjwilc5ai1nclxop4mp9ppgrc:latest/Exclude_counts.table.json", "path": "media/table/Exclude_counts_23_05ee199c323603ea621c.table.json", "ncols": 2, "nrows": 1}, "_wandb": {"runtime": 23}}