{"train/loss": 0.0898, "train/grad_norm": 0.026629704982042313, "train/learning_rate": 4.26829268292683e-05, "train/epoch": 7.0, "train/global_step": 1169, "_timestamp": 1739693684.454093, "_runtime": 1071.406075000763, "_step": 152, "test/loss": 0.5926709771156311, "test/accuracy": 0.8511904761904762, "test/precision": 0.7889315230224321, "test/recall": 0.5945001098659636, "test/f1": 0.5965880217785844, "test/runtime": 4.4324, "test/samples_per_second": 37.903, "test/steps_per_second": 4.738, "epoch": 7.0, "train/f1": 0.7752135343573031, "train/accuracy": 0.9872659176029962, "train/precision": 0.9594524082943854, "train/recall": 0.7833303410318188, "val/f1": 0.5724606765783237, "val/accuracy": 0.8502994011976048, "val/precision": 0.7310185185185185, "val/recall": 0.58, "val/loss": 1.1370667219161987, "eval/loss": 0.47592100501060486, "eval/accuracy": 0.874251497005988, "eval/precision": 0.7429529772553028, "eval/recall": 0.6095833333333334, "eval/f1": 0.5927793934358123, "eval/runtime": 4.405, "eval/samples_per_second": 37.912, "eval/steps_per_second": 4.767, "train_runtime": 1058.7339, "train_samples_per_second": 37.828, "train_steps_per_second": 4.732, "total_flos": 2458883136568320.0, "train_loss": 0.41659702925597875, "label_metrics": {"_type": "table-file", "sha256": "bdf55c01b731aabab8b25ef896ef43dce2aa075a89d40e52c7de3f0b7a2a0538", "size": 564, "artifact_path": "wandb-client-artifact://q35vpyxgvv0oyughsf77grmhbwk4no1y7f1c1lu9edpu686wm5nsx0a1ixof3p2lrd2fp8zj4m1i9g1ir73g1lzsf639it3lehxap5bs0wly1him1sxkgrrm9stfy3kz/label_metrics.table.json", "_latest_artifact_path": "wandb-client-artifact://juc549lcm9yvv0fjsq1s2moy6mbik3d8gftsmp9ha1ggjfw2307x2lv6ala3cwcoy1jcj1na4u2bpvymsjoqaucqhd6jwglzyro3ghea8ps4fq8softipstowophfoy9:latest/label_metrics.table.json", "path": "media/table/label_metrics_147_bdf55c01b731aabab8b2.table.json", "ncols": 6, "nrows": 5}, "test_predictions": {"_type": "table-file", "sha256": "ece0db93f69d2807941ff6675f6fca63a716ab470d00a563e7a3402eea716e16", "size": 88204, "artifact_path": "wandb-client-artifact://gvatfggxv1yi0q4mdrxw0sonj2t1967rtsnikicsruxj4mdi2x203d6jkni0sq2rtzoq5xx06dws6qbqqdnyq5n9jbhnr9trrzxygxtu1oq8xclbqrccwravu3s0aq40/test_predictions.table.json", "_latest_artifact_path": "wandb-client-artifact://vgxn6pilqr4bij5em4tw0iqqg35b2dl9prsb6s4syehiajaeu8vz022vk6ox6ufbht7o4u6ku8ytndvq0gtd05vf1ltoa23dm15ckvk7ps1d6ptkybyv2ju9mirykgvq:latest/test_predictions.table.json", "path": "media/table/test_predictions_148_ece0db93f69d2807941f.table.json", "ncols": 8, "nrows": 168}, "test-metrics": {"_type": "table-file", "sha256": "c25181a878c89ff66dee3995f5fee9f7ab280638c13ce602fa1983e2f84ff5e0", "size": 201, "artifact_path": "wandb-client-artifact://zkzgt1ul7j0x3madc2wpfm39fx2wohqxbp7wrfa7yuc6x0aukuf7e90ck0upajrgousyhcvlitwc22osvpojvm265f709rszzaylrhsoueno7bouwcpq3u9hkpk94pvl/test-metrics.table.json", "_latest_artifact_path": "wandb-client-artifact://4mon5rqmmsqsjnoz8r18hminn0m49ujlye2t1n6arrr1hv5p2tupul12g8huj5fkkli4zemyrejcu94n6zv4vp9cb52lyc1jbbrkg0hndi1rls212k88vm64id5ewpjl:latest/test-metrics.table.json", "path": "media/table/test-metrics_149_c25181a878c89ff66dee.table.json", "ncols": 5, "nrows": 1}, "test_connective_metrics": {"_type": "table-file", "sha256": "7a409e95a130ae4f7b16f134c2cc2e45b1d24dbf8bf31d3abecf8704a749f417", "size": 456, "artifact_path": "wandb-client-artifact://f01w4p2r86r7n88hqxn3voaf8xu06d0gtvb5m0hq4xaagge0oic6uxhmbpx47udbbony4iz5flgfiy4joyw2p2fqf8il2feft2seidq0urz9ng70waklspnvctjjxmoc/test_connective_metrics.table.json", "_latest_artifact_path": "wandb-client-artifact://w7r5mchn7wblkyaiwkbkzw934715i36wqmmp5zhzcgdhew8ingjyzqjqj294ap8muizroshi45kk0yq0hkckbwifbtfrrcx0gqrvxtzchm3x15uvhkgdq02iovolsdwk:latest/test_connective_metrics.table.json", "path": "media/table/test_connective_metrics_150_7a409e95a130ae4f7b16.table.json", "ncols": 6, "nrows": 3}, "Exclude_counts": {"_type": "table-file", "sha256": "77258b7129a4391441f72a7439756a1d881e220753ec917f090c57798cc106a7", "size": 79, "artifact_path": "wandb-client-artifact://6ndfeganfg7resb8gane6hq79qu1stv9wwbfs07em13itvg5gwa43fk8glssppokxe2u3e366p130pgvvvafzmgpv7txabc9w8yxh0qaq6hvi1r7s83gbszrbpyz1t4n/Exclude_counts.table.json", "_latest_artifact_path": "wandb-client-artifact://g7v9p93na2gon0o0f57de78mknwur2ydyni7tta3dlsjvip8r28wccujmrmkoy3fyom0pqancvoxlint7cjymqc3wexrq0h7ckj1u8l320w2qaqimxqk429g2u3by9c4:latest/Exclude_counts.table.json", "path": "media/table/Exclude_counts_151_77258b7129a4391441f7.table.json", "ncols": 2, "nrows": 1}, "_wandb": {"runtime": 1079}}