{"train/loss": 0.0354, "train/grad_norm": 0.020850710570812225, "train/learning_rate": 2.7827050997782704e-05, "train/epoch": 15.0, "train/global_step": 2505, "_timestamp": 1736812705.5747702, "_runtime": 1081.3313791751862, "_step": 317, "test/loss": 1.2194627523422241, "test/accuracy": 0.8630952380952381, "test/precision": 0.8716505747126437, "test/recall": 0.8216677653263019, "test/f1": 0.8294000538068336, "test/runtime": 1.8821, "test/samples_per_second": 89.261, "test/steps_per_second": 11.158, "epoch": 15.0, "train/f1": 0.9775988924164318, "train/accuracy": 0.9940074906367041, "train/precision": 0.9976851851851851, "train/recall": 0.9594473730228825, "val/f1": 0.8728110599078341, "val/accuracy": 0.8982035928143712, "val/precision": 0.8979166666666668, "val/recall": 0.8683333333333334, "val/loss": 0.7861201167106628, "eval/loss": 0.7723894119262695, "eval/accuracy": 0.9101796407185628, "eval/precision": 0.9133566433566432, "eval/recall": 0.8716666666666667, "eval/f1": 0.8798052910052909, "eval/runtime": 1.866, "eval/samples_per_second": 89.494, "eval/steps_per_second": 11.254, "train_runtime": 1073.9012, "train_samples_per_second": 37.294, "train_steps_per_second": 4.665, "total_flos": 5268940802841600.0, "train_loss": 0.16803194047221376, "label_metrics": {"_type": "table-file", "sha256": "65fe0ace070692a0cc7b4dcfbd6da7c8232535560baad99d51775cc857c89840", "size": 634, "artifact_path": "wandb-client-artifact://6982vyvik53zkghdgxl0pl39l05u1o4fa6g867ru9aishnt9q6kfltcmj1atifs71ixmvc4d1n9pu0hte2lk6hphzbxq6is90ipx3k5qe3vjsqt24sya0kmqqi82stvy/label_metrics.table.json", "_latest_artifact_path": "wandb-client-artifact://frs4pthvevc2gyl6qm45elpgzt0fxy8l4ocek5bzp35ns5k86z8oo95mup30j3796m0hb5aojdes7sqap6gc4fsqhbb6ht0ecew9u4ql7khlzzx9evsl66xajqubnq94:latest/label_metrics.table.json", "path": "media/table/label_metrics_313_65fe0ace070692a0cc7b.table.json", "ncols": 6, "nrows": 5}, "test_predictions": {"_type": "table-file", "sha256": "2eb2a0963b619874dc0614109bc28e7d41ba4e843910e63b3eb973049f392d05", "size": 89056, "artifact_path": "wandb-client-artifact://qtsusqaj9fvgsvopjrm4khivdqu9yzy3yfswsuifzrcktwnw5ffvsuk9w3p2t35jj20hnm04dxxzws4dhy03xcva1x4dqrhn6ismc1vxt27rbpxyghnjv58sdx7c041u/test_predictions.table.json", "_latest_artifact_path": "wandb-client-artifact://j7gpvif2nel0kb2ul8hqmpsvkmnbvnhmhobowmetnb2znalfqsj2zv2jh6c47pgvrhnsjrjyw0bnyc4cgr0kp2lw9ovrcvuqjkz7gvf6rmo23gwviziv0zt51tta3ndw:latest/test_predictions.table.json", "path": "media/table/test_predictions_314_2eb2a0963b619874dc06.table.json", "ncols": 8, "nrows": 168}, "test-metrics": {"_type": "table-file", "sha256": "d3494e175f98466118bfb3e3ae9cf6911100ccadbb8376fed751b501ae82d54e", "size": 203, "artifact_path": "wandb-client-artifact://ckfcz9vccvelkjw28wdqn1xcs93o76lhhp6uo27pxoarmvlj1oovq8pw0s5uk5wbv4xbhc9u90v2ks8rd9yw1dwsku490fzndm8eq618um5x4howd676n2nfgh961cza/test-metrics.table.json", "_latest_artifact_path": "wandb-client-artifact://su9khjz3u8rbmcw1x90y6gkd546xjrnqw958pbiwsijwbydzzbsa9ldlkls16dkl34hghqwiz32up32eyexihlfppjep2iucrclplqt1u6rpji253jsy3blb3sajwcfo:latest/test-metrics.table.json", "path": "media/table/test-metrics_315_d3494e175f98466118bf.table.json", "ncols": 5, "nrows": 1}, "test_connective_metrics": {"_type": "table-file", "sha256": "84bb4f14c81e71118bb12a00ab0631f0d231455c14780118743f0fcb44b1d0b2", "size": 461, "artifact_path": "wandb-client-artifact://c7cthgtozctw99gyhdct6bk2rr91wk7di1tzxxwpnap5w0d75l1jaorkk2a32zj87l6yn78fj2sbtkpu42ehz3qeef77ly8wug1x9m18jzt0bnuh3nna9ufrga863w2f/test_connective_metrics.table.json", "_latest_artifact_path": "wandb-client-artifact://405hntu8gqg0jdbjfpugqptx2vvi1m08olun2d1nj6eft44zmmh1mncb54pr8kt8t1a9pa2oe3c7os8tach3rdhj2mjexi6uejcgmwbnz42b38pr1dzjphgfb56guoen:latest/test_connective_metrics.table.json", "path": "media/table/test_connective_metrics_316_84bb4f14c81e71118bb1.table.json", "ncols": 6, "nrows": 3}, "Exclude_counts": {"_type": "table-file", "sha256": "547cae2440c483556c6bc9f26fe482e70b5ab8e6358db48cca1b14065bf1a37d", "size": 81, "artifact_path": "wandb-client-artifact://7m2rwomr98kbafo8vy0n1qmrpb8hljw1r87qvtak9q9t40nd4wb1hwn7qnh1x0sogb2x1483q6zuzg6ast16j5ez4mtmdky2mt10huyo6ek1iahgixvb6pjphsyxf0pe/Exclude_counts.table.json", "_latest_artifact_path": "wandb-client-artifact://x6q3acvydmvicyx3cpi5nyayjr2ubsnjs1425elpbhjeeg3xa4u3fy1z150itq5aejb4sbs5nrujk7ykbu98fupk7qdp8jk26bgm0fkcybc4sd2neor0bj8ptwkaumze:latest/Exclude_counts.table.json", "path": "media/table/Exclude_counts_317_547cae2440c483556c6b.table.json", "ncols": 2, "nrows": 1}, "_wandb": {"runtime": 1089}}