{"train/loss": 0.0926, "train/grad_norm": 119.33563995361328, "train/learning_rate": 4.26829268292683e-05, "train/epoch": 7.0, "train/global_step": 1169, "_timestamp": 1739610635.0829344, "_runtime": 1072.0579504966736, "_step": 152, "test/loss": 0.5942113995552063, "test/accuracy": 0.8511904761904762, "test/precision": 0.8192943420216148, "test/recall": 0.5311799604482531, "test/f1": 0.5738259441707718, "test/runtime": 4.4342, "test/samples_per_second": 37.888, "test/steps_per_second": 4.736, "epoch": 7.0, "train/f1": 0.7771539834039835, "train/accuracy": 0.9842696629213483, "train/precision": 0.9608744740040431, "train/recall": 0.7866197316024268, "val/f1": 0.6007908067036698, "val/accuracy": 0.844311377245509, "val/precision": 0.727500607681089, "val/recall": 0.6245833333333334, "val/loss": 0.8129164576530457, "eval/loss": 0.4461028575897217, "eval/accuracy": 0.8862275449101796, "eval/precision": 0.8722222222222222, "eval/recall": 0.70625, "eval/f1": 0.6904330963154492, "eval/runtime": 4.4069, "eval/samples_per_second": 37.895, "eval/steps_per_second": 4.765, "train_runtime": 1059.3862, "train_samples_per_second": 37.805, "train_steps_per_second": 4.729, "total_flos": 2458883136568320.0, "train_loss": 0.44167301609436604, "label_metrics": {"_type": "table-file", "sha256": "8a43ef76d7b7f0d11948d98a3863d6dcbbcf209129cb6de0b885a951acc891a2", "size": 570, "artifact_path": "wandb-client-artifact://rqua20un16uoaw4dn4edsv3y22kyw7c629mwdn4wbfaf3jftccwysy2hrrqc8bd6fb153so8k7jtsycwvzpy3zet8lid52dgy9uqc3wgl0i6mdrlcb50c3n506z3xa32/label_metrics.table.json", "_latest_artifact_path": "wandb-client-artifact://oe547d6qn9pz0xzh92ohgfoptpvelcgy6vmpgx9tr2g25l1cikvy0r0ll7suiwjt2rd61663jbdf8vn1ii7waug7knvvh370g11urcx6k0q8d19s0u9bcs5qberil8do:latest/label_metrics.table.json", "path": "media/table/label_metrics_147_8a43ef76d7b7f0d11948.table.json", "ncols": 6, "nrows": 5}, "test_predictions": {"_type": "table-file", "sha256": "fc2431adbd188528224aa54dd23bd080c10da1b53045babb666ae74cdf2db450", "size": 90519, "artifact_path": "wandb-client-artifact://tn552vrj4amp530d92ur01v3v321xjglxmje1e6n25osbje7hq6f1w6q0ya3rdd2qtum16sbwq0pydw2udab18z8q8pcvi0wr13tbfch26oxh0arg8p9wx7lhcguolk3/test_predictions.table.json", "_latest_artifact_path": "wandb-client-artifact://j1zygno5qdi097yg0h2lommw49rwkyugym4fzby3h33wu9oalqwa1cxy1q13v5u5dkg2axn0nf0bcqqxqt4jlu3wp7bz6pbmv6o9pl13s9fwfrbu2r34axvesncftb42:latest/test_predictions.table.json", "path": "media/table/test_predictions_148_fc2431adbd188528224a.table.json", "ncols": 8, "nrows": 168}, "test-metrics": {"_type": "table-file", "sha256": "8f33a19426cc1b40ceba14237d6549b8091dea68d8718c2351c850556cb4bec8", "size": 194, "artifact_path": "wandb-client-artifact://1916rejqf2rig923d7ltggcbt4trdq60zg54uilylqddnkithqj2jlsuhtuxkgsmciejsbllve04h6qitoewse3sge4qicodon01tijcd5hkb5nniyvbgofvey74qt1l/test-metrics.table.json", "_latest_artifact_path": "wandb-client-artifact://vb835hdblmoe1nz1vlmc7n13lsv3lb3zqwe52u4qah2vbuz2mkhi9ivoy1mkkzn7v4cwwf6m2u61bpc321fa3d9k7nqsafjmy5824fg2nqxn06qyr2mporztn72qswlk:latest/test-metrics.table.json", "path": "media/table/test-metrics_149_8f33a19426cc1b40ceba.table.json", "ncols": 5, "nrows": 1}, "test_connective_metrics": {"_type": "table-file", "sha256": "6d8e5aab485b7c052c1620cee4d59cd4ffaff122d156d4b6f13063b57756d1b2", "size": 423, "artifact_path": "wandb-client-artifact://1jjfz6pxybnbdygunm6ayj9ebejthng20n2ejrhcsgaeyqbwmzrouqnbx1iamuh119u1jf12m2pp4nb0hj0qpnzf9wltkf91ys1uhwlnbmi1ao0l8f36aw3jg7k027q4/test_connective_metrics.table.json", "_latest_artifact_path": "wandb-client-artifact://v9r2169lab0t5h7oah383xs54tafkziwhmnz7rcmg7bfkej5rpqrly39alow34jhdcv3wmvpownp5rkt6qy7l06z8tyvj0bvm26bgc85ypn25hqp3ty8tkvc0mxrxaii:latest/test_connective_metrics.table.json", "path": "media/table/test_connective_metrics_150_6d8e5aab485b7c052c16.table.json", "ncols": 6, "nrows": 3}, "Exclude_counts": {"_type": "table-file", "sha256": "082fcc874914d75958d68e780085931cf5c17034575e8b060f4acd16accf2d9e", "size": 71, "artifact_path": "wandb-client-artifact://wjkflj4dxoafsw79xazlhnqkrneghsx6dj7inqd4e12265bmrydv5wc5mvo4xhbay70dlxtfu5ryhngi1gbc7iv6zmtt45svavxj7klbkk19jffr8g8srkteo8ltjamk/Exclude_counts.table.json", "_latest_artifact_path": "wandb-client-artifact://okvz2uyjkc342aok3st742ekomto87pbsaz7m639ycy063l6hgp0caq9v5bg233e9gdhhwk6pk6dq4gcgtz9d15xlxbcow3esy2zxgcakqqx1j3ooyd24ln5zlqsk9qf:latest/Exclude_counts.table.json", "path": "media/table/Exclude_counts_151_082fcc874914d75958d6.table.json", "ncols": 2, "nrows": 1}, "_wandb": {"runtime": 1079}}