{"train/loss": 0.0006, "train/grad_norm": 0.023431817069649696, "train/learning_rate": 3.7028824833702884e-05, "train/epoch": 10.0, "train/global_step": 1670, "_timestamp": 1736728341.2820861, "_runtime": 727.7788631916046, "_step": 214, "test/loss": 0.9323599934577942, "test/accuracy": 0.8392857142857143, "test/precision": 0.7502742329622591, "test/recall": 0.6585915183476159, "test/f1": 0.6812885154061623, "test/runtime": 1.8753, "test/samples_per_second": 89.586, "test/steps_per_second": 11.198, "epoch": 10.0, "train/f1": 0.9775988924164318, "train/accuracy": 0.9940074906367041, "train/precision": 0.9976851851851851, "train/recall": 0.9594473730228825, "val/f1": 0.7545455429466048, "val/accuracy": 0.8802395209580839, "val/precision": 0.8261412575366063, "val/recall": 0.7308333333333333, "val/loss": 0.9334778785705566, "eval/loss": 0.7128625512123108, "eval/accuracy": 0.8682634730538922, "eval/precision": 0.8392496392496392, "eval/recall": 0.7933333333333333, "eval/f1": 0.7654603174603174, "eval/runtime": 1.8606, "eval/samples_per_second": 89.754, "eval/steps_per_second": 11.286, "train_runtime": 720.4809, "train_samples_per_second": 55.588, "train_steps_per_second": 6.954, "total_flos": 3512627201894400.0, "train_loss": 0.27510681632393136, "label_metrics": {"_type": "table-file", "sha256": "14509c6152900e9eefcc72c66b6b0b7de3d8065f99b36db4ad8e6dabc35f307b", "size": 588, "artifact_path": "wandb-client-artifact://5swx1sl790qc1jy8pc6udhl0fp7lwzw7k84hizt1tnss3qug6o2q4frxap51nqkjfis31ysz91y6nf1e193thsh40te3rpwch34wirs0bfwy0dig37otys3ixt7a8vhq/label_metrics.table.json", "_latest_artifact_path": "wandb-client-artifact://5ei69wv2e6wz3basvubr64bywpslq63x1oj73jtjruud8fj8g1818m0xacfbzyb8thrtdhn7qs8jlojc4m83dmenjriputtzt4gdtvsdzr7igx99blrwf3k3wtq6thwx:latest/label_metrics.table.json", "path": "media/table/label_metrics_210_14509c6152900e9eefcc.table.json", "ncols": 6, "nrows": 5}, "test_predictions": {"_type": "table-file", "sha256": "0700828244f04fecd70f8a5b8a69a4011ba803d1f1b7c6a06a120f164afb64ce", "size": 90411, "artifact_path": "wandb-client-artifact://g1nuyqjiu73pnxpw3k0at4eo0m55rircw2soxbpmyon7finwutubjsmo94x7jntj9ednbq0va2omx8a3f4fgrtl58ypjovhdf4dd0js91eee7b2ds8s837o0gfim7i8b/test_predictions.table.json", "_latest_artifact_path": "wandb-client-artifact://8dv16j4t11alc8jaoaby6xguypazomdtzzsuxfl1lv1i4vbg8xbj2xwjd37lwsgonu1k9y76g0t83yzfd9x6n5zy0fr6lte538qugxbd7pz40fdau3s2dsrkf97gpmkj:latest/test_predictions.table.json", "path": "media/table/test_predictions_211_0700828244f04fecd70f.table.json", "ncols": 8, "nrows": 168}, "test-metrics": {"_type": "table-file", "sha256": "7394caafc410e730af481f2454986ff26ea7f6b2938122e419fc9167119be9ed", "size": 194, "artifact_path": "wandb-client-artifact://nkqby4hl80ji2gks51377rfl1ve14pujhwyy8dfk5kq9vgys24wb23z1zv6wx39xybf5j579pqciho2tmbndpr6iwdlej70drksb9f4wafokwetkp3dteqo9qqw4iiw1/test-metrics.table.json", "_latest_artifact_path": "wandb-client-artifact://c826chj6ocjclkx133345rbbhbqy9s2nv6ixc3nto1x2w05f8osrzyaf4xb0wtw6txpqdjn3a94rsof983q8ug646veg7zpsggpehctwskuuzmq6033aqlvmmtmtys69:latest/test-metrics.table.json", "path": "media/table/test-metrics_212_7394caafc410e730af48.table.json", "ncols": 5, "nrows": 1}, "test_connective_metrics": {"_type": "table-file", "sha256": "318753fce6df5a5857e9426a02698f9d744426f2a8d79a8887b7dfe49781e4e2", "size": 405, "artifact_path": "wandb-client-artifact://tks3zz1e2rqur75a3mesuszv3yp5rzlq8fvjnwrjpkxs7n61tc77utkjgtgx309nez1sdta3jm9bcz67u3gbrya1va8fhq33azwksrsad8nyb30j0d9caco4e9s5xgul/test_connective_metrics.table.json", "_latest_artifact_path": "wandb-client-artifact://l96w72dctll9dkjajljk96mgbjb8z9gyvjwbfo38m1rubhpo14ait9r9p6uk2wvs6hy1nbksz5aktvilcamf4r1u78b2uv3pny5jcdirj55wc8r4ooz88yobnsws1sok:latest/test_connective_metrics.table.json", "path": "media/table/test_connective_metrics_213_318753fce6df5a5857e9.table.json", "ncols": 6, "nrows": 3}, "Exclude_counts": {"_type": "table-file", "sha256": "082fcc874914d75958d68e780085931cf5c17034575e8b060f4acd16accf2d9e", "size": 71, "artifact_path": "wandb-client-artifact://11jvaqh46a74x4k3jbcazkv9gavu5h9c9okzm1elbfk1mp0utruv5msi0648kf719ds09de9rh4n6stx2avwpgnjczljv1y67bhvchdpk4hplg0acfqbb5uexscoyd08/Exclude_counts.table.json", "_latest_artifact_path": "wandb-client-artifact://94xr1pmwq32lttecogkipj6455lzm4d3rigfah8wbgufusfxgzb1doa9jozz0byuflg4n9msk8w249nvkw5uskzrh0vhn4sdpywm3459rbaa4xs4nevoc45hw11cfsgf:latest/Exclude_counts.table.json", "path": "media/table/Exclude_counts_214_082fcc874914d75958d6.table.json", "ncols": 2, "nrows": 1}, "_wandb": {"runtime": 735}}