{"train/loss": 0.0003, "train/grad_norm": 0.0023773855064064264, "train/learning_rate": 3.337028824833703e-05, "train/epoch": 12.0, "train/global_step": 2004, "_timestamp": 1739022967.6621473, "_runtime": 864.887677192688, "_step": 255, "test/loss": 1.6884543895721436, "test/accuracy": 0.7857142857142857, "test/precision": 0.7519810508182602, "test/recall": 0.7100703142166556, "test/f1": 0.682717086834734, "test/runtime": 1.86, "test/samples_per_second": 90.324, "test/steps_per_second": 11.29, "epoch": 12.0, "train/f1": 0.9962121809908442, "train/accuracy": 0.9977528089887641, "train/precision": 0.9931166087371363, "train/recall": 0.9994011976047904, "val/f1": 0.5950964187327823, "val/accuracy": 0.8682634730538922, "val/precision": 0.5821233411397346, "val/recall": 0.6775, "val/loss": 0.9575121402740479, "eval/loss": 0.7373550534248352, "eval/accuracy": 0.874251497005988, "eval/precision": 0.7306352459016393, "eval/recall": 0.70875, "eval/f1": 0.6860259059122695, "eval/runtime": 1.8494, "eval/samples_per_second": 90.3, "eval/steps_per_second": 11.355, "train_runtime": 857.4545, "train_samples_per_second": 46.708, "train_steps_per_second": 5.843, "total_flos": 4215152642273280.0, "train_loss": 0.19592913869650339, "label_metrics": {"_type": "table-file", "sha256": "fddd25cda3d633211c20d6913441f5dc64f91aa1e16165f0274d1c250cba3704", "size": 596, "artifact_path": "wandb-client-artifact://pmszco0v5qvms0inwa25b7h7yfcjwvbejxx4zlqoq3ctygzpsizekfqyn3w0f64l3qancev9be7gtmw7ylo5ji3hw24en1ejz3s9kxifmrnnnwitvo0ld30qdyjka45e/label_metrics.table.json", "_latest_artifact_path": "wandb-client-artifact://7twfozw3m2gpbnz97ghhzaemuf1nxiih1vh83746cvdbhkszsaekf6xzvh1ofvi3vburfmzfrxggi9gkrwm4ozdbgj8sdo434br1s69z6i7rnvbh7x1qp0zg6y6b3sbi:latest/label_metrics.table.json", "path": "media/table/label_metrics_251_fddd25cda3d633211c20.table.json", "ncols": 6, "nrows": 5}, "test_predictions": {"_type": "table-file", "sha256": "7dd0edda5396c0765866f730e0d4dac32a3b29dc4b847b9c36e1be95ff1d2b17", "size": 53592, "artifact_path": "wandb-client-artifact://d5uxp1gp6ecstjwkgyep9dl21ib7297fyb9muxpf8glem5otsxx0jiysey8sym0cwzi46lg1wlaxsz6jk2cx88bcbibrfjnb4yga100fyjvnpffi4j6z6f0l5i7sx42t/test_predictions.table.json", "_latest_artifact_path": "wandb-client-artifact://qjauelg6d9anyop8yiu9buzpuql0hh58e33obudxballaqs1su9sjyy7n35mtxxc9qebfhlh94hc2txn8g6zb7x6eyp6b3gimd2xgge00gbf54w41art86ptlrvo9puz:latest/test_predictions.table.json", "path": "media/table/test_predictions_252_7dd0edda5396c0765866.table.json", "ncols": 8, "nrows": 168}, "test-metrics": {"_type": "table-file", "sha256": "a647fc47f91abc44deb99f91eb41940d749a0a9fdea7cbe8f55a53834a5da630", "size": 194, "artifact_path": "wandb-client-artifact://sfzxezp2amo02p2jzr8ovxfoe69gnupdjrx6om9bxfjusqlvsgly9ykjxa10q8fh1w9ixlr1qulgrdeatcrasrpb7f032d9000081f7dz9rpaa3apm20ti1yz6by0r7y/test-metrics.table.json", "_latest_artifact_path": "wandb-client-artifact://dzr0p7z4527plmz4xk820l5bg9d122dpqt1r0edjtk3yz5vzjqzlx6fs7oabatpv045cj1xyfvaqx79uvant2t813xs4ba6gevxpfwkxukpmh23xdbqmntbu63dquw8l:latest/test-metrics.table.json", "path": "media/table/test-metrics_253_a647fc47f91abc44deb9.table.json", "ncols": 5, "nrows": 1}, "test_connective_metrics": {"_type": "table-file", "sha256": "df4cf0a1e967177b8cae92f38f1c8d1a5875509a906aa71a7dc205738e0f3fd6", "size": 396, "artifact_path": "wandb-client-artifact://zc68ax2xapgq797tsrzscqu7dou8aqrou406zmyn7ojstj5s7ko9zdddiw84mj4dsmokpfwnbtlpyvjhujt9we642n5lgwy994zlj9kip0bp0gbm27ydhvmj86lec7y5/test_connective_metrics.table.json", "_latest_artifact_path": "wandb-client-artifact://gi85nqcoc66d0svf3mqvglxtm22eaok2u23s8nidq27u70ym6pr7wrb5n2yxc39vtl9a7so6pgpx31wc87vinqa48wnl21idla7hywy7sazcarvqtsrrymv7nmsd8e9p:latest/test_connective_metrics.table.json", "path": "media/table/test_connective_metrics_254_df4cf0a1e967177b8cae.table.json", "ncols": 6, "nrows": 3}, "Exclude_counts": {"_type": "table-file", "sha256": "14b17048af7d70db18371f6d087e4493b63d0c540484cbe27bc06c81be6115b0", "size": 74, "artifact_path": "wandb-client-artifact://niakze3ryhkdktltrjg39e6z9wt4ykdd2cebwu99gm7h0g2779brgjbnqlfulrwy8pdhgfaiup6vc0l828ohlml04l17jcamwfdxb0mj8iemwnjh0j6i2tjrog3h55k0/Exclude_counts.table.json", "_latest_artifact_path": "wandb-client-artifact://i6w7oli4j6yhrbbm0undt6tenslrn42n40200ahpxongdo433zheeho0pgvhb7rd9w3p0jy5ut983nz2ijb84cakjdd5rhvuokqdy3hy94deuxcyytxvob9gvtfjribu:latest/Exclude_counts.table.json", "path": "media/table/Exclude_counts_255_14b17048af7d70db1837.table.json", "ncols": 2, "nrows": 1}, "_wandb": {"runtime": 872}}