epoch,loss,accuracy,precision,recall,f1
0,0.0018210878756162378,0.8044943820224719,0.27648119854002207,0.30984269992125835,0.291946044079881
