{"train/loss": 0.7606, "train/grad_norm": 6.7248735427856445, "train/learning_rate": 1.6000000000000003e-05, "train/epoch": 1.0, "train/global_step": 167, "_timestamp": 1736414077.6315463, "_runtime": 80.51105618476868, "_step": 27, "test/loss": 0.7629240155220032, "test/accuracy": 0.6666666666666666, "test/precision": 0.503030303030303, "test/recall": 0.20487804878048782, "test/f1": 0.16996047430830039, "test/runtime": 1.8771, "test/samples_per_second": 89.501, "test/steps_per_second": 11.188, "epoch": 1.0, "train/f1": 0.20835654984362612, "train/accuracy": 0.7632958801498128, "train/precision": 0.4916115828650178, "train/recall": 0.21918548224651616, "val/f1": 0.19046277665995975, "val/accuracy": 0.7245508982035929, "val/precision": 0.6961382113821137, "val/recall": 0.21083333333333334, "val/loss": null, "eval/loss": 0.7255797982215881, "eval/accuracy": 0.7245508982035929, "eval/precision": 0.6961382113821137, "eval/recall": 0.21083333333333334, "eval/f1": 0.19046277665995975, "eval/runtime": 1.8627, "eval/samples_per_second": 89.653, "eval/steps_per_second": 11.274, "train_runtime": 73.2218, "train_samples_per_second": 18.232, "train_steps_per_second": 2.281, "total_flos": 351262720189440.0, "train_loss": 0.9901382708977796, "label_metrics": {"_type": "table-file", "sha256": "5ab45f4073ecb9ffd15f479253fc4d0e28b12144ced10956d6f7da78a2881258", "size": 464, "artifact_path": "wandb-client-artifact://0yh5ls8r2g4svgcqm9nz7uw9n6inmoeu9wvng6w07wtc6j1gtrwvpubz9d86yhcst0hl3pofm18h5praxpc90tg4zijsgjuxkph9anvjyyejej97io92ikyscg3gc4lu/label_metrics.table.json", "_latest_artifact_path": "wandb-client-artifact://g477lmbe6bvubsdn5wk3uz6jnx4gqcguc4q95lpabw17qh1bi1vcms2pzeax6t1z2fs0w1u0ll711vjzuv8iyk90izvrhgyrjnamez9zzyr901i6rayetdc36hehubkj:latest/label_metrics.table.json", "path": "media/table/label_metrics_23_5ab45f4073ecb9ffd15f.table.json", "ncols": 5, "nrows": 5}, "test_predictions": {"_type": "table-file", "sha256": "cce4536fdaded29a8138f64567efd7049aeeeee58940ce3aa56dcfb1ebcfc01f", "size": 71547, "artifact_path": "wandb-client-artifact://kn1sadsll17f6nvpyt7u2kv9l0spr6cklnb96ve7cbgv4kgncref81wzhshdkuhl6ld4uht4hn74auyglgsbbaob3wkakgsnc7jtm00drh3pi9pcqv80w0a6ytw7qeih/test_predictions.table.json", "_latest_artifact_path": "wandb-client-artifact://57udgnwb21vgvowwropxyqb0ky0epme4tp6hrq8lruc129gr8ti46hxrp7gdlhdyezw787i9p9renjemyzk5vr2i90l05awi22x350nwdq1smz65rwxgwddjk9d0ym9s:latest/test_predictions.table.json", "path": "media/table/test_predictions_24_cce4536fdaded29a8138.table.json", "ncols": 7, "nrows": 168}, "test-metrics": {"_type": "table-file", "sha256": "161b04e41a35d396effe1473eb6ddbd1ca23d1c96b4969a8fdea19fa93a1f86c", "size": 201, "artifact_path": "wandb-client-artifact://mozbi16qxr18isnhekgfwxz3pktwxlq0hd4yc5qs1j4cccc6bbva4rnhjaolo8wae8bj5kd41obh80mp9uekcsu49e6qymb38qr5au7is82pt7p6aojrapr4kibjzdag/test-metrics.table.json", "_latest_artifact_path": "wandb-client-artifact://zsgpyew6e4uw3j98d1ss0lciv9b895xkrkc0w70owon9sw5y38rebqay794s5hm6ydi4yw0s9ntn498zoipkvqw14bfk99ou23uc4rtqq5s2alypru73kdti0rhpau80:latest/test-metrics.table.json", "path": "media/table/test-metrics_25_161b04e41a35d396effe.table.json", "ncols": 5, "nrows": 1}, "test_connective_metrics": {"_type": "table-file", "sha256": "29319f21616fc4540621c53d83dcf3d0ba7f5f5260cbb269633b424798765984", "size": 373, "artifact_path": "wandb-client-artifact://hagxn49h0lrfp0aurt5ouaguwd5ixpo2owhxrmcz9rw2ucplctpomn8tsxfc0w3ha1nj363xuq580o5mv3k2mfpi77bqk69z3iaefspgavydy44kb2094h12k8698ad9/test_connective_metrics.table.json", "_latest_artifact_path": "wandb-client-artifact://dse1ympdf3ixv0p09fhbs3u7nzfdlwdfvtd8rqxzrjp8d6tto55r6iyoadinglk0icomc6j7sctqla2xhlzurtwybxoqw58fejij9t08vz5zwerv2z3wr8afke2m69cr:latest/test_connective_metrics.table.json", "path": "media/table/test_connective_metrics_26_29319f21616fc4540621.table.json", "ncols": 6, "nrows": 3}, "Exclude_counts": {"_type": "table-file", "sha256": "e1c9680c5dbf27c108a9c47e201f13cfb20008c24fc3198b33ecbe61bb69d2a1", "size": 79, "artifact_path": "wandb-client-artifact://mz5ps9177rd3iddyk1ra3gupx6f0c1y8xciwyg8ddzbkr96if9eg30hlxg7ism2wy51x6l9gfvzfkzh7c2olx8dgrklayob7t7yaynx6ops9il4twk6whntbzezivzsq/Exclude_counts.table.json", "_latest_artifact_path": "wandb-client-artifact://ibonf4f0vgpsci222jf77ras50en5s24s8nhuj7pbzy0lbq69jdpgixb277k75dkbpvfq28kdy5lyk3uv6fiozkabcyfm9uccvh9fww1sycsyvxmicqz62t4snvaxdfp:latest/Exclude_counts.table.json", "path": "media/table/Exclude_counts_27_e1c9680c5dbf27c108a9.table.json", "ncols": 2, "nrows": 1}, "_wandb": {"runtime": 88}}