{"valid/loss": 0.02160205848202734, "valid/accuracy": 0.8323353293413174, "valid/precision": 0.4987000481463649, "valid/recall": 0.36541666666666667, "valid/f1": 0.38646169228846394, "_timestamp": 1714961942.0911074, "_runtime": 341.88056230545044, "_step": 6, "trains/loss": 0.0014149868756197811, "trains/accuracy": 0.850187265917603, "trains/precision": 0.473621296643368, "trains/recall": 0.3687793361759192, "trains/f1": 0.3861280201570022, "_wandb": {"runtime": 374}}