{"train/loss": 0.0276, "train/grad_norm": 0.04892079532146454, "train/learning_rate": 4.0798226164079826e-05, "train/epoch": 8.0, "train/global_step": 1336, "_timestamp": 1738320139.1154115, "_runtime": 577.4754884243011, "_step": 172, "test/loss": 0.9045229554176331, "test/accuracy": 0.7261904761904762, "test/precision": 0.6386363636363637, "test/recall": 0.3661986376620523, "test/f1": 0.362771784403663, "test/runtime": 1.8669, "test/samples_per_second": 89.989, "test/steps_per_second": 11.249, "epoch": 8.0, "train/f1": 0.7989640971065295, "train/accuracy": 0.9797752808988764, "train/precision": 0.8583052448607023, "train/recall": 0.7850323257105105, "val/f1": 0.4839502908514014, "val/accuracy": 0.7904191616766467, "val/precision": 0.6047279094827587, "val/recall": 0.5349999999999999, "val/loss": 1.10380220413208, "eval/loss": 0.7559535503387451, "eval/accuracy": 0.8023952095808383, "eval/precision": 0.7135964912280701, "eval/recall": 0.5333333333333333, "eval/f1": 0.5132534132534132, "eval/runtime": 1.8543, "eval/samples_per_second": 90.063, "eval/steps_per_second": 11.325, "train_runtime": 570.0889, "train_samples_per_second": 70.252, "train_steps_per_second": 8.788, "total_flos": 2810101761515520.0, "train_loss": 0.4745826421495148, "label_metrics": {"_type": "table-file", "sha256": "6f15bb5b8206ff0942b70bf0f45ffee6edae9b71e74c7bca83103870ed76deb5", "size": 630, "artifact_path": "wandb-client-artifact://xjffhhochd12rd522eyhrff6k2wswu1pbclb1r0ient13qhev5qils33x4rz79mv4pgw0r7r9a67347ik7uflywo64oulco9fby92lfwr1fh1g747x6cwkiicgz7b7y1/label_metrics.table.json", "_latest_artifact_path": "wandb-client-artifact://g30iflxm7p1922rvvng0y6ftna08jio2fbbi6ea230fwjgdg702aatsw3tf8ui991ovci12lvvg0swn0tzkjgn7xdgxncyfz8jgsizxt650q9wf0e7hvli5655s323xt:latest/label_metrics.table.json", "path": "media/table/label_metrics_168_6f15bb5b8206ff0942b7.table.json", "ncols": 6, "nrows": 5}, "test_predictions": {"_type": "table-file", "sha256": "c0866fd4a2e0b5c5ba5c1cfb5ab11a1d266d97c4c21281d6c800b487769a5469", "size": 92625, "artifact_path": "wandb-client-artifact://ts6pahji2zdbiy8jw0yonfeqahwfjswsuj8d8xwc0rbbr3ve6bi5v90hdzwp2g4b213p4zum6neijhq4k2fs498lmyug1uvi95z9qcqszy9je83bhpkfmgqj3sjvdgol/test_predictions.table.json", "_latest_artifact_path": "wandb-client-artifact://2mf6nqznzsb5eoowcb03dton69p9fn9rz4mhrhpga6hf1ltsbfieyj46nh21r8gsabb1cluivsw7qkz8x6vbnma4o7miyrdi4tdodeu081fi0ybhi3dhegvcxjzpzeqg:latest/test_predictions.table.json", "path": "media/table/test_predictions_169_c0866fd4a2e0b5c5ba5c.table.json", "ncols": 8, "nrows": 168}, "test-metrics": {"_type": "table-file", "sha256": "3515e19a8bbf3885fa92aa01199cbef9d79c232c68697bf9afecf74faba1683d", "size": 204, "artifact_path": "wandb-client-artifact://psxkhw4jxjtn91847o0yfhcvv8lhfke7w7nqdojw5ontaejp661ryu3hvzn6l4fw6fhmr1g2uxilkl5tsc4ykotmrxyyf7loom2eaaxls1yvhd8ibcewpxjk7xst6n63/test-metrics.table.json", "_latest_artifact_path": "wandb-client-artifact://g36xlk5fup5v9xmykmvdxlxm1s2mflmm3nlr3pjknmr8cn1zmmoyaq566mj1q02585klwl9v3ejcb0s6u67fm7jj4p00dkgfzjpfl7e1z4gal2bnb8vke67zukjwtzpr:latest/test-metrics.table.json", "path": "media/table/test-metrics_170_3515e19a8bbf3885fa92.table.json", "ncols": 5, "nrows": 1}, "test_connective_metrics": {"_type": "table-file", "sha256": "76f2d1e55bb1aa5bd25ecf84b67aa6c41dbf3b8f4f46f31fb2f6bbd959b87a48", "size": 453, "artifact_path": "wandb-client-artifact://34ag66v3j6mt72tlkm3vw8e657ogk47idhs168dnc4ekixyuy0ulgdkkuv6lsto28x4qt6du5d94dz29lw1gj9j0dwr2ct159gminkdzyn2em02cv6hz6k8pmg3jm13e/test_connective_metrics.table.json", "_latest_artifact_path": "wandb-client-artifact://uvt1o6u966vo9dkt9fs82dw03e9v8kdawoixvxckjyo0poujg6kkldd9m6857k5t8ops2xbv4szomqfcnst1qmvchhpkkamfzt24yh8xr1jrdx6dy7wlq5ant5uufqn6:latest/test_connective_metrics.table.json", "path": "media/table/test_connective_metrics_171_76f2d1e55bb1aa5bd25e.table.json", "ncols": 6, "nrows": 3}, "Exclude_counts": {"_type": "table-file", "sha256": "8b86e7a1588758fbb07bee8a7880f2d3547da30bed57fef68d6c53a42a079412", "size": 81, "artifact_path": "wandb-client-artifact://zfxxdhwd5rvnoeq85bhwyw2n5g7af10tra7g2pwoc7dc3ee9r838g3lh8ina1pk8n38ns2mn1cxeqvh2ts322jpn19niy96ibq8xywfeedt422opfu7idrvc33jv97w4/Exclude_counts.table.json", "_latest_artifact_path": "wandb-client-artifact://og54uae6ecs9bkq09zh63j4gx2yeyuxmxv0q3cbrvvjsyjrl9wm2pysimf7avd4ocxrkgafev93e588v64rateffmoxr6s0708863sild5johq2yynx2qmzy6l5xcypz:latest/Exclude_counts.table.json", "path": "media/table/Exclude_counts_172_8b86e7a1588758fbb07b.table.json", "ncols": 2, "nrows": 1}, "_wandb": {"runtime": 585}}