{"train/loss": 0.0106, "train/grad_norm": 0.021223943680524826, "train/learning_rate": 3.148558758314856e-05, "train/epoch": 13.0, "train/global_step": 2171, "_timestamp": 1743067076.02954, "_runtime": 938.705705165863, "_step": 277, "test/loss": 1.1045337915420532, "test/accuracy": 0.8452380952380952, "test/precision": 0.8088322246858832, "test/recall": 0.7647440123049879, "test/f1": 0.7613744513744514, "test/runtime": 1.8849, "test/samples_per_second": 89.13, "test/steps_per_second": 11.141, "epoch": 13.0, "train/f1": 0.9775988924164318, "train/accuracy": 0.9940074906367041, "train/precision": 0.9976851851851851, "train/recall": 0.9594473730228825, "val/f1": 0.8747207993423134, "val/accuracy": 0.9161676646706587, "val/precision": 0.922588480222068, "val/recall": 0.8545833333333335, "val/loss": 0.7287512421607971, "eval/loss": 0.6759451031684875, "eval/accuracy": 0.9101796407185628, "eval/precision": 0.9010011123470523, "eval/recall": 0.8666666666666668, "eval/f1": 0.8754254488680718, "eval/runtime": 1.8735, "eval/samples_per_second": 89.137, "eval/steps_per_second": 11.209, "train_runtime": 931.326, "train_samples_per_second": 43.003, "train_steps_per_second": 5.379, "total_flos": 4566415362462720.0, "train_loss": 0.20526354667700172, "label_metrics": {"_type": "table-file", "sha256": "20733ea12a9fd84fb3f93a9cf52768a78597db3414dbb83d5d09174465aece01", "size": 665, "artifact_path": "wandb-client-artifact://96bcebwshig5mvfayzzrtapnvttirfz5i2kgn9mu2zdp5175ve15tsna6qt8o3kcu30xhzhw4uirlee3axtf7gykpf93k4iewxk31qlsak81ty3r8gxvuejvw5g1c09j/label_metrics.table.json", "_latest_artifact_path": "wandb-client-artifact://v47qpj00qi8b7w1csjyhgnb96euh06jsn0euk3nhdto8qnahyls48isu4zpnkra3m8rkw1fza7aa5moxwrz2q7mecihtkx4dmzczw9e28o6yifcjdibgy1h5xd4xymqq:latest/label_metrics.table.json", "path": "media/table/label_metrics_272_20733ea12a9fd84fb3f9.table.json", "ncols": 6, "nrows": 5}, "test_predictions": {"_type": "table-file", "sha256": "820825c00b84217a177f77455a025024a7c5fefb6a35b16a392b1815499239b7", "size": 92902, "artifact_path": "wandb-client-artifact://p3wd9daeuhnkvoz4j9mai2jmy880n9m61o5kgb8x8kustg2iil8xnct16m1i0myk8z9eqbwvus4uifxodifezxq4te0d9ges2h6ahlmf5r7euy5w8x072byr9k4r2tu1/test_predictions.table.json", "_latest_artifact_path": "wandb-client-artifact://5t6klb6gdwqk5wozjxfoyve07t4vd6n6e30hbox09jbd35eerhllv6w97d6fia53csk1nxym7afvkmh7r821a3laza42px74fmaa4nzuq5i1qj32gu3icek901a5nepx:latest/test_predictions.table.json", "path": "media/table/test_predictions_273_820825c00b84217a177f.table.json", "ncols": 8, "nrows": 168}, "test-metrics": {"_type": "table-file", "sha256": "f54b4dd070ffc0ba0fb9f276603db4c555e0a2dfd3a6dbc5d6eadb1bdff38435", "size": 212, "artifact_path": "wandb-client-artifact://id563c1yvpk7z1te0nbby0y2lfo9jrfenzsn2vpxq8dwn1m0i1jep8061357om0qxy6ocypbygtnu6cp1k0o56no8izwtnfyxwkf80r4kwtwojkfi401mlw5norx08xc/test-metrics.table.json", "_latest_artifact_path": "wandb-client-artifact://z467usm6tpwl3wwenrk9mwe34gorgca917x3bf6yewes80j0av5gmhloefjjkryugvj0ok0z8pl4w1vvqwtmllmy17m6wuf0ng9yajqb2xo3vgmo92wmdub2hhbe1m00:latest/test-metrics.table.json", "path": "media/table/test-metrics_274_f54b4dd070ffc0ba0fb9.table.json", "ncols": 5, "nrows": 1}, "test_connective_metrics": {"_type": "table-file", "sha256": "a64f6e6bbf39cbf45d5e1ad57a0ed22979b822886f7af2a9a2ef99c6ffe6cf87", "size": 487, "artifact_path": "wandb-client-artifact://t96v878ue84d9lkzreo3zebusy32nqy59mqze65qczdhhucncehya9ghpj5hwr1428mfaj7km06j9sq5n3cqqzvyl5mnnaa18dvdbnnndytqvojbu2s1jb93wau9sz1j/test_connective_metrics.table.json", "_latest_artifact_path": "wandb-client-artifact://hjn1c71kwcinket473ejwqgsxp2nl40jenyzegpwnmmaed6egto0likzsia9exe1e0dsv5rwgofikajhgqxn53n719r9ayeievncg6smv83zuafyzsmlm5szmpvjy6qr:latest/test_connective_metrics.table.json", "path": "media/table/test_connective_metrics_275_a64f6e6bbf39cbf45d5e.table.json", "ncols": 6, "nrows": 3}, "Exclude_counts": {"_type": "table-file", "sha256": "25a1c51bc7d78f8f0c485181ff588729b74bed10d613faf3814f153d95fa71a3", "size": 90, "artifact_path": "wandb-client-artifact://e87q7alwdnn2wn7am0nvapgr840anfobthgbe9bgrv6wfqj4fwuk4bamu863q9oca7fmibpwvkgi8zz5mkgcnrflzke8x9t04t6e1qmwmz16ripygsiabanb2bxtifil/Exclude_counts.table.json", "_latest_artifact_path": "wandb-client-artifact://udfh7pdvcn6wcxnnvixsznb23mz2qb52pv2siet6eavlpptid06pnf41601om7rsp6xpp0aa37m1clhy5d0kcsbk8jjt8e8wuigassg8qcj4ik1hu6e8nf3rgm7bg8wj:latest/Exclude_counts.table.json", "path": "media/table/Exclude_counts_276_25a1c51bc7d78f8f0c48.table.json", "ncols": 2, "nrows": 1}, "_wandb": {"runtime": 946}}