{"train/loss": 0.0108, "train/grad_norm": 0.03145619109272957, "train/learning_rate": 2.971175166297118e-05, "train/epoch": 14.0, "train/global_step": 2338, "_timestamp": 1743043732.712301, "_runtime": 1009.7454171180725, "_step": 297, "test/loss": 1.4150664806365967, "test/accuracy": 0.7738095238095238, "test/precision": 0.676173619890434, "test/recall": 0.6554515491100856, "test/f1": 0.6057816982214572, "test/runtime": 1.8791, "test/samples_per_second": 89.404, "test/steps_per_second": 11.175, "epoch": 14.0, "train/f1": 0.9792743371579873, "train/accuracy": 0.9940074906367041, "train/precision": 0.9718230300735271, "train/recall": 0.9880922457937235, "val/f1": 0.7124211130235226, "val/accuracy": 0.8023952095808383, "val/precision": 0.7405426356589146, "val/recall": 0.7208333333333333, "val/loss": 1.36545991897583, "eval/loss": 1.13459312915802, "eval/accuracy": 0.8083832335329342, "eval/precision": 0.7933756805807622, "eval/recall": 0.7591666666666667, "eval/f1": 0.7383857949959645, "eval/runtime": 1.8731, "eval/samples_per_second": 89.156, "eval/steps_per_second": 11.211, "train_runtime": 1002.215, "train_samples_per_second": 39.961, "train_steps_per_second": 4.999, "total_flos": 4917678082652160.0, "train_loss": 0.24422907764434662, "label_metrics": {"_type": "table-file", "sha256": "89492b4f1277029e435ef8797156ec7e882fc03b30fe3754267e74fdb5af76ab", "size": 677, "artifact_path": "wandb-client-artifact://erwci5fxk74w15u0bfbheqnmmtu49tjbn8lc2grm39pxyuwvag4n058ardkouqs4yl05je3lddtuq8yo7u7g4fzfmoddq1gqh9gz5hddfjppbocxgwnalma7uc8nqoyg/label_metrics.table.json", "_latest_artifact_path": "wandb-client-artifact://an8x5m9uiaupzb568lsune7rjrz6faagu8h2ggwtbczvss679b8ns9k1ykzz8lodbzw60vbt1o8e12al9fw4a8xn1f6u5oifj8lucsjh9u7wi6i6yljlyanzp4zo38yv:latest/label_metrics.table.json", "path": "media/table/label_metrics_292_89492b4f1277029e435e.table.json", "ncols": 6, "nrows": 5}, "test_predictions": {"_type": "table-file", "sha256": "263f3e30b868c1166c46d9de5b51d453b70279059d16f27115698faed71091c3", "size": 91262, "artifact_path": "wandb-client-artifact://g1hum0j7dc9xg7m8ln0nz1pkqy306w6sxqfp8pl3rt4n2gupre0kgj1ue7je945z1k6hgvsdh2f7w01pyotg4xxopo9nwuvxerc5jz27xvrcpvdigcevkx96kpsr53th/test_predictions.table.json", "_latest_artifact_path": "wandb-client-artifact://cytnmuzsr989ztkq4g3eh9cjipzl992ncnqmtgznwsd32b38llyqe9hz0bc1s2bsu02cxiqb8ssk3vhsssinn9zreavwtoc0ilh7520lgs4ys9hhfmc8ioydc2y9xy81:latest/test_predictions.table.json", "path": "media/table/test_predictions_293_263f3e30b868c1166c46.table.json", "ncols": 8, "nrows": 168}, "test-metrics": {"_type": "table-file", "sha256": "e66b9dcaf97f57f5ac84d0ea740ddc8f380ac2d93980bf4706ced4c2c54d09ef", "size": 214, "artifact_path": "wandb-client-artifact://6khfycak6hhrrdvnpkrbbsinlymieqvsa8o0jaapzm3a18wytg23h039on5j86gb8nv213nj2tqukvsp230nu6qgkfg9q889jv9zhe9d6bvla6ixfr7p6ukfzvdrz9gh/test-metrics.table.json", "_latest_artifact_path": "wandb-client-artifact://097kbboyvu0nuchs0x8cmgy0nb628awyiwuy8eweqjl9mokf27o5vqgpkam0hm1v9kra6q4chfk6rxiivcljklcbmewk74mksfdx9nd2axmslle18z1fv7k8gb06yomj:latest/test-metrics.table.json", "path": "media/table/test-metrics_294_e66b9dcaf97f57f5ac84.table.json", "ncols": 5, "nrows": 1}, "test_connective_metrics": {"_type": "table-file", "sha256": "3fe041ac1ce6a2ab6d778710ff90fc420cb1edca030741980f0d157a74bbcbbd", "size": 484, "artifact_path": "wandb-client-artifact://xqv5e0ia55g55k2zqyxo8tk8ex43i15l1hzw0f8v3bnrap1r8tdekvea5owjabgsts9nnxvrqgobyi0zlz4qgndisw178s778indyi9hjyh2kpiw5tvkzq0i7dybvbtt/test_connective_metrics.table.json", "_latest_artifact_path": "wandb-client-artifact://q8v04w3wyg3wzdy8z26z7l93zab86aeq4r2jlmh3mfoyz18vumsbg6i0tgfkregkiyfg9uelnt8i2i21jm3czezxvlv649cuc517uqe0gp4cqeol5fe9zebj733svfzy:latest/test_connective_metrics.table.json", "path": "media/table/test_connective_metrics_295_3fe041ac1ce6a2ab6d77.table.json", "ncols": 6, "nrows": 3}, "Exclude_counts": {"_type": "table-file", "sha256": "83103ea35ea937c5aafb1fde568b44549369be67e2f5e61e6a3b2ec01d6ce634", "size": 94, "artifact_path": "wandb-client-artifact://vk70rot6ni7999byybsdae4vk10nnjqf1ie66zofsjeol1a9w1hpkimtmo3d3oradnpybobub6i6koeo4guc7rrk3giim1n6pe5xy9wqe3wlsj6ax99z8bz3pynk77ep/Exclude_counts.table.json", "_latest_artifact_path": "wandb-client-artifact://g0jzix440mk8gu0b5wv14gp88v5zqdaybmcaoecbykzvjop2p1n48m4gk4awz7j6ono9brbedj6bajq8tnykn8sj225ie04ny6ns2h2z92eh112dur3xj5ybt70nyb9n:latest/Exclude_counts.table.json", "path": "media/table/Exclude_counts_296_83103ea35ea937c5aafb.table.json", "ncols": 2, "nrows": 1}, "_wandb": {"runtime": 1018}}