{"train/loss": 0.0816, "train/grad_norm": 0.10748545080423355, "train/learning_rate": 4.0798226164079826e-05, "train/epoch": 8.0, "train/global_step": 1336, "_timestamp": 1739725182.2404547, "_runtime": 1221.8033785820007, "_step": 173, "test/loss": 0.6810885071754456, "test/accuracy": 0.8571428571428571, "test/precision": 0.714159604519774, "test/recall": 0.5873324544056251, "test/f1": 0.5721081053832145, "test/runtime": 4.421, "test/samples_per_second": 38.0, "test/steps_per_second": 4.75, "epoch": 8.0, "train/f1": 0.7618851609142389, "train/accuracy": 0.9760299625468165, "train/precision": 0.9332607998426027, "train/recall": 0.7789006682672562, "val/f1": 0.5894955516416023, "val/accuracy": 0.8562874251497006, "val/precision": 0.6938760128132655, "val/recall": 0.65125, "val/loss": 0.9388166666030884, "eval/loss": 0.6681280136108398, "eval/accuracy": 0.8562874251497006, "eval/precision": 0.7293388429752066, "eval/recall": 0.7162499999999999, "eval/f1": 0.6308273472240813, "eval/runtime": 4.3962, "eval/samples_per_second": 37.988, "eval/steps_per_second": 4.777, "train_runtime": 1209.1388, "train_samples_per_second": 33.123, "train_steps_per_second": 4.143, "total_flos": 2810152156078080.0, "train_loss": 0.44232843696379553, "label_metrics": {"_type": "table-file", "sha256": "55132dad51e84f70a137d25b6dba6e52355deb4c6e5dbcb04c908864dcf889ed", "size": 537, "artifact_path": "wandb-client-artifact://6sjwc7e30b7r3bdit3a5chvydcu0xquhfk8ix3fv5nux1k1cchzlx6dv3es0ylqj1cyg0y31b2nn0w210c3ik7f6ou3v9jhjzphx0rbl5k28uqqpgn12142kainmaemf/label_metrics.table.json", "_latest_artifact_path": "wandb-client-artifact://8o4pc2h2l3rt9he48czu179kmjryg3pp9n1x3hudev4fg4yr0f2z7xrdbmo5otkmn2d42wsf6470opa6q1yh3tdkc4r30fkkr1wdej840wz4eonp1be0ixt90ndeoubq:latest/label_metrics.table.json", "path": "media/table/label_metrics_168_55132dad51e84f70a137.table.json", "ncols": 6, "nrows": 5}, "test_predictions": {"_type": "table-file", "sha256": "5a7ac788a70c036517f18f0988ddbea2a8b6d69c8bc535fdbf42a024e955c63c", "size": 87989, "artifact_path": "wandb-client-artifact://840trykopcg7jf0kji6rn4o8g0b2fnupq1bzsd6ipi1d73asw5svwuxwfy3kgyyutgobgf72p66t2tiwk63g7aq25lq7ssspw7xdfje3gxh5ujwpsefvef4g6zsnrt9t/test_predictions.table.json", "_latest_artifact_path": "wandb-client-artifact://ssplqn47xypwt9elvoisargfnlxjp3u9tu0jw40hno3wppg438v6ekdvc4lmip51wtzse7vt38vwtbloae4zcctxvuyztpnad134ifz4jj2ougefk95i4q0d50b7n4mq:latest/test_predictions.table.json", "path": "media/table/test_predictions_169_5a7ac788a70c036517f1.table.json", "ncols": 8, "nrows": 168}, "test-metrics": {"_type": "table-file", "sha256": "d8be2232a74b606cb92cc459003f0efc93ac85228e571aba1cbc4af1dbf74ce9", "size": 189, "artifact_path": "wandb-client-artifact://9aldty70ujfp1vg51uquwergeknec1jou9tf5cwzdzsabj5xnoehpn64ayh4lax76rn5qsy56067ex0wkq6y5ozpfpdbww4864xla1z2mda5qxuhwka70rw6ideir2sz/test-metrics.table.json", "_latest_artifact_path": "wandb-client-artifact://bk8mhxw7m3saltwdmdcsk46xrz1e2ltcuolmcwnwrdxmqqlufojgyrs973sdtwp8843clv30u7gd091hkqzmlcfqsssx8wutp6ru3b61mqb2g5l90sukqull61i67j1t:latest/test-metrics.table.json", "path": "media/table/test-metrics_170_d8be2232a74b606cb92c.table.json", "ncols": 5, "nrows": 1}, "test_connective_metrics": {"_type": "table-file", "sha256": "580b416ac313f832d32b1e1a584cd9e2c14868253a00d142f6c1f4cb33e11cc5", "size": 423, "artifact_path": "wandb-client-artifact://ag1eafx4kh4qntk5eso7oqsw3y3osex5h26jjn2dfhu1crpp4kp6luvqb1aom8i7c226lwzglb01mwitmaj65fbb4zc13vl8r9x93unkwixiub119r0t76c2vxjn83q5/test_connective_metrics.table.json", "_latest_artifact_path": "wandb-client-artifact://diq0sfumq6ametjbrcewwk1q2m2f2bn8hdykje9dd8bwihgaxg53ig7n6y3xdm1l87rlbabhxogbm8exhndvwp1la2qjvggwluviqho49mfazi7rn0pdrzpng6zrocls:latest/test_connective_metrics.table.json", "path": "media/table/test_connective_metrics_171_580b416ac313f832d32b.table.json", "ncols": 6, "nrows": 3}, "Exclude_counts": {"_type": "table-file", "sha256": "3a3e16eee488be4d9705c81c282778d2e17c222f184cef71ed7ae945012d1110", "size": 66, "artifact_path": "wandb-client-artifact://ha2ew1p1v8rexaajswoa1o7ia634seeu9nvwd8yz9qahc2w2khe29uvpq0azarvl5hay5sbajs5l3z3yobqa6ifea3pbvfd9zxo899mdwi7j8nj7vq2sy85577h4kjiz/Exclude_counts.table.json", "_latest_artifact_path": "wandb-client-artifact://20fdohsukwpaehkm978mz91s6b5qf1mhgg20tyb19rtzl5yjkh5yo8ftnh2436nyf9lp22t9ph33ei70ek76q884u7j2dk8favuggxfjv8a3x4osuwfkj43ikj0662u5:latest/Exclude_counts.table.json", "path": "media/table/Exclude_counts_172_3a3e16eee488be4d9705.table.json", "ncols": 2, "nrows": 1}, "_wandb": {"runtime": 1229}}