{"train/loss": 0.0001, "train/grad_norm": 0.002602062886580825, "train/learning_rate": 2.2283813747228384e-05, "train/epoch": 18.0, "train/global_step": 3006, "_timestamp": 1739578443.972443, "_runtime": 2729.7955701351166, "_step": 380, "test/loss": 1.9159581661224365, "test/accuracy": 0.7619047619047619, "test/precision": 0.5717592592592593, "test/recall": 0.52031421665568, "test/f1": 0.5228681012153815, "test/runtime": 4.4149, "test/samples_per_second": 38.053, "test/steps_per_second": 4.757, "epoch": 18.0, "train/f1": 0.9750856710621368, "train/accuracy": 0.9947565543071161, "train/precision": 0.9927569513406157, "train/recall": 0.959172463622005, "val/f1": 0.638915809270937, "val/accuracy": 0.8023952095808383, "val/precision": 0.7933601609657948, "val/recall": 0.5658333333333333, "val/loss": 1.6606518030166626, "eval/loss": 1.4937453269958496, "eval/accuracy": 0.8323353293413174, "eval/precision": 0.8358249158249158, "eval/recall": 0.65, "eval/f1": 0.7226469391175273, "eval/runtime": 4.3883, "eval/samples_per_second": 38.056, "eval/steps_per_second": 4.785, "train_runtime": 2716.6412, "train_samples_per_second": 14.742, "train_steps_per_second": 1.844, "total_flos": 6322842351175680.0, "train_loss": 0.24058564288832288, "label_metrics": {"_type": "table-file", "sha256": "f66544018b97d32e4c2552820be6b871a0c5fc5e65a9c5fde843dab86673586a", "size": 586, "artifact_path": "wandb-client-artifact://6g4mq89h8z3vz72jj9grwxq8wrcvmnadxzvv8s1i68f120wxb8q9skso6t2xwz6nu90msxgrs7eyttsqldqmj9lctct4po7pldehrssispa64sfj8ec4i85eqo28i7m5/label_metrics.table.json", "_latest_artifact_path": "wandb-client-artifact://yyz9s4rbvitq42nzvgof93beh644zq7kyjbtl8u3dx5mzv2p66fmnhmbd3wn3dexdn7lk1jmtcy44dbucge10spop2axgufva5j76rj1klf1ydg64gaju9tjh8vdrtwm:latest/label_metrics.table.json", "path": "media/table/label_metrics_375_f66544018b97d32e4c25.table.json", "ncols": 6, "nrows": 5}, "test_predictions": {"_type": "table-file", "sha256": "5ab773acaf7fa4094d9c9c6f132b24736e7fbd9687c009d25d18df21291c33a1", "size": 55190, "artifact_path": "wandb-client-artifact://57o3a0kxwptmrrwtko1h040was82rk71mujd3w8zrvvfw8wnwoy0fmq7zff7xq7dd97tmotrb2gw1k2vzu0947z1edhnuxmo87mnk9jmddmhqcngpxtnbgfizqwqo58z/test_predictions.table.json", "_latest_artifact_path": "wandb-client-artifact://4o0tis540ajs1mjjyg3veljxxf7sugp79nchuugo0brkf2bhs8thcgn7cblt4q9qichuwf2kt42afjqdsxgukdtq2itxyj55ptl5pph46mblho0nafxymcsdp4uexz9i:latest/test_predictions.table.json", "path": "media/table/test_predictions_376_5ab773acaf7fa4094d9c.table.json", "ncols": 8, "nrows": 168}, "test-metrics": {"_type": "table-file", "sha256": "81ade375e7b7161d6d75a59b792a51724c0626bd1b7aab63f8fac2b83df3fee7", "size": 193, "artifact_path": "wandb-client-artifact://6r14nr6pzq7hhuomei6zv12nv2jco1carkut1o5174s5mlj64315odyw9hlx16sjac5xvdpax3anuy7oxia270x86mesuyycuyn82x2nhy0slr3h6zqraeue3i11os2q/test-metrics.table.json", "_latest_artifact_path": "wandb-client-artifact://3yzrv2lf82u8e550770uma1fjhrkw308qnkefvbcf2cx5l4qkxlokbwqbyzufro9qcm9vxthuipbiza48l6vliivy4qj40kkjgtkbow4y12kg4oxu29yw82xrbubzlte:latest/test-metrics.table.json", "path": "media/table/test-metrics_377_81ade375e7b7161d6d75.table.json", "ncols": 5, "nrows": 1}, "test_connective_metrics": {"_type": "table-file", "sha256": "91b6c97fc2a7b00044ae20890c307805cae53892f7c97b80a5d9e5db5010e44e", "size": 438, "artifact_path": "wandb-client-artifact://k7mahyfl2pvr3hrjo6s8xhiwfrtc1fpfsg2g0x5kk5irtsfwhvyljcoevh5ep4a56o6ud51fptr474c08b8hym0htv84aezzk8b7wc48kfg4tsyiib7d58g1y8zqpj23/test_connective_metrics.table.json", "_latest_artifact_path": "wandb-client-artifact://bhawx78q8fwq1dug5ylpjvzzo48nu9vdrwy7o9xejqe7sorp2rh14iysd3epdqcru8rwq34otk3l4tejgzbn6g7abo6n90mcimo390nc0l8hi44yuihlydr58kyct8zm:latest/test_connective_metrics.table.json", "path": "media/table/test_connective_metrics_378_91b6c97fc2a7b00044ae.table.json", "ncols": 6, "nrows": 3}, "Exclude_counts": {"_type": "table-file", "sha256": "fa22c4da7120bb2d050f2b48bfbb63b94fd3760be735d6d12002cc9214cc8ce6", "size": 74, "artifact_path": "wandb-client-artifact://ite3f7k3tprixjq8u8dz6wuq13wun3l4vqm5lwb93u8jk9ug4smps7bo2kwyb6qtv3anibj6dme1u647jbe21yrmef5gyh7kd24ucgfar96nqg32y6bga97oj7233ru3/Exclude_counts.table.json", "_latest_artifact_path": "wandb-client-artifact://mwrftkty46vx934ihv7gd2ow9hcp6arwchk4rkmhu9qjdmedhx1mhug9544uo18eazyze4sn5jowy215o2gb69nf2anyc0ay8sav8hirgna8tif82zj3oq81cxcuu7p1:latest/Exclude_counts.table.json", "path": "media/table/Exclude_counts_379_fa22c4da7120bb2d050f.table.json", "ncols": 2, "nrows": 1}, "_wandb": {"runtime": 2738}}