{"train/loss": 0.0665, "train/grad_norm": 0.03709131106734276, "train/learning_rate": 0.0, "train/epoch": 10.0, "train/global_step": 1670, "_timestamp": 1735274145.8408484, "_runtime": 729.9458343982697, "_step": 213, "test/loss": 1.4662374258041382, "test/accuracy": 0.8095238095238095, "test/precision": 0.8310393423370523, "test/recall": 0.637277521423863, "test/f1": 0.6919452325151103, "test/runtime": 1.8532, "test/samples_per_second": 90.653, "test/steps_per_second": 11.332, "epoch": 10.0, "train/f1": 0.999440479261616, "train/accuracy": 0.9992509363295881, "train/precision": 0.9998005982053838, "train/recall": 0.9990825688073395, "val/f1": 0.6383904913316678, "val/accuracy": 0.8023952095808383, "val/precision": 0.7751167487062981, "val/recall": 0.575, "val/loss": 1.5829951763153076, "eval/loss": 1.509851098060608, "eval/accuracy": 0.8143712574850299, "eval/precision": 0.8358897243107769, "eval/recall": 0.5829166666666666, "eval/f1": 0.6561798985328396, "eval/runtime": 1.8419, "eval/samples_per_second": 90.669, "eval/steps_per_second": 11.401, "train_runtime": 722.5305, "train_samples_per_second": 18.477, "train_steps_per_second": 2.311, "total_flos": 3512627201894400.0, "train_loss": 0.24390957512457795, "label_metrics": {"_type": "table-file", "sha256": "151b6e3a84565d190f2a54cd5a88cc059659f73f975e867bb919dcbd84f044ed", "size": 495, "artifact_path": "wandb-client-artifact://c37s2so6m6a3noy5ozev378y8g7lvcmfwk1gl7aodrtcbsfy5r7f0tis9xirzrebszumpl2d2wx6mc0qyvpqdq33o5ork3p60z1asjabw8utv0p2kpyg2r3ov3jyi6zg/label_metrics.table.json", "_latest_artifact_path": "wandb-client-artifact://f2ubk70gyxkczs5h0juh39i7omwu2otzmqnl3vkd1icxjwlej3bmh4qiljdvld0bf8o5hyr3rd9udou383dw07942k81jn5tkvvgxk5xwcfmow91trvfaoo8t0gzwlkw:latest/label_metrics.table.json", "path": "media/table/label_metrics_210_151b6e3a84565d190f2a.table.json", "ncols": 5, "nrows": 5}, "test_predictions": {"_type": "table-file", "sha256": "f835da0805ffd8aac54a24a9711295a74e589b732f53bdd29541a564fbba7a77", "size": 52663, "artifact_path": "wandb-client-artifact://5got1wbbz9pfgwu6q1ofcoijfgtunw0k52el4n3k2631zck0vxsf3igyrfv922jyg30mfzglotobwrjxdtu61y3bukuyu8qpkkishxjqvq48bwpvu2e5hywckn6ifb2v/test_predictions.table.json", "_latest_artifact_path": "wandb-client-artifact://u739clbt0ruzxlvuqeg0ydolgzl6l3ktvyzswt6h176pjlz8cpi0gfnnnxky6x3sirfat6kd9ambcwl2o6u50vriw3sga44nqdggee2seujpsa9afe4qv9vusrbmj6y0:latest/test_predictions.table.json", "path": "media/table/test_predictions_211_f835da0805ffd8aac54a.table.json", "ncols": 7, "nrows": 168}, "test-metrics": {"_type": "table-file", "sha256": "a4afb11ee61c255a752c535d493495894a5f38904a97b1b2d753af1a8bd3689d", "size": 194, "artifact_path": "wandb-client-artifact://0sjjvwk1avl9t1v42mjy6xwss226ic9sgnre693v4ttgwn8fxdouo2sr3aa3liozzxh1t1fg4n6kq93qcv1vzflgo8muz8dy5q0qb8ds0qbaqufqzjzhipv0ayuziok7/test-metrics.table.json", "_latest_artifact_path": "wandb-client-artifact://9c2puobbq2hu99nxadmve0rk73lwzcsdrvlahh137vl5m69k2mgb5a0voaisgicz72sqkjew4mkf9el4md3p5wy5ta9gn1ruux3gym7w7eknsiw6p2mmm1yrhd09rscc:latest/test-metrics.table.json", "path": "media/table/test-metrics_212_a4afb11ee61c255a752c.table.json", "ncols": 5, "nrows": 1}, "test_connective_metrics": {"_type": "table-file", "sha256": "49d29f82183d3fba0bef692217e619706f2457f7ab55f8003567fb85fcdc21f1", "size": 331, "artifact_path": "wandb-client-artifact://cwbencyenkil3al44kwo565ud3kqns3on1u58c3lyl1xrkxwsi93akeng3fq6tlrpq66ypzvihm90hva5bh3qstlh29zfgpc3x0wzpa3c28fl3mrfdpwmkau9h50s2zz/test_connective_metrics.table.json", "_latest_artifact_path": "wandb-client-artifact://qlzdlih6yjhnjvll5fvrtlml4qo5s54qiyifq9y6zbub4sjk7hw0aveuuervipxy9gkyyotcgzxqs8pr3djrb7w95deb54fm2ualviojd2tzurj1pwhqqtii388q540o:latest/test_connective_metrics.table.json", "path": "media/table/test_connective_metrics_213_49d29f82183d3fba0bef.table.json", "ncols": 5, "nrows": 3}, "_wandb": {"runtime": 736}}