{"train/loss": 0.0376, "train/grad_norm": 0.002960795536637306, "train/learning_rate": 2.2283813747228384e-05, "train/epoch": 18.0, "train/global_step": 3006, "_timestamp": 1736635854.3955681, "_runtime": 1285.063204050064, "_step": 379, "test/loss": 1.9250342845916748, "test/accuracy": 0.7797619047619048, "test/precision": 0.6716041666666667, "test/recall": 0.6433904636343661, "test/f1": 0.6448091796627361, "test/runtime": 1.8521, "test/samples_per_second": 90.707, "test/steps_per_second": 11.338, "epoch": 18.0, "train/f1": 0.9962103761807655, "train/accuracy": 0.9977528089887641, "train/precision": 0.9938300505464686, "train/recall": 0.9986833672105331, "val/f1": 0.5937210379981465, "val/accuracy": 0.8622754491017964, "val/precision": 0.5930620155038759, "val/recall": 0.67625, "val/loss": 1.3187577724456787, "eval/loss": 1.070731282234192, "eval/accuracy": 0.8622754491017964, "eval/precision": 0.6788558325143691, "eval/recall": 0.7383333333333333, "eval/f1": 0.6753118139550413, "eval/runtime": 1.8376, "eval/samples_per_second": 90.881, "eval/steps_per_second": 11.428, "train_runtime": 1277.784, "train_samples_per_second": 31.343, "train_steps_per_second": 3.921, "total_flos": 6322728963409920.0, "train_loss": 0.13467965491709122, "label_metrics": {"_type": "table-file", "sha256": "81ffc48bafbf4cf4f063d9a667c30bcc8d7cd4c7f8937203213175b7654575f3", "size": 462, "artifact_path": "wandb-client-artifact://gt7h6o8z3rz3vgb6ftqscm2u8w01u2lmovsh0o7docwandl1wqspm46g7k6x6ww5x5ngfsbw57wa1n0rvy00s4tvk7zujik42llnfxjo5q2nslbzco8xezjl7h5is51m/label_metrics.table.json", "_latest_artifact_path": "wandb-client-artifact://3hs2x7lwvm8ndxxlb1jkjfpfzcc6nddyp4vgg0gx67g98vdy0praqnuvoq36d16zuy29t50ulljo4zqw27m9r3406b8rr461p72biriz64xfrmgnlq7dvefiz0nqx1os:latest/label_metrics.table.json", "path": "media/table/label_metrics_375_81ffc48bafbf4cf4f063.table.json", "ncols": 5, "nrows": 5}, "test_predictions": {"_type": "table-file", "sha256": "838cc105a1af226459e14411bca69ca8517e6a622f599ab30ed586ef71196cad", "size": 53568, "artifact_path": "wandb-client-artifact://lnn36yllrgs6k6xjve56aqmc5uzjbxiu6ueatam3eb3bv1f79qvyy6h7af74oj95eotkgo2kpu1pykz4nvqkv6gc6ie5cq3i55o2ask730c0olom21jpjijapmzww2k0/test_predictions.table.json", "_latest_artifact_path": "wandb-client-artifact://3go9o5nqpvu9g7mjk6gf3uygzn8lhwt9dl2wqpvc6si6ooamvl5ovfx9u7kctee7mnick8p1qhzsic7abfpk1631y8yptd035bjzgfj61p32u9n9qmvz8laiuydvkvhv:latest/test_predictions.table.json", "path": "media/table/test_predictions_376_838cc105a1af226459e1.table.json", "ncols": 8, "nrows": 168}, "test-metrics": {"_type": "table-file", "sha256": "1c5272ee03d05fd770583f5b13dad56179610f6d920510abd038119ba7510108", "size": 195, "artifact_path": "wandb-client-artifact://7tc0afu0erj83ljsr1d33kik90cwo0av99pb1w4jddnaokaggt3js0pj8pypzx880dio40iur5vgrh7oabxom7d0sdp8w69ad3s82i0mbc7oco8h8ex90qfui7ysx65h/test-metrics.table.json", "_latest_artifact_path": "wandb-client-artifact://fsm5na9d13jmtv861u8ketkwjtf8fc7716o6tp9yvice0xvxiektfohkg6gkcy84d76ryvxe92kh6cgp0l7q4dhpydm4qi6jdenjehr54g2em6gflle8zfe9tmbc83zk:latest/test-metrics.table.json", "path": "media/table/test-metrics_377_1c5272ee03d05fd77058.table.json", "ncols": 5, "nrows": 1}, "test_connective_metrics": {"_type": "table-file", "sha256": "6ed4c8c02085dbbfdd515d50e8851c4a2cbc2fb466358d9f669f26dec3a5d569", "size": 397, "artifact_path": "wandb-client-artifact://tougivrir2a12trf8x327s5h9zo7wkq68v75uashdm5gegxyq8n802g4gho1831nj5ztn5c2w48gf77z0m5iv2060ubglhelw0lmjq8234lzcsuajaqgpsj4ivn26txk/test_connective_metrics.table.json", "_latest_artifact_path": "wandb-client-artifact://wwfqtgvzam80ypn8h268hsea4aowag5czmmesaiwz22mf50fkmy4082ykr87zephcebg590x1djad5kure2mmagz18fisejkjyk4njevzr08u7dt53ivybnkk5ykw7l2:latest/test_connective_metrics.table.json", "path": "media/table/test_connective_metrics_378_6ed4c8c02085dbbfdd51.table.json", "ncols": 6, "nrows": 3}, "Exclude_counts": {"_type": "table-file", "sha256": "1a3d918c3f53b28b05bc7e06d7cc4103e58474eb9b0eaf7e5c9ed70b55818bea", "size": 75, "artifact_path": "wandb-client-artifact://jq116sk95zcgcqep8dfkg98dwzh2k4f3yrpd7oq1gm8ro7ea7gsyy0r89ipatzj4l26is3u0v0jnlvgknjmdc3vwnr2p7oji97gr8oqfaftswg4fpdv413zf6gsl1eak/Exclude_counts.table.json", "_latest_artifact_path": "wandb-client-artifact://n6vyz9pvn2blp3dh3o802ghur3cdmdwsqd24fosrva1mx0v35igpcw5x3ko59yph1z3iu5jbphj50y38uiqdrj04nwl7h0vqjchlp45agbkml442soiw4iftxtswdblb:latest/Exclude_counts.table.json", "path": "media/table/Exclude_counts_379_1a3d918c3f53b28b05bc.table.json", "ncols": 2, "nrows": 1}, "_wandb": {"runtime": 1293}}