{"train/loss": 0.7489, "train/grad_norm": 2.829397201538086, "train/learning_rate": 4.26829268292683e-05, "train/epoch": 7.0, "train/global_step": 1169, "_timestamp": 1739898141.4926775, "_runtime": 1072.7292954921722, "_step": 152, "test/loss": 0.6717215776443481, "test/accuracy": 0.6904761904761905, "test/precision": 0.4636195110647665, "test/recall": 0.4563963963963964, "test/f1": 0.30353754404987804, "test/runtime": 4.4324, "test/samples_per_second": 37.903, "test/steps_per_second": 4.738, "epoch": 7.0, "train/f1": 0.26952145893322366, "train/accuracy": 0.8044943820224719, "train/precision": 0.5907553222513853, "train/recall": 0.2734886714120906, "val/f1": 0.25765319426336375, "val/accuracy": 0.7784431137724551, "val/precision": 0.6287037037037037, "val/recall": 0.26708333333333334, "val/loss": 0.7328649163246155, "eval/loss": 0.6160393357276917, "eval/accuracy": 0.7425149700598802, "eval/precision": 0.3929288321167883, "eval/recall": 0.4766666666666667, "eval/f1": 0.35598334357294015, "eval/runtime": 4.4045, "eval/samples_per_second": 37.916, "eval/steps_per_second": 4.768, "train_runtime": 1059.133, "train_samples_per_second": 37.814, "train_steps_per_second": 4.73, "total_flos": 2458883136568320.0, "train_loss": 0.6687213827953877, "label_metrics": {"_type": "table-file", "sha256": "a9e128c079e97646031b826f22320938b69b79a0499c450273ef418e45ac8fd6", "size": 661, "artifact_path": "wandb-client-artifact://irz9v5yhhazs3alqktxuc0rok2qr7gji1zedcy91zi8zw4b8xzgh95m04e4pekqvirmsg5rtqv434p22c6r16xp364194ebkzlh8xr7e7lbvw9on460lauql1wkza4q1/label_metrics.table.json", "_latest_artifact_path": "wandb-client-artifact://mmfg4nxiqofmyb0e4gvlnssk3j1tvzpy2d5vhxh8vhbnp28mjr0gbi782pdz7yu6r6v9cndlz5ogp6f0ycust2n8du5xiu8qo1683hzlejl9wwp5hayxn6dyoqx5ozgx:latest/label_metrics.table.json", "path": "media/table/label_metrics_147_a9e128c079e97646031b.table.json", "ncols": 6, "nrows": 5}, "test_predictions": {"_type": "table-file", "sha256": "62807cce56c6a07600a907f73cbd62ee79501f1192f38f2f31ad450de5e47100", "size": 139403, "artifact_path": "wandb-client-artifact://9rprkuubo1kttli6wef2vfzn6e1pvvt0hobyi1jboxursdp4dpxn7w2womv8te8cxwfwqtowp3tspc3021opzf9l8gavpp71h33ksi7ikplpgdx19nce47irusglpxr2/test_predictions.table.json", "_latest_artifact_path": "wandb-client-artifact://bz74ugl3a1gcf93477m2rljklru3j8u43wtcnam8tf38q1uhf3zkrcg0g8aoggodz5ymai2zx32nxkfhpt2mlxlqjtlvtq4j6a8x3zq7fdh3lng7w0tox2t1qenymkes:latest/test_predictions.table.json", "path": "media/table/test_predictions_148_62807cce56c6a07600a9.table.json", "ncols": 8, "nrows": 168}, "test-metrics": {"_type": "table-file", "sha256": "262a6cffb25c85fdf37ef938b8bad332c6224be32505b28074fe04a2d5244823", "size": 215, "artifact_path": "wandb-client-artifact://zbzh0qrs8dlg4s1p1sy2tv4o7xdu4wp7fvmhnlv83kd1vj8gt7l8icivqgoqih2xs94uyxsp1qek11esg1ltursrr83oniw041csa4rrvyuigrkkkmc3fmz1aquhkq7p/test-metrics.table.json", "_latest_artifact_path": "wandb-client-artifact://n7amsgxpj4o30slad59xbk5ykqry1ruf6o7yec8btu3limoy8xuca6rcmjt7bthhwqmsrwc83ssg7x5kp5i0gjjdlgb12wjn3320u59nlfrqu3jt5d9omunvj16sqbdp:latest/test-metrics.table.json", "path": "media/table/test-metrics_149_262a6cffb25c85fdf37e.table.json", "ncols": 5, "nrows": 1}, "test_connective_metrics": {"_type": "table-file", "sha256": "8d3db661239c6340944006f8a951d584a2afeed1be6706889f6455ccffc128f8", "size": 473, "artifact_path": "wandb-client-artifact://xx8chdzh05dwd5gnyi0h7ecuf88mqn973mutqx6k0lon5f02s7w21pxqbmgqf7th4m21kcytqg7zmbhpqpqa9aynx1icwatsw9l17ncwosbnkwv45to4y3w4ce3899yp/test_connective_metrics.table.json", "_latest_artifact_path": "wandb-client-artifact://436ygqcyub4ib9en8kcnhdjqwqh2tpvrjncgdnxetm8xzj0akjgjnn3o495cfic08al0p6ytp530414virdwpgsuz7kt3opz27z11724800q9r8vebinx1yf6gzf233v:latest/test_connective_metrics.table.json", "path": "media/table/test_connective_metrics_150_8d3db661239c63409440.table.json", "ncols": 6, "nrows": 3}, "Exclude_counts": {"_type": "table-file", "sha256": "c34a277c71c512b8edf166c56baf83d9cf5f1d112b0d9e9e2b7fd47129239695", "size": 93, "artifact_path": "wandb-client-artifact://gbryx1ppswrk1at76sgpgixxher5bovumvtpf6fkb9xeer81c7hap7hs8yt4amoalccyfio4tiggioo57q136rjhjy9586svgk7ydq1cz2uziomvoylvry46zyz4na09/Exclude_counts.table.json", "_latest_artifact_path": "wandb-client-artifact://kp3kqwclltquowx6ti0us5tdxt9zrmbtqyhdxbwt40ofe2zs6ajz5stofwj3ue1nc5fcqnhvm3gramm67uwnwebrfnldncloj5ukqd85inpkvmd9bfs6h1vnzvlca1oy:latest/Exclude_counts.table.json", "path": "media/table/Exclude_counts_151_c34a277c71c512b8edf1.table.json", "ncols": 2, "nrows": 1}, "_wandb": {"runtime": 1080}}