{"train/loss": 0.1315, "train/grad_norm": 40.836544036865234, "train/learning_rate": 3.7028824833702884e-05, "train/epoch": 10.0, "train/global_step": 1670, "_timestamp": 1739830069.3394365, "_runtime": 1522.5021996498108, "_step": 215, "test/loss": 0.9723013043403625, "test/accuracy": 0.7738095238095238, "test/precision": 0.7412329272794389, "test/recall": 0.5249483629971434, "test/f1": 0.47901895206243034, "test/runtime": 4.4247, "test/samples_per_second": 37.969, "test/steps_per_second": 4.746, "epoch": 10.0, "train/f1": 0.7624672660928065, "train/accuracy": 0.9737827715355806, "train/precision": 0.9508087614268745, "train/recall": 0.7653689173724333, "val/f1": 0.5177310924369748, "val/accuracy": 0.7904191616766467, "val/precision": 0.7196759259259259, "val/recall": 0.5029166666666667, "val/loss": 1.0393377542495728, "eval/loss": 0.8734217882156372, "eval/accuracy": 0.7964071856287425, "eval/precision": 0.6882233796296297, "eval/recall": 0.5791666666666666, "eval/f1": 0.5616203233617121, "eval/runtime": 4.3994, "eval/samples_per_second": 37.96, "eval/steps_per_second": 4.773, "train_runtime": 1509.8636, "train_samples_per_second": 26.526, "train_steps_per_second": 3.318, "total_flos": 3512690195097600.0, "train_loss": 0.5041058051996602, "label_metrics": {"_type": "table-file", "sha256": "f4ee6a92aa0cf61e9415afe6ecdc22ebe1905d189b49a1ce50ab5d66028a4a32", "size": 657, "artifact_path": "wandb-client-artifact://aq8u9bobd0n02j18w9wyxoq7v86t49pyuekkkjv2z7j0uwetn35c2ynp8iy7g9anshnij3pu4fj8fevzzzmtpth2dcd3wl0erzo35yvsauvahc4jzvu5fttpi6qvfkwh/label_metrics.table.json", "_latest_artifact_path": "wandb-client-artifact://ignpst522b2ak8f2jv83mkytyyjkaoxjo6qzzqquzccy2jpa8dfv7dwno51fseg30tk9xtq03b9jz4b98man4rw6ud00e4xq80h7umaxn6iv1izlkf4ichzlwr1wx6f4:latest/label_metrics.table.json", "path": "media/table/label_metrics_210_f4ee6a92aa0cf61e9415.table.json", "ncols": 6, "nrows": 5}, "test_predictions": {"_type": "table-file", "sha256": "75a22af74721ad98fe1d016479755b10c2f7441a3eefdca0e54637b2651d2c4b", "size": 53015, "artifact_path": "wandb-client-artifact://gxdrdiyp6tnj7livonb7qzsp9kaohhkqeoowi0jms4lne5yuejv0ak1xi2sq5hr1at0bth3b4ulwfkssz5h0s3xkdva6zykvkxitlgfkuc006pubiehgqoltu6h2t4ce/test_predictions.table.json", "_latest_artifact_path": "wandb-client-artifact://ffghdh2lqmqxfd7w0lcrowup8h5dhmqok5zzwnxdh4zfv9zx2l3j67r29yykw13yv1ow5hvqgt92iqqlx1prgsgk0i2w8nndyevzi9660uwaj3m0rqok9hraw34l9tu5:latest/test_predictions.table.json", "path": "media/table/test_predictions_211_75a22af74721ad98fe1d.table.json", "ncols": 8, "nrows": 168}, "test-metrics": {"_type": "table-file", "sha256": "fc8fd1ba128b07456f86519c8bb56067a9c287b23155816c455d1f018b5979bc", "size": 206, "artifact_path": "wandb-client-artifact://bm4esxz9rd7u5qcbprujr2i802mkb4rgsxql4rhl4pz5bvhkrggzbks0m652n53iawo9epq2acldqjddicldrvp1idhc9hxfpq0ihk4ucoi3ixgynfwtlabavzepcrwv/test-metrics.table.json", "_latest_artifact_path": "wandb-client-artifact://x6oa2nmooy9iswghc3ri91fm9q5nh523157iy8x9msd1wlqzdlku7f5bx3tth051i32cfgzit245did3j0jq3p2i4shsxhxumcwwx4the4l3jkq53htvxh0vrifr4p3u:latest/test-metrics.table.json", "path": "media/table/test-metrics_212_fc8fd1ba128b07456f86.table.json", "ncols": 5, "nrows": 1}, "test_connective_metrics": {"_type": "table-file", "sha256": "18ee335741ad4ffc9b7b01c91d7bc42c9534d813df5015044d34bd4dea3ae4f8", "size": 438, "artifact_path": "wandb-client-artifact://l1zcb2ot4q4sg2mbmwuzmjrwznminhjyutixs7pgyl7imf6r6julrvaxslwro7rl2bjue55pwbc0w9iembytmumnrfy4ir8rjzsyxffaht9vhwtr102eg0ka37uha1w3/test_connective_metrics.table.json", "_latest_artifact_path": "wandb-client-artifact://t8yvq6m15rnfel987flbj5ki470vljph98cfwgluzoj7eyxs0sifugcuagssu71pp07rmcctgdnnw4wf5rlkv0geezw60rj8uexuv721tzeyzit07z6cypgpufiljxcz:latest/test_connective_metrics.table.json", "path": "media/table/test_connective_metrics_213_18ee335741ad4ffc9b7b.table.json", "ncols": 6, "nrows": 3}, "Exclude_counts": {"_type": "table-file", "sha256": "e0904507c7a3e3f62f0831416757fbded3c24349ee8ce39d59ff399ee82bffe7", "size": 84, "artifact_path": "wandb-client-artifact://psm3kheijid8pk95pufub7ucsgw2q99dvcq4s305zvlf856j3angh2vgkv884jfyerp37wjh5unx914wzhmbj2mpbyesge75lgrvx9rd69fgsl2xo10yfbce13tuyaof/Exclude_counts.table.json", "_latest_artifact_path": "wandb-client-artifact://00nr5o5ghv5iqwkk2g384by2k3s0ppbk1l35r9jtc2y130exau8mp1gj2zue7zwtclz72crtsalg740do3unm1zr7bk0nqesxhtcaj16f0tyhd3un817n8p1f9xb6f6v:latest/Exclude_counts.table.json", "path": "media/table/Exclude_counts_214_e0904507c7a3e3f62f08.table.json", "ncols": 2, "nrows": 1}, "_wandb": {"runtime": 1530}}