{"train/loss": 0.0634, "train/grad_norm": 0.005615691188722849, "train/learning_rate": 3.148558758314856e-05, "train/epoch": 13.0, "train/global_step": 2171, "_timestamp": 1743040561.278833, "_runtime": 945.4897108078003, "_step": 277, "test/loss": 1.5680698156356812, "test/accuracy": 0.7797619047619048, "test/precision": 0.5697069116360455, "test/recall": 0.5739178202592836, "test/f1": 0.5546964696809897, "test/runtime": 1.8809, "test/samples_per_second": 89.321, "test/steps_per_second": 11.165, "epoch": 13.0, "train/f1": 0.9794072597117853, "train/accuracy": 0.9940074906367041, "train/precision": 0.9655587943563895, "train/recall": 0.9948080409399973, "val/f1": 0.6430116948389374, "val/accuracy": 0.7904191616766467, "val/precision": 0.7131798806479114, "val/recall": 0.6154166666666666, "val/loss": 1.483913779258728, "eval/loss": 1.3838592767715454, "eval/accuracy": 0.8023952095808383, "eval/precision": 0.8094811656005685, "eval/recall": 0.7162499999999999, "eval/f1": 0.7276782619153738, "eval/runtime": 1.8733, "eval/samples_per_second": 89.15, "eval/steps_per_second": 11.21, "train_runtime": 938.0452, "train_samples_per_second": 42.695, "train_steps_per_second": 5.341, "total_flos": 4566415362462720.0, "train_loss": 0.24875495576022283, "label_metrics": {"_type": "table-file", "sha256": "76a46baaa06624ff914e9a9f9f226ed3094fb987ed64a335327efebfc8a61d92", "size": 707, "artifact_path": "wandb-client-artifact://gguglg4tdzwdybvmbhwl0jaebnmv0pujpxgvy9ojs1b3neh8vfvjxjd97lvm6tnmyyih7pwd1myh0xvxd29bj3oik538giqvwcv0lu0rtf1efhnejapejz9jcx2o9gdh/label_metrics.table.json", "_latest_artifact_path": "wandb-client-artifact://8pf7fo8tp0qzqvrld36aluj9bo35e2wsohnjejbpyqggpnhbgozfdswgq7mpepxu911s85y6ydyyc8mq1p3rf1a81hlfxe4zf1tppucbxtjj6nnhyfczk4svo57a4slf:latest/label_metrics.table.json", "path": "media/table/label_metrics_272_76a46baaa06624ff914e.table.json", "ncols": 6, "nrows": 5}, "test_predictions": {"_type": "table-file", "sha256": "032e5a8a5e50fb704b81f6802cf1392786d88ca613cacafef7e8771b89b1b1d9", "size": 91130, "artifact_path": "wandb-client-artifact://9oxb757br07rjpbbwj7t15xhznqx5f5hzodfgd7ayqhy9oyasuzdpc86cw1hxii9lni30t0ak1qua8mxamn0jwi87xxjkqdks56m49f28r4faxshdpk6cd75461ridrs/test_predictions.table.json", "_latest_artifact_path": "wandb-client-artifact://5fun1nigzxsrzlb58ai21b7y5by3bgfwwcbn71l0x0iuq1itepbj6yhc2tqm46z4tvauvlyjssxqwsghup69tfx8xtbbpx4pd3dy596gap67w1p3c5lpssfl3rqjc6vp:latest/test_predictions.table.json", "path": "media/table/test_predictions_273_032e5a8a5e50fb704b81.table.json", "ncols": 8, "nrows": 168}, "test-metrics": {"_type": "table-file", "sha256": "bbe318be735108e3833c7a2498bdcc46319174fa39971c329ecb69dd66d8bc7e", "size": 215, "artifact_path": "wandb-client-artifact://lmvc9s85urd2ji7d5669lnkf9395oeq0mgvzzb1r2tg6xdbu7t8f8apsf2lrvmm29xqcgdni3e14jlfa3iimbylob83umte90c12c03wz4ujsc02m4ea4esyxqiyb5fa/test-metrics.table.json", "_latest_artifact_path": "wandb-client-artifact://gyylzszu7rlg42if5b99veyj6csfz64aowkakb5sf38gmfckmfd1mecm6m4valqa118h0qtsnrph4sonc1velf865urv1ykgz42noe46fu5jkeihfl6o6qtv8xzvhiok:latest/test-metrics.table.json", "path": "media/table/test-metrics_274_bbe318be735108e3833c.table.json", "ncols": 5, "nrows": 1}, "test_connective_metrics": {"_type": "table-file", "sha256": "e1ac14f368f9c45fa743d4cce7e57278091b25495cc18a9200774c9cbf808a40", "size": 468, "artifact_path": "wandb-client-artifact://h66xqu7nnwprdman2wcsfeptckmdobe092wjz3oq58ga0edgo2i5234ottidr6wtiq2wjou5byk8qsq4fj24r0nsuzme7gjnef5mp7i6jfmddt0hdi3qvv8lyc3wddzd/test_connective_metrics.table.json", "_latest_artifact_path": "wandb-client-artifact://rq94jzbgs931mlecthqhdv046uag2a4oer8uicrl7yyohnvf7s2sgjef3z40ftsq58si7i219zran8m7pi5czwpfcwc1totv6wftwt0ynoah3sw0k0l5684mmq6d850w:latest/test_connective_metrics.table.json", "path": "media/table/test_connective_metrics_275_e1ac14f368f9c45fa743.table.json", "ncols": 6, "nrows": 3}, "Exclude_counts": {"_type": "table-file", "sha256": "83103ea35ea937c5aafb1fde568b44549369be67e2f5e61e6a3b2ec01d6ce634", "size": 94, "artifact_path": "wandb-client-artifact://plhxlgj45kvgtkfvhi1kee9syg3ytjoj51ztfkww5n47m9oxrp1wbmci5iuhxqkw9dj3pnseqrqqsprr6anj3u8f721ab51yg7g9ij08auosag2ey1bfhyylvh8uwaj8/Exclude_counts.table.json", "_latest_artifact_path": "wandb-client-artifact://ig520u8qct2ir2ko4krbe95651acuz49uax3bm7saaxgdsdtc8mrmfm6bmgfkljppiph1f4u22nargmwbf8j05rv9golkw7kvcvex44cpehm4r6qpxlbmyvnrd9pa18m:latest/Exclude_counts.table.json", "path": "media/table/Exclude_counts_276_83103ea35ea937c5aafb.table.json", "ncols": 2, "nrows": 1}, "_wandb": {"runtime": 955}}