{"train/loss": 0.1409, "train/grad_norm": 0.07100184261798859, "train/learning_rate": 3.8913525498891355e-05, "train/epoch": 9.0, "train/global_step": 1503, "_timestamp": 1743019496.9792519, "_runtime": 651.79758477211, "_step": 194, "test/loss": 0.8875155448913574, "test/accuracy": 0.8333333333333334, "test/precision": 0.7604208194905869, "test/recall": 0.7639573720061524, "test/f1": 0.7392533936651584, "test/runtime": 1.8822, "test/samples_per_second": 89.256, "test/steps_per_second": 11.157, "epoch": 9.0, "train/f1": 0.9777065025555134, "train/accuracy": 0.9940074906367041, "train/precision": 0.9938492063492064, "train/recall": 0.9632918465921267, "val/f1": 0.8289277570584286, "val/accuracy": 0.8862275449101796, "val/precision": 0.8849485160508783, "val/recall": 0.8166666666666668, "val/loss": 0.6052403450012207, "eval/loss": 0.544839084148407, "eval/accuracy": 0.8922155688622755, "eval/precision": 0.9476119402985074, "eval/recall": 0.8045833333333334, "eval/f1": 0.8515041389057136, "eval/runtime": 1.8673, "eval/samples_per_second": 89.434, "eval/steps_per_second": 11.246, "train_runtime": 643.9235, "train_samples_per_second": 62.197, "train_steps_per_second": 7.78, "total_flos": 3161364481704960.0, "train_loss": 0.2900266091885195, "label_metrics": {"_type": "table-file", "sha256": "c016569e7233aa8bb98608135975bb0b5be699854d6a6e63d0a0b8575068af2b", "size": 648, "artifact_path": "wandb-client-artifact://trkvabp56tct1tpqgbh9wh8dzl99yyvx7bnhtbvo21vcggm2vu3j1wffnq5163i4x7r806x81fq48sde0d27s9d80afsk3nszd4nact8jsy1rkrnpanpmajhdem4m1h5/label_metrics.table.json", "_latest_artifact_path": "wandb-client-artifact://chs3d7oa6lyeef6w8w73xgh1gu0rz690utc0tpat2on62qw72nd2pjjavycx3yj1x0048wcf95ck2nmev73gftpb8gmhlco4t4ux2erojw0xqq0w6sfzwz427pw3q6yr:latest/label_metrics.table.json", "path": "media/table/label_metrics_189_c016569e7233aa8bb986.table.json", "ncols": 6, "nrows": 5}, "test_predictions": {"_type": "table-file", "sha256": "ffd3b541e513dec36abd14f3d9393c6c1d2a9bc6ec243cb46d52556b68ca2ca5", "size": 89110, "artifact_path": "wandb-client-artifact://mhkaueobkywlpj1qt2f6v3v84v4wk2j4h0ufrovrjtu2rp2r1vpw4aw285y11mehoe1w3ygyfhwxdmxncp883zwnwtirbayaazn4v3esxu1d8jigiotz2aqmpt67upsu/test_predictions.table.json", "_latest_artifact_path": "wandb-client-artifact://xkwb9486pz1ynnh6sxx5tsrwc7dsffsxoq5m3blfwtl2mhav4k4r3u0xqqs3apip3pz6wkrbrla091udynmxf0e5sp1gj60qativysd494wt92mwf7yqnsgzukuhd3do:latest/test_predictions.table.json", "path": "media/table/test_predictions_190_ffd3b541e513dec36abd.table.json", "ncols": 8, "nrows": 168}, "test-metrics": {"_type": "table-file", "sha256": "065087502f95ff672011cda69245f7bf0f671cb5032c85e7399da2cf6f1ea296", "size": 200, "artifact_path": "wandb-client-artifact://wpyxdkodzumscizb2qnkjviokzu5iwi6o7df957gyu2mx3dhkeknn9lu4c5phx4wtq89trpqqew3yfr9jngsnd70ydjrexsw4ndfvi6w87ds96ldghbqjsqbbb8qz86f/test-metrics.table.json", "_latest_artifact_path": "wandb-client-artifact://wn0do9tyhhz1tbn2ukwfbswipm1dccu08i9t5wq2ncrnunj749h00xmxg6u9bj83qqugp24nxzugfsxkmfq3ytlbg85w8rr35ilnyvwvt77k01twqdlnc2oeclnozp51:latest/test-metrics.table.json", "path": "media/table/test-metrics_191_065087502f95ff672011.table.json", "ncols": 5, "nrows": 1}, "test_connective_metrics": {"_type": "table-file", "sha256": "fa2ef8b5cbaaf55838abd6ab323f6252602604d1e110bcd948833ae74a91dcdd", "size": 433, "artifact_path": "wandb-client-artifact://ho35zvo79q1s1i6hmfi6o352duckjp4n3xff4qk2d04xfiniuhvox295kqtq0ej90chot4gdqdbgfmo4yyxhv6eopz2n5t5gpxuqwq01ukpzbg2od15xw32cammn3my2/test_connective_metrics.table.json", "_latest_artifact_path": "wandb-client-artifact://fsnxhdroxj9l4xe7qy85404h5g6tgjs01mvkbdasur09ecnhpgjm21r7fv1s2hqxuba9th5srjgogqedu6x2jlske2ry9acvbwb356rgswdvd5ouoip908paczd6vs2h:latest/test_connective_metrics.table.json", "path": "media/table/test_connective_metrics_192_fa2ef8b5cbaaf55838ab.table.json", "ncols": 6, "nrows": 3}, "Exclude_counts": {"_type": "table-file", "sha256": "1315d459f2edbaf5a26cf162c57611f734e37385686ca35ad763b16ff92f0e5b", "size": 77, "artifact_path": "wandb-client-artifact://jegr1smtjjaszho80drwr2rzk22cv129958uujrfhanrfjd2dlhjgauueksr836zgegqu4cix1ouucscjwgd4nnvwyns4rnbwz8yy6ga82diuftxhf5hcoa9vhjl8p1k/Exclude_counts.table.json", "_latest_artifact_path": "wandb-client-artifact://u3h2d18szx1loh24puovip9i23utpmyiz6iqvnmjjr7g59fzzvjt7l7qn0sco7o5t4rum0cfkrk9fmn3i8ux8jb5232cxzkgji6za9j6n51sp8vu6v2wwq664ox85gnp:latest/Exclude_counts.table.json", "path": "media/table/Exclude_counts_193_1315d459f2edbaf5a26c.table.json", "ncols": 2, "nrows": 1}, "_wandb": {"runtime": 660}}