{"train/loss": 0.0056, "train/grad_norm": 5.363278388977051, "train/learning_rate": 3.7028824833702884e-05, "train/epoch": 10.0, "train/global_step": 1670, "_timestamp": 1742983686.3273265, "_runtime": 727.2119896411896, "_step": 215, "test/loss": 1.0731265544891357, "test/accuracy": 0.8035714285714286, "test/precision": 0.7661538461538462, "test/recall": 0.7275214238628873, "test/f1": 0.7264081791882623, "test/runtime": 1.8742, "test/samples_per_second": 89.636, "test/steps_per_second": 11.205, "epoch": 10.0, "train/f1": 0.9775911498091971, "train/accuracy": 0.9940074906367041, "train/precision": 0.9984158415841584, "train/recall": 0.9587295426286252, "val/f1": 0.6924563761777642, "val/accuracy": 0.8562874251497006, "val/precision": 0.8182072829131652, "val/recall": 0.7083333333333333, "val/loss": 0.9468673467636108, "eval/loss": 0.5985819101333618, "eval/accuracy": 0.874251497005988, "eval/precision": 0.9162935323383085, "eval/recall": 0.8637499999999999, "eval/f1": 0.8792519685039369, "eval/runtime": 1.8636, "eval/samples_per_second": 89.61, "eval/steps_per_second": 11.268, "train_runtime": 719.8288, "train_samples_per_second": 55.638, "train_steps_per_second": 6.96, "total_flos": 3512627201894400.0, "train_loss": 0.27400072330809727, "label_metrics": {"_type": "table-file", "sha256": "5630838cf26efe63d2b5beec93e9fd8e4b81f186069cee84210723237ea5a6f0", "size": 604, "artifact_path": "wandb-client-artifact://b4bfzx81m3gob1ebqp4ems8kdscu4ahp2yiy44p2smhy249yaiguw8gan1wgsb2qcj6ocx30hcn9rt22xiki6zyd0mws4ydka2tt9gpce24x37kgl2umluu8q0lv0ij2/label_metrics.table.json", "_latest_artifact_path": "wandb-client-artifact://c0a1trs55ae94e4d19easf9z3sha014r6oa5ljrh9yb7drrnb5khxoqjkii4w3ecbkwop6m522ni2xjxk62hn0nmcjrelbzdh9f5zvp6zt1qmxooeulqcn3cve2dx2mh:latest/label_metrics.table.json", "path": "media/table/label_metrics_210_5630838cf26efe63d2b5.table.json", "ncols": 6, "nrows": 5}, "test_predictions": {"_type": "table-file", "sha256": "e31aa56da869dcef3c95111a851d972f4af81b51a8c8c50e6fa51fecb4def1f7", "size": 90375, "artifact_path": "wandb-client-artifact://gysrl7tdpz7odrzwcbvpvkdds652cvwmv324uo7oo6y6svgbjmcaofzqzkly888jptohyf53zr0u7yobf7u72qm3gryt9bfyynims3n8zz8dfvbcuvwa78me64zsy22l/test_predictions.table.json", "_latest_artifact_path": "wandb-client-artifact://mz18elmv4qxmj6glinvdtklcyt86nmro112cqk0jm00sg88qjdjc5j19aehjbbot0sxuadmkf5cu45yrr8di8igsa0h6wk0xt6kx4m9ipe44nw7ejcr9bl72ujfo0l5k:latest/test_predictions.table.json", "path": "media/table/test_predictions_211_e31aa56da869dcef3c95.table.json", "ncols": 8, "nrows": 168}, "test-metrics": {"_type": "table-file", "sha256": "bbe44bc022015485d23808b44230b47daa0f7a23d31838debbb9f15bac252c10", "size": 194, "artifact_path": "wandb-client-artifact://j9cjbt7050ub6092dm78homimclb3v9ju6uy8r2ulkwj99vqdn6qqathc0gp40k8m7mr8e3wrx63pv267y0xwub9fc2tr70vk1ix57spragettvguhk2315ni0q0o3wp/test-metrics.table.json", "_latest_artifact_path": "wandb-client-artifact://cj4eh8ns4vtfyss7g81hd36mg8te6auvthz1lhhldwcm2amxaou034mnq0anbbxxme96pljonms5g203cvoff1sglspcusje7z36qbmws61g90o1k8v2tyndkvvkjtkm:latest/test-metrics.table.json", "path": "media/table/test-metrics_212_bbe44bc022015485d238.table.json", "ncols": 5, "nrows": 1}, "test_connective_metrics": {"_type": "table-file", "sha256": "01dcf333659a4afc11e7883cf397579499d55753b1b5a9cc765bfac17c7d29c2", "size": 431, "artifact_path": "wandb-client-artifact://21trrw9h5nfgjju2gh6o4gqz8pxyd9be9h98lgmrwjkarvr6ydayoss3n6fy5fo9mce024f5hn0kfj8xdho3h54qtgq55kbjrkgy1dqqmczgdn0tct4hfy4qefl8ft9h/test_connective_metrics.table.json", "_latest_artifact_path": "wandb-client-artifact://nhfsf1nxrquydvttcn8bf8k0heqtakks37su2yvobkdqv70f5nxrebxfsxwzbta0lix17sf602bzkhatpkziqw1anl467arkn0l14y5nlcom3q5y7mneqfo485ogn9ha:latest/test_connective_metrics.table.json", "path": "media/table/test_connective_metrics_213_01dcf333659a4afc11e7.table.json", "ncols": 6, "nrows": 3}, "Exclude_counts": {"_type": "table-file", "sha256": "082fcc874914d75958d68e780085931cf5c17034575e8b060f4acd16accf2d9e", "size": 71, "artifact_path": "wandb-client-artifact://fu6uwmg5ud1extnjr3e6p8fxtun34rvncv2kz53zaipqf9v5mn37kksqvr9l19ceyrtwnee9c702sg3b7sw94eq64n8kl5mdizrd11r7bxa8lpsuer2kg4bevrik5qzb/Exclude_counts.table.json", "_latest_artifact_path": "wandb-client-artifact://4pjddexhykakf3lca9vaesxmil87tqn9u7wkeq9dfo4ulobafc7k9wa5rdr6u3lkn9e97p3xwco7ujy55dhkr9qxc9n5u9d2y1bhgq01t0hwfpfngisxk6b0p9w1baml:latest/Exclude_counts.table.json", "path": "media/table/Exclude_counts_214_082fcc874914d75958d6.table.json", "ncols": 2, "nrows": 1}, "_wandb": {"runtime": 734}}