{"valid/loss": 0.03241394701118241, "valid/accuracy": 0.7964071856287425, "valid/precision": 0.2872080488681279, "valid/recall": 0.33625, "valid/f1": 0.3074582402383232, "_timestamp": 1715147840.7001717, "_runtime": 227.38566660881042, "_step": 4, "trains/loss": 0.0016502825731641792, "trains/accuracy": 0.797752808988764, "trains/precision": 0.27394562192250055, "trains/recall": 0.3152245966782032, "trains/f1": 0.2918522748905387, "test-metrics": {"_type": "table-file", "sha256": "27c78fffa18d69f3723f249de6c4ecfd23fc533122342059a221eae52e397393", "size": 200, "artifact_path": "wandb-client-artifact://5hgcjdggyr6vl6nkxl2ae97oinoi59to692fphgejeit76loke6h0sgomrql7noc1c28xqgs3vsmp77iactnlgghh94wxtokv72zejc3asp8akbalsj8vkfut0l44ek6/test-metrics.table.json", "_latest_artifact_path": "wandb-client-artifact://ubcc3yenmr555desfh3c6jqa5fwu1mh7dumm1mm1iajjaknsloa6miw93mxnbctwz3imydskuvv7fn6pjzhedqiftbkjlalwtngnh3gfqyxrjfgyyxzw61tzg1qf9um6:latest/test-metrics.table.json", "path": "media/table/test-metrics_3_27c78fffa18d69f3723f.table.json", "ncols": 6, "nrows": 1}, "save_directory(best f1 for valid)": "./models/cl-tohoku_bert-base-japanese-v3_2024-05-08 14:53:55.791328+09:00", "_wandb": {"runtime": 222}}