{"test/loss": 1.5850653648376465, "test/accuracy": 0.4, "test/precision": 0.5499999999999999, "test/recall": 0.375, "test/f1": 0.3611111111111111, "test/runtime": 0.1148, "test/samples_per_second": 87.087, "test/steps_per_second": 17.417, "_timestamp": 1736581466.9499338, "_runtime": 7.114837884902954, "_step": 9, "epoch": 1.0, "train/f1": 0.1736111111111111, "train/accuracy": 0.3, "train/precision": 0.2333333333333333, "train/recall": 0.18333333333333335, "val/f1": 0.21969696969696967, "val/accuracy": 0.4, "val/precision": 0.4375, "val/recall": 0.3125, "train/loss": null, "val/loss": null, "eval/loss": 1.610878586769104, "eval/accuracy": 0.4, "eval/precision": 0.4375, "eval/recall": 0.3125, "eval/f1": 0.21969696969696967, "eval/runtime": 0.112, "eval/samples_per_second": 89.283, "eval/steps_per_second": 17.857, "train/epoch": 1.0, "train/global_step": 2, "train_runtime": 3.9063, "train_samples_per_second": 2.56, "train_steps_per_second": 0.512, "total_flos": 2631181424640.0, "train_loss": 1.552363634109497, "label_metrics": {"_type": "table-file", "sha256": "4a8cf580800f7f68aa628c5df447deb114da0efdb5af5ba642384910bea6b734", "size": 370, "artifact_path": "wandb-client-artifact://c383d69wfgh6g75qo9whlrfwdiqnpx2x4yuokktygm388mkr0er78u5pxc7fmgqcs7qz2dexwbiu8gtmzbvodef1r6f7ube7il7yd0ypx0dx3lcaavs85ilp6pgi8zzy/label_metrics.table.json", "_latest_artifact_path": "wandb-client-artifact://eqphajsndf1o2tlgz1bybggk28826ei6rmq3q23pjsrpu5ecl4ezy29cr5iwj8wulfqwom7axqf1lr1kr4x5m21dpacwwek3g9d7procznl9ci2cfjd0muzmncw3ewe0:latest/label_metrics.table.json", "path": "media/table/label_metrics_7_4a8cf580800f7f68aa62.table.json", "ncols": 5, "nrows": 4}, "test_predictions": {"_type": "table-file", "sha256": "d9a5b0ef8e702118983d7fda3f60f237e055a2c662200c583022830679ae7bca", "size": 4912, "artifact_path": "wandb-client-artifact://x1wnog2vls9duqciipzp6468mv3gn0jxfw0e4jiyxsigdlrprqy5ewepa0teckac5njjhziz89jtnq57qafqczthlgdms90h7vc8oj2exg2g98a299tyj7fogngexr96/test_predictions.table.json", "_latest_artifact_path": "wandb-client-artifact://ot7b1wllnd3jppvo36kgtd14tpfeuqcdxletm74x3uzlloibor3sumauh520xgohkp0k1m9ztszvwv3vu4mrqmmrs760nz5nd37pn5p3t2l7qeew5cqx3fvp9027p9ox:latest/test_predictions.table.json", "path": "media/table/test_predictions_8_d9a5b0ef8e702118983d.table.json", "ncols": 8, "nrows": 10}, "test-metrics": {"_type": "table-file", "sha256": "a6fb5800fc67f6016999ca2a84d084e3fad1d50f1b7eadbb333f1cc7f75f525f", "size": 173, "artifact_path": "wandb-client-artifact://7ooftqmoybgetuf3uf8cnc8rebabqcdazrwa48cgf9be88zsol465353g1xenp59jhqwtlshxcu1jh0zkm8eudd6875jz9a10z09pw7h8k1ggw3mnep37z6d9epedajm/test-metrics.table.json", "_latest_artifact_path": "wandb-client-artifact://di35cz6wu4vnfan0qa5vuv05wd1tw7tsrktokd0qlbgx7vdb1qx19vg59q0ky7lz6xteou7b4ra1wawjtfdtamn6vv14swt6dc7yggnz4bm32rbue558vnjj70uskkw3:latest/test-metrics.table.json", "path": "media/table/test-metrics_9_a6fb5800fc67f6016999.table.json", "ncols": 5, "nrows": 1}}