{"epoch": 7, "valid/loss": 0.02868799320951907, "valid/accuracy": 0.8802395209580839, "valid/precision": 0.6166155691815516, "valid/recall": 0.7133333333333333, "valid/f1": 0.6356903953584452, "_timestamp": 1714913848.101224, "_runtime": 253.30310797691345, "_step": 25, "test/loss": 0.0012634085225207464, "test/accuracy": 0.8928571428571429, "test/precision": 0.8719215616576321, "test/recall": 0.7929817622500549, "test/f1": 0.8052409760032264, "trains/loss": 2.5036556067203316e-05, "trains/accuracy": 0.9902621722846442, "trains/precision": 0.983244022317604, "trains/recall": 0.8833303410318187, "trains/f1": 0.916618241784648, "_wandb": {"runtime": 252}}