{"valid/epoch": 19, "valid/loss": 0.046014580184114195, "valid/accuracy": 0.8562874251497006, "valid/precision": 0.613939393939394, "valid/recall": 0.65125, "valid/f1": 0.5879120879120878, "_timestamp": 1714661396.017675, "_runtime": 457.7259500026703, "_step": 61, "test/epoch": 19, "test/loss": 0.013027443772270567, "test/accuracy": 0.8214285714285714, "test/precision": 0.8304719670573328, "test/recall": 0.6862623599208966, "test/f1": 0.7022905022905023, "trains/epoch": 19, "trains/loss": 1.5089516126819318e-05, "trains/accuracy": 0.9932584269662922, "trains/precision": 0.969476946189275, "trains/recall": 0.9893283057838351, "trains/f1": 0.9787360202174252, "_wandb": {"runtime": 457}}