epoch,loss,accuracy,precision,recall,f1
,0.07577713949237755,0.1497005988023952,0.18208128534432638,0.27170370370370367,0.08543123543123543
