{"train/loss": 0.6296, "train/grad_norm": 10.116412162780762, "train/learning_rate": 4.634146341463415e-05, "train/epoch": 5.0, "train/global_step": 835, "_timestamp": 1736782276.0394342, "_runtime": 364.3786370754242, "_step": 110, "test/loss": 0.8309757709503174, "test/accuracy": 0.6785714285714286, "test/precision": 0.5617283950617283, "test/recall": 0.22975609756097565, "test/f1": 0.21374847374847375, "test/runtime": 1.8666, "test/samples_per_second": 90.005, "test/steps_per_second": 11.251, "epoch": 5.0, "train/f1": 0.39598047589993896, "train/accuracy": 0.8127340823970037, "train/precision": 0.8461206896551724, "train/recall": 0.355092967608487, "val/f1": 0.3428571428571428, "val/accuracy": 0.7485029940119761, "val/precision": 0.7215686274509804, "val/recall": 0.32, "val/loss": 0.6971544027328491, "eval/loss": 0.7137488722801208, "eval/accuracy": 0.7784431137724551, "eval/precision": 0.799731182795699, "eval/recall": 0.39375, "eval/f1": 0.3828787878787879, "eval/runtime": 1.8538, "eval/samples_per_second": 90.083, "eval/steps_per_second": 11.328, "train_runtime": 356.9646, "train_samples_per_second": 112.196, "train_steps_per_second": 14.035, "total_flos": 1756313600947200.0, "train_loss": 0.7706986141775897, "label_metrics": {"_type": "table-file", "sha256": "84a95e69d40105e214cc1c733287e8609c8d65501e63d7e1e3abaad15e3944a9", "size": 612, "artifact_path": "wandb-client-artifact://gf0yw7asuhcbwifhhubc6kz62jrw11w94zuum7pvvmjtxbtpul38rx6r03w8qfn4gt24c1dimj45sjrabqajy2vfpf1prtf7tixojogqvxyl1k37fv131wvdxuvdzos6/label_metrics.table.json", "_latest_artifact_path": "wandb-client-artifact://hv4t17pod7o2zya0sjvmj59zytnhfzvt8wkvwumx4sgqwvjz5naz3jzs4ate2kg1j84gaua26yh85emri3wtrckilztq1ug286c7llmvj6phonnlu2oa8lsjywoiz1op:latest/label_metrics.table.json", "path": "media/table/label_metrics_106_84a95e69d40105e214cc.table.json", "ncols": 6, "nrows": 5}, "test_predictions": {"_type": "table-file", "sha256": "a6b84298f22d06e026044f162f8d86f6fb46de1651144bb61599b65dc297c15e", "size": 86559, "artifact_path": "wandb-client-artifact://8umgd3vusge40no330azhu1u9l2g70yzpbrqo5per7ggscw0ynyolyhes5fcoqcckm8n443e0hoykrol2o3cr8gphsy17ded61rxf9memvnafo6g609evs0xe184bs76/test_predictions.table.json", "_latest_artifact_path": "wandb-client-artifact://bfz93cwn0141jeum9rgpsb59y88xhidoj5kchq3vnxtj3lnq1x0t7137c9gznv0s72avrr9c9ewu1idl4kgbj0tglkpbtdytznh3xoifhkqubfpy7ysenc3zc6yh5kqb:latest/test_predictions.table.json", "path": "media/table/test_predictions_107_a6b84298f22d06e02604.table.json", "ncols": 8, "nrows": 168}, "test-metrics": {"_type": "table-file", "sha256": "95b42b4e17c31a6ad5d4ea097c8811637526264bb76c54dce14b2808c8dfd93a", "size": 212, "artifact_path": "wandb-client-artifact://cedtthastydgcdqtf29bz12phvkpkoyjv3rvpbml3rdfqma3kqt8rcs15qskqc61b5a3w1ys71ephwr1pu24ik79tqjp33diuhe3pp0mvcrullwd8863xtxtrhdr0apw/test-metrics.table.json", "_latest_artifact_path": "wandb-client-artifact://gfoq4f1ikt5i38iuqs57peyrnj2ick57upv78qvyvo5u1nbbhr4d2u07swvhsjk1u876y4wjtfty3utss1ewb0a12xc4r3ltnhakcbfgl4kncw1cbubysgech2lt1xsw:latest/test-metrics.table.json", "path": "media/table/test-metrics_108_95b42b4e17c31a6ad5d4.table.json", "ncols": 5, "nrows": 1}, "test_connective_metrics": {"_type": "table-file", "sha256": "4dd518cda318ea47d813468f1feba1c82a170b4ea05682dedbd4e7a656706545", "size": 457, "artifact_path": "wandb-client-artifact://srqzihzh7yjurosa1xpef31z66anka571wkxk6tod4ctxazs06gw0g91bqvyu9i4m6f7cpu7mpuvn03zmylm918y25o5gnh819b3kw5579ctgt4r7k3jdvtxz3yx25mq/test_connective_metrics.table.json", "_latest_artifact_path": "wandb-client-artifact://yunt7nnvhijorhbau0o257wknsdkmi9pwkykdjryiy1b9rdmths0gey9q6jxrb6xmakotn5l89ywlz0adl6s26m35q8hiar2c9b4fhs1ivi2vtt0knqirzr3l89dolz2:latest/test_connective_metrics.table.json", "path": "media/table/test_connective_metrics_109_4dd518cda318ea47d813.table.json", "ncols": 6, "nrows": 3}, "Exclude_counts": {"_type": "table-file", "sha256": "b29489d20e57d05bb6aec67be60a99d8dcef8e432ded61216e66508bd510be58", "size": 90, "artifact_path": "wandb-client-artifact://jrrics8h0yqcjrj8ppi6t5udsbvc8ezqibxjfr6enthgjwft3di55x904ugzsvg39e5i3u1ltow3i47o9b3uvq0nt3oubx4coq2xmo9o2h9hy1vwv3eilx46touxymqf/Exclude_counts.table.json", "_latest_artifact_path": "wandb-client-artifact://q0gnhzdnyucta2fit4mwzk0205gj6u4mixqo36u6ti1620kqsf7qpcc3ift32g8hd47zx7eel6qphkp2xl50m29k2ki574cva4fhfpbmffwlrrz8ypr0ro01fozmvbeq:latest/Exclude_counts.table.json", "path": "media/table/Exclude_counts_110_b29489d20e57d05bb6ae.table.json", "ncols": 2, "nrows": 1}, "_wandb": {"runtime": 372}}