{"train/loss": 0.1315, "train/grad_norm": 40.836544036865234, "train/learning_rate": 3.7028824833702884e-05, "train/epoch": 10.0, "train/global_step": 1670, "_timestamp": 1739654607.4506233, "_runtime": 1528.2214941978455, "_step": 215, "test/loss": 0.9723013043403625, "test/accuracy": 0.7738095238095238, "test/precision": 0.7412329272794389, "test/recall": 0.5249483629971434, "test/f1": 0.47901895206243034, "test/runtime": 4.4253, "test/samples_per_second": 37.963, "test/steps_per_second": 4.745, "epoch": 10.0, "train/f1": 0.7624672660928065, "train/accuracy": 0.9737827715355806, "train/precision": 0.9508087614268745, "train/recall": 0.7653689173724333, "val/f1": 0.5177310924369748, "val/accuracy": 0.7904191616766467, "val/precision": 0.7196759259259259, "val/recall": 0.5029166666666667, "val/loss": 1.0393377542495728, "eval/loss": 0.8734217882156372, "eval/accuracy": 0.7964071856287425, "eval/precision": 0.6882233796296297, "eval/recall": 0.5791666666666666, "eval/f1": 0.5616203233617121, "eval/runtime": 4.3982, "eval/samples_per_second": 37.97, "eval/steps_per_second": 4.775, "train_runtime": 1515.5969, "train_samples_per_second": 26.425, "train_steps_per_second": 3.306, "total_flos": 3512690195097600.0, "train_loss": 0.5041058051996602, "label_metrics": {"_type": "table-file", "sha256": "f4ee6a92aa0cf61e9415afe6ecdc22ebe1905d189b49a1ce50ab5d66028a4a32", "size": 657, "artifact_path": "wandb-client-artifact://1p9fealjp7ergibj2llbrtt3p8t8oyc1alwsgpzxwfehi4rssr69zr75xkidtkksowpwoe01jtw7nili6w6uhmlcvigmuvpesyaswbxp5ruh2c8v7ugacpmfp7t3amz3/label_metrics.table.json", "_latest_artifact_path": "wandb-client-artifact://ovlxn3o9aceb6bjvn8rcieiw72xd5swb7m48r33xv4k31oaj0138yxiaypdhm1j80t86u647clxi5bbuzn1s9u86hfe1lm2fxi9r1f0j5eo0vj24ist5yb84s2rb50vn:latest/label_metrics.table.json", "path": "media/table/label_metrics_210_f4ee6a92aa0cf61e9415.table.json", "ncols": 6, "nrows": 5}, "test_predictions": {"_type": "table-file", "sha256": "75a22af74721ad98fe1d016479755b10c2f7441a3eefdca0e54637b2651d2c4b", "size": 53015, "artifact_path": "wandb-client-artifact://ibwfyktd06nmxza6dm1924zfez376awjjusc4roy1c0oir4jiclr0bwdcrlctw14kss1esbizkugi3k9biykuo21wm9szitrk3sg7ofqx1yq5uns8h0qzpm4q2g4um8e/test_predictions.table.json", "_latest_artifact_path": "wandb-client-artifact://fyt14bnmc103rp2gn3dwwhyyransbnth28cffhll904hm6rubcubqihlrqxvjrnqubaubc42fk50q1ujtfmtcbct4oqeuwjk5p8htdxi41mle77t2che1qtx6xgw0urx:latest/test_predictions.table.json", "path": "media/table/test_predictions_211_75a22af74721ad98fe1d.table.json", "ncols": 8, "nrows": 168}, "test-metrics": {"_type": "table-file", "sha256": "fc8fd1ba128b07456f86519c8bb56067a9c287b23155816c455d1f018b5979bc", "size": 206, "artifact_path": "wandb-client-artifact://rsfxb7x1bfn1vq72rbeivkaw1mzv18cx24c53iy96fuxoy109amb64qptlw46tgdzfb5ob7jxvyvgso9t6g2421loouvvwhkvw42scnppwv0muptik7m7sz1yqn0pgbb/test-metrics.table.json", "_latest_artifact_path": "wandb-client-artifact://bhu44ycidb529prcuyncqlhv9ui8qyrs3vrxnpr7y83b7jcvo1kxd72gk2hfrec8a9j31tafov9f7t8hewcbdy9qintm0e9gj7pjlqfk21l9m6vtvb2fl6ygr2cuk58w:latest/test-metrics.table.json", "path": "media/table/test-metrics_212_fc8fd1ba128b07456f86.table.json", "ncols": 5, "nrows": 1}, "test_connective_metrics": {"_type": "table-file", "sha256": "18ee335741ad4ffc9b7b01c91d7bc42c9534d813df5015044d34bd4dea3ae4f8", "size": 438, "artifact_path": "wandb-client-artifact://wugnm5fhslvkefsepotnhstwql5clcsgfbdwn8iv49hd6dv2cpw8zl6auybhu35etg0sixaba48gj25zqdjmr14yg7bgm0iv0sa1kjh2zkrcoxynlyqd7w1szl09awsc/test_connective_metrics.table.json", "_latest_artifact_path": "wandb-client-artifact://zv9bluu4og74a5mq1w3ty8zdm2ye8madfajcefsh2jg8jfg3h388uz0pfrq2s13kfbfpkn3x8qgvkywxtot2kpfiw6yulypzp7f6mpy6f7j98oma7owec8mqaooyf39j:latest/test_connective_metrics.table.json", "path": "media/table/test_connective_metrics_213_18ee335741ad4ffc9b7b.table.json", "ncols": 6, "nrows": 3}, "Exclude_counts": {"_type": "table-file", "sha256": "e0904507c7a3e3f62f0831416757fbded3c24349ee8ce39d59ff399ee82bffe7", "size": 84, "artifact_path": "wandb-client-artifact://eu7xremnpgpiofjjl2o4a1b2j8slsoyggu0dgqmqgpdz7h583o551yygjfd40d1v9oio3petbyjrpk5ar45r7qan190rqxxtftsi7yclhext4fexghqcfky6r59bof83/Exclude_counts.table.json", "_latest_artifact_path": "wandb-client-artifact://xj0iq4795873x03xqbmfzkg0ay4ie2ob8aanlzukzq1bso8l2yjttq155abtvysxi7e44jutd87qpy62mnkgyw0nzhny4qpsh32v3naqxieji2qb6vdqcm9sz4fcgzs8:latest/Exclude_counts.table.json", "path": "media/table/Exclude_counts_214_e0904507c7a3e3f62f08.table.json", "ncols": 2, "nrows": 1}, "_wandb": {"runtime": 1536}}