{"train/loss": 0.3724, "train/grad_norm": 175.77935791015625, "train/learning_rate": 3.52549889135255e-05, "train/epoch": 11.0, "train/global_step": 1837, "_timestamp": 1739812314.8795543, "_runtime": 1674.4123911857605, "_step": 235, "test/loss": 1.430647850036621, "test/accuracy": 0.7678571428571429, "test/precision": 0.5579117063492063, "test/recall": 0.4598264117776313, "test/f1": 0.43916734788245104, "test/runtime": 4.4258, "test/samples_per_second": 37.959, "test/steps_per_second": 4.745, "epoch": 11.0, "train/f1": 0.7621690551713359, "train/accuracy": 0.9850187265917603, "train/precision": 0.9300282197843808, "train/recall": 0.7844165203215909, "val/f1": 0.35128674179257835, "val/accuracy": 0.7305389221556886, "val/precision": 0.42914810250576674, "val/recall": 0.46333333333333326, "val/loss": 1.6776068210601807, "eval/loss": 1.3786524534225464, "eval/accuracy": 0.7664670658682635, "eval/precision": 0.6823966165413534, "eval/recall": 0.49124999999999996, "eval/f1": 0.4202574948570372, "eval/runtime": 4.3987, "eval/samples_per_second": 37.965, "eval/steps_per_second": 4.774, "train_runtime": 1661.6308, "train_samples_per_second": 24.103, "train_steps_per_second": 3.015, "total_flos": 3863959214607360.0, "train_loss": 0.4332555947134806, "label_metrics": {"_type": "table-file", "sha256": "59229372968becf4e732f19bdf268be711bc8bef0ec3945ab9caf70c8cb068c6", "size": 610, "artifact_path": "wandb-client-artifact://17ww4tdgugqeg79z0lus3xxk90w8w9fbffgmcxpxzpcscqi9m2yn7ztoz83zporlwwzrbqg8er0wg95d5cl4hzffo77uagsyxqa4y1to7ulqezme9n00vom6e0hxxxri/label_metrics.table.json", "_latest_artifact_path": "wandb-client-artifact://frrcir25dxvewg4x930fkqzv3zbaipc9apm4k52y1epckn0a5ys6tk5cu5ruk9k641eqexvpxgaht216c4386eu2tktyfr84xjn243wbwzzarg3llcvk429c2se5v07i:latest/label_metrics.table.json", "path": "media/table/label_metrics_230_59229372968becf4e732.table.json", "ncols": 6, "nrows": 5}, "test_predictions": {"_type": "table-file", "sha256": "165fc1f6b162e9bf2c620a3499e6faab5bd74bdc45a14dff6d76f63a719db7e3", "size": 62240, "artifact_path": "wandb-client-artifact://sqh1tfcp4gg139i84dvntt9jr1urph91sgswzqq71cgjhlf5xthfsrjslwcsy5vu4du83o0156hne0jbmsk7nvx804x2avx7jp8h6d9ni6vdltk4xxd14fji1y654pl3/test_predictions.table.json", "_latest_artifact_path": "wandb-client-artifact://kttxp9z96isq8yvt2vke09w8p6kja2vqgyoqhnvk8ullt5uyjf33p8141et1dyk7zkctiour31quo1lgcaaar5ra9tp48igqu4acg11dk2272momqiurlksd8lalptpo:latest/test_predictions.table.json", "path": "media/table/test_predictions_231_165fc1f6b162e9bf2c62.table.json", "ncols": 8, "nrows": 168}, "test-metrics": {"_type": "table-file", "sha256": "50b8280acc24f411e97243e19e42011d62aa5c36c10220f14ffaeffb5ee38280", "size": 207, "artifact_path": "wandb-client-artifact://dfkgz0ls5m8ptivvz9391oj7txx265kfz6h0ou4q178akawm3ewmk3jphh0ib8excbofyeewczkj9hz37kb4nj38asqaqr40ojdog68ajf7qi1c1ic3r5ik36x4j0tre/test-metrics.table.json", "_latest_artifact_path": "wandb-client-artifact://ey21u41wx8v1uqxqqj411700jxdtt1i2gt86ukmruienh0fkw2jbl9lmf5k7ncuoasuj12m7t4gow0v0d80wmbm427nnsp8mgntnswslub9uvqjq75deawjda8j1ll3x:latest/test-metrics.table.json", "path": "media/table/test-metrics_232_50b8280acc24f411e972.table.json", "ncols": 5, "nrows": 1}, "test_connective_metrics": {"_type": "table-file", "sha256": "30afc16003f07ad034c3b474d3e9cf419870cda5a41001ce97c94512ecb8bc9e", "size": 445, "artifact_path": "wandb-client-artifact://2l9rdds5eyjzowmf2wzobgfrmucwktyj3jc8w7wyyzul870kbkqqp1aqr4s59qpd8x1jgxw45tic1ai2ojlyd3ksmsq7lgjun04ic9zpgee3qhusf6va4hjqvhsyymt0/test_connective_metrics.table.json", "_latest_artifact_path": "wandb-client-artifact://hrxlly7yx9iwq4bt8elqu8apb3ok134q0u1x8vifo0kwkwldmurlqvbtxqkh97vz3rsgpiqkhfmzjfujng3kshalkbfrxaueuyh14gk5vobyg8t18uiyj1bb2cw27p7f:latest/test_connective_metrics.table.json", "path": "media/table/test_connective_metrics_233_30afc16003f07ad034c3.table.json", "ncols": 6, "nrows": 3}, "Exclude_counts": {"_type": "table-file", "sha256": "92504b126567f736cbedb8586a5e833f3c5632191cd4c7ca2291163d6a06ccb8", "size": 85, "artifact_path": "wandb-client-artifact://w9au74pp0a8570ve0nfcr4uxr01x2oo6bbi4wcg1fxced3qwnsbgqlkd3tshquh1qj77w7ak74tmtetdybwnyparihszlmlh7pckk7phztcmqipjqqccijmnhgg0jjcm/Exclude_counts.table.json", "_latest_artifact_path": "wandb-client-artifact://pcduiry3msuvn432b42v5208nzcxll7fflptpfzh4ekfslrfi3xop1v2dy1g5wi3zrtnhka04gwmxkwv9a8s4vfrckwadwimnetuomr4x17si3ikwrd9tpmi8fnhcxad:latest/Exclude_counts.table.json", "path": "media/table/Exclude_counts_234_92504b126567f736cbed.table.json", "ncols": 2, "nrows": 1}, "_wandb": {"runtime": 1682}}