epoch,loss,accuracy,precision,recall,f1
,0.0652601069319034,0.25748502994011974,0.18481844242713807,0.23041666666666666,0.12325757575757576
