{"train/loss": 0.0006, "train/grad_norm": 0.004087476991117001, "train/learning_rate": 3.337028824833703e-05, "train/epoch": 12.0, "train/global_step": 2004, "_timestamp": 1739597672.9731176, "_runtime": 1836.6148614883423, "_step": 256, "test/loss": 1.5310258865356445, "test/accuracy": 0.8095238095238095, "test/precision": 0.5805208333333333, "test/recall": 0.48498791474401226, "test/f1": 0.5153236293633489, "test/runtime": 4.4207, "test/samples_per_second": 38.003, "test/steps_per_second": 4.75, "epoch": 12.0, "train/f1": 0.941658899352471, "train/accuracy": 0.9925093632958801, "train/precision": 0.9184474287585982, "train/recall": 0.9696144408430845, "val/f1": 0.6612791258235577, "val/accuracy": 0.8622754491017964, "val/precision": 0.8207491952004684, "val/recall": 0.6920833333333334, "val/loss": 1.009203553199768, "eval/loss": 0.787272036075592, "eval/accuracy": 0.874251497005988, "eval/precision": 0.7892953929539296, "eval/recall": 0.7779166666666666, "eval/f1": 0.7764283985199016, "eval/runtime": 4.3938, "eval/samples_per_second": 38.008, "eval/steps_per_second": 4.779, "train_runtime": 1823.4526, "train_samples_per_second": 21.964, "train_steps_per_second": 2.748, "total_flos": 4215228234117120.0, "train_loss": 0.2440630874697383, "label_metrics": {"_type": "table-file", "sha256": "093ec9d6815440957af0e72c70c909e85f31e2e00a6050fb4e73b33f416b2ae5", "size": 548, "artifact_path": "wandb-client-artifact://7xcaehdn1nsbqqsr79uzzqtp7fb2d6bfrod2fo8bu38nfzglg3lhgtgo6nfq5veccjksl9l539xz2p6o1j5nk6nwhha9dsp3qqs53wfocolrdzuf5et8o4gkwn2twvxh/label_metrics.table.json", "_latest_artifact_path": "wandb-client-artifact://46gg1tgk1fj7t74ssc9vw78owtu42ww2ygkcgjnj5iugtc5se02xxjf3n7rkmdk3yi3vnlgdbuinsnylpvbmlx61ur47a1luhvwqjdchf9g4d4b7ksfra1e10ocykr3d:latest/label_metrics.table.json", "path": "media/table/label_metrics_251_093ec9d6815440957af0.table.json", "ncols": 6, "nrows": 5}, "test_predictions": {"_type": "table-file", "sha256": "5b9495989a1e2ab23b891c782a0320275435343d7bafaab1b9ee41fb5220d4e2", "size": 53640, "artifact_path": "wandb-client-artifact://3pqttevhndan3hs77q5d5phimn4pgla3x72mevzp15v08v5dcnkoome416326swawlwftwx5nu5utx9l7d058517r8crtv0223ji083timgdivpfeiaxvncfreue3t4s/test_predictions.table.json", "_latest_artifact_path": "wandb-client-artifact://lw7i1dnnka4317e26e5hbles9seoufcy9uosxq5nfxdy9yo45okfwuhq5n31hzw2a2lrv9cx86dlbsf10t6xdw82opmuugjtyafn7wvoc0grtrmtkqxhtkd5gqim5v4x:latest/test_predictions.table.json", "path": "media/table/test_predictions_252_5b9495989a1e2ab23b89.table.json", "ncols": 8, "nrows": 168}, "test-metrics": {"_type": "table-file", "sha256": "4a2dfe8010d5b4b0dd38ba9df9fd53a273c36d311682ae9164cc57376633a7ce", "size": 196, "artifact_path": "wandb-client-artifact://wqnuce8weaqxv74u6urq9qtvuz87xy8acf9njseehva2ltjh7ukdnc5urx6v1zf2ah7omdbb13eu5nd9itwc388znigaph4kcwqarcmw417cdjszx4ci3mj9eqcoioz9/test-metrics.table.json", "_latest_artifact_path": "wandb-client-artifact://ujtlk8o1lh2f0dqvhcfrsaknq3dttm6fq13g82sorvbksocar19wtut5b08pnvt7vivzf09ik9h6inmyltopssf0iezl53e1bwaf872ivhg1rujo1pbiaot1xj5dq4w2:latest/test-metrics.table.json", "path": "media/table/test-metrics_253_4a2dfe8010d5b4b0dd38.table.json", "ncols": 5, "nrows": 1}, "test_connective_metrics": {"_type": "table-file", "sha256": "39782fb26c6118475924d599cdde75759b672221f39a085e098b7005ae5a20aa", "size": 383, "artifact_path": "wandb-client-artifact://qu1nqbs9hn075qp1w19cy43k33pvvb1nzfb55uz38erhc3mafro65nc6my9eqiz8fu4vijlh68iaqy4dxyrupaqrvcfxdrdbp107qv3he4ka5eb1mu4ywfjxghisaycm/test_connective_metrics.table.json", "_latest_artifact_path": "wandb-client-artifact://zij9rjtghj5kc6k8qg9qs8qwg3dbifrx0dxkzj05beooetug7jxnyan26976mhpfenkumtvdc5o9886wdlhbz1lxj8lqqpop1scs9er1qsqs4773cnc906bdpe8bu908:latest/test_connective_metrics.table.json", "path": "media/table/test_connective_metrics_254_39782fb26c6118475924.table.json", "ncols": 6, "nrows": 3}, "Exclude_counts": {"_type": "table-file", "sha256": "14b17048af7d70db18371f6d087e4493b63d0c540484cbe27bc06c81be6115b0", "size": 74, "artifact_path": "wandb-client-artifact://a1lvvsgisivt9eie7qj8ow10pcmlbmmootthbwrmn12w5taln9t9n8wxzqs3hi95jjjajweu1m2t8bbxp8a29exe550tpf4d717xcmgdv85o1zc19fdoz6mpcl3ruvud/Exclude_counts.table.json", "_latest_artifact_path": "wandb-client-artifact://24nctrmhqcpo2akq97afr7kjeqqex6cht0fkvy3zk0v2i4m03cor6gcc8mj7l9whishm4mxyhgm6g56ratraad598yin4wn05aligxh8e59mcrwli6nk8t2ugel28aw2:latest/Exclude_counts.table.json", "path": "media/table/Exclude_counts_255_14b17048af7d70db1837.table.json", "ncols": 2, "nrows": 1}, "_wandb": {"runtime": 1845}}