epoch,loss,accuracy,precision,recall,f1
,0.065226243641562,0.2574850299401197,0.184818442427138,0.2304166666666666,0.1232575757575757
0.0,0.2338914728450204,0.0,0.0,0.0,0.0
1.0,0.0284794269207708,0.718562874251497,0.1437125748502994,0.2,0.1672473867595819
2.0,0.0300187375731097,0.718562874251497,0.1437125748502994,0.2,0.1672473867595819
3.0,0.0297397988998961,0.718562874251497,0.1437125748502994,0.2,0.1672473867595819
4.0,0.029972277358620465,0.718562874251497,0.1437125748502994,0.2,0.1672473867595819
