{"train/loss": 0.1004, "train/grad_norm": 0.11691409349441528, "train/learning_rate": 2.0399113082039913e-05, "train/epoch": 19.0, "train/global_step": 3173, "_timestamp": 1738572719.6453476, "_runtime": 1377.2739896774292, "_step": 400, "test/loss": 1.7686039209365845, "test/accuracy": 0.7083333333333334, "test/precision": 0.75, "test/recall": 0.29695451549110086, "test/f1": 0.3163558951550056, "test/runtime": 1.8901, "test/samples_per_second": 88.885, "test/steps_per_second": 11.111, "epoch": 19.0, "train/f1": 0.8988733261225708, "train/accuracy": 0.9835205992509364, "train/precision": 0.9752477583488574, "train/recall": 0.8572867532401677, "val/f1": 0.4551248923341946, "val/accuracy": 0.7664670658682635, "val/precision": 0.661231884057971, "val/recall": 0.4220833333333333, "val/loss": 1.6676971912384033, "eval/loss": 1.4014208316802979, "eval/accuracy": 0.7305389221556886, "eval/precision": 0.6568627450980392, "eval/recall": 0.4216666666666667, "eval/f1": 0.45973901098901093, "eval/runtime": 1.8792, "eval/samples_per_second": 88.866, "eval/steps_per_second": 11.175, "train_runtime": 1369.5926, "train_samples_per_second": 29.242, "train_steps_per_second": 3.658, "total_flos": 6673991683599360.0, "train_loss": 0.5125761875642649, "label_metrics": {"_type": "table-file", "sha256": "3f625c6ead1c2ba28930bc7d6d3757adcb73bd8b9c32a29e1f1b8a4622d4b311", "size": 608, "artifact_path": "wandb-client-artifact://mlcklw82y4rias7u9g1rsxg4x8mjii2zj7r23l06vdhwm2hjfvi69a4h7vumhi7kb4zr7ibsa5dnx1c6nt78xlrjfbzf8zefpzk1qac1uquc4053e1yrreqv4sm78a8n/label_metrics.table.json", "_latest_artifact_path": "wandb-client-artifact://hvg4m8t8lfdpfqtfvglyzp1qgf2a5jr82ehkbvm0im6nw3mjit8kaqhkud5gjdip203od99kxjof8477sxh15mnkpzjon289rf5s8nr4tchmb5jcix676ozi9qanfh51:latest/label_metrics.table.json", "path": "media/table/label_metrics_396_3f625c6ead1c2ba28930.table.json", "ncols": 6, "nrows": 5}, "test_predictions": {"_type": "table-file", "sha256": "8ec50e643feb895b673acefa6097e31d535b18d23f5d044dfd41802e60e40768", "size": 138267, "artifact_path": "wandb-client-artifact://t17kjncs5iomr9aupahgttkmzaszvdj9pt47id3ra4upcf8dy082ary7s3aibff372qfrr6jv59htuy2hwpjewux3oiwx66pdqpl048y8mm27agxj4awcx0jv8yshd46/test_predictions.table.json", "_latest_artifact_path": "wandb-client-artifact://8lzlctw3om98u5ihc19ttf1urzwvzf7kh0s7pevnwvz6cd2bw6l3p8c7cpu2gffghinej0oeip8652d0k94dpuklou1a3pkn903pszhquryrval59bf76trw2zfzk97b:latest/test_predictions.table.json", "path": "media/table/test_predictions_397_8ec50e643feb895b673a.table.json", "ncols": 8, "nrows": 168}, "test-metrics": {"_type": "table-file", "sha256": "60c807ebdb53d14680a40be5fdae07511ed453576a18b01dcaf30df55d1650a5", "size": 197, "artifact_path": "wandb-client-artifact://39diy1naa4aopunr5m7m1wnn0b1bf9lqrlq2u8m700qb4fxi8vkocinhjqy2w2l9vegk82gn29rns7pk24hrldsrfqaclra5bfjbd8d4ypl3l8mtdh03upo1nq02i428/test-metrics.table.json", "_latest_artifact_path": "wandb-client-artifact://ehvtfx8qbf9naxlan4yk9fvmktizdm5lm4d716b1tbm5xcbwqolrl8wxzs923uijxizmot9m1vms9xv8038l5qdqqo3wkvitrhc1fie5n6auidrbtb3mpaxm8elbuwmi:latest/test-metrics.table.json", "path": "media/table/test-metrics_398_60c807ebdb53d14680a4.table.json", "ncols": 5, "nrows": 1}, "test_connective_metrics": {"_type": "table-file", "sha256": "96618c5028ec3229624315ec9ab81048677130fae09c4e2e5bbab65aabe0cd2b", "size": 454, "artifact_path": "wandb-client-artifact://a2169yah8a4a2frxd3f3v777v35ovg41um1crmdrd513k8mo7hx9r57nq2674st19nmslzxfiaf1246j0qkgwcufxmkpp6b0wjpdagdtzlbd3nyr875nb7ygwjbh19lr/test_connective_metrics.table.json", "_latest_artifact_path": "wandb-client-artifact://bqp6ydqvktpmf2jyq2n0vpcbv3kp6kijmfu7s9spf1zqqw4ql2amjz10w62tps4c16q47ck5xu0nuvi18v287e9epaxrhxcipai6w1evyrj66f7tzdl70emasvtpum5x:latest/test_connective_metrics.table.json", "path": "media/table/test_connective_metrics_399_96618c5028ec32296243.table.json", "ncols": 6, "nrows": 3}, "Exclude_counts": {"_type": "table-file", "sha256": "b29489d20e57d05bb6aec67be60a99d8dcef8e432ded61216e66508bd510be58", "size": 90, "artifact_path": "wandb-client-artifact://zvvr453in4ds4s01ax3lzqd2azy6plsnuial7fksfsyvq7d1b5p3l1omlqvife5u8pdegbrm8x4hghvuzfe1fas11m1wp112zgt75s89iczt6vm0jaxz572g4u2b4gfg/Exclude_counts.table.json", "_latest_artifact_path": "wandb-client-artifact://0u48x48571co7o6ps1blcixlh2llvqkjq0xctxqlitjf14elqo9q1uswavvpa941yahqybypb5d4t6nf3173zceydvan07gw1d929jgosvl89h0zo4h6pcs18vwtvepe:latest/Exclude_counts.table.json", "path": "media/table/Exclude_counts_400_b29489d20e57d05bb6ae.table.json", "ncols": 2, "nrows": 1}, "_wandb": {"runtime": 1386}}