{"train/loss": 0.0436, "train/grad_norm": 0.006785742472857237, "train/learning_rate": 1.2468827930174563e-07, "train/epoch": 15.0, "train/global_step": 2505, "_timestamp": 1735908368.1132967, "_runtime": 1083.1054837703705, "_step": 316, "test/loss": 1.6468104124069214, "test/accuracy": 0.7559523809523809, "test/precision": 0.7260890151515151, "test/recall": 0.548268512414854, "test/f1": 0.5917543066078631, "test/runtime": 1.8645, "test/samples_per_second": 90.105, "test/steps_per_second": 11.263, "epoch": 15.0, "train/f1": 0.9775911498091971, "train/accuracy": 0.9940074906367041, "train/precision": 0.9984158415841584, "train/recall": 0.9587295426286252, "val/f1": 0.45242009452535764, "val/accuracy": 0.7844311377245509, "val/precision": 0.609728219456439, "val/recall": 0.4774999999999999, "val/loss": 1.4360650777816772, "eval/loss": 1.253945231437683, "eval/accuracy": 0.8083832335329342, "eval/precision": 0.7048484848484848, "eval/recall": 0.5166666666666666, "eval/f1": 0.500648557791415, "eval/runtime": 1.8501, "eval/samples_per_second": 90.265, "eval/steps_per_second": 11.351, "train_runtime": 1075.4826, "train_samples_per_second": 18.62, "train_steps_per_second": 2.329, "total_flos": 5268940802841600.0, "train_loss": 0.2700294919844583, "label_metrics": {"_type": "table-file", "sha256": "58a134cf325e33d68465ed5920581e688a6c0206241e432f9b74decdfaefab4c", "size": 525, "artifact_path": "wandb-client-artifact://r5ikww596vfbq0b522mf77jtiv4j6r4834nq1mgcwa55kswb3gb33qpf2an08cyvkcam7deniv4xnb7t1l05md7cpitwqwzifb4k48n4veiz3pqfdx4wmzu830x3z7kp/label_metrics.table.json", "_latest_artifact_path": "wandb-client-artifact://pt2nrr76d7yfqolvmfazohea4py8i66f8f8ks2oq2k991svagwi8wky9axinl1ua4t2dkhe1phgleq1bew016su1lg9wgyb0pqnm5s84hpt128ipiiziqfbdasrlp2jw:latest/label_metrics.table.json", "path": "media/table/label_metrics_313_58a134cf325e33d68465.table.json", "ncols": 5, "nrows": 5}, "test_predictions": {"_type": "table-file", "sha256": "f75633acc88571b5782f0edcbfd8e3f7a41a1c92afa38781825f768b954fcbce", "size": 88286, "artifact_path": "wandb-client-artifact://1f2c90dao1ff2jmaqkajr8bxr1unwisf7bvt2cskm65jdt0lcgh0ukexa4cdiu1y21tftc0uyjl6v3d9fuvlewps6gh37x17rg8c220xmumbh4d4fl8sp9ldfsgwro5v/test_predictions.table.json", "_latest_artifact_path": "wandb-client-artifact://9k86q0jon9i0h04jm7fmntswun5jsb5e8mtjt14bnnciff7uqgr789e4qsoagn1ehtf9ovc0m77ejzf2ely7faxo0yrywp04hxsszwcv3l85b0w5o5ldefogc9a2hw4r:latest/test_predictions.table.json", "path": "media/table/test_predictions_314_f75633acc88571b5782f.table.json", "ncols": 7, "nrows": 168}, "test-metrics": {"_type": "table-file", "sha256": "6a511d760628949e5cb9d79e3c423f6ed5c83a468fdabab4d992f2eeb8cf735c", "size": 204, "artifact_path": "wandb-client-artifact://a1f1dku8ohizv2rj7wyr33tzqizmpwx3oa72prq2n5e73p2bytkuzwv9k082v93vfomsung5uzawh7eufotcr22kfx4oauue7lgw430jpyai4ca5mj42sxcnyws4ep6u/test-metrics.table.json", "_latest_artifact_path": "wandb-client-artifact://ex5r484l7dtt219adhqhzmxbcd7z7xm5biixk2clxv69nguhoj6pguc7vm8yn2ib2i1wh20geuteq3bdj2ahyns5aetkb6bdkg5ny4ppmpg4flp3746pq7q6ew1ky91r:latest/test-metrics.table.json", "path": "media/table/test-metrics_315_6a511d760628949e5cb9.table.json", "ncols": 5, "nrows": 1}, "test_connective_metrics": {"_type": "table-file", "sha256": "d4ab7ccb5083c9ce47afa15f909459114a0651b0e80d6519a78ecb100041b2d0", "size": 442, "artifact_path": "wandb-client-artifact://5myah96khz3t6gh8sk0e0n11ygai7e3srn2ark840b6nc51etdoo6ojf3ens3tmzstf94r7d1ecex3a8aai889jzv9v8vh4zwfh6duegco4a99lkawirotatz03me8vs/test_connective_metrics.table.json", "_latest_artifact_path": "wandb-client-artifact://h1b7u1y6iefhgq0b7jkv57ctk21qb0monfjplv3wjjkv0v8kq1u4tqdabozr77rci8wsflzask402l7iij1bqnvrk6g4aofnr0er5vagf0xyrsgvckgqw2hhx8s1wsia:latest/test_connective_metrics.table.json", "path": "media/table/test_connective_metrics_316_d4ab7ccb5083c9ce47af.table.json", "ncols": 6, "nrows": 3}, "_wandb": {"runtime": 1089}}