{"train/loss": 0.0002, "train/grad_norm": 0.0013770556543022394, "train/learning_rate": 3.337028824833703e-05, "train/epoch": 12.0, "train/global_step": 2004, "_timestamp": 1739771135.203407, "_runtime": 1824.6757221221924, "_step": 256, "test/loss": 1.4760469198226929, "test/accuracy": 0.7678571428571429, "test/precision": 0.6038839451242121, "test/recall": 0.5764667106130521, "test/f1": 0.5742519419115164, "test/runtime": 4.4193, "test/samples_per_second": 38.015, "test/steps_per_second": 4.752, "epoch": 12.0, "train/f1": 0.9801270679178178, "train/accuracy": 0.9932584269662922, "train/precision": 0.9670118639998158, "train/recall": 0.9946084401415941, "val/f1": 0.6577739529546759, "val/accuracy": 0.8622754491017964, "val/precision": 0.71184496124031, "val/recall": 0.6454166666666666, "val/loss": 1.215369701385498, "eval/loss": 0.8072669506072998, "eval/accuracy": 0.8502994011976048, "eval/precision": 0.7386275441514216, "eval/recall": 0.73625, "eval/f1": 0.673490146217419, "eval/runtime": 4.3927, "eval/samples_per_second": 38.017, "eval/steps_per_second": 4.781, "train_runtime": 1811.9269, "train_samples_per_second": 22.104, "train_steps_per_second": 2.765, "total_flos": 4215228234117120.0, "train_loss": 0.2280713431190926, "label_metrics": {"_type": "table-file", "sha256": "1aa37281ff39f672d9912c53daea40d1dce468924019d5c270cef03a67337d3f", "size": 639, "artifact_path": "wandb-client-artifact://hmf4vsswmy1mnckjp1hpg4av8o4czd2pnpcws6z25qvj6cs0w6eaeo8xofr2k01rdnhvskw3zbrciutp3ciwq9d4nd4b1fdyjbmkujrxegg91z0jq0d820422va7frzx/label_metrics.table.json", "_latest_artifact_path": "wandb-client-artifact://ngqsln0nk9wy2qt14l4vt3na0zgt3g86hodmhxeafhyoc8vp3x17i65od9jnbusbxwriraxdj39rc0t7wki2qmxms4abvh5m7ry2cq31w5k4tk1vofaou3ibr91i8nqe:latest/label_metrics.table.json", "path": "media/table/label_metrics_251_1aa37281ff39f672d991.table.json", "ncols": 6, "nrows": 5}, "test_predictions": {"_type": "table-file", "sha256": "dc8b58032854cc8a71331e876fbe4f023ff989d0592458590410f42eeb9b8382", "size": 53592, "artifact_path": "wandb-client-artifact://d4k2rkek6i19nv8zzqs1cf9yp6139lffu6z7v7skahdlvpp48pl4gnvq7t3iv09hvm5qm1hwl2zqt68ec6xn7owqcqggd216rve18flqihpdus5a68mm1x2retb0o5wi/test_predictions.table.json", "_latest_artifact_path": "wandb-client-artifact://l8k4xc1r51zgrohvfiq3ll704tiwjz24yoklkvv7mq6p9otcs8xzhawvofvdcfxlhohvx60e4r9yuyhq4tbxy0cgesxlzel2osecrl68g3o1r7hpn1iw6dftri3l3j2m:latest/test_predictions.table.json", "path": "media/table/test_predictions_252_dc8b58032854cc8a7133.table.json", "ncols": 8, "nrows": 168}, "test-metrics": {"_type": "table-file", "sha256": "541d7df313d9596f90e950e1bb810f4b9c677111f9db8f5a378d2bb7258427ad", "size": 195, "artifact_path": "wandb-client-artifact://24tr11j1epv63fnbzxkhtqth3jqyg4p6j6ohequkamegzonflpdaqio23snmfceaq1xhbv89z4zjrlauus8ezuck7zws6ccwtjvy9znq7cqlmf0e95z42hhhg30ydqhy/test-metrics.table.json", "_latest_artifact_path": "wandb-client-artifact://hbt6tbnou0vywosnn9e37t40mg37rpo2pkdybfbcs2x387xknffll4j2cq3ijpqwpeqzn8ver9opgwhm8lro6dztmp29ex06v7fp39j6nelr8vdqpqzrzhbvwtm3cxlj:latest/test-metrics.table.json", "path": "media/table/test-metrics_253_541d7df313d9596f90e9.table.json", "ncols": 5, "nrows": 1}, "test_connective_metrics": {"_type": "table-file", "sha256": "051d03219b186c1a6378ede512ac110c7d4cb1688d77f23510594007f5ce0c68", "size": 435, "artifact_path": "wandb-client-artifact://065mrwohfxbq1cryxso8ovtptshngevlyqgmlor0u0wueh5tf4r3yti085zvcembl1jepoqmkj50qpi4vypirm8pxs865y0sjq51y1kz2gesj4xdndes82otc6yplaga/test_connective_metrics.table.json", "_latest_artifact_path": "wandb-client-artifact://fsaaaklfe2iu6ll6g5pxip8uz83g5tku612qq1rhvql4n4ttigux2nznl3px1xqs13dmlszrt44caa19p1y8nmra05drmbtgmgtp14bjv3yfrkil7kdl9nxml0qsrho3:latest/test_connective_metrics.table.json", "path": "media/table/test_connective_metrics_254_051d03219b186c1a6378.table.json", "ncols": 6, "nrows": 3}, "Exclude_counts": {"_type": "table-file", "sha256": "14b17048af7d70db18371f6d087e4493b63d0c540484cbe27bc06c81be6115b0", "size": 74, "artifact_path": "wandb-client-artifact://0ui3jnkp4oezn6mxc86pjbxb55jjcrda0yhto3slgu5nza2wcxjmzlma5gq5o4eue9lpjlq2lps1jhdye9kmv8vv4gjuc79ttgemfw6lzmyssn1qnx24lg1ce4vk9zuc/Exclude_counts.table.json", "_latest_artifact_path": "wandb-client-artifact://y6j56ym5nry5vipsp7vcoss05xlawf07vhat7rlz8tt55lx31gtltb5or8vuxe0teooqc1qm5g1hai0boavs5yl0607j5m3g6ffxxc1vs6zkmt6ccs8r0ryjnxuuxeb5:latest/Exclude_counts.table.json", "path": "media/table/Exclude_counts_255_14b17048af7d70db1837.table.json", "ncols": 2, "nrows": 1}, "_wandb": {"runtime": 1832}}