{"epoch": 14, "valid/loss": 0.038083764607321005, "valid/accuracy": 0.8682634730538922, "valid/precision": 0.6200623525446579, "valid/recall": 0.6870833333333334, "valid/f1": 0.6202847754654984, "_timestamp": 1715522333.5606227, "_runtime": 343.2570307254791, "_step": 30, "trains/loss": 1.3193106697349067e-05, "trains/accuracy": 0.9940074906367041, "trains/precision": 0.9882758253301571, "trains/recall": 0.969289811344143, "trains/f1": 0.9778318507001359, "_wandb": {"runtime": 343}}