epoch,loss,accuracy,precision,recall,f1
,0.0652250194264029,0.2574850299401197,0.184818442427138,0.2304166666666666,0.1232575757575757
0.0,0.0245580608973246,0.7125748502994012,0.212008281573499,0.2075,0.1876006742835737
1.0,0.0293831275608725,0.718562874251497,0.1437125748502994,0.2,0.1672473867595819
2.0,0.030061460183766,0.718562874251497,0.1437125748502994,0.2,0.1672473867595819
3.0,0.0296082632270401,0.718562874251497,0.1437125748502994,0.2,0.1672473867595819
4.0,0.03007681034282296,0.718562874251497,0.1437125748502994,0.2,0.1672473867595819
