{"train/loss": 0.3316, "train/grad_norm": 13.038419723510742, "train/learning_rate": 3.7028824833702884e-05, "train/epoch": 10.0, "train/global_step": 1670, "_timestamp": 1739899685.7548242, "_runtime": 1527.4225511550903, "_step": 215, "test/loss": 0.8431429266929626, "test/accuracy": 0.7559523809523809, "test/precision": 0.7450354609929078, "test/recall": 0.4467347835640519, "test/f1": 0.45329169919333856, "test/runtime": 4.4331, "test/samples_per_second": 37.896, "test/steps_per_second": 4.737, "epoch": 10.0, "train/f1": 0.7123165366697928, "train/accuracy": 0.9295880149812734, "train/precision": 0.9093603419305316, "train/recall": 0.7069154925354453, "val/f1": 0.4989652472220151, "val/accuracy": 0.8143712574850299, "val/precision": 0.6296522556390978, "val/recall": 0.51, "val/loss": 0.621772825717926, "eval/loss": 0.6356295943260193, "eval/accuracy": 0.8203592814371258, "eval/precision": 0.7263888888888889, "eval/recall": 0.5025000000000001, "eval/f1": 0.5297435897435898, "eval/runtime": 4.4161, "eval/samples_per_second": 37.816, "eval/steps_per_second": 4.755, "train_runtime": 1514.3377, "train_samples_per_second": 26.447, "train_steps_per_second": 3.308, "total_flos": 3512690195097600.0, "train_loss": 0.5725659953619906, "label_metrics": {"_type": "table-file", "sha256": "b2438da5050300724d64bd87c14984fe98466c48654685192702c1cdfa21531e", "size": 672, "artifact_path": "wandb-client-artifact://ba98mji8xc32faz2anm4fcq0bgpgash7upm8r9rq0ehutdlj2m910xtejf5ltnpyn4b1kj0rh98vt98zeolnkydxdq8ckoz9aerm9509ekg8dbmzw2y0kf99j2kt6xte/label_metrics.table.json", "_latest_artifact_path": "wandb-client-artifact://dmrj7och8mlzgfujs1ywhya7t6vbxmhtymdzob6ttvetaw4ea3xk3m6ep006gyfwplel27cn6ebgms4u2r31gvqa6sk4ksvq01f4vwzwtuy1nacho6uf86od22geyxuk:latest/label_metrics.table.json", "path": "media/table/label_metrics_210_b2438da5050300724d64.table.json", "ncols": 6, "nrows": 5}, "test_predictions": {"_type": "table-file", "sha256": "215a1f53b50dc7115bfa83a26d98838943aaa2e91a68080e469931263c38f591", "size": 139781, "artifact_path": "wandb-client-artifact://c8hn26wbemwmn61l9pvinomai4y4wjkf47kid6riwdk5to3946aswnios25d6iymff92w0wuxfwc6yoe5c4y21ulzh5e7knqx92r4u7sg6pdxsx7n8g8iiimrkh24keu/test_predictions.table.json", "_latest_artifact_path": "wandb-client-artifact://vl5nhyvcmhrkvvt9i5qespmncp3wf2wftpepq2d9x5oz602cc0z9odvrws3d61qzakhz7k231mygckpbsbuwyrmibvqp96fq8pwhe7vszi523drof5qgc2pfyz51fnf4:latest/test_predictions.table.json", "path": "media/table/test_predictions_211_215a1f53b50dc7115bfa.table.json", "ncols": 8, "nrows": 168}, "test-metrics": {"_type": "table-file", "sha256": "db56bb82aa5c9f7ad8f987b02caa5cb74111e999afee51573b0c45a686415a7f", "size": 215, "artifact_path": "wandb-client-artifact://rl2asyxpk46sl20nm683zusyquvq006584ocv9p608vfpdvuec8tsf4tfoh26cs0pdz0him3lzosg2e1op4yud7z0g7u5fqlfz2xhyxci1x74bu2vfrsg5d4h3w7pebm/test-metrics.table.json", "_latest_artifact_path": "wandb-client-artifact://e63ka3wy19wf14b2f8o1d4urehyisk9f7mg7d32etgzimrmjubvjcy35oy9oah4a91l7to0ntie6g4t40uupappeh4rzg9vx52uqcbcazmaq2u0kq9803es6u2f7xog7:latest/test-metrics.table.json", "path": "media/table/test-metrics_212_db56bb82aa5c9f7ad8f9.table.json", "ncols": 5, "nrows": 1}, "test_connective_metrics": {"_type": "table-file", "sha256": "638d95f8ec6f874b5366361ecb785bfcf02b857d0ba573b0b8d57a4d8a34a927", "size": 456, "artifact_path": "wandb-client-artifact://rxun2ipnwg4ttcdyb7pqp2ixqihmo1hh78yb3hnfv0xuhoy2mc7hjd8g33szyck79vmwbkk1sx874mcq7p14rtyngs1e4j4i1o6rhmh9bfrw2zkgp1l69hfn4fmrn2aj/test_connective_metrics.table.json", "_latest_artifact_path": "wandb-client-artifact://ezcq6nnfpnro7d44r5qzj2990yqg6nwadu6cnml48s3hlqbrvwf94bedwcq4a4jnlu05uwc5q9yc5rta34bjsdaado02whca4jf8n8qhncaklvdnyvj9649eyz3zjzlz:latest/test_connective_metrics.table.json", "path": "media/table/test_connective_metrics_213_638d95f8ec6f874b5366.table.json", "ncols": 6, "nrows": 3}, "Exclude_counts": {"_type": "table-file", "sha256": "c34a277c71c512b8edf166c56baf83d9cf5f1d112b0d9e9e2b7fd47129239695", "size": 93, "artifact_path": "wandb-client-artifact://e0fmi2surzgm76urfl2wzg3jspef55w6k3k9023sj8doqcpujlfzd64y64usyinyeoejo8cxkpjb2u8rryn3819xy3bs1wanjor6edr77elxkx7j5l1tnvpbevihjxbc/Exclude_counts.table.json", "_latest_artifact_path": "wandb-client-artifact://nyf2an2fe71oh83vn6kv3ifvinovgoxtyeb32uydfvx7monr6y273kdiddakr2i15vsuqacev68o5w3la7xvk80enwt8klkoyp81aq9at6huwtvwjfq61nw41j8d95oz:latest/Exclude_counts.table.json", "path": "media/table/Exclude_counts_214_c34a277c71c512b8edf1.table.json", "ncols": 2, "nrows": 1}, "_wandb": {"runtime": 1536}}