{"train/loss": 0.1592, "train/grad_norm": 0.027169445529580116, "train/learning_rate": 3.8913525498891355e-05, "train/epoch": 9.0, "train/global_step": 1503, "_timestamp": 1739669897.1016674, "_runtime": 1378.1563274860382, "_step": 194, "test/loss": 1.2257059812545776, "test/accuracy": 0.7857142857142857, "test/precision": 0.61625, "test/recall": 0.41114040870138435, "test/f1": 0.4347562251517053, "test/runtime": 4.4243, "test/samples_per_second": 37.972, "test/steps_per_second": 4.747, "epoch": 9.0, "train/f1": 0.779628128168142, "train/accuracy": 0.9872659176029962, "train/precision": 0.9698645864629383, "train/recall": 0.7842974923225432, "val/f1": 0.5278568123987971, "val/accuracy": 0.8083832335329342, "val/precision": 0.782350352112676, "val/recall": 0.5495833333333333, "val/loss": 1.661625862121582, "eval/loss": 1.3332406282424927, "eval/accuracy": 0.7844311377245509, "eval/precision": 0.7794421487603306, "eval/recall": 0.59375, "eval/f1": 0.5876071922544951, "eval/runtime": 4.3971, "eval/samples_per_second": 37.979, "eval/steps_per_second": 4.776, "train_runtime": 1365.1658, "train_samples_per_second": 29.337, "train_steps_per_second": 3.67, "total_flos": 3161421175587840.0, "train_loss": 0.3843964791983113, "label_metrics": {"_type": "table-file", "sha256": "097152c9719e10b88fa99af6942aee7a4fe5325be6ed231caa166bfdef486c17", "size": 560, "artifact_path": "wandb-client-artifact://rm0mjmharmsrb7i1ocrwba3dwob7tgcgc9m49bccytqf50hrc7rhgncy1uksvx93pkcq633r1yf6u0shs97an9zkg07xvtj73jstypj79yjk6glape0zr1okelr61fix/label_metrics.table.json", "_latest_artifact_path": "wandb-client-artifact://jai3doh7imv6u8ec7lorh4a0mhi5b87gypvs1ski942el6h5ub1sg8lvmq59wdsw2k3w39rtmptaj133b0qxx49xf9o9ab3i5p1v4xtio6aq2sc41agjk9l2icityd74:latest/label_metrics.table.json", "path": "media/table/label_metrics_189_097152c9719e10b88fa9.table.json", "ncols": 6, "nrows": 5}, "test_predictions": {"_type": "table-file", "sha256": "2366dd553d4cdc9aff3a59e09deb3936b93bf7d938eafe0b40244e3431464dca", "size": 75118, "artifact_path": "wandb-client-artifact://01hhdt7m1kdpgc96mqm4qijly60qlwmsrv4zxm6mijfabpabjdhym2tni0lq7jjaia9caj7g6byluoue0b06hl4b3gkvb2igllu1i433fny515okvb80l0xj742ckefj/test_predictions.table.json", "_latest_artifact_path": "wandb-client-artifact://1t88c9kdlou17hcx0yrzs2fqkd3r1w09q430ubpc8bwqiydxu0ctskdqtsog7ptn62ofs4izohsexlt83ge21avgkuh54zkdtc7bdvefg95cg2o3ukvelnldlza6394n:latest/test_predictions.table.json", "path": "media/table/test_predictions_190_2366dd553d4cdc9aff3a.table.json", "ncols": 8, "nrows": 168}, "test-metrics": {"_type": "table-file", "sha256": "7024218ddc4ec703c4c2a35a20fe398b0d4750d93c9396ed9e6848b98543f660", "size": 190, "artifact_path": "wandb-client-artifact://ez9nyk4lhuemb16vyusd6gw03x6rx3fhcaoifd91jix41y0mkgrhvtnpwmpcfr32cdt3qkinn9bp88n99lyt1a79ztzkockokd3mus00ooc0fpkqhmh0znts3vn0zzmm/test-metrics.table.json", "_latest_artifact_path": "wandb-client-artifact://y6lorgwlwa18p9hbx78av9cwmq5vso43uj5l1n22vhx0bvkdk80gvsgv8origzvuwirkqq26md3pmf6hnzd47bdb8uyq0w9n2ashupi8em7bkpmefj4frfwg01yuqalx:latest/test-metrics.table.json", "path": "media/table/test-metrics_191_7024218ddc4ec703c4c2.table.json", "ncols": 5, "nrows": 1}, "test_connective_metrics": {"_type": "table-file", "sha256": "71f2e24da125073d96ad407fa9c2cd28ef36ce0d47eac140b355599a572ab7c6", "size": 422, "artifact_path": "wandb-client-artifact://caxl8pepkzf8bfmzr9p3k6n7h8f33undzp3cczz3f5wiryyxe7633j696db65be9io8zhtqqgznyq30g9xpsmbeuki8i1m1czy6k1a1zfpqll7ga1gkzn10yh9aomoot/test_connective_metrics.table.json", "_latest_artifact_path": "wandb-client-artifact://32wdegwr61qr4c0bsr7xdnbhy9m0p79zxo3933rnq6mccs8qrscgejof2i83v1k9g508wl0g2q6zu3xghi03um7hkgk85hkamxywx3on5bbqvbs6yh50xo7nuk1480rb:latest/test_connective_metrics.table.json", "path": "media/table/test_connective_metrics_192_71f2e24da125073d96ad.table.json", "ncols": 6, "nrows": 3}, "Exclude_counts": {"_type": "table-file", "sha256": "e1c9680c5dbf27c108a9c47e201f13cfb20008c24fc3198b33ecbe61bb69d2a1", "size": 79, "artifact_path": "wandb-client-artifact://iljg6l9nfnj5ib6lji9sporj4ag9f4x970ebbfp95u0232kom0wbrumrsd9rx3i7knq5r9jh0cazohvlrmilivv5kyifat5v3sosujbf7hns8p3u7cx6hi5zopw38tvo/Exclude_counts.table.json", "_latest_artifact_path": "wandb-client-artifact://131h7dxqq6q5e2s7zsalio01cval9rpi4bji4ytkejmdr90e2m4ya1z8li2hkxfghpqctdeve8hf9qadhr0q0jnotg6ghcgdb7fs7kxjq29h6lif97ha81xpdb84ram2:latest/Exclude_counts.table.json", "path": "media/table/Exclude_counts_193_e1c9680c5dbf27c108a9.table.json", "ncols": 2, "nrows": 1}, "_wandb": {"runtime": 1385}}