{"train/loss": 0.041, "train/grad_norm": 0.04991276189684868, "train/learning_rate": 3.7028824833702884e-05, "train/epoch": 10.0, "train/global_step": 1670, "_timestamp": 1736703699.1832855, "_runtime": 717.596622467041, "_step": 214, "test/loss": 0.9711870551109314, "test/accuracy": 0.8511904761904762, "test/precision": 0.7608602150537634, "test/recall": 0.7665458141067897, "test/f1": 0.7246748576565777, "test/runtime": 1.8642, "test/samples_per_second": 90.118, "test/steps_per_second": 11.265, "epoch": 10.0, "train/f1": 0.9786303013902747, "train/accuracy": 0.9932584269662922, "train/precision": 0.9733586674763146, "train/recall": 0.9854838322145909, "val/f1": 0.8816000708583829, "val/accuracy": 0.9161676646706587, "val/precision": 0.9304511278195488, "val/recall": 0.86875, "val/loss": 0.6285525560379028, "eval/loss": 0.5797645449638367, "eval/accuracy": 0.9221556886227545, "eval/precision": 0.9318181818181819, "eval/recall": 0.875, "eval/f1": 0.8871794871794872, "eval/runtime": 1.8527, "eval/samples_per_second": 90.137, "eval/steps_per_second": 11.335, "train_runtime": 710.171, "train_samples_per_second": 56.395, "train_steps_per_second": 7.055, "total_flos": 3512627201894400.0, "train_loss": 0.2535161173038051, "label_metrics": {"_type": "table-file", "sha256": "01787d6087178db2e30d819022fe1ba61badf50b5a15256bf091c043191ea383", "size": 595, "artifact_path": "wandb-client-artifact://zyt2fj012ixfzexgvkqynz4vqef5mtsj8y0vz646v9rg8ft0gjaoyouxtw4fwsw5qyeslh0q954cw143napqba9p48szy9fk4mab3jtdbm22ii2gim2777dmi09i9phb/label_metrics.table.json", "_latest_artifact_path": "wandb-client-artifact://1jwf0luah5t7tyhdvwkfbkkw8ktwvdskrvqmahfybyhhc53yscwtizrs76dako9viliv83x10zbem1rzgwmnvgytf1c8a0sb3w3kcezfk83f20o0yl7x5csuq3msa9vl:latest/label_metrics.table.json", "path": "media/table/label_metrics_210_01787d6087178db2e30d.table.json", "ncols": 6, "nrows": 5}, "test_predictions": {"_type": "table-file", "sha256": "730c3c66308dc1fa6ca7ede75ef038db27f5bc97cc17b1aeb489e02c8efa6926", "size": 87935, "artifact_path": "wandb-client-artifact://v86773hgmvwq5nqjc485asjsxp7rpt3n7weww688xv5w3c6mmx0kp3vq7gm0z5krvad022hbjlfb45urkxgs7rw504denljn7shlfbgxpr0omivqdbhsmtyiwzs2s7n1/test_predictions.table.json", "_latest_artifact_path": "wandb-client-artifact://a3sfgqoniqfmasymtg5tx07rl3miauj8nar9i9mrsvm8r9z632p6n72vex02u0az8k8q31tz91scpsllqp34jz2warusg8zhqck2hetgnjzvwk21xg82s5g867fp9mu7:latest/test_predictions.table.json", "path": "media/table/test_predictions_211_730c3c66308dc1fa6ca7.table.json", "ncols": 8, "nrows": 168}, "test-metrics": {"_type": "table-file", "sha256": "8237f67cd870001d6f79e8550713bef044f1e95fdf03a03e77607bd96c571e91", "size": 190, "artifact_path": "wandb-client-artifact://jd0m8c17dm4hjhejtwufhzw88oeg8sjdx7ei0e7dnpsjfe5ch8w53xdpqzuxefdr1fmz02nl64nj22q2wmakuf93tm80sql2dapo2ub943ip56k3is6a7ob0trmulfzk/test-metrics.table.json", "_latest_artifact_path": "wandb-client-artifact://hhuz72gx6mc6chh8fp7v2tgcmgygafix85lzk38e4zmj8wb94m4nkf8t4oxw7tw5rtdsbcg0egb2qur3ah2ez5mvk1o2r022lq2ivaquaqtpdry2ly64cbt5s18ew3ex:latest/test-metrics.table.json", "path": "media/table/test-metrics_212_8237f67cd870001d6f79.table.json", "ncols": 5, "nrows": 1}, "test_connective_metrics": {"_type": "table-file", "sha256": "5974a3463d85a2cb8b5affbf4bb0f42a88525bced71ec3f3ecb35820024ea664", "size": 410, "artifact_path": "wandb-client-artifact://2khwrdegk2p9g8jfu83gcbbqpvy05d67u8ivpeop5epece6hzhulxnmraicap3b674j17vzj0drd71gmw28samh2zmsmgf0ub2frx193bjcbeqx9dwmfoovty38sahsn/test_connective_metrics.table.json", "_latest_artifact_path": "wandb-client-artifact://wmkauqzu413slo22s0iac9ek8d2l7e05qd54r4dpu9o4j2olkiz4zmsciadzlbobzub4cartu908ufluyp93t8wisavf3flp2s52lvqys6093522gnaj65rb9lmfj8b5:latest/test_connective_metrics.table.json", "path": "media/table/test_connective_metrics_213_5974a3463d85a2cb8b5a.table.json", "ncols": 6, "nrows": 3}, "Exclude_counts": {"_type": "table-file", "sha256": "3a3e16eee488be4d9705c81c282778d2e17c222f184cef71ed7ae945012d1110", "size": 66, "artifact_path": "wandb-client-artifact://0kydmib18sgqb8w8lymqjpqyx07snksxxc2ecnb8hmx89m1x1ir6w6z225yqzk0sgb2ixmowrkg8yctf5aycb3540hzckpavrg2x3y33s7dxnwqle93ckljtlbkba3nz/Exclude_counts.table.json", "_latest_artifact_path": "wandb-client-artifact://13k3uwbp0r5kjg3edz1xbtb4sz65mk9bzb9usoupra0oieiqidkpkooe7opx02t84c2uk2ya7bgeyzd7wuan2ifn2tdidodu7ymgolt5vcz6oyh8wbrmucplw9zu4ak9:latest/Exclude_counts.table.json", "path": "media/table/Exclude_counts_214_3a3e16eee488be4d9705.table.json", "ncols": 2, "nrows": 1}, "_wandb": {"runtime": 726}}