{"train/loss": 0.6623, "train/grad_norm": 8.011880874633789, "train/learning_rate": 1.6000000000000003e-05, "train/epoch": 1.0, "train/global_step": 167, "_timestamp": 1736413772.3151312, "_runtime": 82.70468926429749, "_step": 27, "test/loss": 0.6982910633087158, "test/accuracy": 0.7619047619047619, "test/precision": 0.7395833333333334, "test/recall": 0.28292682926829266, "test/f1": 0.27873303167420815, "test/runtime": 1.8651, "test/samples_per_second": 90.075, "test/steps_per_second": 11.259, "epoch": 1.0, "train/f1": 0.2749774220191276, "train/accuracy": 0.8082397003745319, "train/precision": 0.7224074074074074, "train/recall": 0.2749491842004065, "val/f1": 0.26800964675840544, "val/accuracy": 0.7784431137724551, "val/precision": 0.6898238747553815, "val/recall": 0.27166666666666667, "val/loss": null, "eval/loss": 0.7047081589698792, "eval/accuracy": 0.7784431137724551, "eval/precision": 0.6898238747553815, "eval/recall": 0.27166666666666667, "eval/f1": 0.26800964675840544, "eval/runtime": 1.8536, "eval/samples_per_second": 90.096, "eval/steps_per_second": 11.329, "train_runtime": 75.396, "train_samples_per_second": 17.706, "train_steps_per_second": 2.215, "total_flos": 351262720189440.0, "train_loss": 0.9688271648155715, "label_metrics": {"_type": "table-file", "sha256": "804e6cee32310d139374990825cd44ef8778f890ca3accef876f36414a2ff838", "size": 440, "artifact_path": "wandb-client-artifact://ao47dmbe6qitpah3cxvqkfy12fb2lavd6mgijtusp08sx77gfw7hf8wm8qordwil51hzrgweo54gw9eiwo2zcetao9rea1pg709fnig3dfg3gm3n0smcvivl6wzwi2aj/label_metrics.table.json", "_latest_artifact_path": "wandb-client-artifact://yk48aylahrip6t7y5kdpyk59yrx85gvjvgi2ljr3cdpy9dukwjrcfdg1xyg73a29skncgz5qzxu9vpgqsnl65qe3ig1vabw3ub8ln8spuvg2dmh0y0pc5k5fsjcjndgq:latest/label_metrics.table.json", "path": "media/table/label_metrics_23_804e6cee32310d139374.table.json", "ncols": 5, "nrows": 5}, "test_predictions": {"_type": "table-file", "sha256": "dc0f3abf1811028cdabcd5f2834961568467dcab1b005d10564ddd17fd22a8a5", "size": 88280, "artifact_path": "wandb-client-artifact://5m2xkfu8ui6jz42cbvcbk71r43y7zk0gwpw2687c92g08srlbkxdhue0o97cmidd9paya4qvqcu0cv8p48ff4p2dwvucv0pmigo6g33jrj67wblhmuvf6ylu2r1ux2wh/test_predictions.table.json", "_latest_artifact_path": "wandb-client-artifact://pimrdwxp2xw6p5uxva8hehtj91l3k42fp9lr9bb94rq9sum49oyuy74rr93p22sxsnzjy2vi986ba1qgdtvq0g1kkgzk98c3wifzz130wr0o2a6fmvjvtht50h7za3bj:latest/test_predictions.table.json", "path": "media/table/test_predictions_24_dc0f3abf1811028cdabc.table.json", "ncols": 7, "nrows": 168}, "test-metrics": {"_type": "table-file", "sha256": "1b2833facd3dd084b8253b68712faeb75d14bdeb23c5975a0d60cfe73c830c3c", "size": 198, "artifact_path": "wandb-client-artifact://9zq40nu90toabgqtrvc2veyoi8gigpk11sueitr83gbrx8c4im66yb05y7jfn36nwfa7esvnnzk8tfqn8oi66p0xwf40cgb7rjpai8kjxg01e7feea2alj7yuhokqnoy/test-metrics.table.json", "_latest_artifact_path": "wandb-client-artifact://8e34gxun5zjuasrayk9flt82kzefcqsr5bxgcbaoof7db13k9afem7zqywmovwz5f55x9tpbpuz1fz9xv2ka7h5z58oiocg76qux51n6krregs764s933vxbxz4t61wl:latest/test-metrics.table.json", "path": "media/table/test-metrics_25_1b2833facd3dd084b825.table.json", "ncols": 5, "nrows": 1}, "test_connective_metrics": {"_type": "table-file", "sha256": "8ee186ad29242c2c08d50412cd182ae6a2324cbceb18e8f47becb4faaf706ff0", "size": 412, "artifact_path": "wandb-client-artifact://dn7s3h97oyaymfxwxj32bzyyilqt235fx4h0frs1veai8a9qrnmngt68pgmw0rh1serhfdjpdjn16m25ud846p569hw6ujpzpcbywxkob17oiz3yz5hunj1qlue2b40n/test_connective_metrics.table.json", "_latest_artifact_path": "wandb-client-artifact://55kbe1f49cx0ekwcj22ba4q3tzpef26adrfv9dp8xsjlsz4swg1m01lhnjgl66ig1bdvt1r440cuu6cwsqj7vieoowikx0o6rgquqrzazmqnhopt0uf16v6dh7eejx9q:latest/test_connective_metrics.table.json", "path": "media/table/test_connective_metrics_26_8ee186ad29242c2c08d5.table.json", "ncols": 6, "nrows": 3}, "Exclude_counts": {"_type": "table-file", "sha256": "1b351f34479cdfe9bb187a7d7913779d5623e98ab90b705bfa6a94767059f967", "size": 72, "artifact_path": "wandb-client-artifact://b9c0q0ah42bvhop50sdvm4kt3fzlgsmoamzzosmb19sup0mg9nyfof0wad6i81s6py1ml0gtcyewjbh2ft5pvxd26616coobch6e6hccd73cr1ewqebb20x9zbzttrjj/Exclude_counts.table.json", "_latest_artifact_path": "wandb-client-artifact://f5ova8j5lsm7lvnoku3yk5uxkgr103mdqj1t0yyy6uddsru7rum87w9c5trn0fjg5jeoe3q3xd4m9r61egxmaeds1sbirgbrjpbczyxoysjc0wwps7o7bm5l4cnxcg7i:latest/Exclude_counts.table.json", "path": "media/table/Exclude_counts_27_1b351f34479cdfe9bb18.table.json", "ncols": 2, "nrows": 1}, "_wandb": {"runtime": 90}}