{"train/loss": 0.001, "train/grad_norm": 0.010771817527711391, "train/learning_rate": 3.7028824833702884e-05, "train/epoch": 10.0, "train/global_step": 1670, "_timestamp": 1736737870.7390037, "_runtime": 721.284158706665, "_step": 214, "test/loss": 1.6154676675796509, "test/accuracy": 0.75, "test/precision": 0.4919747126436781, "test/recall": 0.48031421665567997, "test/f1": 0.4772235673930589, "test/runtime": 1.868, "test/samples_per_second": 89.938, "test/steps_per_second": 11.242, "epoch": 10.0, "train/f1": 0.9760800188326322, "train/accuracy": 0.9932584269662922, "train/precision": 0.9907709040380341, "train/recall": 0.9630922457937234, "val/f1": 0.4616242458521871, "val/accuracy": 0.7904191616766467, "val/precision": 0.5877543122512163, "val/recall": 0.52125, "val/loss": 1.4469308853149414, "eval/loss": 1.2292728424072266, "eval/accuracy": 0.7964071856287425, "eval/precision": 0.5480189491817399, "eval/recall": 0.5745833333333332, "eval/f1": 0.5578532045858979, "eval/runtime": 1.853, "eval/samples_per_second": 90.126, "eval/steps_per_second": 11.333, "train_runtime": 713.9766, "train_samples_per_second": 56.094, "train_steps_per_second": 7.017, "total_flos": 3512627201894400.0, "train_loss": 0.30767677845321817, "label_metrics": {"_type": "table-file", "sha256": "c2292fefa8a9f5d03d77b6171fe2eccddcdb57e31d7d38d869874463a6ce9a79", "size": 667, "artifact_path": "wandb-client-artifact://skkhrouf9ybxn2r2kzet344uzshiov7694ygtyq3ydtetx2l8ko88l7bxg2py8mhbb95i6lroz5cbmwlzxbqlvewbpge462f9pfcpd6a2n3x2g5l4jy11w4nwqv6ca3f/label_metrics.table.json", "_latest_artifact_path": "wandb-client-artifact://gamdugsmnhu1a7jpt4yxpepmp1h0fv2ugwsdb4d6winivugdk6apu7ehge5z4939cwisnpt5c7tmriswagtppztcnbbqi1ntc6b9ij64s9jnpoqvh3ikzojpsyx1x94c:latest/label_metrics.table.json", "path": "media/table/label_metrics_210_c2292fefa8a9f5d03d77.table.json", "ncols": 6, "nrows": 5}, "test_predictions": {"_type": "table-file", "sha256": "732a387bfb3fee5962d4436325e2db3cdaffd771e706d8225cad989b9306477b", "size": 62198, "artifact_path": "wandb-client-artifact://vvuipa2jh0k27n57428xkbmkpp71qplw5mnjynme99g0alrleefhpmu7vbl7loo8qu8q8q2t4vsfkm2ho9qdq5jmb4zel3iil83m31qv5ifxdqt1g4ejpx4xjmsobbqo/test_predictions.table.json", "_latest_artifact_path": "wandb-client-artifact://gznp8o8lhdi1h3g82i5a9i0nby7igxj9ohotw9h2wv2cozyhl3ts2h9xnlr5qh4pco7tcmihatefu7xn469qz4n4jekogc2jvi3i00t07ftpdacxm8lroj0m7x6575mz:latest/test_predictions.table.json", "path": "media/table/test_predictions_211_732a387bfb3fee5962d4.table.json", "ncols": 8, "nrows": 168}, "test-metrics": {"_type": "table-file", "sha256": "1c71f4dca191e2e715c8d5a640b41b2505530830ca21d8b9e5068c5c798ca029", "size": 193, "artifact_path": "wandb-client-artifact://lkf98nsojgwj2fp716qfxwtcriffxx67whmhjzoo6kbf3horsmtt8uw0puirh0hsalvw9id6bxe5d9hgi1dnhsfpqmzavmt18pq4wtpy8uonxgb5v15or2g78me4o7h2/test-metrics.table.json", "_latest_artifact_path": "wandb-client-artifact://p32plkqrbpbulsh7j7l103z3qs7v0712tcvz9h5nh8pgrkwyvdwywzw8cjbota99fn0b31moft8sb7wa3ohm0sxbjw3hp33mhrifhfmrvdr4ce0w7b8kbvoy4fpt24o9:latest/test-metrics.table.json", "path": "media/table/test-metrics_212_1c71f4dca191e2e715c8.table.json", "ncols": 5, "nrows": 1}, "test_connective_metrics": {"_type": "table-file", "sha256": "8a161d3cc5b8c9f12348b207cbb592b88540b013e3293e7fab6ee212162ea099", "size": 460, "artifact_path": "wandb-client-artifact://2e5exhgukjd5s6zmhq6jfsryfvg1jsl7pidsi9o5uzpy15eq05bmjapqtwabct0yy342p9dz1c0bqbbkn0338oamfhcepxljn5frpdvuunjbpd7d2g981h761lw9ohid/test_connective_metrics.table.json", "_latest_artifact_path": "wandb-client-artifact://mpap4ocwv2biaov46u69uu6krl3g63u6kw931ida33s9kshg84til5ya2vu2mnxuo9f2wwf4rl4jrihwxjq2g526sn2ryzhp81nkd0ei9hkn8es8wxd1v2ft085iw6u7:latest/test_connective_metrics.table.json", "path": "media/table/test_connective_metrics_213_8a161d3cc5b8c9f12348.table.json", "ncols": 6, "nrows": 3}, "Exclude_counts": {"_type": "table-file", "sha256": "92504b126567f736cbedb8586a5e833f3c5632191cd4c7ca2291163d6a06ccb8", "size": 85, "artifact_path": "wandb-client-artifact://t8ho3ustz96bc2gsn4dcht6gp5jr5i8t0jdmj54t0vvuqrx5v0o7wndnr6yh6ef9dql5njhinxtngdyiogxgmlz3q3pz83xoi9nfzq1d2fj6zrk919vxb5rzy5j66oos/Exclude_counts.table.json", "_latest_artifact_path": "wandb-client-artifact://wd8gpdzaf76otu1pdst4njhbr748p4npj67v0purzsfd4glwavahoga1p23f34xatvb5x8tv8k822avpb9hhh183mivt7mrfqkrmruf7fp8arq6mzrtf3ebsgoj8jqtm:latest/Exclude_counts.table.json", "path": "media/table/Exclude_counts_214_92504b126567f736cbed.table.json", "ncols": 2, "nrows": 1}, "_wandb": {"runtime": 729}}