epoch,loss,accuracy,precision,recall,f1
,0.0652601069319034,0.2574850299401197,0.184818442427138,0.2304166666666666,0.1232575757575757
0.0,0.05763473053892216,0.5748502994011976,0.20490196078431372,0.16916666666666666,0.16792763157894736
