{"test/loss": 1.7405052185058594, "test/accuracy": 0.0, "test/precision": 0.0, "test/recall": 0.0, "test/f1": 0.0, "test/runtime": 0.1149, "test/samples_per_second": 87.067, "test/steps_per_second": 17.413, "_timestamp": 1736580268.7885277, "_runtime": 11.177132844924927, "_step": 23, "epoch": 4.0, "train/f1": 0.05714285714285714, "train/accuracy": 0.1, "train/precision": 0.041666666666666664, "train/recall": 0.25, "val/f1": 0.29333333333333333, "val/accuracy": 0.5, "val/precision": 0.4, "val/recall": 0.35416666666666663, "train/loss": null, "val/loss": 1.5074290037155151, "eval/loss": 1.509905457496643, "eval/accuracy": 0.5, "eval/precision": 0.4, "eval/recall": 0.35416666666666663, "eval/f1": 0.29333333333333333, "eval/runtime": 0.1134, "eval/samples_per_second": 88.176, "eval/steps_per_second": 17.635, "train/epoch": 4.0, "train/global_step": 8, "train_runtime": 7.4326, "train_samples_per_second": 40.363, "train_steps_per_second": 8.073, "total_flos": 10524725698560.0, "train_loss": 1.7286518812179565, "label_metrics": {"_type": "table-file", "sha256": "a4ac00b588eae9eabc1c8e0165d7aff0836a1a89b01da0ff4eea505ce28f1891", "size": 320, "artifact_path": "wandb-client-artifact://h36uss2gp5wbs5i1mhna3oanwonifpxm6u36dtn99sysjf50zxn4o47vlf9jhvtoyxq9ucxk0xjxiu2u6tfk8z9tlx5otcm5wje69xv23l8kqcwaqt7pj86np48rm1g2/label_metrics.table.json", "_latest_artifact_path": "wandb-client-artifact://dljisueytx2sgs0b4ue7026p11fq54bxhv1htk8bkx5keh93rtfqvskcxptcwz1hb5hh9fsiw9bsojx7kyl3ia8yocwcxoi5az1v6ckcsvlxxbefv42foqhwwb8q026q:latest/label_metrics.table.json", "path": "media/table/label_metrics_19_a4ac00b588eae9eabc1c.table.json", "ncols": 5, "nrows": 4}, "test_predictions": {"_type": "table-file", "sha256": "34f228e43c63f88cd206672343d3db17c164bdc9386f53a872a3b63ed422a905", "size": 4338, "artifact_path": "wandb-client-artifact://znq6bmsf3v9re6sb3qw0ewhkxna8vcd6qqmoo2ksod1uw82t1un8nfmf7l55ukor1c040j5oll7f4uisesbhoiddxo9eiwtc6w4cqiedp8uc9raaslyphsk551wz6ndy/test_predictions.table.json", "_latest_artifact_path": "wandb-client-artifact://h9w99azlu02bjytc9dqokfam5wpkg8b2svxbkni2rn8mqfj1k6hg84ehzfhj7nzl4yexqazu8oo8l56p99xxp825tw0dp5vcn8jx258on6hwatdiy01b3mrd2lcenl1x:latest/test_predictions.table.json", "path": "media/table/test_predictions_20_34f228e43c63f88cd206.table.json", "ncols": 8, "nrows": 10}, "test-metrics": {"_type": "table-file", "sha256": "b47c0481486c654820404842816aed82d963373424375220d48722489b84cc35", "size": 140, "artifact_path": "wandb-client-artifact://4315lygdfzo5l52q1knt1ng32c58808y093y83m369815m6sgwv5g0oklz610jm602aq9oqmvsra6dx650yg083r6t3rczpgi5qme79w4o9bdfixbd6xqxcyr2s3jopl/test-metrics.table.json", "_latest_artifact_path": "wandb-client-artifact://dgxxv80sv81px5epai8f0b585nl43mvgb9t07j5bhp0vud8b6n70jz3oor9z4ng3l191udr1tfazfy6aut0khh57988cjs3zko414vaaedknsl0035lv3q3gxqj5mxty:latest/test-metrics.table.json", "path": "media/table/test-metrics_21_b47c0481486c65482040.table.json", "ncols": 5, "nrows": 1}, "test_connective_metrics": {"_type": "table-file", "sha256": "ead91c2cb887176b9f7d74c83e06e492c19ddf8891c1d7fcfb4c8ee95ff0c17d", "size": 161, "artifact_path": "wandb-client-artifact://cd4hivgjfvl343k3l2mpf2ci22cdqruuj7mh5u4rc6fcz80k6j7v6propd4d6n2pwty7fum5w7d0rwe5u2c1p48h3n64u7hh5gxowun6sf486hjjktivz2p25rrhetba/test_connective_metrics.table.json", "_latest_artifact_path": "wandb-client-artifact://qifvelbdokpssfqa1nqtymk5zssbvyp7et8j0e1qytyq4iw7p66qbnsgkiflen1hnfzhez2kf57p3r1ody45y0o51bk8g208ox22jvqukcss21dduu4fm3zcby82t8vu:latest/test_connective_metrics.table.json", "path": "media/table/test_connective_metrics_22_ead91c2cb887176b9f7d.table.json", "ncols": 6, "nrows": 1}, "Exclude_counts": {"_type": "table-file", "sha256": "b677d42dd11462fbcfdb80b323c2fb02a71a47403f561bc0f0ccebf6195c9e24", "size": 78, "artifact_path": "wandb-client-artifact://zdhzykhp7pgvlyua2mjyyvydt1t52bzg5w2o48emeas4cidrjuphteufe7ii6u5n78br8v5vyv3sxotxvmo6dylqpba54ebcnagxz4wdamuubgiux3ib57gbkzqc2fgy/Exclude_counts.table.json", "_latest_artifact_path": "wandb-client-artifact://78oin0n0qa10ure5w4yr3uu8pm8v33vn4sbbt0cbj4qnawb4gwa4et37a2juo56s03mtdoamb08b001vg5v0i5dahqklun8jpyoqg79g7695bcwkztlzeqkf4pyhcei9:latest/Exclude_counts.table.json", "path": "media/table/Exclude_counts_23_b677d42dd11462fbcfdb.table.json", "ncols": 2, "nrows": 1}, "_wandb": {"runtime": 19}}