{"test/loss": 1.4640355110168457, "test/accuracy": 0.3, "test/precision": 0.375, "test/recall": 0.3125, "test/f1": 0.18333333333333335, "test/runtime": 0.1138, "test/samples_per_second": 87.898, "test/steps_per_second": 17.58, "_timestamp": 1736656758.319627, "_runtime": 10.9843909740448, "_step": 23, "epoch": 4.0, "train/f1": 0.09090909090909091, "train/accuracy": 0.2, "train/precision": 0.16666666666666666, "train/recall": 0.1, "val/f1": 0.18253968253968253, "val/accuracy": 0.3, "val/precision": 0.30000000000000004, "val/recall": 0.25, "train/loss": null, "val/loss": 1.5588791370391846, "eval/loss": 1.560268759727478, "eval/accuracy": 0.3, "eval/precision": 0.30000000000000004, "eval/recall": 0.25, "eval/f1": 0.18253968253968253, "eval/runtime": 0.1132, "eval/samples_per_second": 88.356, "eval/steps_per_second": 17.671, "train/epoch": 4.0, "train/global_step": 8, "train_runtime": 7.0449, "train_samples_per_second": 42.584, "train_steps_per_second": 8.517, "total_flos": 10524725698560.0, "train_loss": 1.6107261180877686, "label_metrics": {"_type": "table-file", "sha256": "146e0d36668e739a0ee0d375656b731220439c22ff48f31b9275ee6768bd34b8", "size": 297, "artifact_path": "wandb-client-artifact://qwtrs1vpseiyijlgdaiadhl3b3aj0wpdfhzrii4qpww7pvhz5luh6gk1718t5to2ywykj647ftz1csrfw2602d8kt3ypxhmy5kxrzfxtb1fhm7mqqx07r20yonf60jqw/label_metrics.table.json", "_latest_artifact_path": "wandb-client-artifact://ygb7ma8nvq8ugb7fc6h31xr6cqhp7emwo2i6v8rklfhn81l973mzsxcz4cpodl26j7ma428tn7fo2slbqbdoujatknth6yljdw7nrjtnu2pagc71yohc252cfdzvrys1:latest/label_metrics.table.json", "path": "media/table/label_metrics_19_146e0d36668e739a0ee0.table.json", "ncols": 5, "nrows": 4}, "test_predictions": {"_type": "table-file", "sha256": "a6f82dcd3e83da760b70efe3f3b1650726dfd371a7d5c7ec51245e23bd309ea0", "size": 4850, "artifact_path": "wandb-client-artifact://glwtdzobfale9oieakjvfh1haq15elxm72s9xgqoqzx5ea3z2liwmmnskcm62vmpnhyrqxz2jg1t5r8x6d3gbpi4lp4nbf2151gvo2l7vqg4qciqux3hnep77ockmh7x/test_predictions.table.json", "_latest_artifact_path": "wandb-client-artifact://vwrhfuntjn6lbrpnnideuqm4tpvlw9mjmuovyz2o5k73vhylp0yprk50l24187pasg2dm7vif0ffl7qey30fzkwgvngd8ym25qcl0tkovo1lq4nfsqfvzvgc9pduysr2:latest/test_predictions.table.json", "path": "media/table/test_predictions_20_a6f82dcd3e83da760b70.table.json", "ncols": 8, "nrows": 10}, "test-metrics": {"_type": "table-file", "sha256": "a086543c0b7ba3fc286c15926eb2e55be7f49da370b1509ac19602bd37997ac2", "size": 151, "artifact_path": "wandb-client-artifact://w9dktaxwp46uss4hxln39yofn5mhiwyrsnalntotx4wv3p9t6gyx09v2mfigp39vk2yin2yuhmuz17hocnm5k754x5we4tir2c5p8shf7otie41zwm1cpnoxthl4pt1z/test-metrics.table.json", "_latest_artifact_path": "wandb-client-artifact://11o3tdyadach9ngeon729qzuesb2cy5ts7jrcj3wa3stwszqm5d517c8ts90ria3umb0bcfmwwuodii1sckgvvpaxwo86zome4t3jlzvwyt83vwo186cw704lgr1kddn:latest/test-metrics.table.json", "path": "media/table/test-metrics_21_a086543c0b7ba3fc286c.table.json", "ncols": 5, "nrows": 1}, "test_connective_metrics": {"_type": "table-file", "sha256": "0456290c3abd18f8a6d64975b72ec7fa2e6114caacd5eb901bdafd885605249b", "size": 172, "artifact_path": "wandb-client-artifact://ezuf48s9ju7w7yepuabjcqtuhb0qjpfh4dho8cdxact3cohcmiqz9mibyuebhe38ia9wxxud6kh78qxtqjulvd3xyuu745lsdrkf3t1var9iyw4gv56d9w08h9wcnuv8/test_connective_metrics.table.json", "_latest_artifact_path": "wandb-client-artifact://0ndpeq9yn1uobkudfkxr7pq1v8w9svinn3q6qoq3qxjtzj9lpalvnh49vjafblwf1k0ablqntg9nb4l7nv5rd4kk0wfaa66qbd2wlb62b7v9l4j8v261uzmagsm2xuo8:latest/test_connective_metrics.table.json", "path": "media/table/test_connective_metrics_22_0456290c3abd18f8a6d6.table.json", "ncols": 6, "nrows": 1}, "Exclude_counts": {"_type": "table-file", "sha256": "3a3e16eee488be4d9705c81c282778d2e17c222f184cef71ed7ae945012d1110", "size": 66, "artifact_path": "wandb-client-artifact://04o13wmf6nc9o9lwiufphids85vnpcidqdve31yq65rwr236fx5t8z0crkoxjgsigoeeih2irb80gagfhbuf2bk5172ps5bcoui6s6nk4i6jwejw8t5yoxn0gbes32ap/Exclude_counts.table.json", "_latest_artifact_path": "wandb-client-artifact://oehus97q7rxilbez0hxm7dkrzlhquj5qsjhg8ld7wfnj8ss3wa6gn52kjseze81worqdak89oky77mx2wr4n4wj6c5ls9z4ib2d66mbqjdc3t9s1w5cajw7cwq7u6555:latest/Exclude_counts.table.json", "path": "media/table/Exclude_counts_23_3a3e16eee488be4d9705.table.json", "ncols": 2, "nrows": 1}, "_wandb": {"runtime": 20}}