{"train/loss": 0.0005, "train/grad_norm": 0.09435059130191803, "train/learning_rate": 2.4168514412416855e-05, "train/epoch": 17.0, "train/global_step": 2839, "_timestamp": 1738317059.8379078, "_runtime": 1219.0612847805023, "_step": 358, "test/loss": 1.8561103343963623, "test/accuracy": 0.7678571428571429, "test/precision": 0.5517397310069065, "test/recall": 0.48571962206108543, "test/f1": 0.49714470912331876, "test/runtime": 1.8639, "test/samples_per_second": 90.135, "test/steps_per_second": 11.267, "epoch": 17.0, "train/f1": 0.9777065025555134, "train/accuracy": 0.9940074906367041, "train/precision": 0.9938492063492064, "train/recall": 0.9632918465921267, "val/f1": 0.47951541795201635, "val/accuracy": 0.8023952095808383, "val/precision": 0.7132450088079859, "val/recall": 0.5383333333333333, "val/loss": 1.603356957435608, "eval/loss": 1.5418081283569336, "eval/accuracy": 0.8023952095808383, "eval/precision": 0.6738643737832577, "eval/recall": 0.5154166666666666, "eval/f1": 0.510120588073344, "eval/runtime": 1.8537, "eval/samples_per_second": 90.09, "eval/steps_per_second": 11.329, "train_runtime": 1210.8017, "train_samples_per_second": 33.077, "train_steps_per_second": 4.138, "total_flos": 5971466243220480.0, "train_loss": 0.29000712598689743, "label_metrics": {"_type": "table-file", "sha256": "f40a16d1251bc732077af1c4dc2b6f1b46a41e05f7d63a13e8304cc0cbee8cfe", "size": 660, "artifact_path": "wandb-client-artifact://af5nd6ttq4zwl0z71cbjjupq5x9098ocqu5ycyiq96km7xg23v3ulsh8qwrjh0h0jpe3kv5vawg1e1p6ovnackamu4fo8kl1b9cnlzty4sh9fva6euz9ltl3gcum2ks0/label_metrics.table.json", "_latest_artifact_path": "wandb-client-artifact://ujmt0xscbpll7wcep0etlohr9zejs743butxedy0b3tduey4fsrwy7wld7n4x8d5atvpxou5ccamhz8n2gd0j7gzs503r45esg73zt36zw21b8kvnhsz25klqozdnk8f:latest/label_metrics.table.json", "path": "media/table/label_metrics_354_f40a16d1251bc732077a.table.json", "ncols": 6, "nrows": 5}, "test_predictions": {"_type": "table-file", "sha256": "c7790c06bb7a132092a6bb0b16f56af001cfff585f20786e1939fc0d9857b720", "size": 92427, "artifact_path": "wandb-client-artifact://y5exzfu6lmcxy9xl99e4dslpp01spopui12q4fkfjkcpq3o9pj538wup62qnxr0wgzni228nodrvcvoqmhokewesb57t1y32m7s3nrlzzanaokboicczoytxqi0lszq9/test_predictions.table.json", "_latest_artifact_path": "wandb-client-artifact://wcgbawcgqklr8s32r5cmt7v4bxwyxhowbcotgkkuuiibeg9s689uuwbsss3fa448ecbdp3361m4wbihnfofpyuqfo8l0ih9n289k9o7v1l2lu34hn9l8m96ixehbm20i:latest/test_predictions.table.json", "path": "media/table/test_predictions_355_c7790c06bb7a132092a6.table.json", "ncols": 8, "nrows": 168}, "test-metrics": {"_type": "table-file", "sha256": "7e54cf646becaef9e8777caab48619f33b43d2996c4438383a92161a1ca8c321", "size": 207, "artifact_path": "wandb-client-artifact://aop6tc25xnru2429rj0h51wdhjk6ea9cgcx7qhq8ev07rlrvz9p4u5lmpqm26uhfba59e4omohtlj0ljumcozf2z2nck82d3vb9euxjggj5l52uibc2hwm1j1ikvzb00/test-metrics.table.json", "_latest_artifact_path": "wandb-client-artifact://x6n8c0n5juf4ko9h9pznnlpqrrqeshw85438qldnasf6xx2kqqfkidjwbwxtgbyrsx1t5mojwywozgnbr44od1lm8522r8t0tgtbsr2546ervynthdv1qh3homjj0x6i:latest/test-metrics.table.json", "path": "media/table/test-metrics_356_7e54cf646becaef9e877.table.json", "ncols": 5, "nrows": 1}, "test_connective_metrics": {"_type": "table-file", "sha256": "7688095030275301202c738e15da18c2a7f87ef5712ca14437dcf5111ced2cd6", "size": 430, "artifact_path": "wandb-client-artifact://u6ozwcgj72x3d6xgoph176l21yli83eujebrtykiliitz7cxzxk9u6jndba7f0i0fjbm4xzk2kzrza133rmyfqbgaoi2dtl1n842lmk3ew0avqnmzptfc9nv5ajp4kbs/test_connective_metrics.table.json", "_latest_artifact_path": "wandb-client-artifact://9f7zab9xnf7z7fcqrwknagsik0qcgsk7mu5hgceowqs47utb36nav5o2lu30c44tfpfb5ufatqw7ccmtzh8cqnudg18s5ur7oj4tfptofgjgj5edo7dg4xomdp9obsbb:latest/test_connective_metrics.table.json", "path": "media/table/test_connective_metrics_357_7688095030275301202c.table.json", "ncols": 6, "nrows": 3}, "Exclude_counts": {"_type": "table-file", "sha256": "8b86e7a1588758fbb07bee8a7880f2d3547da30bed57fef68d6c53a42a079412", "size": 81, "artifact_path": "wandb-client-artifact://v3cyi2t9tsgxr4beja4f1273exv0v9fhiibdy94g76u61xwa0ntyfb5531ykg937jamy333tppeahbctiv2u1l4lnqpue0k4k1df3yoogfcie32lwl2y7k696efbw4cx/Exclude_counts.table.json", "_latest_artifact_path": "wandb-client-artifact://k76w04mci16bjdruzep5o9vfhfqrgrbgn1v7pezajuiuk6409885ay4c8rwwvj7kek5rrv0drxeznu6c41toatdo1lcgwccnoykebjhcrx0ztccy9tp3vmpt7w1aimo7:latest/Exclude_counts.table.json", "path": "media/table/Exclude_counts_358_8b86e7a1588758fbb07b.table.json", "ncols": 2, "nrows": 1}, "_wandb": {"runtime": 1227}}