{"train/loss": 0.081, "train/grad_norm": 0.035273242741823196, "train/learning_rate": 4.445676274944568e-05, "train/epoch": 6.0, "train/global_step": 1002, "_timestamp": 1742964064.465959, "_runtime": 436.01712799072266, "_step": 132, "test/loss": 0.686265230178833, "test/accuracy": 0.8154761904761905, "test/precision": 0.82167325428195, "test/recall": 0.6842012744451769, "test/f1": 0.7102572016460906, "test/runtime": 1.8699, "test/samples_per_second": 89.842, "test/steps_per_second": 11.23, "epoch": 6.0, "train/f1": 0.9413804449317311, "train/accuracy": 0.9932584269662922, "train/precision": 0.9851370104290084, "train/recall": 0.9151764290755116, "val/f1": 0.6364312444312444, "val/accuracy": 0.8263473053892215, "val/precision": 0.7939008792965627, "val/recall": 0.6075, "val/loss": 0.8986727595329285, "eval/loss": 0.7036930322647095, "eval/accuracy": 0.8502994011976048, "eval/precision": 0.8678321678321679, "eval/recall": 0.70625, "eval/f1": 0.7409222041161205, "eval/runtime": 1.857, "eval/samples_per_second": 89.928, "eval/steps_per_second": 11.308, "train_runtime": 428.1694, "train_samples_per_second": 93.538, "train_steps_per_second": 11.701, "total_flos": 2107576321136640.0, "train_loss": 0.4105309026089019, "label_metrics": {"_type": "table-file", "sha256": "4663390a7a4db6912ea34036060c1dedefacabbc69a39976901551f10b9ce2ee", "size": 570, "artifact_path": "wandb-client-artifact://1tdsaof4kjs914uh7exv1bi6xbrznf69nx68jyqx3ydf0adp4csskrq9di9ydew7gl54ywujvkz746b3940k6igajmtz4krlub4sm9b67f0q77q2ew4zkw93tyutsr6t/label_metrics.table.json", "_latest_artifact_path": "wandb-client-artifact://opwwxzr4avqkfdjvp0crnc9t0ezjfodo67ammpfh3nx3ar3w1tygk31iitqmcfosd7y19f7j3xro4j0fsfue6j9frhbsjf02l12cine8daq3z5l99pa6jgz0zsy3mjss:latest/label_metrics.table.json", "path": "media/table/label_metrics_127_4663390a7a4db6912ea3.table.json", "ncols": 6, "nrows": 5}, "test_predictions": {"_type": "table-file", "sha256": "efe666bd4f9f242cc298be7049d5cf22d3e13e4581d899d96070d5cfa76b1271", "size": 55166, "artifact_path": "wandb-client-artifact://4qy7rn7jwq72w5tozapkbb9ey18wvrdox6mgf39v4qlyvanwrq27p8yqk6ioxpkjc2hhbjkirndes760v33iuv23j2bihm88ly6r4hmzw7z1u3zwbgxsrwtv9sqixf31/test_predictions.table.json", "_latest_artifact_path": "wandb-client-artifact://3fdjggk9m7volrc7lje2t7vve0amfki52xkqda0638bn1mfcolqaftxdcxicy92d965pxo406v2ahwa9ohbhfswtf43t39y9zc5cz1kqk0gauooo89yfczp6etb9kwun:latest/test_predictions.table.json", "path": "media/table/test_predictions_128_efe666bd4f9f242cc298.table.json", "ncols": 8, "nrows": 168}, "test-metrics": {"_type": "table-file", "sha256": "6005af117ac391b7b6c93d3b8a930f85051d39d871d4fd4c11ffd8d6c4af9332", "size": 193, "artifact_path": "wandb-client-artifact://l4epat9jn75u3r7w9e5eynmz9972vp5rhd5m5vqomrn6vvxf2ud88mak2h1lnrr2geslc4flgy9h7r5licoh0d7revxchqbfys2ptye2zl74a39xdyxhr88jsn82uisw/test-metrics.table.json", "_latest_artifact_path": "wandb-client-artifact://yafc9k00p1r4x4upgfg2ljzsiz8p8ktwhcn13hj360qr80j4ti3udksjeddy8bs79swdocnva5vfmd0kwg7ucruqln3a7ittzpjzgh0hmdbbxhwod1aopr825q5nonwh:latest/test-metrics.table.json", "path": "media/table/test-metrics_129_6005af117ac391b7b6c9.table.json", "ncols": 5, "nrows": 1}, "test_connective_metrics": {"_type": "table-file", "sha256": "4525c23c5f60e6feaefb0b789d4c4bcdc9bdb7796e9dd342c5a245e21a17493b", "size": 435, "artifact_path": "wandb-client-artifact://vgplc5xioy72yjnhh8wriqwbjyx79w6pa4lbd7t5i1e9pb21nx3qj1fyoy5qlgt3ya3e7a526z310gstln5q2ztm12s78d5lxthk77r5tfkpcuokptesij3rqy6h2cac/test_connective_metrics.table.json", "_latest_artifact_path": "wandb-client-artifact://w421m7sqmrd7wgp03bwzt55n4vcmicn5rbaae6ey2zwpsu5ea6zsimc75qo4ybwj3a5nmqxvmyk3nyehn9q219kwsrbz67oocry7gkvbjg7003kf3j3h5alxfqqpuek5:latest/test_connective_metrics.table.json", "path": "media/table/test_connective_metrics_130_4525c23c5f60e6feaefb.table.json", "ncols": 6, "nrows": 3}, "Exclude_counts": {"_type": "table-file", "sha256": "fa22c4da7120bb2d050f2b48bfbb63b94fd3760be735d6d12002cc9214cc8ce6", "size": 74, "artifact_path": "wandb-client-artifact://haqa9kt4tv5vf3reg47ftqbibcqjjyehscxeqxg84hwi7f1pz2rqzs1yiozyxjknw78qg4hcnsuqzh9gzg8y4u1662kz82e9n0myzcssnw2jz34b55yricpqiu0dqzz6/Exclude_counts.table.json", "_latest_artifact_path": "wandb-client-artifact://xbo54838c58k69vw43xu3myst1npd59suhsm5b0y3ah8t8zrmif7rjzglpjhhpongx0c6zqyut30cti6fe84084hlfk3vtjjsb4axoyjhke3fpxj9dj1l6yv6gt1al9g:latest/Exclude_counts.table.json", "path": "media/table/Exclude_counts_131_fa22c4da7120bb2d050f.table.json", "ncols": 2, "nrows": 1}, "_wandb": {"runtime": 444}}