{"train/loss": 0.0002, "train/grad_norm": 0.020307617262005806, "train/learning_rate": 2.971175166297118e-05, "train/epoch": 14.0, "train/global_step": 2338, "_timestamp": 1736708732.9709318, "_runtime": 1003.044912815094, "_step": 296, "test/loss": 1.5680735111236572, "test/accuracy": 0.8214285714285714, "test/precision": 0.8401351351351352, "test/recall": 0.7575368050977807, "test/f1": 0.7713220113220114, "test/runtime": 1.8529, "test/samples_per_second": 90.669, "test/steps_per_second": 11.334, "epoch": 14.0, "train/f1": 0.999440479261616, "train/accuracy": 0.9992509363295881, "train/precision": 0.9998005982053838, "train/recall": 0.9990825688073395, "val/f1": 0.5577500611396429, "val/accuracy": 0.7964071856287425, "val/precision": 0.718338399189463, "val/recall": 0.5158333333333334, "val/loss": 1.7963812351226807, "eval/loss": 1.6124476194381714, "eval/accuracy": 0.8143712574850299, "eval/precision": 0.7828857630008524, "eval/recall": 0.54375, "eval/f1": 0.6021117424242424, "eval/runtime": 1.8397, "eval/samples_per_second": 90.774, "eval/steps_per_second": 11.415, "train_runtime": 995.7562, "train_samples_per_second": 40.221, "train_steps_per_second": 5.031, "total_flos": 4917678082652160.0, "train_loss": 0.19939189662648385, "label_metrics": {"_type": "table-file", "sha256": "e4a36c52fb4ca1e7642563277bb1b94c349f018190fdf9c1f002d09f5d4e8e78", "size": 608, "artifact_path": "wandb-client-artifact://4y6s8feo9e3iqisaq8zhyqazafx3o0ce9e8imwnludmw58xlppdjkesno8etz4aa93xtem3nb17guhfnyy53djxkpma7cwfq1yp4vw0lm8i8hb7im8kgi942zgj51upx/label_metrics.table.json", "_latest_artifact_path": "wandb-client-artifact://kqoftb0kmo23rlfbrvqe0zj0p4lqs9m1bhkyubve8hmb123l9bineueebjh8b5t4k57sg5hgyjujvmfymgvdz01c7ehcfq63s6e64qx8v1y2ntwgyieu5qwhdk5d5ox7:latest/label_metrics.table.json", "path": "media/table/label_metrics_292_e4a36c52fb4ca1e76425.table.json", "ncols": 6, "nrows": 5}, "test_predictions": {"_type": "table-file", "sha256": "b24698bc74619f6985fe016e0fad5806da24c1c0813feb2bd0192a34b5cd4de3", "size": 55268, "artifact_path": "wandb-client-artifact://4l2zaf69w11flyi4hhrnqavw83tz777x9nbp9f7m5b7ot9oox8jugjiyuc1s3xvij155i8rs56rp3ufudugse4wzeakj19aqc1f3sezi9nmf011oveulw3s073y5872m/test_predictions.table.json", "_latest_artifact_path": "wandb-client-artifact://0igzz057tizpvaw1a76vchrsl660tcdql1mr0pwi78vwxm7g93g9rtulcjxae6ny13csdjzwioco0drhlb7wqxewpg59a114pn67s95tgcjft3iapyp40bqb8y8nikz8:latest/test_predictions.table.json", "path": "media/table/test_predictions_293_b24698bc74619f6985fe.table.json", "ncols": 8, "nrows": 168}, "test-metrics": {"_type": "table-file", "sha256": "97fa3f5b52e1a13e5d7f3eb9871dbc2ac0a9413c3a538452e0a57e3192927adc", "size": 195, "artifact_path": "wandb-client-artifact://uv1evx291dwnx3834q5ufr6osfk1zbvcek6jjwf32oywhrr3yo73beklvb1wo2ewdp3rui89caadwcxzlg0c584ujtu33pi4sek4m64hb1vrrhfl3ywfp6279keqae76/test-metrics.table.json", "_latest_artifact_path": "wandb-client-artifact://ov2lfyt5rp687q9edmf5b1n80aor9llyu94j0vcs7d7pahrigpvzyupdl6zovbj8um9lzqjwmlrkycsb3crccsiptwimyke484qe9j01e2zdj0vqvfj61a7j5gzcxsl7:latest/test-metrics.table.json", "path": "media/table/test-metrics_294_97fa3f5b52e1a13e5d7f.table.json", "ncols": 5, "nrows": 1}, "test_connective_metrics": {"_type": "table-file", "sha256": "e9814f10a775414e334f9d8da0493f62d66198776f6563fdc7a55f8ec0bdebf1", "size": 433, "artifact_path": "wandb-client-artifact://eqjadkbsk0np2w0chri9io88km2a6lf12w58zaqxgv9ehs43pb37lnxynr9xl5tacgpyhkh1thig6n8cl1t1c75sf3tkxvwzdpc1vblbnzas1cjz8i5wnf0sodhsuk0q/test_connective_metrics.table.json", "_latest_artifact_path": "wandb-client-artifact://3p6i2md57hmsoe71sxfysbfep59qm0yrvuzefok6go7divxq8drkuqzdxljc5tnu145z00xsjqmodrg6xnzd3v7zqajk0sa8qsjtzwmwdle3ykrdqodyz1ua3ybgj0bp:latest/test_connective_metrics.table.json", "path": "media/table/test_connective_metrics_295_e9814f10a775414e334f.table.json", "ncols": 6, "nrows": 3}, "Exclude_counts": {"_type": "table-file", "sha256": "1f0d06d48839b9ae3561b5aa2af5ae36957124ba92ec2076d20ea5c56a172744", "size": 75, "artifact_path": "wandb-client-artifact://6l0d3izsfmwxnwi8ne1k8p4h2isd2zgadm63xe3myijfzpxjnpb7sih4wz9pce4otbdv3d3uucdiqaa6wwjx2kj8t7rxsqm5ix2nbezum2vl6wu5gig35h6ok42oc1zn/Exclude_counts.table.json", "_latest_artifact_path": "wandb-client-artifact://whs3x1m2iliqgstyx6pxqj0sqj9hov4ln6oqzzhm0fywj9qbrzf4m48sz7nbwh8o9b0c8lqkdo82dxn309tlu8rloio3ge16c7e1s82qgmhudgb63um51fz6acene743:latest/Exclude_counts.table.json", "path": "media/table/Exclude_counts_296_1f0d06d48839b9ae3561.table.json", "ncols": 2, "nrows": 1}, "_wandb": {"runtime": 1010}}