{"train/loss": 0.0045, "train/grad_norm": 0.00717598432675004, "train/learning_rate": 3.7028824833702884e-05, "train/epoch": 10.0, "train/global_step": 1670, "_timestamp": 1736801087.925737, "_runtime": 724.6236898899078, "_step": 214, "test/loss": 0.665645956993103, "test/accuracy": 0.8809523809523809, "test/precision": 0.7670868347338936, "test/recall": 0.7442562074269391, "test/f1": 0.7485314009661835, "test/runtime": 1.8804, "test/samples_per_second": 89.342, "test/steps_per_second": 11.168, "epoch": 10.0, "train/f1": 0.9777065025555134, "train/accuracy": 0.9940074906367041, "train/precision": 0.9938492063492064, "train/recall": 0.9632918465921267, "val/f1": 0.7447773685133678, "val/accuracy": 0.8922155688622755, "val/precision": 0.8611050527081062, "val/recall": 0.7654166666666666, "val/loss": 0.7179327607154846, "eval/loss": 0.5254621505737305, "eval/accuracy": 0.9281437125748503, "eval/precision": 0.9198267716535433, "eval/recall": 0.8904166666666666, "eval/f1": 0.8953537690379797, "eval/runtime": 1.8669, "eval/samples_per_second": 89.455, "eval/steps_per_second": 11.249, "train_runtime": 716.9851, "train_samples_per_second": 55.859, "train_steps_per_second": 6.988, "total_flos": 3512627201894400.0, "train_loss": 0.2598344150735456, "label_metrics": {"_type": "table-file", "sha256": "b5e9d3e09d3be79fed23e9e1934413be59d666c5712edb5f81e05fe53ed80615", "size": 665, "artifact_path": "wandb-client-artifact://687n2i5vl8rb03fuoaqtzs9tm3y4ff16hap8fd7k1txho01p0922jx0lp4y4qx60fos2omeioczhfh09vq2yn1zpsjoqi2ug5r9px8zm8klob2b6j5tn0yww27jsilet/label_metrics.table.json", "_latest_artifact_path": "wandb-client-artifact://82cetyyzinttxiqholxup1gqnb8uib902e8l0nfpw5bargkj5di2ww2oz8k910wy2twtsk3gkmg6yetdmdjjco9fdzl9fzt8joy4tkz95kuy7k4edn6yya52ers6qx30:latest/label_metrics.table.json", "path": "media/table/label_metrics_210_b5e9d3e09d3be79fed23.table.json", "ncols": 6, "nrows": 5}, "test_predictions": {"_type": "table-file", "sha256": "c094a7d475c2c1745eb3a6bb022d86cfc462c471e598ef41a8d6c28eca582b41", "size": 91828, "artifact_path": "wandb-client-artifact://3znq4qohsvi7m9jd2rsfbaxoo9g7h3wicapjvkxn0gydgrcm5ksup5blwwf8mgjrww6gds03lblykh7yvj2yhcwz8hb9bta2bavesf7anvhjtn03s4mnj2d460dyhu7h/test_predictions.table.json", "_latest_artifact_path": "wandb-client-artifact://e7n5cloj2wo1tqoohd64wp4fzhs4xzb34s9hesjnq4tcafzos60a7lca2ng2uih0g92w0yz7v9e8gorrh4ajdyeo1i9xikr6s2kzwlwdqwgcq5dwsr9v7xw0ik4flbch:latest/test_predictions.table.json", "path": "media/table/test_predictions_211_c094a7d475c2c1745eb3.table.json", "ncols": 8, "nrows": 168}, "test-metrics": {"_type": "table-file", "sha256": "fd03981642d84c3f0e58892dab913e5889fed047baf985278ec9979802ed444a", "size": 212, "artifact_path": "wandb-client-artifact://vwz9gmrn1h563sh6qq6ytq1ro2lnkvgh5gqd3kl9qcdzc2r02pd72ayjym80fg8tipwossturo5hvocsqvwzh964aasmjecf5zcqe6hchqzyvaru66actvm42epfaoo5/test-metrics.table.json", "_latest_artifact_path": "wandb-client-artifact://v15mk1bqgm49nvqweiif6bgdj54pbwgche04jimjf8cd3zk4dfx0rk0s65if8qqlnfbjw41r9jzsi8j6gimat8kwup3r7ikqzn6tst7o6hl5g7dfsk4t5mc4418samw9:latest/test-metrics.table.json", "path": "media/table/test-metrics_212_fd03981642d84c3f0e58.table.json", "ncols": 5, "nrows": 1}, "test_connective_metrics": {"_type": "table-file", "sha256": "7834531fb1833b904a3419512b2dd6c1b53e9359aa608e805c7a826bab52a67d", "size": 438, "artifact_path": "wandb-client-artifact://49h68y67e0exlxqt17aqzebfqmo9jf7z1ypansrmulpm6uf8bzg7t7ql5xyvpiayatv5f40i12un91ejdb4mwdqgshhnw19yjvh8t5o6vv9mq0q4kw8okl47g2he5wnt/test_connective_metrics.table.json", "_latest_artifact_path": "wandb-client-artifact://slm3jlsk31s13a1c2fx2xo8tif5sdnf6lepl8efvvywa5jw5pk9gwdgjmhe9mktmtlyqujd1ymqzmiqzrow3pgh915n6zhs2cil6tp0irz145at4ljn1hezgnmgexrjx:latest/test_connective_metrics.table.json", "path": "media/table/test_connective_metrics_213_7834531fb1833b904a34.table.json", "ncols": 6, "nrows": 3}, "Exclude_counts": {"_type": "table-file", "sha256": "25a1c51bc7d78f8f0c485181ff588729b74bed10d613faf3814f153d95fa71a3", "size": 90, "artifact_path": "wandb-client-artifact://ze9d3t7j1a2wwv3rg69uri08rq4bwtad20l2z3t419nmpuqzxk5bxp4bfygza2abrb9upsvxqbm7zlr8b8xwtuqtucdj2mkyk4u004clvxj1b4jgnd5v7wf2msz81guc/Exclude_counts.table.json", "_latest_artifact_path": "wandb-client-artifact://lfjlpftkx7s8hd16qku52mz7e8gfvidjz44scnyn6nr300oqogjm37jyfbjdozflrppzh2pt8wpffi3ctoia8f52s1a62143dz8614qqvosjdxqyas4sl9nyskfb0cfl:latest/Exclude_counts.table.json", "path": "media/table/Exclude_counts_214_25a1c51bc7d78f8f0c48.table.json", "ncols": 2, "nrows": 1}, "_wandb": {"runtime": 732}}