{"train/loss": 0.0003, "train/grad_norm": 0.02485898695886135, "train/learning_rate": 2.971175166297118e-05, "train/epoch": 14.0, "train/global_step": 2338, "_timestamp": 1742976624.2071662, "_runtime": 1006.4683361053467, "_step": 297, "test/loss": 1.9915539026260376, "test/accuracy": 0.7559523809523809, "test/precision": 0.6126392623895505, "test/recall": 0.524161722698308, "test/f1": 0.5233486943164363, "test/runtime": 1.8706, "test/samples_per_second": 89.809, "test/steps_per_second": 11.226, "epoch": 14.0, "train/f1": 0.9962103761807655, "train/accuracy": 0.9977528089887641, "train/precision": 0.9938300505464686, "train/recall": 0.9986833672105331, "val/f1": 0.6616806722689075, "val/accuracy": 0.8562874251497006, "val/precision": 0.6837890179995443, "val/recall": 0.6950000000000001, "val/loss": 0.9970637559890747, "eval/loss": 0.9669076204299927, "eval/accuracy": 0.8622754491017964, "eval/precision": 0.8140039985459833, "eval/recall": 0.7245833333333334, "eval/f1": 0.7014957778947104, "eval/runtime": 1.8622, "eval/samples_per_second": 89.679, "eval/steps_per_second": 11.277, "train_runtime": 999.0931, "train_samples_per_second": 40.086, "train_steps_per_second": 5.015, "total_flos": 4917678082652160.0, "train_loss": 0.17813575107289975, "label_metrics": {"_type": "table-file", "sha256": "e08ed4c40993039f17ae210f9d4940f0c31dcd5f84380f68ee08d7ade87e7a81", "size": 566, "artifact_path": "wandb-client-artifact://chw6ttmwvpzwj4d44yo9zind10z09febhmmrrqde5c34ta9ewmqn4ym6fspeem1lk10jq1pac50q6ns6bql46vqef5ymsvysyknjwfpz7qcjbx6fl51jd637o2z50bn1/label_metrics.table.json", "_latest_artifact_path": "wandb-client-artifact://576hwwm8wad0age05mv9pr01ixzkbgdlaowhqylk7w999fmvxk4or62887f43eva61jdeuut99t6dkkqpxnh3xf0t26rmf9zs4jg74yhi44dhixwpgt8d0ha1h21l6fs:latest/label_metrics.table.json", "path": "media/table/label_metrics_292_e08ed4c40993039f17ae.table.json", "ncols": 6, "nrows": 5}, "test_predictions": {"_type": "table-file", "sha256": "3efbf162fc57bfadf238d1c6b57fb0a3c09fa87c7568612356e2d61270d48331", "size": 53544, "artifact_path": "wandb-client-artifact://nrxxmha68ljvtudf3tbpw5ajb5z6e703ulusrbd1nkofkly24oql2hc89mktq6hkiqow60j3to17febrpgoff81wnrm944f8uicqyeullf40io15rabffmwfm5qdpkwg/test_predictions.table.json", "_latest_artifact_path": "wandb-client-artifact://2lg3c6spvd61w6b9e2u3i3t7i5kec9qnt0tu163xomwjkotyb5o9lmudmz2825epstlnp9kislm0oal4cw3az1rmdf2dga6qezp2x97rsrgkemculsv81zf3mqfcwl9y:latest/test_predictions.table.json", "path": "media/table/test_predictions_293_3efbf162fc57bfadf238.table.json", "ncols": 8, "nrows": 168}, "test-metrics": {"_type": "table-file", "sha256": "7fa447cb09503a69de0c7481f14b7ee4ca542dcf28a73a8cb8eb69c238368bf3", "size": 194, "artifact_path": "wandb-client-artifact://4kijy1vnl6g1m5ezgkvsay0oi4kizn87kt7ijgxr6f7hx77bg3v6i4qae0pbxahetsv67my643uligndaxlp4c0m6lya3u0cthp8t8061xpcfi1nmrrkuu0pt4afqhdm/test-metrics.table.json", "_latest_artifact_path": "wandb-client-artifact://digl1uc3o41w1a29bwb2j29dapgyabq2lkmnpocx6ookceyd22d0mxjj80lmag50p20mg5butchqgk5iks3dri77my31ofg2g9wqtoyiw1miuyxqk3gzzqaf1fluuq7v:latest/test-metrics.table.json", "path": "media/table/test-metrics_294_7fa447cb09503a69de0c.table.json", "ncols": 5, "nrows": 1}, "test_connective_metrics": {"_type": "table-file", "sha256": "f9caeb1982ab810de5e08be78b6d0c50114dce6c8d8e346b9113cd8d56b53244", "size": 408, "artifact_path": "wandb-client-artifact://klr9wbberg8bglqnrnsfdiuo9c9ygrzgyk89f82xr0npzmbxf1kzmvru5whxaqcsoeskikrmxxcw8ovxl7xd1uvusin2aymdv9js16fl41uk7m8acocxpplywzvnwm69/test_connective_metrics.table.json", "_latest_artifact_path": "wandb-client-artifact://de95nv20ver1b382lp153r51dhjx15h8s47y8vpocg8nnoabzk31jjare6ulz8y1l4znx4uwkl8n17xmq1ki238k1saehald5nyrtjyip4lr94pbw2rgdim8cnvzefem:latest/test_connective_metrics.table.json", "path": "media/table/test_connective_metrics_295_f9caeb1982ab810de5e0.table.json", "ncols": 6, "nrows": 3}, "Exclude_counts": {"_type": "table-file", "sha256": "14b17048af7d70db18371f6d087e4493b63d0c540484cbe27bc06c81be6115b0", "size": 74, "artifact_path": "wandb-client-artifact://cmocmga83s50dj15iy0f0r1welwn883g2p1xr5rsrf63pdzpl2tp5iujpfd37tfgn76mojml7d9n6bljujzql8f44l2vvagfa8zc3cw8fveto8co0ri6z4b5oklvay3q/Exclude_counts.table.json", "_latest_artifact_path": "wandb-client-artifact://djh19fk1170b5orh7156vndl4pqpdhchh9ttirlbpf6gwfbs006eggs4u7b11oiezl4pazpb97r2fwk2hclrzz8p6xwn40mtvvshfb8taottahgbbtxqaumr834pl5bl:latest/Exclude_counts.table.json", "path": "media/table/Exclude_counts_296_14b17048af7d70db1837.table.json", "ncols": 2, "nrows": 1}, "_wandb": {"runtime": 1014}}