{"train/loss": 0.0005, "train/grad_norm": 0.007090457249432802, "train/learning_rate": 3.7028824833702884e-05, "train/epoch": 10.0, "train/global_step": 1670, "_timestamp": 1736734767.57255, "_runtime": 731.3037450313568, "_step": 214, "test/loss": 0.8344700336456299, "test/accuracy": 0.8511904761904762, "test/precision": 0.8633825944170772, "test/recall": 0.7967897165458142, "test/f1": 0.8098415062227422, "test/runtime": 1.8799, "test/samples_per_second": 89.368, "test/steps_per_second": 11.171, "epoch": 10.0, "train/f1": 0.9765562252230187, "train/accuracy": 0.9917602996254682, "train/precision": 0.9656526889362711, "train/recall": 0.9889351048885192, "val/f1": 0.7352907128423045, "val/accuracy": 0.8982035928143712, "val/precision": 0.7777111353447231, "val/recall": 0.7150000000000001, "val/loss": 0.757780909538269, "eval/loss": 0.5757787823677063, "eval/accuracy": 0.8982035928143712, "eval/precision": 0.868421052631579, "eval/recall": 0.8358333333333334, "eval/f1": 0.837414001173592, "eval/runtime": 1.8638, "eval/samples_per_second": 89.601, "eval/steps_per_second": 11.267, "train_runtime": 723.741, "train_samples_per_second": 55.337, "train_steps_per_second": 6.922, "total_flos": 3512627201894400.0, "train_loss": 0.26778632957811754, "label_metrics": {"_type": "table-file", "sha256": "bbae904545468b5416dc76aeb9bbf696970b9580644ef6f9ecfcc23f654b2781", "size": 612, "artifact_path": "wandb-client-artifact://cne8xyc7o0wbpxysoe76tt6yj0lv5uy2r2tl3tnkz0ziz5kfvubrhdczi4yaxat3wkukhry4t2gaxtk34nnn4lalndimgmv5x9tptckfwyaainsmh7j5f23pfn8w4tn0/label_metrics.table.json", "_latest_artifact_path": "wandb-client-artifact://98wzwtojii6z00mcbbngo98hmjew5eubkmmaw5erdwt8kvsksdegbo4iwzuu1hyq2285oyqw1g4f77ekuu4pnssn1y3gak9kglv37s53bmc3sww62bntqwkci9hb3aob:latest/label_metrics.table.json", "path": "media/table/label_metrics_210_bbae904545468b5416dc.table.json", "ncols": 6, "nrows": 5}, "test_predictions": {"_type": "table-file", "sha256": "a1baec327b9a4d2b4024ff3d53b30317137c6eee0a8477152da0ea59f52b24a2", "size": 90903, "artifact_path": "wandb-client-artifact://izk6ng7l0rkpt03fhhlkf5vrp31orve5dvnjdcfbqyi61kz5shmog8r353p32s4fde2prbngseansikncmmu0rocacrdm9g06chpsff1m7r1ervpqfpo4tebmcq40tl3/test_predictions.table.json", "_latest_artifact_path": "wandb-client-artifact://h57m7wtdxtcszsq4ft9pgcamgpp7srrz9h660xqulvkyyrmxe9tadwso6yg15a5nngcqjjisqlcc5jfq1t3nphu6m1a1i6roo4vwzml0ubemk05vm6ofa3gt8mta3y1o:latest/test_predictions.table.json", "path": "media/table/test_predictions_211_a1baec327b9a4d2b4024.table.json", "ncols": 8, "nrows": 168}, "test-metrics": {"_type": "table-file", "sha256": "00c5e8834e5c339c388e56e7a32ecb4429a8cdb727f30f729176ef0081732879", "size": 196, "artifact_path": "wandb-client-artifact://g0u4j0wcf9jkmzf5q7tmu56clq8ykorpey6k0dputi7c6uxpuy5juvi82x0irwuzageirikg6ra6xow1udxq2b24a7yjizloh40uqhq1yns9p6dcn82xbh6m9ykb55gi/test-metrics.table.json", "_latest_artifact_path": "wandb-client-artifact://qfyxsv5pwhx5jsh5fnyah18rec9zk718r950n0moe44dgbizn3wdotti0slnc1bbahplfzj5jfq8si3ryg48m2tk66nuesxj7t5wacpnmssmr6gqv43ejgiaqs6jncc5:latest/test-metrics.table.json", "path": "media/table/test-metrics_212_00c5e8834e5c339c388e.table.json", "ncols": 5, "nrows": 1}, "test_connective_metrics": {"_type": "table-file", "sha256": "2eec34189460ffe3871b0e09d7f42cd8d4d5be78066e2a4bb952db1582177ef4", "size": 421, "artifact_path": "wandb-client-artifact://j8935vkum2kyww5owciauo22lhzoq7cxao7osw3sx338bpjwo8h8gp58ia4eju1wg9er4ialkpi2li8fs5mr0way2b6w4h59ria1axsarhsj5llqbqu2j5kngoyfqs1j/test_connective_metrics.table.json", "_latest_artifact_path": "wandb-client-artifact://kadqo3b0b6qlrnymkfy8l2f4jj7tyvjjao4vk8vxvzm51gjmjz4ysyq47jloewrt9fuz8c4kf3jxkd4e0tyet2qazjlx67cyw3tha237wgvp3rcomtqgwzpnhbyi526j:latest/test_connective_metrics.table.json", "path": "media/table/test_connective_metrics_213_2eec34189460ffe3871b.table.json", "ncols": 6, "nrows": 3}, "Exclude_counts": {"_type": "table-file", "sha256": "1b351f34479cdfe9bb187a7d7913779d5623e98ab90b705bfa6a94767059f967", "size": 72, "artifact_path": "wandb-client-artifact://f5hbchbsoxydw4v0mx2vwtdmhaf0bmsjw5rm3zxtehc1hrbsxr5h5zt3akzbripspzvfcb399edes8igbjiyqn5f2b0pz99l4rxf1xsljmzy9xis40rndvcgrlf01nyu/Exclude_counts.table.json", "_latest_artifact_path": "wandb-client-artifact://vy0hik96uay6r713zkby0cbj67p5cv0neku6rdeh9wp2rg08s42gpbechwfiazmf61am7qp5lvlwg5foy99rxgrosviovsdld5tbrcqrcz30e2vuu117klhg6m5emyow:latest/Exclude_counts.table.json", "path": "media/table/Exclude_counts_214_1b351f34479cdfe9bb18.table.json", "ncols": 2, "nrows": 1}, "_wandb": {"runtime": 739}}