{"train/loss": 0.0003, "train/grad_norm": 0.009305406361818314, "train/learning_rate": 2.4168514412416855e-05, "train/epoch": 17.0, "train/global_step": 2839, "_timestamp": 1739781723.892705, "_runtime": 2584.958615064621, "_step": 359, "test/loss": 1.2378356456756592, "test/accuracy": 0.8452380952380952, "test/precision": 0.7819000786782062, "test/recall": 0.6665458141067897, "test/f1": 0.7012820512820512, "test/runtime": 4.4321, "test/samples_per_second": 37.906, "test/steps_per_second": 4.738, "epoch": 17.0, "train/f1": 0.977816451678214, "train/accuracy": 0.9940074906367041, "train/precision": 0.9897162479667451, "train/recall": 0.9678541505556282, "val/f1": 0.6213236167341429, "val/accuracy": 0.874251497005988, "val/precision": 0.7462412587412588, "val/recall": 0.7029166666666666, "val/loss": 1.0766104459762573, "eval/loss": 0.8777613043785095, "eval/accuracy": 0.8982035928143712, "eval/precision": 0.8776842948717949, "eval/recall": 0.7595833333333333, "eval/f1": 0.800203930292918, "eval/runtime": 4.4035, "eval/samples_per_second": 37.924, "eval/steps_per_second": 4.769, "train_runtime": 2572.0238, "train_samples_per_second": 15.571, "train_steps_per_second": 1.948, "total_flos": 5971573331665920.0, "train_loss": 0.20883369942101565, "label_metrics": {"_type": "table-file", "sha256": "444525007f064b1375eee7688ec8e38b3e103291f6f242686ccdcd66338c8ff4", "size": 619, "artifact_path": "wandb-client-artifact://xz3mjxnuze2vmezr7mpv5mkhu82sbo733n7g7022t77b2z6pzz27q8g3hcnpmio1l18fwtnrpjx0qx6gg0d8ab4006m2csv9z0zun6f2g7hoewz2y4cl549z8kooqm7r/label_metrics.table.json", "_latest_artifact_path": "wandb-client-artifact://cndmawvelw2m3sg2mgyt672k126ltuhs9pfnevc47ufjoot2q556zqospxoyzrfmb91vpa2z7xawc6kdu7eydyrtnwueqwxvaxpklwjlkwrog66wimmft5jflk8cahwe:latest/label_metrics.table.json", "path": "media/table/label_metrics_354_444525007f064b1375ee.table.json", "ncols": 6, "nrows": 5}, "test_predictions": {"_type": "table-file", "sha256": "cf034c063afe5b19498dd0b9d555b3a87d17b359cf3469a52202208d453b36f3", "size": 90417, "artifact_path": "wandb-client-artifact://v4crdo2s9t5qrlxi9wzybavw1sd4b30ust3we7cmj0jf0wj03vhftexakvelvr76hdvqlcc2k1i1j1wp39yrq1ats7wph1rfxlhlsyarkim7kapepq6g8b7xpddwwxes/test_predictions.table.json", "_latest_artifact_path": "wandb-client-artifact://gl8v9a20q7mjlprlq6fbchsaz9ag2n8prodybfkk2oqb93ly6ooy4hhhpa37e3f30xikrgnvuv4x1qgghpcmendtns18j46ra2rixkqfapzz4vbu5u9nkias46chk04a:latest/test_predictions.table.json", "path": "media/table/test_predictions_355_cf034c063afe5b19498d.table.json", "ncols": 8, "nrows": 168}, "test-metrics": {"_type": "table-file", "sha256": "bafe99c22e2077a88d9ad155b333e314370cb6d37468438957d3e19261c9f666", "size": 194, "artifact_path": "wandb-client-artifact://9054lhvuq5y0mudcygv4salv2r1z7daulr9etb41nltl9t3ygfk6jcfllxjgkpg7mifw9pi7e7jg6e4kozv6yuoxx7gifxjndkxwsu4k31a8gw96l24w82i1lak8hbup/test-metrics.table.json", "_latest_artifact_path": "wandb-client-artifact://d4sr13cc5pj6532vw92j19kjqwr8ogjmmgylf5zptgpj9mq3v2mag2px4cxe4paw7hvg9amhs1fi3kq5trf2sd25379q9dwiw9i6tq5d2dqwbzwndsj3dogd5vnwu4yd:latest/test-metrics.table.json", "path": "media/table/test-metrics_356_bafe99c22e2077a88d9a.table.json", "ncols": 5, "nrows": 1}, "test_connective_metrics": {"_type": "table-file", "sha256": "d6d9513e61720d5d77b2aa646ab9061d21a68dbd0416fda2371744191e2005dc", "size": 365, "artifact_path": "wandb-client-artifact://zodbs8y5we6h9kvxnhzljrnxto1ng8cb25ofkfgu9hq2jvxi34rc9sug5z4lhgpwo0mu0krepchg1mw89h0ipcul6rx9fk1hj6mfwysd4pq80kmo90vwi9jp3v0d4nfx/test_connective_metrics.table.json", "_latest_artifact_path": "wandb-client-artifact://glapnzy58wmmbpzqevq1r44emn238njbpkhbf9e04iaupaxl3y3uarh61o050pmlhcos27i7wvibelwlvfessoignanyoki14j9du9vv0k9agibp9v81y2zkobzamunx:latest/test_connective_metrics.table.json", "path": "media/table/test_connective_metrics_357_d6d9513e61720d5d77b2.table.json", "ncols": 6, "nrows": 3}, "Exclude_counts": {"_type": "table-file", "sha256": "082fcc874914d75958d68e780085931cf5c17034575e8b060f4acd16accf2d9e", "size": 71, "artifact_path": "wandb-client-artifact://oscm3q0sr06jl22zjmxzdg0mt2xtw3nexfrqxuzpyugofwkr0ckf6hsyeqxwa6bh700zbfkb3npz71skgq1eg1z4w7rurk5msguslbzkk58z0of2lkzjui482zahg6wv/Exclude_counts.table.json", "_latest_artifact_path": "wandb-client-artifact://ckphbyhqnu10sv7y1y23dvz0logbsimcxp7ht989nsulsasrlv3p4l4laguwj0zmcnue9lgyobqk1b9fb6rm765rocxomug03vk10dx15k5ysx9bh1fcku29zk37g39i:latest/Exclude_counts.table.json", "path": "media/table/Exclude_counts_358_082fcc874914d75958d6.table.json", "ncols": 2, "nrows": 1}, "_wandb": {"runtime": 2593}}