{"train/loss": 0.0307, "train/grad_norm": 0.006311098579317331, "train/learning_rate": 3.8913525498891355e-05, "train/epoch": 9.0, "train/global_step": 1503, "_timestamp": 1736753301.7750669, "_runtime": 653.6356649398804, "_step": 193, "test/loss": 1.1621335744857788, "test/accuracy": 0.7916666666666666, "test/precision": 0.6976151121605667, "test/recall": 0.654704460558119, "test/f1": 0.6367664851784633, "test/runtime": 1.8796, "test/samples_per_second": 89.383, "test/steps_per_second": 11.173, "epoch": 9.0, "train/f1": 0.9792820766080282, "train/accuracy": 0.9940074906367041, "train/precision": 0.9710939311536922, "train/recall": 0.9888100761879809, "val/f1": 0.5918686868686869, "val/accuracy": 0.8023952095808383, "val/precision": 0.8020390070921986, "val/recall": 0.5870833333333334, "val/loss": 1.429073691368103, "eval/loss": 1.036771535873413, "eval/accuracy": 0.8143712574850299, "eval/precision": 0.7115873015873015, "eval/recall": 0.6775, "eval/f1": 0.6845984097203609, "eval/runtime": 1.8661, "eval/samples_per_second": 89.49, "eval/steps_per_second": 11.253, "train_runtime": 646.1274, "train_samples_per_second": 61.985, "train_steps_per_second": 7.754, "total_flos": 3161364481704960.0, "train_loss": 0.30011668278252013, "label_metrics": {"_type": "table-file", "sha256": "cf4fe86a58b4c6b79a8a7bdfa407bbf5439c6e9b2e091209a3fcf39b9f43308e", "size": 618, "artifact_path": "wandb-client-artifact://fwz3116fiv0wj5vwcriexau7qzfej1anira7dszdq8u4sieukqoyznx162f2kor0iv0vlzjaq8tftb4hnuu6ohbzmfxzttmbittw6814jxqw2osytkl6p09uq65bchl5/label_metrics.table.json", "_latest_artifact_path": "wandb-client-artifact://9u3p9rwyts5z58rwu3y5ysnco86b57hlgdz6zf7l3fo9zernemii6wzusidgxxylzeoxlyj5bhlvk1wk05uq0v4e8x0ftv8pg4orpx71my9gjuazh2vop6hb1dzgff4y:latest/label_metrics.table.json", "path": "media/table/label_metrics_189_cf4fe86a58b4c6b79a8a.table.json", "ncols": 6, "nrows": 5}, "test_predictions": {"_type": "table-file", "sha256": "52dcaeb2abf1af335ec4406db1d2753017479b77d29966c1591789e308753b14", "size": 75010, "artifact_path": "wandb-client-artifact://jhhm6p19ksy5hfpmn6sxqcu9paphakls3ds11ow8vmfyu89yy9kif9jkgywpw75yvpp3rvfhdu2021wpiu1i3oquznzwkquiot5nyvn9v9ai1g5kbpft55flc2eb3nnu/test_predictions.table.json", "_latest_artifact_path": "wandb-client-artifact://921gng0be8i0of6rucuonbsv4z5r62apbws4j0xasccfpnmarrj8z41u9bdxwduccxmpt7fqq44nirh35h7vzidvutaeup47xphga70chk07x48csui2zd39uos20bhi:latest/test_predictions.table.json", "path": "media/table/test_predictions_190_52dcaeb2abf1af335ec4.table.json", "ncols": 8, "nrows": 168}, "test-metrics": {"_type": "table-file", "sha256": "9eaa54d812870b79aff3bf25a409e16cbcdb851f51d7ed492c61b2c226e91ccd", "size": 199, "artifact_path": "wandb-client-artifact://xzyi4j8da36n85kxo49lny32huiyt77tmer9v9oib58vyp20lbmpjh6bzwcv0loh7u0ylwo62jd2xpjs1zbbwk41yv6358677m6kam3o6in2d9g6n0noeq90ufl6lj24/test-metrics.table.json", "_latest_artifact_path": "wandb-client-artifact://vr6oanyixnw9p386tja759of3s6a840uifsrp45wwk2c813m3gn2ku7jjj2kgq6a8t10e4ddxzkzzifwm1nyquusmrpxrc77uo7kzhxjjnwxpfq1tx8huncgy9zakbg4:latest/test-metrics.table.json", "path": "media/table/test-metrics_191_9eaa54d812870b79aff3.table.json", "ncols": 5, "nrows": 1}, "test_connective_metrics": {"_type": "table-file", "sha256": "d397de6ee0ff093894bd9d912825c4cec32cb1e9b4a7890db70bac3a05674445", "size": 436, "artifact_path": "wandb-client-artifact://z1onxe1s07ak265ej19hvbcw32lqr12oswq007092u304bvdkcaprqr20h8sjzkc0nv3rq8kgiaq3f3nyv4p9g3pr10zczyfjc5aehl3i6nr6q26b17un9969iaer6zj/test_connective_metrics.table.json", "_latest_artifact_path": "wandb-client-artifact://o164608zrvuvawdlenndg4ut9kz8sws5078ncmqcwczfd8hcrhnc6qbr348g41uoryayuc0edfxo1d8q03ptzb9qb0ekv00bip606tnzhgo0ywiuita7k7ivdl8f57k4:latest/test_connective_metrics.table.json", "path": "media/table/test_connective_metrics_192_d397de6ee0ff093894bd.table.json", "ncols": 6, "nrows": 3}, "Exclude_counts": {"_type": "table-file", "sha256": "e1c9680c5dbf27c108a9c47e201f13cfb20008c24fc3198b33ecbe61bb69d2a1", "size": 79, "artifact_path": "wandb-client-artifact://i0iu4thzdiljtvfazuj4qn0ovlzf6dr73cksscb09xwux3mr5fdayx2z8f2pfgyz7dze0998v44qdir0o13g3msnm5plsurqyyndq2xrsibo4rgvenu9qeuj0h9aee41/Exclude_counts.table.json", "_latest_artifact_path": "wandb-client-artifact://ooch6e70pzipjatvp75314d1jydzo8l3xyhg7w0wy3oxdyeyrmyvr3wndtcbrauct9fwhykvico45ns0bt4c0cg2vsl8sqe7x6sdudc8cibp2y83hmjfm3yplm2cdnmq:latest/Exclude_counts.table.json", "path": "media/table/Exclude_counts_193_e1c9680c5dbf27c108a9.table.json", "ncols": 2, "nrows": 1}, "_wandb": {"runtime": 661}}