{"train/loss": 0.0009, "train/grad_norm": 0.02095763199031353, "train/learning_rate": 3.337028824833703e-05, "train/epoch": 12.0, "train/global_step": 2004, "_timestamp": 1743006192.1162496, "_runtime": 862.1854856014252, "_step": 256, "test/loss": 1.3854138851165771, "test/accuracy": 0.75, "test/precision": 0.6661305147058824, "test/recall": 0.37622280817402765, "test/f1": 0.3993779637377964, "test/runtime": 1.8763, "test/samples_per_second": 89.537, "test/steps_per_second": 11.192, "epoch": 12.0, "train/f1": 0.9600099302961738, "train/accuracy": 0.9932584269662922, "train/precision": 0.9928071364046975, "train/recall": 0.9344473730228826, "val/f1": 0.5604769814902705, "val/accuracy": 0.8203592814371258, "val/precision": 0.7174712276214834, "val/recall": 0.5720833333333333, "val/loss": 1.111372947692871, "eval/loss": 1.1580615043640137, "eval/accuracy": 0.8143712574850299, "eval/precision": 0.8197328349944629, "eval/recall": 0.58875, "eval/f1": 0.6149196787148595, "eval/runtime": 1.8669, "eval/samples_per_second": 89.453, "eval/steps_per_second": 11.249, "train_runtime": 854.699, "train_samples_per_second": 46.859, "train_steps_per_second": 5.862, "total_flos": 4215152642273280.0, "train_loss": 0.34341378967503566, "label_metrics": {"_type": "table-file", "sha256": "a35e016babd7c475721374a0f9f1817482f033d195f1b1de64f9d9737a7c475c", "size": 577, "artifact_path": "wandb-client-artifact://wy98rltqffvj9bj83v7ccdxgubkyirxj4bfuah4ee5k1nyq00ob2vzinxvhonyq4h9kpz22f7hvw7ifr2iljl0i2tcmrzj3jf4j6q0fge3cfq4pkpxhsdbqor9buiofy/label_metrics.table.json", "_latest_artifact_path": "wandb-client-artifact://qtis3mvsauxtb30oolghd2482oyoa51ymyimj0ewz9gv47lwmj1kmqu2q79se91udpjqkervqefe5euge4jmpw3uokynt89fjkjrc8jof95l8q4t7zy46zvl06j5u6eu:latest/label_metrics.table.json", "path": "media/table/label_metrics_251_a35e016babd7c4757213.table.json", "ncols": 6, "nrows": 5}, "test_predictions": {"_type": "table-file", "sha256": "9512cb2def7fd3da8aae96aed5cddef93d7c57173df81bbe4ea758cda0d36f3a", "size": 53111, "artifact_path": "wandb-client-artifact://pir06wu772lay3vt4c9aux9drgx4qbb2p0sjsykihttriiuhrubkqrv0egjbeufi1x6hmu4a7mca1z5e4hqljf72fc3os8vx5qkvwirbn3llfh7h7wui1ty3sha6pg0e/test_predictions.table.json", "_latest_artifact_path": "wandb-client-artifact://ofzxzwveonh3gnbtq95qveja81d22lbcx3sc6vj21tad8avsod1a49x40mwnbvyluksd1mt29jrvlhz22tuvwh3k9mhv2b3x8o7xsu6pcedg6bt0bx6jnqmvxt4qi1p4:latest/test_predictions.table.json", "path": "media/table/test_predictions_252_9512cb2def7fd3da8aae.table.json", "ncols": 8, "nrows": 168}, "test-metrics": {"_type": "table-file", "sha256": "db3bfda052677a11f92da4d7b83cbebc158997013c88e22280e4eaecc0879f69", "size": 192, "artifact_path": "wandb-client-artifact://fpkhd3b6qme8cix9du2457xwg58or7tgy2hirtuf2qzrfzc5gcn2nh2f2om1po5s1mytaltp5wri71mi5biqhjl9isz9rts0hi6jb0cp07f7z4lk3k79o0r08ehursdi/test-metrics.table.json", "_latest_artifact_path": "wandb-client-artifact://bawnp49ibjq5qfs602gjsp5k7vhofn0r67536ij5xagx1xs35k1fq5oail50aepdqtqittrmafm06wm509259z1wqexkwmvta3uyvnd1r9uxw52yirhdjkp7us8de78v:latest/test-metrics.table.json", "path": "media/table/test-metrics_253_db3bfda052677a11f92d.table.json", "ncols": 5, "nrows": 1}, "test_connective_metrics": {"_type": "table-file", "sha256": "c70f3d45191c244949c9ec61dbef4d615ddb8cc632e8c6f529e16f12c5f5a1a7", "size": 429, "artifact_path": "wandb-client-artifact://7w3gw30apo44pgv3comapi4w25hiixvfsvpupjgudaz234l0q2nr2vpntx0hcgxagvmt4lw7kvkd1wjwmsf94r3u1vqw3mnl5aq9m43wwijltorn52wn4afx4tdqppmj/test_connective_metrics.table.json", "_latest_artifact_path": "wandb-client-artifact://e1qpntjb40xgu2zqjjuxooe8qdy62k1ychxd8pf61ftm1jnon3rxvspx86ekfolw7wo4thzdq0djamw2v4o9ysce9rj5h0fe2jjn8gzt7hppwmewlb5eu3sxozp5eesj:latest/test_connective_metrics.table.json", "path": "media/table/test_connective_metrics_254_c70f3d45191c244949c9.table.json", "ncols": 6, "nrows": 3}, "Exclude_counts": {"_type": "table-file", "sha256": "e0904507c7a3e3f62f0831416757fbded3c24349ee8ce39d59ff399ee82bffe7", "size": 84, "artifact_path": "wandb-client-artifact://yh9ig47l72ppxdsniyosfujjgvk17nllrleaaju82d25dmedneu01xpqpaju9ps7wvcww4tdeqadsxqzuyzi1vih6iw2qp9k9stb2ziju4p3zn1bwcclqnkuaj2i90vi/Exclude_counts.table.json", "_latest_artifact_path": "wandb-client-artifact://7us7j37gu7ckf6pa82a27k2yq2ua9jgraxvkwsuwkx1geqp86p2vfx9r7x77io5r04iqb7j5hyti285gccnin0v5usv0gtw4oqhczs4ihekypei4oe8qg38h9gnr5tdm:latest/Exclude_counts.table.json", "path": "media/table/Exclude_counts_255_e0904507c7a3e3f62f08.table.json", "ncols": 2, "nrows": 1}, "_wandb": {"runtime": 870}}