{"train/loss": 0.0483, "train/grad_norm": 0.018596282228827477, "train/learning_rate": 3.7028824833702884e-05, "train/epoch": 10.0, "train/global_step": 1670, "_timestamp": 1739979317.5414586, "_runtime": 1538.383409500122, "_step": 215, "test/loss": 0.9794550538063049, "test/accuracy": 0.8452380952380952, "test/precision": 0.7623168498168499, "test/recall": 0.5991100856954515, "test/f1": 0.5922043010752688, "test/runtime": 4.4328, "test/samples_per_second": 37.9, "test/steps_per_second": 4.737, "epoch": 10.0, "train/f1": 0.7810137646608106, "train/accuracy": 0.9880149812734083, "train/precision": 0.9716159268813378, "train/recall": 0.7849656026187367, "val/f1": 0.5969532428355958, "val/accuracy": 0.844311377245509, "val/precision": 0.7652777777777777, "val/recall": 0.5970833333333333, "val/loss": 1.0517412424087524, "eval/loss": 1.0254099369049072, "eval/accuracy": 0.8023952095808383, "eval/precision": 0.7669642857142858, "eval/recall": 0.69625, "eval/f1": 0.6443797909407666, "eval/runtime": 4.4067, "eval/samples_per_second": 37.897, "eval/steps_per_second": 4.765, "train_runtime": 1525.6835, "train_samples_per_second": 26.251, "train_steps_per_second": 3.284, "total_flos": 3512690195097600.0, "train_loss": 0.33999453714106254, "label_metrics": {"_type": "table-file", "sha256": "2be89623c468e4b8c14cab5716fb2b13127533e93559d9ed126c874c86cb2dc0", "size": 622, "artifact_path": "wandb-client-artifact://6d0pyj2vvsle9gkn1gxoo9e1auop1otk24w2mswic6qugyztrpvyd8c6jhwgxq515npo2gpcw20zck2oux4oc0e5oec1svrcmg7s7s7qyaxdupdlucmwxari9vow72yj/label_metrics.table.json", "_latest_artifact_path": "wandb-client-artifact://85ebmn44yh3hz8sc675zklv1yepj1hb3ytcq6cgxm49na64ge8bg3qeozm8ckzx0huerpsynyvxku5n4c4s35lx4pvf6v0fhpkay3c3oyj41zpriysx43u05ksrdqmfr:latest/label_metrics.table.json", "path": "media/table/label_metrics_210_2be89623c468e4b8c14c.table.json", "ncols": 6, "nrows": 5}, "test_predictions": {"_type": "table-file", "sha256": "aa87985093363e2f76ba2a00c51d5f1e3479baac822afb15237ced280516b318", "size": 89218, "artifact_path": "wandb-client-artifact://sacnr36ay35389tcydidxgw9vi1glfr22y1yktj6pk4p9zkyxuwjnhr9ziuwgzqq5zf8enzq353pwf1i0y0jp4v91t05n7g3trz3hnt9u8yzbvisqmmei714o0hxepf7/test_predictions.table.json", "_latest_artifact_path": "wandb-client-artifact://tdw8yj43pyh7ydtrkp4ep70g10jokm3y0fc5g5cv1euew2klim0kncus9uq0g4hwrzsl7057d8j94wdz2yc3qrthdy6hcael8b6e6t6ur54u2jm65hl6wypfouygjgg2:latest/test_predictions.table.json", "path": "media/table/test_predictions_211_aa87985093363e2f76ba.table.json", "ncols": 8, "nrows": 168}, "test-metrics": {"_type": "table-file", "sha256": "b87a618e6a88487ecb482e0e923ca4ee3e6928bf8bbebc34335b2edd414c8116", "size": 203, "artifact_path": "wandb-client-artifact://yghqa9g784ehuvudstz52ac6ecqzb1kv6052coz8slqlpwyk0qerubyzndvq1732175gw8ukj28872uym58426s1s7t7se589di4elomuz4yk38w0yuvz7fig4esbv7k/test-metrics.table.json", "_latest_artifact_path": "wandb-client-artifact://ao45rpb9kdwhvxy7jp8nmwcbbwcqutv5fygd9v208isz9i32i2l3mqe2w63t22zp2e7t0ofu3hqorpnbt3911norf6np4p1fjthud7i7tlyxlchuy7nioftyeddzett0:latest/test-metrics.table.json", "path": "media/table/test-metrics_212_b87a618e6a88487ecb48.table.json", "ncols": 5, "nrows": 1}, "test_connective_metrics": {"_type": "table-file", "sha256": "cee37c7e761b16a1f5752fc4aaa65f09269e28d187fd0e562f6da46ec17a4626", "size": 424, "artifact_path": "wandb-client-artifact://on9vwcq3ujw05o1l17tdgnp7j0dm7ypi3n8vg144hozpcquqx83g3b03xej86g8z8y74eqr8nlqr0emm1wwcpcuf8ac0prr5055qzs1ffcx79jfil91zje08z9mfbr8a/test_connective_metrics.table.json", "_latest_artifact_path": "wandb-client-artifact://0m1xvesoa0cyh11abc8d76w3epyngwwdn6s70xztkfynnqks5q0aio6mm8zs0bgcrhebn8bryu9fblxcl022j84oei8k2br7ykldgabqc2pszpvbvks78bivex0a9i96:latest/test_connective_metrics.table.json", "path": "media/table/test_connective_metrics_213_cee37c7e761b16a1f575.table.json", "ncols": 6, "nrows": 3}, "Exclude_counts": {"_type": "table-file", "sha256": "547cae2440c483556c6bc9f26fe482e70b5ab8e6358db48cca1b14065bf1a37d", "size": 81, "artifact_path": "wandb-client-artifact://5oif0edag4vburmp7ccbk6stjgymxgn7jbfzg40iamkjyjttxczq8fmkeqli47mk3qkqdzsmrevwxf0d1jniavn1rc9obf4jw0ijjp02vygw7x1f4ev9iydddia9c1lx/Exclude_counts.table.json", "_latest_artifact_path": "wandb-client-artifact://pd2osu2udacjq351qfdqbgz80y9x2j5obpdox6p6hh9tvn0o5tluv9uuicvh5bn28thmbhlu4c0dqa24k4ta3y6m425r8r3hyd9y37xb65tk8ursu5a6jzvky4awkq49:latest/Exclude_counts.table.json", "path": "media/table/Exclude_counts_214_547cae2440c483556c6b.table.json", "ncols": 2, "nrows": 1}, "_wandb": {"runtime": 1547}}