{"train/loss": 0.0003, "train/grad_norm": 0.015316166914999485, "train/learning_rate": 3.7028824833702884e-05, "train/epoch": 10.0, "train/global_step": 1670, "_timestamp": 1736793080.280695, "_runtime": 723.3664770126343, "_step": 214, "test/loss": 0.8571730256080627, "test/accuracy": 0.8273809523809523, "test/precision": 0.6677777777777778, "test/recall": 0.6478202592836739, "test/f1": 0.6043290043290043, "test/runtime": 1.8818, "test/samples_per_second": 89.277, "test/steps_per_second": 11.16, "epoch": 10.0, "train/f1": 0.9775911498091971, "train/accuracy": 0.9940074906367041, "train/precision": 0.9984158415841584, "train/recall": 0.9587295426286252, "val/f1": 0.5775853018372704, "val/accuracy": 0.8562874251497006, "val/precision": 0.8725692963752666, "val/recall": 0.5304166666666668, "val/loss": 0.7474278211593628, "eval/loss": 0.5954908728599548, "eval/accuracy": 0.8922155688622755, "eval/precision": 0.7812408865558472, "eval/recall": 0.6658333333333333, "eval/f1": 0.6411472349867691, "eval/runtime": 1.8679, "eval/samples_per_second": 89.406, "eval/steps_per_second": 11.243, "train_runtime": 716.0394, "train_samples_per_second": 55.933, "train_steps_per_second": 6.997, "total_flos": 3512627201894400.0, "train_loss": 0.26181771773106033, "label_metrics": {"_type": "table-file", "sha256": "387221c069892d528cf4849a44f22e11f106798a9b6ea14657566065cd56c311", "size": 677, "artifact_path": "wandb-client-artifact://x6jelfefnvqwfug77dmmcll6eyf7add96hfx9ils54qppxsviks7lkyphm9326hixismuevg38h58o4r46m67d2ibmivowbuioevjt8yvglk055s0mpon1ziwptam45r/label_metrics.table.json", "_latest_artifact_path": "wandb-client-artifact://80qxg0yke2tz5bt6wjw8m9uvfm4kkw952nxqv72xcpgi456nmt516lvrr1bigb6xr008rafcwder6gd6j7xy226kvmit5vkx4wd3wm6k62140a0vzoxlzdxtw2tjvp1w:latest/label_metrics.table.json", "path": "media/table/label_metrics_210_387221c069892d528cf4.table.json", "ncols": 6, "nrows": 5}, "test_predictions": {"_type": "table-file", "sha256": "372b1d668dfe2c0e20b73a9b4c74e8c02df2258d0453dafd5a251fc4a9d3e3f8", "size": 87088, "artifact_path": "wandb-client-artifact://tvi235ud555tgvmudsl1nzpnkdx3qf6vbx7cbaw2gj4u57k9b9l165ykfqkcqegi3pmfslbp9f7ufsp0er0vl5bfa5wgt9zno7ennl33r0ubtncu2jd7tzzuplkgiwxt/test_predictions.table.json", "_latest_artifact_path": "wandb-client-artifact://a62kdx3jd74uq1xbjqlg8vlv9rlg28jk29bj6vxv9302rtmuy8ixcm2c86iehfb1h3dp3mv9vo1gbqw78teqxa2wfb1n4dpot1j9uas233dwzr8pf9msngutzsyq4i5u:latest/test_predictions.table.json", "path": "media/table/test_predictions_211_372b1d668dfe2c0e20b7.table.json", "ncols": 8, "nrows": 168}, "test-metrics": {"_type": "table-file", "sha256": "bec32fc1b710961ae196deefdad1035c7e02c61e7bdd2e62f555435347b465bb", "size": 203, "artifact_path": "wandb-client-artifact://4t30l7g5qzw421yuyjjk35ylvb8banwb20227gq9zshtb81nq0hlkz6ldv4narkmochr4fil8gi5lpcw31rq0hdwpz45pgl4xyuavr2qs155gahyi8dc416jelb5fp9t/test-metrics.table.json", "_latest_artifact_path": "wandb-client-artifact://9pz8xh2fhq5bqqnqlgdum1cxz3gf1xwt6i085shppx8mv8ol0t4azx13ae7hwysy91l9zp4p4hynmkhg9a57hnbauu2ryvh4q7nr3wod9re5cl18vavosictcmbnj5vl:latest/test-metrics.table.json", "path": "media/table/test-metrics_212_bec32fc1b710961ae196.table.json", "ncols": 5, "nrows": 1}, "test_connective_metrics": {"_type": "table-file", "sha256": "2d039618421f318f0150b2519aeda7f7bc1da1f251781614f15dc40661e54de8", "size": 437, "artifact_path": "wandb-client-artifact://x6xl7jmt5rz1jf9tih2i1eqhqcpj8axushm952dik7pnttqfn7edur0gxrtbicilpphpvbl72g18mm2jf15q7cpxqc8zd6m86rovol3ztobiyqb7n87ffj9zvxap4c8w/test_connective_metrics.table.json", "_latest_artifact_path": "wandb-client-artifact://timaebnqo9014hsoh5un7yhg8nkbhkc2ewix2fsuhgq481cn9oayn6x5pn7wql26j1blg9cqahaa7g2oolxpkpphkl07l5dk1a4ikyx5bc99q0qnhjp8sztdqwri6jy6:latest/test_connective_metrics.table.json", "path": "media/table/test_connective_metrics_213_2d039618421f318f0150.table.json", "ncols": 6, "nrows": 3}, "Exclude_counts": {"_type": "table-file", "sha256": "6b61ed8104e7789baa2a078cd4b3e82ab1d17bd9254552ac8bfb5d3efebbd3dd", "size": 81, "artifact_path": "wandb-client-artifact://ucphr73rrg87ytyzm7wyfmo0pmopzfaama8jkzdm1o6e0av4vhiku38kttvcwhjq79fct25yxaj1atz2bbzluqg8lrnuyhg12m15lw61jwiw7hut2yb3ycut0guyq8r6/Exclude_counts.table.json", "_latest_artifact_path": "wandb-client-artifact://zran1liv7vrf6igtrie3zd85809stuzxb1z0pkmmnd5487udiyxe3f23agl4nwzpc7kic2hmnyuhyonikprj1jidjvf943m1c8zjcr45e76kzf99agxa6bfghr1ciaas:latest/Exclude_counts.table.json", "path": "media/table/Exclude_counts_214_6b61ed8104e7789baa2a.table.json", "ncols": 2, "nrows": 1}, "_wandb": {"runtime": 731}}