{"epoch": 14, "valid/loss": 0.02875142004675494, "valid/accuracy": 0.844311377245509, "valid/precision": 0.7943464495703302, "valid/recall": 0.6079166666666667, "valid/f1": 0.6457459484231138, "_timestamp": 1714911390.6290536, "_runtime": 358.89976167678833, "_step": 46, "test/loss": 0.034550286474682036, "test/accuracy": 0.8214285714285714, "test/precision": 0.8458333333333332, "test/recall": 0.6667897165458141, "test/f1": 0.6924215609766133, "trains/loss": 1.0758586234870028e-05, "trains/accuracy": 0.9932584269662922, "trains/precision": 0.9747404299546811, "trains/recall": 0.9840481714260761, "trains/f1": 0.9786111461790004, "_wandb": {"runtime": 359}}