{"train/loss": 0.0002, "train/grad_norm": 0.009239602833986282, "train/learning_rate": 2.4168514412416855e-05, "train/epoch": 17.0, "train/global_step": 2839, "_timestamp": 1742992245.169315, "_runtime": 1230.9295191764832, "_step": 359, "test/loss": 1.1777215003967285, "test/accuracy": 0.8452380952380952, "test/precision": 0.7812, "test/recall": 0.6998659635245001, "test/f1": 0.7312730821619647, "test/runtime": 1.8829, "test/samples_per_second": 89.226, "test/steps_per_second": 11.153, "epoch": 17.0, "train/f1": 0.9775911498091971, "train/accuracy": 0.9940074906367041, "train/precision": 0.9984158415841584, "train/recall": 0.9587295426286252, "val/f1": 0.822951115930243, "val/accuracy": 0.8922155688622755, "val/precision": 0.8590277777777778, "val/recall": 0.8016666666666665, "val/loss": 0.7705901265144348, "eval/loss": 0.7021388411521912, "eval/accuracy": 0.9161676646706587, "eval/precision": 0.9221555797891675, "eval/recall": 0.8733333333333334, "eval/f1": 0.8834419733465062, "eval/runtime": 1.8821, "eval/samples_per_second": 88.732, "eval/steps_per_second": 11.158, "train_runtime": 1223.57, "train_samples_per_second": 32.732, "train_steps_per_second": 4.095, "total_flos": 5971466243220480.0, "train_loss": 0.1766507560882603, "label_metrics": {"_type": "table-file", "sha256": "544c0f35d48234a6030b4c869baa7312f466fa089c449fe130bdae1849e4df10", "size": 540, "artifact_path": "wandb-client-artifact://lsz41ne3870axlriw81q8b9ttwpp5zuw705i0nb10942qm66jhndnjezdeye3odyitq9gc3x62y6l4ks5ybhzrmjqjb9ij50avwiffovk1y5rvs2q11s6jflnv7iiusx/label_metrics.table.json", "_latest_artifact_path": "wandb-client-artifact://ep6u3xgkvz1f59k56k552vkdni6q8k9zqji092fdxbes6hub10zvtdaicuadtq2kd60jqvmbxir5muatrq8z070mhz817fd3txrw5xtnzjhukoac1svewdxwa7hx4575:latest/label_metrics.table.json", "path": "media/table/label_metrics_354_544c0f35d48234a6030b.table.json", "ncols": 6, "nrows": 5}, "test_predictions": {"_type": "table-file", "sha256": "2c2d0e498a94776d40ca351ade20b191319c04d6386da1738a0668214cfba44e", "size": 90909, "artifact_path": "wandb-client-artifact://updkwos1j5uansz3lx8stgvvbxy9l9k610y1ztv5g1a0fb8eqsz95dm6okw77oviah3e522za5l7l78apmp2g62c4mbmo830kl5pjkansd9u5713jfxzd5ipswxj73x2/test_predictions.table.json", "_latest_artifact_path": "wandb-client-artifact://t83tv0wyg04fp7zkmylkxxkwmr28hyvub3qmheuidiwnobca2nmu21b2z7osvjkajsjl759m7l8dl1u78dkalxem6troprruci5pybq94vftqhd81jnmkzej5lmvqpa2:latest/test_predictions.table.json", "path": "media/table/test_predictions_355_2c2d0e498a94776d40ca.table.json", "ncols": 8, "nrows": 168}, "test-metrics": {"_type": "table-file", "sha256": "56b302ca9968b84846e037638fbdc244af7b516dfea70900b40b4db642ab9040", "size": 184, "artifact_path": "wandb-client-artifact://luvcsuiekkh4zkuhnwnv1r1hxopv271bonzkjmuoy0wwirxcro133ngae28k85xmnzbcewd5dz2or39j6ferdkdk2883y9h5wdh8wuk5t7r7uam2bg2p27p8lkncf96c/test-metrics.table.json", "_latest_artifact_path": "wandb-client-artifact://bahzd3twanshiar1admixpxoor6ygdfwoj3jfdfztbykhpb9c3p4f88wywj4d01w5hadxr1eijl9qxbtzgiiu7k0xt2aamrlcetf30qxdw8vtbav69rdfv679tr3ma04:latest/test-metrics.table.json", "path": "media/table/test-metrics_356_56b302ca9968b84846e0.table.json", "ncols": 5, "nrows": 1}, "test_connective_metrics": {"_type": "table-file", "sha256": "8f30fcfb0f65cb8d2b2132af50a605f39197bbe1d2383e9f2d2371a503f16fbb", "size": 440, "artifact_path": "wandb-client-artifact://43vtv2jj79qdje3j9k82u3wv7duvphdljzgmn88utfwz1ohj0zlsjuuyxeoolr7ci20ju0ifmgzngr3wvhrs66y4ofskfspcq2ejbe6ukhsx5172911y1czxzih1pa37/test_connective_metrics.table.json", "_latest_artifact_path": "wandb-client-artifact://sstlqxzxo9n09k8kmmedw2f3m6xohf5hqm12xw61245md98l4gv86n533u6du7ubkpu7zqeltdw5qg1w7o93wp2tgvz5g1f2idd1edd95qnb692nelb99ompzkccqe0w:latest/test_connective_metrics.table.json", "path": "media/table/test_connective_metrics_357_8f30fcfb0f65cb8d2b21.table.json", "ncols": 6, "nrows": 3}, "Exclude_counts": {"_type": "table-file", "sha256": "1b351f34479cdfe9bb187a7d7913779d5623e98ab90b705bfa6a94767059f967", "size": 72, "artifact_path": "wandb-client-artifact://b5cqz3ptyso8imruaymk37zjoaam1moqlwc54mqjkvrw5ilqodpcx4w5bd2vy4nd4ztxw36zdv81heaczwz1635pd2rrlqvl6plyv0yutjkavz1rk9trpg3szpqirzcp/Exclude_counts.table.json", "_latest_artifact_path": "wandb-client-artifact://xlka6l7g283v22n1575oqdcrllvqwwaahjec15udvyzyzxij4wg0qv4mhg732wkg3cpdcsk6wb5kq548mtyuurmjmlunsn6z6s7sl8rmdqqkq0rqwydnfmbgljzme0zi:latest/Exclude_counts.table.json", "path": "media/table/Exclude_counts_358_1b351f34479cdfe9bb18.table.json", "ncols": 2, "nrows": 1}, "_wandb": {"runtime": 1239}}