{"train/loss": 0.7028, "train/grad_norm": 18.96397590637207, "train/learning_rate": 4.0798226164079826e-05, "train/epoch": 8.0, "train/global_step": 1336, "_timestamp": 1736786210.8178458, "_runtime": 598.7580268383026, "_step": 172, "test/loss": 0.9394574165344238, "test/accuracy": 0.6904761904761905, "test/precision": 0.6712962962962963, "test/recall": 0.23951219512195127, "test/f1": 0.23455655455655458, "test/runtime": 1.8673, "test/samples_per_second": 89.969, "test/steps_per_second": 11.246, "epoch": 8.0, "train/f1": 0.4051527914060138, "train/accuracy": 0.8344569288389513, "train/precision": 0.7927262205387205, "train/recall": 0.37328569396140676, "val/f1": 0.4140340575455079, "val/accuracy": 0.7844311377245509, "val/precision": 0.7866197183098592, "val/recall": 0.3854166666666667, "val/loss": 0.733924150466919, "eval/loss": 0.7082238793373108, "eval/accuracy": 0.7604790419161677, "eval/precision": 0.6907051282051282, "eval/recall": 0.4025, "eval/f1": 0.4158337314859054, "eval/runtime": 1.852, "eval/samples_per_second": 90.172, "eval/steps_per_second": 11.339, "train_runtime": 570.1787, "train_samples_per_second": 70.241, "train_steps_per_second": 8.787, "total_flos": 2810101761515520.0, "train_loss": 0.7207178530578842, "label_metrics": {"_type": "table-file", "sha256": "5ad9e6e99f8c268df9890b8867b097a775c82948c4715fb790864dd236899a78", "size": 611, "artifact_path": "wandb-client-artifact://u8af1afhj3cdz5d3sid94cmo1u8qq7iklip26a88ia78tn3hr4yfwiskv2dcbyqjmuft1d6r4ixec8teqtvyg9snr9kvdmymh7kx84xfzjxciim39jgkgom9vpipbine/label_metrics.table.json", "_latest_artifact_path": "wandb-client-artifact://cnyphwdgdpamhhut85gxoia3dmn4fpiphwshfbzoccactaagoo33d6f93zguy7zemlsu9tiktc99b1x6jai70385hdjy7o75vyhcwt1bk7g5umjngt3mtznxl3zw52ta:latest/label_metrics.table.json", "path": "media/table/label_metrics_168_5ad9e6e99f8c268df989.table.json", "ncols": 6, "nrows": 5}, "test_predictions": {"_type": "table-file", "sha256": "eb005e8343b320b74ecc9c3cfbd7055c4f023c8e8a15285ce488d6032dcacc52", "size": 86553, "artifact_path": "wandb-client-artifact://11ep13jd1bjrmhr6xfcd9muny87ox0wnvn9swfk2hsjol840ex2zw35njegw7j1sy6t50zzb7o3tvhtz4ap010e0cy9zzv17ntky9gy7t1eo61yisd34x8fucucdzz1g/test_predictions.table.json", "_latest_artifact_path": "wandb-client-artifact://xjde1gppm5612pxgnh3z6pl61e4g8binw8h7cltuh4hx9yoqdefs47vnn9dtxao7f29cahahk21drj98hu5z3zrl90es6dixxe6d75l935dkurzzjvvghbvbdfjuy7gk:latest/test_predictions.table.json", "path": "media/table/test_predictions_169_eb005e8343b320b74ecc.table.json", "ncols": 8, "nrows": 168}, "test-metrics": {"_type": "table-file", "sha256": "8c51a1346005171e411c0e35c74ad663452b6b1e268f06ac668e2bca6dc73ae8", "size": 212, "artifact_path": "wandb-client-artifact://zvxkwd5a8z841m5hcmin2f2vbea8w6erot69kfwxnvegxrm2aqxub5l34z84u4hjeexs0ewnbfqxyiwcz8bc6f1884hzckcoeel8qp58e3uw5uz93k2j120fnihzwhvb/test-metrics.table.json", "_latest_artifact_path": "wandb-client-artifact://xc520yd60uvrtu354x71c3s4r3w1b842ofgn8kj4mgwt0rcuuvcau5s4n1160seciqwc9lyfml2g6njp48wb5scyz0gwjs3yyawuyaz1eo6chd00jopltb5tgzkegkxb:latest/test-metrics.table.json", "path": "media/table/test-metrics_170_8c51a1346005171e411c.table.json", "ncols": 5, "nrows": 1}, "test_connective_metrics": {"_type": "table-file", "sha256": "9829a37c564efe609ff06386be2426316efe1fc1a1c22ac5484f1cf826588146", "size": 471, "artifact_path": "wandb-client-artifact://s43qudgi3re2pd46ye2z5a4yx5sueftbwcbahffv7ohc1moiwalkkh5irbkqtg0pk0vdf44zvvsa4tdrebry3jw6ra0zr4byh1ibwoqygbzodea75sjzi5k2zcn2rms0/test_connective_metrics.table.json", "_latest_artifact_path": "wandb-client-artifact://qdl2k09rtk73vz6z1scf94z8lxvmfrtwhn1ok7ybhyrvvrhpxp4s7rxlmixutfnbu20fmoebl5brlc6mfg0o4o153cshzhywc6ot1pjypyzcmgi1ajxpo1dg84fa8zvn:latest/test_connective_metrics.table.json", "path": "media/table/test_connective_metrics_171_9829a37c564efe609ff0.table.json", "ncols": 6, "nrows": 3}, "Exclude_counts": {"_type": "table-file", "sha256": "b29489d20e57d05bb6aec67be60a99d8dcef8e432ded61216e66508bd510be58", "size": 90, "artifact_path": "wandb-client-artifact://pxz5fb8ibkru4o2etypi3u1678y9hgxkbbamq7fxu6c6wzolacxfh76z2wxpt1r5exhrxbc7u68g4h62ele3ah475y8w54dj20dexetpf86krnovuxqmxaxl7dyj2xx6/Exclude_counts.table.json", "_latest_artifact_path": "wandb-client-artifact://ne9395tli8l5he5qap42faigbsvrl29ess0ffr49m2ow6x6gigh37x59nikzn1omn3u5i2ihgwrc7azs68jbedr11fzmejl0vjev88s43jipn4tz12amm3aqdzvnczim:latest/Exclude_counts.table.json", "path": "media/table/Exclude_counts_172_b29489d20e57d05bb6ae.table.json", "ncols": 2, "nrows": 1}, "_wandb": {"runtime": 585}}