{"train/loss": 0.7018, "train/grad_norm": 8.210067749023438, "train/learning_rate": 1.6000000000000003e-05, "train/epoch": 1.0, "train/global_step": 167, "_timestamp": 1736407073.152427, "_runtime": 80.14803290367126, "_step": 27, "test/loss": 0.7910471558570862, "test/accuracy": 0.6666666666666666, "test/precision": 0.6343558282208589, "test/recall": 0.21103054273785982, "test/f1": 0.18521104411298, "test/runtime": 1.8618, "test/samples_per_second": 90.237, "test/steps_per_second": 11.28, "epoch": 1.0, "train/f1": 0.3114639051858331, "train/accuracy": 0.7872659176029962, "train/precision": 0.8325032850852115, "train/recall": 0.28453681204985937, "val/f1": 0.3709524687941954, "val/accuracy": 0.7724550898203593, "val/precision": 0.919831223628692, "val/recall": 0.35, "val/loss": null, "eval/loss": 0.6475675702095032, "eval/accuracy": 0.7724550898203593, "eval/precision": 0.919831223628692, "eval/recall": 0.35, "eval/f1": 0.3709524687941954, "eval/runtime": 1.8473, "eval/samples_per_second": 90.405, "eval/steps_per_second": 11.368, "train_runtime": 73.1472, "train_samples_per_second": 18.251, "train_steps_per_second": 2.283, "total_flos": 351262720189440.0, "train_loss": 1.002845190242379, "label_metrics": {"_type": "table-file", "sha256": "d301ab5d1a2adc83eccbb7e8ee3ce56b7e92c57b876aad055528d38b23407c83", "size": 437, "artifact_path": "wandb-client-artifact://vtpdnjtn661vhdnx7rsk59l73orcco6md3q22qmr3p7wxq0wu4q6bd5utjo7fy6v5wijta544clltsigbfdzg9cbl3p8dzrjjb2xxefhnorfpxkx4zzuc7k8qnddqj0v/label_metrics.table.json", "_latest_artifact_path": "wandb-client-artifact://6ps3lc6ss8xypchqx6zt4g5oacc6eae9u5vneew7asq96i8njk2nx6grnbu0vu37eszl84h6tf0flph14met1fpdqp6irqn92pmspihqqgoq38l7p63uu8tur29ef8sd:latest/label_metrics.table.json", "path": "media/table/label_metrics_23_d301ab5d1a2adc83eccb.table.json", "ncols": 5, "nrows": 5}, "test_predictions": {"_type": "table-file", "sha256": "80f69dd237201844c33d391768b86bce3c11b08bc2b8bca5de3e155f0d65af63", "size": 51041, "artifact_path": "wandb-client-artifact://ii0f9uwgqpw5njzrjh3sg812uzl5j84lqdxh9kjpl7i8htvk713ifwogcr4ltcmryv5036es5m7k0zo1s6emqbnznp10s0wyxjvylbvoz20idr0kspymfhlnbkfb67ms/test_predictions.table.json", "_latest_artifact_path": "wandb-client-artifact://uvxbw0s970misfepb733hq60s30rmq43jykq6m624c8k9rcaew8i1al70bqk6qaajhgpmxjf1n0id7dr3v1u3fbybaad8s10wykdkx9fdhdjh2yrjqpquyi7j264hmvl:latest/test_predictions.table.json", "path": "media/table/test_predictions_24_80f69dd237201844c33d.table.json", "ncols": 7, "nrows": 168}, "test-metrics": {"_type": "table-file", "sha256": "c1a0bcf9a2b056b94b4e58a1ea0a6897865e603d11a143cca6f503113f5aa438", "size": 194, "artifact_path": "wandb-client-artifact://bc7mwgsqizx9fch68h0w5g0ha5h93ybz9ac9p31hxocfps8rvf6l9yn53rr942ua1kuin4qs12jths3ff9vq0kyn4pfsmh1bdbq8c4qoofanouapd5s6mg4oed70qo0t/test-metrics.table.json", "_latest_artifact_path": "wandb-client-artifact://8hwrroanqsxiwajxh45igtbzdlxfi9y64gxv1mvx03qw31nurdtvq5gg8s1nnki395wxzqqwov2dhq1t5o3vuzdgolm2mn9pyfblu9njx4q9dtxks25qbxe3ekmp65xb:latest/test-metrics.table.json", "path": "media/table/test-metrics_25_c1a0bcf9a2b056b94b4e.table.json", "ncols": 5, "nrows": 1}, "test_connective_metrics": {"_type": "table-file", "sha256": "5cfe9ddee296182528107302a3c3fea63ec0fd7a24d55350408b9b04bf178471", "size": 410, "artifact_path": "wandb-client-artifact://rgehrbs6td4lf7zad022w5de3v5smwkv6sgqjy05hjyrtm7mjktdq52xflsaa5dors38sn7pbraahjldiidfqai20zbp3mjh2i5cnz2rvrrd52xe1pav21o7t6h9firr/test_connective_metrics.table.json", "_latest_artifact_path": "wandb-client-artifact://48syty1fqv1mev6nxzt4r3wfs4bfp0aa52klmeztoy2rw0gykb0o1ggdjhs4lfp1nlnbvidzp087vquhgrqqydr2tv4z554gry9e9eb7ln39vb4b2qqqotso47pngnu3:latest/test_connective_metrics.table.json", "path": "media/table/test_connective_metrics_26_5cfe9ddee29618252810.table.json", "ncols": 6, "nrows": 3}, "exclude_count": 0, "_wandb": {"runtime": 87}}