{"train/loss": 0.0004, "train/grad_norm": 0.0063235037960112095, "train/learning_rate": 3.7028824833702884e-05, "train/epoch": 10.0, "train/global_step": 1670, "_timestamp": 1743065453.7070124, "_runtime": 732.9249484539032, "_step": 215, "test/loss": 0.7958644032478333, "test/accuracy": 0.8452380952380952, "test/precision": 0.8458452116988703, "test/recall": 0.6996220610854758, "test/f1": 0.7165201165201165, "test/runtime": 1.8807, "test/samples_per_second": 89.33, "test/steps_per_second": 11.166, "epoch": 10.0, "train/f1": 0.9775911498091971, "train/accuracy": 0.9940074906367041, "train/precision": 0.9984158415841584, "train/recall": 0.9587295426286252, "val/f1": 0.7594228784631261, "val/accuracy": 0.8922155688622755, "val/precision": 0.7687882764654418, "val/recall": 0.7579166666666667, "val/loss": 0.7189692854881287, "eval/loss": 0.44128501415252686, "eval/accuracy": 0.9161676646706587, "eval/precision": 0.911298076923077, "eval/recall": 0.8154166666666667, "eval/f1": 0.8403718417289051, "eval/runtime": 1.8795, "eval/samples_per_second": 88.851, "eval/steps_per_second": 11.173, "train_runtime": 725.2316, "train_samples_per_second": 55.224, "train_steps_per_second": 6.908, "total_flos": 3512627201894400.0, "train_loss": 0.2594672187108792, "label_metrics": {"_type": "table-file", "sha256": "7d020045a8ef0e57aa4a46817445d3d5c31b9095f266cfa18548266de0342f87", "size": 721, "artifact_path": "wandb-client-artifact://edfyja9fnp4k7fbro4m6lzcwwjhqnzspnduga1uv0brbjr0l1hjp18h5omgm50eejb9b3pwk954q8tuudsxagmuxcvhkd85mo8y1vzyu87cwvdhc3mub8k6nwcvk99my/label_metrics.table.json", "_latest_artifact_path": "wandb-client-artifact://adug0htaiwe13g77kccaunova4rcnsfd9uafbxthz8jcqk042d5y9xjxilksh9aklwjmdorp6yp6pgtjazf152diqa04lnhx871iksrqbiu6p0ps9gq6kbv5b18cktms:latest/label_metrics.table.json", "path": "media/table/label_metrics_210_7d020045a8ef0e57aa4a.table.json", "ncols": 6, "nrows": 5}, "test_predictions": {"_type": "table-file", "sha256": "b26920cae1336cdf27a630090e083f47b95d3402ae6d2e903192e85ba715c594", "size": 92896, "artifact_path": "wandb-client-artifact://pkuxo1u5vxc986sb92x6c8jbfugs6xpqvag3zfzz9av27093w9szpoic5y5fhe5n54ljf0tt5y3iz637ohtuwjau0vgv5but9ox11624phfwmk0325jpvectidthkgf2/test_predictions.table.json", "_latest_artifact_path": "wandb-client-artifact://awcr5hp0xkvqvr3r9dacil1ccfnya1s7iv52fy49ay85xeibnaswyk70jxi0yww7fsdte5u7gvpglzw7cltkj9glibqpjac92o4ytfb4jpz1cw1iq4go8fnm5ekhqcgl:latest/test_predictions.table.json", "path": "media/table/test_predictions_211_b26920cae1336cdf27a6.table.json", "ncols": 8, "nrows": 168}, "test-metrics": {"_type": "table-file", "sha256": "8a85e24e9d22d6bd6dcd8d5d7f7ef05b109c51908ebc0245dbda9727b0fe4601", "size": 212, "artifact_path": "wandb-client-artifact://l8zvj9akl3optp2j6cw1xp7jy89sdhxcw1z3yje7s4hnb91j1ppefualgi8jcog3b1kmn237lyybwox2spdchlveimsfr3i16exlras6osc0s3ja7md8pthjipmcuqai/test-metrics.table.json", "_latest_artifact_path": "wandb-client-artifact://qzs2hl897vztx4tk8ta6l22g6xv7ipijcipscuvduvly05s0vyalhjs7ntrjo6qei2g9uqwnswz3ntd1c336gxjfzbreb262amvs8e3xzvjbinxvrcxr2hlsttk0s7gq:latest/test-metrics.table.json", "path": "media/table/test-metrics_212_8a85e24e9d22d6bd6dcd.table.json", "ncols": 5, "nrows": 1}, "test_connective_metrics": {"_type": "table-file", "sha256": "e2a3838b346b7c5ec29d87c9a4b8e3fd7fd1669864a9018719c43ac66d801514", "size": 487, "artifact_path": "wandb-client-artifact://m40fsl4nbjyt1d5x6bhdhsn4hpc7hjq4b8txvlyxeseemfmvvjva4x2lg683f03okass090tlj83ukpbvbl87yyj3aujnd4c6pmanhikwdvt4umaury2dsa5pmphfh1o/test_connective_metrics.table.json", "_latest_artifact_path": "wandb-client-artifact://uctvecfk1iugwmli8191xv5pcxz2du6kqkzjm4xahu883kk43hu7mraml268dxvlbky6d88qiew90s4ljjkvlxl7tdx62g8kmt21f3or5whfuinpdol03g31a2ffl6lz:latest/test_connective_metrics.table.json", "path": "media/table/test_connective_metrics_213_e2a3838b346b7c5ec29d.table.json", "ncols": 6, "nrows": 3}, "Exclude_counts": {"_type": "table-file", "sha256": "25a1c51bc7d78f8f0c485181ff588729b74bed10d613faf3814f153d95fa71a3", "size": 90, "artifact_path": "wandb-client-artifact://0j1tmw9ogeexmca4k0bhs35vaxjyy5atexd29p72kvodwr7rr2itecxwg43h4wf8xk1m7zsx9v2rebcw29pujz5nzm44692qqfjkr2yim3m3ls8uqmtk3awxer9x787k/Exclude_counts.table.json", "_latest_artifact_path": "wandb-client-artifact://apvmvyse09wxgchggm810xe4b1ps3rvcvkjsoquhtaageo5qui58o3fg7jrgwbtg47u3cimjjajqocovxozepd9rxpiaoly41aljelmqrldrjjx1wsjuym2t4v8vu40x:latest/Exclude_counts.table.json", "path": "media/table/Exclude_counts_214_25a1c51bc7d78f8f0c48.table.json", "ncols": 2, "nrows": 1}, "_wandb": {"runtime": 740}}