{"train/loss": 0.6863, "train/grad_norm": 6.548819541931152, "train/learning_rate": 1.6000000000000003e-05, "train/epoch": 1.0, "train/global_step": 167, "_timestamp": 1736582496.127738, "_runtime": 89.8355360031128, "_step": 27, "test/loss": 0.7098305225372314, "test/accuracy": 0.7261904761904762, "test/precision": 0.691079080638878, "test/recall": 0.25365853658536586, "test/f1": 0.24532771782047905, "test/runtime": 1.8552, "test/samples_per_second": 90.557, "test/steps_per_second": 11.32, "epoch": 1.0, "train/f1": 0.2737505117289616, "train/accuracy": 0.8067415730337079, "train/precision": 0.7422946152145069, "train/recall": 0.27167866102657073, "val/f1": 0.2390293225480283, "val/accuracy": 0.7604790419161677, "val/precision": 0.7027972027972028, "val/recall": 0.24375, "val/loss": null, "eval/loss": 0.6929267644882202, "eval/accuracy": 0.7604790419161677, "eval/precision": 0.7027972027972028, "eval/recall": 0.24375, "eval/f1": 0.2390293225480283, "eval/runtime": 1.8413, "eval/samples_per_second": 90.696, "eval/steps_per_second": 11.405, "train_runtime": 82.1146, "train_samples_per_second": 16.258, "train_steps_per_second": 2.034, "total_flos": 351262720189440.0, "train_loss": 0.9541217666900087, "label_metrics": {"_type": "table-file", "sha256": "04ab562798124ffe41f70a5997cc13d6a34fdd0c8deaa9e5c3c72de8618df242", "size": 460, "artifact_path": "wandb-client-artifact://iypbro4elk0q7abilx916wzx978jx4ufhbue3txgce5tno2w8sk9wqifn4rp3axq33sndpozs616ibym8n42i3zxqlp31408mdpp6td7qda7cw6csnwz3l0cxic0jbp1/label_metrics.table.json", "_latest_artifact_path": "wandb-client-artifact://7pxp7qrpfim9i0yk71cu5mu4tpz7xj7wx4iyca43czjqybatg3q3qre4gayx2nr2o22bli3588n2di5xix0fuiu9ckkoh11aeuvuqf0lciqpmjwjb3l5qfe9i3uclcwh:latest/label_metrics.table.json", "path": "media/table/label_metrics_23_04ab562798124ffe41f7.table.json", "ncols": 5, "nrows": 5}, "test_predictions": {"_type": "table-file", "sha256": "10db06e1821cfafb174233af4911602dfe8b8cb41aad47e2275fbc99004adb44", "size": 89206, "artifact_path": "wandb-client-artifact://vhgo44eduomw5s2uqa5vmtpb2x57ol9y5fsb7g7ane86f8o3c5073685yyudmgz4iljrvy4n9cufgcowgtbdimlo4abym41hlf7td2ke3lc8vo460ozc6s0ooy0pgtfs/test_predictions.table.json", "_latest_artifact_path": "wandb-client-artifact://m8nlle909s4x20i7z5x55m169ued8a790qb0ng3wvj01o711wrp5pexaorvgfdmyhm207j7isknc4877m853s12tp8zewo2o9k9g8aoftzthvwam1jn1m6rv184zrg2v:latest/test_predictions.table.json", "path": "media/table/test_predictions_24_10db06e1821cfafb1742.table.json", "ncols": 8, "nrows": 168}, "test-metrics": {"_type": "table-file", "sha256": "98530abb935c82d7fe0e87537c0a85e9a7ae38eb7b16752799b8468837af7708", "size": 201, "artifact_path": "wandb-client-artifact://vuxlsck93zxhf75h4sm7o6lwshnvws8rony6unhrmmph6s9mvyixhip83sqq57t72um8efg90qu6i38nog0xbl3bb9n2w2knk9e8gjjl3u14dg1ai4r0a3fst0q4rr44/test-metrics.table.json", "_latest_artifact_path": "wandb-client-artifact://2qslcvs3frph2too4a0993mxyfytf0mhk98fjfnfoudvai54sqzeqrk5qpcs3ywdsvhasieb0u58asgdqgslceo80t72p0etf8eqs66hjrmbxjttsd09pnvly3wfij6l:latest/test-metrics.table.json", "path": "media/table/test-metrics_25_98530abb935c82d7fe0e.table.json", "ncols": 5, "nrows": 1}, "test_connective_metrics": {"_type": "table-file", "sha256": "c02a7824daa89f2e981c2feba8a6f23717e2e047358373055d060147fb8fb353", "size": 411, "artifact_path": "wandb-client-artifact://4q0kbs354tntm9eyegu3ut02rj3hsc3a005k1t0foytkeninddap3ipxlfq6nmq32t001e5naphvubavyaqmmok0zwhhz81kepoh7wamhmriw6m23j1h75vilygwrqb3/test_connective_metrics.table.json", "_latest_artifact_path": "wandb-client-artifact://vjg4rg4et81tvt2nmb8scvy3c7ant05a05x66s362et41nkvfpih1f01z5p4t0ygwjcd4cu53vq29c86pqwzuexjtd3wfjq2i4pozxc3evi328gozlzrs2fpz0445o7q:latest/test_connective_metrics.table.json", "path": "media/table/test_connective_metrics_26_c02a7824daa89f2e981c.table.json", "ncols": 6, "nrows": 3}, "Exclude_counts": {"_type": "table-file", "sha256": "1315d459f2edbaf5a26cf162c57611f734e37385686ca35ad763b16ff92f0e5b", "size": 77, "artifact_path": "wandb-client-artifact://oitnolrc8dp6jbijh0j4itxn5e02ms3e8kt67o5okdx263go5ibhimpytoun8mwk1of5h8r4xexe5hr5wgc0t04nxmmac4zn1mqbdrxlay8ykq8k3cz8u45q38igg86u/Exclude_counts.table.json", "_latest_artifact_path": "wandb-client-artifact://fvciwonr6am3tw24ck7eba5mhuc7dubxtebcubu2cxk6dgvtva4dtub39xda19ymdn6h73jsajyxfl4nq7dlsum4pi3ssv2omqiokpplgf4t87x5n9hjzcorostbwtbd:latest/Exclude_counts.table.json", "path": "media/table/Exclude_counts_27_1315d459f2edbaf5a26c.table.json", "ncols": 2, "nrows": 1}, "_wandb": {"runtime": 97}}