{"train/loss": 0.7562, "train/grad_norm": 9.075884819030762, "train/learning_rate": 1.6000000000000003e-05, "train/epoch": 1.0, "train/global_step": 167, "_timestamp": 1736582180.7327302, "_runtime": 79.93687915802002, "_step": 27, "test/loss": 0.8100377917289734, "test/accuracy": 0.7023809523809523, "test/precision": 0.7139548349739433, "test/recall": 0.23722258844210065, "test/f1": 0.2257175660160735, "test/runtime": 1.8678, "test/samples_per_second": 89.944, "test/steps_per_second": 11.243, "epoch": 1.0, "train/f1": 0.22004170089088265, "train/accuracy": 0.7662921348314606, "train/precision": 0.610274445048284, "train/recall": 0.22788001977695985, "val/f1": 0.2390293225480283, "val/accuracy": 0.7604790419161677, "val/precision": 0.7027972027972028, "val/recall": 0.24375, "val/loss": null, "eval/loss": 0.7651117444038391, "eval/accuracy": 0.7604790419161677, "eval/precision": 0.7027972027972028, "eval/recall": 0.24375, "eval/f1": 0.2390293225480283, "eval/runtime": 1.8462, "eval/samples_per_second": 90.456, "eval/steps_per_second": 11.375, "train_runtime": 72.6558, "train_samples_per_second": 18.374, "train_steps_per_second": 2.299, "total_flos": 351262720189440.0, "train_loss": 0.9410441935419323, "label_metrics": {"_type": "table-file", "sha256": "96b2bbd606648433f4b04299a9bd1e2341f417e1ccd0c0f2aa8351603c4aa12e", "size": 499, "artifact_path": "wandb-client-artifact://i0c45vv2pxlr9imbh4m3md0axy4unqdsg9rv9upgzyxyb23vdv0g1zkcawcczoychyft1zky4t3blcyjsr1qzns6ixm9je7961a53mcpcty58m2yflpgi6bfa975d8fb/label_metrics.table.json", "_latest_artifact_path": "wandb-client-artifact://y78uedgpt7dtoxhq39lpoxc3ynisxler2hm2kn23pk0xf481v97apbuscuci5sr1ctcjj620q7kczqyl1iua7zcz0ve93lwfm8klz1ejz6z5gtdr7nv1qw1im91skc7z:latest/label_metrics.table.json", "path": "media/table/label_metrics_23_96b2bbd606648433f4b0.table.json", "ncols": 5, "nrows": 5}, "test_predictions": {"_type": "table-file", "sha256": "42b79ab8c0c737cd8bbc7b1b2fb7befae89d333749a0cd0efff309f571d59c40", "size": 53033, "artifact_path": "wandb-client-artifact://ln5z3xacp5l9ix84kzc11p26mbo14g823b88lou3g2dhp8bg5zr3ys98fp5h88cfe4o1rrhk0pjdpue2i99yup2gnl8he1wl7fta81q5zerjsiumuh1peb0mo5gkru8i/test_predictions.table.json", "_latest_artifact_path": "wandb-client-artifact://rgj0gulognd3ykutff2p5bb0wnio1x6c4zsipnolv1nn4miarrsgf36klto77r8n4e9uh5b8pzx0h1tnw1ds8wy4llrumg39udvddvbs8dczuqwgmy8depvu7v1f5alz:latest/test_predictions.table.json", "path": "media/table/test_predictions_24_42b79ab8c0c737cd8bbc.table.json", "ncols": 8, "nrows": 168}, "test-metrics": {"_type": "table-file", "sha256": "6c66614990075a5ef6d901eec76b8ba1d2ce89fbb63823d54c702381f11f6140", "size": 206, "artifact_path": "wandb-client-artifact://bbktrc6q2kv3oxrxy9djysvof2sjxljvrd0u5ejurv3iu7x0ghesfh338ca8bnvsco8cg00wy007m39mwh3wcq4htca3pzp3mk12i8yrx4mfaa5jubrz4tv1bhoe8e90/test-metrics.table.json", "_latest_artifact_path": "wandb-client-artifact://a1662k8uybq9cfkx1ur0fta4prr01tncfheo3r4hkptbwykrxz3jwd8ep45a350lf55wmbjl29mx7fn932anp0r9c7nmnnxeyo2cbc56fqo4z443mxhu11nryogj0l8u:latest/test-metrics.table.json", "path": "media/table/test-metrics_25_6c66614990075a5ef6d9.table.json", "ncols": 5, "nrows": 1}, "test_connective_metrics": {"_type": "table-file", "sha256": "8181be18b5e9817c76a8cefb6d5fcc0e244ca7684e8e8aa49e24bf6da2b8c978", "size": 424, "artifact_path": "wandb-client-artifact://k4kw0nkonwy3lw4skphjbo59dpmumtlqwmgxskli898f67mvq9y2ulo7ud9iwfcwxdhdzpbtzk1k2xhvqbji1eh36519srlsnh9q7a5yv9nlwgzuxu7cod3e3dt8qzxk/test_connective_metrics.table.json", "_latest_artifact_path": "wandb-client-artifact://v06mwn52twud98uzahloqop7zqiv7kx7n6jcsr5evrgd1ivm1v3duolmy1hsgdhqdbmkkpo6sxjqjmxeyk94ukmr8p5t0xo9uo7nxz873o5zrtbn0mh9qm74m4ocg160:latest/test_connective_metrics.table.json", "path": "media/table/test_connective_metrics_26_8181be18b5e9817c76a8.table.json", "ncols": 6, "nrows": 3}, "Exclude_counts": {"_type": "table-file", "sha256": "e0904507c7a3e3f62f0831416757fbded3c24349ee8ce39d59ff399ee82bffe7", "size": 84, "artifact_path": "wandb-client-artifact://06h2w0aw6g1jo4roff1d91ljuo9nfr5e452p7km6adkuybh2wery9ik1ue6q573m06qy5cg7h88iiwcd7pcyykbn08y5dgln4jrj5jnvpo3vvjxfnrrrruu5vnq4pjsu/Exclude_counts.table.json", "_latest_artifact_path": "wandb-client-artifact://91jkdyukdqwl6c7qzkqocprd39z48dcj3y7echv2n5zr5wv1qtzxcn24ovi26opqc71x9vs1x1dy67sjxwcmevv8on7jjan880huxtazfyltemmoshtdwo30bboyjkvn:latest/Exclude_counts.table.json", "path": "media/table/Exclude_counts_27_e0904507c7a3e3f62f08.table.json", "ncols": 2, "nrows": 1}, "_wandb": {"runtime": 87}}