epoch,loss,accuracy,precision,recall,f1
,0.0652601069319034,0.2574850299401197,0.184818442427138,0.2304166666666666,0.1232575757575757
0.0,0.0309283769059324,0.7844311377245509,0.28033294618660476,0.31916666666666665,0.29778371756320304
