epoch,loss,accuracy,precision,recall,f1
0,0.0018397412943036368,0.800749063670412,0.27464486862913745,0.3095625263234998,0.29063758940643825
