epoch,loss,accuracy,precision,recall,f1
,0.0652308656783874,0.2574850299401197,0.184818442427138,0.2304166666666666,0.1232575757575757
0.0,0.0286514366458276,0.718562874251497,0.1437125748502994,0.2,0.1672473867595819
1.0,0.030005905799523,0.718562874251497,0.1437125748502994,0.2,0.1672473867595819
2.0,0.0304415590034987,0.718562874251497,0.1437125748502994,0.2,0.1672473867595819
3.0,0.0301776806751411,0.718562874251497,0.1437125748502994,0.2,0.1672473867595819
4.0,0.02989626109243153,0.718562874251497,0.1437125748502994,0.2,0.1672473867595819
