{"epoch": 4, "valid/loss": 0.029972277358620465, "valid/accuracy": 0.718562874251497, "valid/precision": 0.1437125748502994, "valid/recall": 0.2, "valid/f1": 0.1672473867595819, "_timestamp": 1715562405.7305694, "_runtime": 202.40910744667053, "_step": 11, "trains/loss": 0.003517846087837934, "trains/accuracy": 0.750561797752809, "trains/precision": 0.1501123595505618, "trains/recall": 0.2, "trains/f1": 0.17150192554557125, "test-metrics": {"_type": "table-file", "sha256": "92cd99088144174053283e6b8fb9a436ae829dadf62c93341f8b8d0312f18f35", "size": 199, "artifact_path": "wandb-client-artifact://9w0f5oor5ot2eascpempwur0c9oc5ryd6itxwkrwu44y4cbqu7toyngnmd8tezvevdzj5icxjy4nl712t3g1bzxp28wussd2ikl62nc7gtnts4vpfkzias5h3ihoyjvn/test-metrics.table.json", "_latest_artifact_path": "wandb-client-artifact://z9zks9972kjsbwwhghloi70m2l0a94gavboorkoqbcowsyc94g5jtyn66tt3u19xozkakhx5atmdkf5tgoo79xzp9s43wgwqbbsfkn205ut4mzovb2ub9u5n1x3rps8l:latest/test-metrics.table.json", "path": "media/table/test-metrics_11_92cd9908814417405328.table.json", "ncols": 6, "nrows": 1}, "_wandb": {"runtime": 200}}