epoch,loss,accuracy,precision,recall,f1
,0.065226243641562,0.2574850299401197,0.184818442427138,0.2304166666666666,0.1232575757575757
0.0,0.0286518039103753,0.7485029940119761,0.2667589069526115,0.31375,0.2850088183421516
1.0,0.0102581091805132,0.7365269461077845,0.2537142857142856,0.2875,0.2687258687258687
2.0,0.0189475790112318,0.8263473053892215,0.2998148148148148,0.3216666666666666,0.3100980392156862
3.0,0.0220517826651384,0.8323353293413174,0.4234963833933349,0.3983333333333333,0.3920167288705365
4.0,0.016810251745635163,0.8562874251497006,0.5894436090225564,0.54875,0.5572572355181051
