{"train/loss": 0.1062, "train/grad_norm": 23.08396339416504, "train/learning_rate": 2.4168514412416855e-05, "train/epoch": 17.0, "train/global_step": 2839, "_timestamp": 1739567716.5823653, "_runtime": 2579.707393169403, "_step": 359, "test/loss": 1.5297349691390991, "test/accuracy": 0.7916666666666666, "test/precision": 0.6138646247972873, "test/recall": 0.4526587563172929, "test/f1": 0.4689033903783491, "test/runtime": 4.4146, "test/samples_per_second": 38.055, "test/steps_per_second": 4.757, "epoch": 17.0, "train/f1": 0.7719307851425554, "train/accuracy": 0.9842696629213483, "train/precision": 0.9619462377093191, "train/recall": 0.7743926120940898, "val/f1": 0.5456928671235258, "val/accuracy": 0.8023952095808383, "val/precision": 0.716266687857597, "val/recall": 0.5658333333333333, "val/loss": 1.3932206630706787, "eval/loss": 1.2707467079162598, "eval/accuracy": 0.8143712574850299, "eval/precision": 0.7153257556515114, "eval/recall": 0.5833333333333333, "eval/f1": 0.5688580425422531, "eval/runtime": 4.3878, "eval/samples_per_second": 38.06, "eval/steps_per_second": 4.786, "train_runtime": 2566.9092, "train_samples_per_second": 15.602, "train_steps_per_second": 1.952, "total_flos": 5971573331665920.0, "train_loss": 0.37177827133127567, "label_metrics": {"_type": "table-file", "sha256": "53c94c087fae85be94f8161f6d8859adbe008047babf83e9564b9e540e97c41d", "size": 608, "artifact_path": "wandb-client-artifact://why34v3yjh4xzme4ogfkcc3gr7pxx8uxhmxc657gpswtfcoqizwgo0d1yupwd0rfoe2vlvu5nrpv5y8lmnqo45ub9n3r7vgxanmh9yy6pf2atpg5eaug8051j0a1d5o5/label_metrics.table.json", "_latest_artifact_path": "wandb-client-artifact://fgw0o2l7a6x5o5s3z8ln7haj18w4e3zixlcwubvwsafkgweqkpbofl4m4t8skuqmi6xu7172hmakzt3dsix4s2a48q95kaj2hn4xg8po0zmgco15lfecv7jb4vf4jh15:latest/label_metrics.table.json", "path": "media/table/label_metrics_354_53c94c087fae85be94f8.table.json", "ncols": 6, "nrows": 5}, "test_predictions": {"_type": "table-file", "sha256": "2bf996ead10e4d6b46ca723fb3bd2d741a0ec7cce8dff7ecbda6aabb223ae3a4", "size": 55292, "artifact_path": "wandb-client-artifact://pjkqfzy3htlfmf43ltcv8hs2l83f0mah746uegmh7wkbxsytt6h30iwhjor0uu8elm0g8k6mn4krlh8cr8zdextj7nkalsfin16c3aevmndfz689c0rn4a7s59hcmr2z/test_predictions.table.json", "_latest_artifact_path": "wandb-client-artifact://rf8ul4rpkiz2tofy7r61cswy7mdxjwh7edqluke6mhqlxzhncple2m1xx4a8f30q37sv1ckb3wbx5ju4yx81bsz424r0t2q58cz1di6816cz8tsdoc064h0ips2gjv7m:latest/test_predictions.table.json", "path": "media/table/test_predictions_355_2bf996ead10e4d6b46ca.table.json", "ncols": 8, "nrows": 168}, "test-metrics": {"_type": "table-file", "sha256": "e3f68b8a5ffd54d58de46ff58105048f2754f86ae6d48f63a547b4fb24fb3615", "size": 195, "artifact_path": "wandb-client-artifact://ckeivfbhwimlrwt3freidb01uz7pv0p9xye7p5q65zzaipjgt3i7zdj7m7r2xw4g219t1mxrhzn9thigqelsjhw1ionu1i99m7ox0wwnvjxjgkmuz1u41z1e98qe38c3/test-metrics.table.json", "_latest_artifact_path": "wandb-client-artifact://e8whh40ja8jj0t7waxz7kiumri3jhc26t6hvsotu9sgv426pfo7o0hhpmmpisdqtezyzhxvfyyv61c9iydj8t7tcr8k7l0i6j1swvfxbxw8qeanc8zzn3pc8g1jqsgee:latest/test-metrics.table.json", "path": "media/table/test-metrics_356_e3f68b8a5ffd54d58de4.table.json", "ncols": 5, "nrows": 1}, "test_connective_metrics": {"_type": "table-file", "sha256": "bec22d379ebc9a5d23bd555c32a51d29fc8b1b68cbd2e41202df6297e7c42720", "size": 439, "artifact_path": "wandb-client-artifact://5jieh967f0twxpfnm9k6777oww17t2m3u3d42kry0ohenn155fdsya5slw0uzahhebasydpcg314nssk1c3pl86q50wzs31h4u6hinz8xu9cz7t9fsh75w9sps67r2zm/test_connective_metrics.table.json", "_latest_artifact_path": "wandb-client-artifact://qf81iast977m3rmtcxsdp142uplvm9dpkowzrodawbfm4t37d3eou72evuy1ph6tr3a6vlgkn7g9hpwqlfn58jkyhjns17jnrp1xi0cyw9b3wxm0hllq3weuyca4brpb:latest/test_connective_metrics.table.json", "path": "media/table/test_connective_metrics_357_bec22d379ebc9a5d23bd.table.json", "ncols": 6, "nrows": 3}, "Exclude_counts": {"_type": "table-file", "sha256": "fa22c4da7120bb2d050f2b48bfbb63b94fd3760be735d6d12002cc9214cc8ce6", "size": 74, "artifact_path": "wandb-client-artifact://2mkujqae31sz3b0wqb0u2cmr7cpva9mo6wjn1s719t6b7le6ccoob2in6bpt3bvk5qoia6961zxhhsm0s4sf37mdhqqf3j16z43n7cc2b2fx96r5kv4pavv4uhzw10vb/Exclude_counts.table.json", "_latest_artifact_path": "wandb-client-artifact://6gk5hq4738kfje1j92tbwxrnixeit2v20r74v7udppmqv70vwwz22q3tmsd6p7xqd1qz57e84avqtfcomlu5ezwl18uhwrmgym683hmz6e3tltdoxmkjywtqaspct6t6:latest/Exclude_counts.table.json", "path": "media/table/Exclude_counts_358_fa22c4da7120bb2d050f.table.json", "ncols": 2, "nrows": 1}, "_wandb": {"runtime": 2588}}