{"epoch": 10, "valid/loss": 0.03217393338323353, "valid/accuracy": 0.718562874251497, "valid/precision": 0.1437125748502994, "valid/recall": 0.2, "valid/f1": 0.1672473867595819, "_timestamp": 1718451815.586532, "_runtime": 375.6466660499573, "_step": 22, "trains/loss": 0.003465882356693682, "trains/accuracy": 0.749812734082397, "trains/precision": 0.1838224228743416, "trains/recall": 0.20051822959585416, "trains/f1": 0.17338588588588585}