{"train/loss": 0.6579, "train/grad_norm": 9.147696495056152, "train/learning_rate": 1.6000000000000003e-05, "train/epoch": 1.0, "train/global_step": 167, "_timestamp": 1736413674.0192187, "_runtime": 81.33635377883911, "_step": 27, "test/loss": 0.6850842833518982, "test/accuracy": 0.7559523809523809, "test/precision": 0.698537378114843, "test/recall": 0.27804878048780485, "test/f1": 0.2710164592059466, "test/runtime": 1.8785, "test/samples_per_second": 89.434, "test/steps_per_second": 11.179, "epoch": 1.0, "train/f1": 0.27631043528116456, "train/accuracy": 0.8104868913857678, "train/precision": 0.7189226273210021, "train/recall": 0.27698364738413084, "val/f1": 0.2744095038434661, "val/accuracy": 0.7844311377245509, "val/precision": 0.7023510971786834, "val/recall": 0.2779166666666667, "val/loss": null, "eval/loss": 0.7010223865509033, "eval/accuracy": 0.7844311377245509, "eval/precision": 0.7023510971786834, "eval/recall": 0.2779166666666667, "eval/f1": 0.2744095038434661, "eval/runtime": 1.8625, "eval/samples_per_second": 89.667, "eval/steps_per_second": 11.275, "train_runtime": 73.3477, "train_samples_per_second": 18.201, "train_steps_per_second": 2.277, "total_flos": 351262720189440.0, "train_loss": 0.967848460831328, "label_metrics": {"_type": "table-file", "sha256": "6e9482a1f0cc83f50b831d3fdf2d453c2966d5fd237b2a931218e08f2eedcc09", "size": 431, "artifact_path": "wandb-client-artifact://yc8xxvz7rwgq3tfbl2higstb01r5mfs1yqud2dv1p5gi0srv0dyljr4k1nfkepbb58u2umzbimkv69wchaakr1xiv1g2ealoqdnthv7efehelcjvenx8phf7x20pidjs/label_metrics.table.json", "_latest_artifact_path": "wandb-client-artifact://3qlauffpm94eqxzt9gkm0yqww0gx0hv8h9cfbd57ih4c9i9d8psnwz72d6js380thy4x3ru3rw60a19lshvjz4hqcmmgp1sqrim45el699vmgb4zxjylt685im0zp6yd:latest/label_metrics.table.json", "path": "media/table/label_metrics_23_6e9482a1f0cc83f50b83.table.json", "ncols": 5, "nrows": 5}, "test_predictions": {"_type": "table-file", "sha256": "37ed733b0df5d76daa4814408265f0506ef02066a9df9af73b14291abf113151", "size": 88136, "artifact_path": "wandb-client-artifact://ttozys1t1b9uh2d14iugmv1ooid8jzdyodltcnm9aa2m43ttsboqjelgoxkweqpz3x38rsl9ulja984zb06cokiiqcgqqd9p9n49u1nnnfslnneixvj982cfav52pkhu/test_predictions.table.json", "_latest_artifact_path": "wandb-client-artifact://4fnlkyd1dte6bopgn1dyccib8r0a19p4jv138s9g385jtlvfakijanq6g8ml9s155boaqw35kutaam0cp6gd5mppapogsjkxgnuw4jraq7ac5h7h8ligrx99iuh4r4he:latest/test_predictions.table.json", "path": "media/table/test_predictions_24_37ed733b0df5d76daa48.table.json", "ncols": 7, "nrows": 168}, "test-metrics": {"_type": "table-file", "sha256": "09d83c35477fd23a5a54a1a73fb3bf184bbcf6e48ba2a5a816f893168bec5594", "size": 194, "artifact_path": "wandb-client-artifact://in9ueyg76ih8dt0gjr5fu4wizj89cnhzb9fgqsmlng771t2tx96fll9aulfzhj8f2d47ctrx4azyw09zyoffuycbosp8kisriz4840zufwpbqo819lv1stfwo25434v8/test-metrics.table.json", "_latest_artifact_path": "wandb-client-artifact://258c6abjclg38d1mb2dfghh91c88yfufutuhmyqad7x5iklljjbjr3cd8vvetv7cvu16wr0e6pcla833c19xgeaou0fv0as2air1iis52rnu7sjfsa4vmr9zdszjz9ei:latest/test-metrics.table.json", "path": "media/table/test-metrics_25_09d83c35477fd23a5a54.table.json", "ncols": 5, "nrows": 1}, "test_connective_metrics": {"_type": "table-file", "sha256": "c831b17e015331cf36ba1bce9ac10864f0b4b9113e5bf82ad2e5e264434dd646", "size": 393, "artifact_path": "wandb-client-artifact://ths5p84lns9bqwavz5t9qs1jg66i4bbwciyqmaen5hbyccja8xouscfm96csfql0at1bwasjun2w4w6c59piqjbe9vsuxulwua86jctsh4kn6wubros2k1qyuxs8le88/test_connective_metrics.table.json", "_latest_artifact_path": "wandb-client-artifact://n9mm5p94vbax0k5ku7btqcz54q0ka09mtwgdwj2de056dj8nl3r65c3e97hh5o88oh2dv9mf90u6955yn8ftq68yhvi1qzlfygvnqv9bjk4qh1p05noj8jfa39tlwpsp:latest/test_connective_metrics.table.json", "path": "media/table/test_connective_metrics_26_c831b17e015331cf36ba.table.json", "ncols": 6, "nrows": 3}, "Exclude_counts": {"_type": "table-file", "sha256": "082fcc874914d75958d68e780085931cf5c17034575e8b060f4acd16accf2d9e", "size": 71, "artifact_path": "wandb-client-artifact://ao7bfzstliklk9128szwsbw0wm5tpqnwxrri8x1c66xot162szv10m10j4qp52fqvg5uzpnkz9t3pnoxobooa167rx119dr78nvwias8lftz2kdvr17a7wqelr2o3gof/Exclude_counts.table.json", "_latest_artifact_path": "wandb-client-artifact://z5qcslitf8sm44m7wt1l2rg5xibxnitdse8kxbkqpegvp3folwn1opd6wbbmqdzh3xnib5viwnm323waey7xr778bo1jmf75tkax2637qdpa9phxexslhq11z44cw820:latest/Exclude_counts.table.json", "path": "media/table/Exclude_counts_27_082fcc874914d75958d6.table.json", "ncols": 2, "nrows": 1}, "_wandb": {"runtime": 89}}