{"train/loss": 0.237, "train/grad_norm": 0.6178733110427856, "train/learning_rate": 4.445676274944568e-05, "train/epoch": 6.0, "train/global_step": 1002, "_timestamp": 1739646579.4047287, "_runtime": 918.9886016845703, "_step": 132, "test/loss": 0.742851734161377, "test/accuracy": 0.6964285714285714, "test/precision": 0.5288359788359789, "test/recall": 0.42206108547571963, "test/f1": 0.29030402454353704, "test/runtime": 4.4198, "test/samples_per_second": 38.011, "test/steps_per_second": 4.751, "epoch": 6.0, "train/f1": 0.32885236060554435, "train/accuracy": 0.8606741573033708, "train/precision": 0.6749048186298555, "train/recall": 0.3470715027249664, "val/f1": 0.22416974169741696, "val/accuracy": 0.7425149700598802, "val/precision": 0.578228476821192, "val/recall": 0.2341666666666667, "val/loss": 0.9990828037261963, "eval/loss": 0.6922712922096252, "eval/accuracy": 0.7485029940119761, "eval/precision": 0.5621693121693122, "eval/recall": 0.43083333333333335, "eval/f1": 0.30488239641754705, "eval/runtime": 4.393, "eval/samples_per_second": 38.015, "eval/steps_per_second": 4.78, "train_runtime": 905.7556, "train_samples_per_second": 44.217, "train_steps_per_second": 5.531, "total_flos": 2107614117058560.0, "train_loss": 0.6679400431062885, "label_metrics": {"_type": "table-file", "sha256": "f3a20b359d19f6d2e7f4f3e0240642dbba620375f35f768f8760714e4c9eafa2", "size": 619, "artifact_path": "wandb-client-artifact://knvky5cy8drbvkkwr4pofs8rgd0qk8d0z7vp0ywt253eerp7g6gh96oe999ihw8bglg8mk935rdtgbs6qrydp98b566deu0e0sskxcp49b1ldg7dqg01wxu965vwdmrh/label_metrics.table.json", "_latest_artifact_path": "wandb-client-artifact://znqwys5jyi0ci9hkh2n8nnpaulzigtvwzvko5mbeu5ytvmrma1245f57oa9pf1hhtner1ka5a7077xgymedmlul4d3fpdmx7dz1j19u09s6b4eay2a5z72xlh6q2d482:latest/label_metrics.table.json", "path": "media/table/label_metrics_127_f3a20b359d19f6d2e7f4.table.json", "ncols": 6, "nrows": 5}, "test_predictions": {"_type": "table-file", "sha256": "d67763f81f62973f1985d20e9d3fc069b36d0ae308e6add6589a8a44ff6ffdf7", "size": 61988, "artifact_path": "wandb-client-artifact://b6a214439ycrnfe0kevn992fzktgraj30qegyuecd0ok95ne0ces3nxo6ezurtmk33aw1w2ee3juth0q41znfvirzpbqwooyc7hobx9egtob4nd1a1kdocz40tcsvotd/test_predictions.table.json", "_latest_artifact_path": "wandb-client-artifact://e0rnt7z2f31ejs9y089ae5i6zv3o2xpskqt5fmsdtotxnlrv7wwxskoa5lhaakwmthyz65cvvr399o1yyr4u5hpa47ikygy1h755fn8l3ue0ow5ozkw4qlm62qq4t033:latest/test_predictions.table.json", "path": "media/table/test_predictions_128_d67763f81f62973f1985.table.json", "ncols": 8, "nrows": 168}, "test-metrics": {"_type": "table-file", "sha256": "9916ccab57d972f831731b74e9cca07265f387ba9bc9dd05cb03d79848187b15", "size": 208, "artifact_path": "wandb-client-artifact://4kryuv1e2xbkxvch1defmtqujqxkyt17ua8w6lury6z8kfkyx9870ndgaohlzgswjitco4pklj53mymyg15p8nzccwuosqvv8t0iy3q0m8wnq6n9wnvmrf44nvaar7hy/test-metrics.table.json", "_latest_artifact_path": "wandb-client-artifact://s39l4eeuq9wv1umwvkydpr691x3n4kiobyls0tkr2gvldxqxfkdo0jc68l84iv725ucxl34q6066zb22sf7zb8dkfagb9g8t9dxtpw2mkpoeaegjmd5z17p440m0j5p2:latest/test-metrics.table.json", "path": "media/table/test-metrics_129_9916ccab57d972f83173.table.json", "ncols": 5, "nrows": 1}, "test_connective_metrics": {"_type": "table-file", "sha256": "de106049e5fd4a7148236f720d132e0421698d12dd2969f1ec6cc4687e5b13ad", "size": 442, "artifact_path": "wandb-client-artifact://wj6q8xd7v97kbeghfcx8rgpm4jtdqhxm4i28jjdd0jannmvftnuyvo8vw3y7lajnkpm384czq58820fa86i758659x8i7mjryj3e7llmm1trbr18h35y97tsspszds0a/test_connective_metrics.table.json", "_latest_artifact_path": "wandb-client-artifact://yokjh4w43ldn4i2c9esl5vydy7i40a2wkcw5eeuj4fc65adj19zbt3wa1fypcdh1rjjaxprlsfwaxgszg2x4pftckw8mapgyt3b0zrzxni3ywj8djmea8y9sssxf3md6:latest/test_connective_metrics.table.json", "path": "media/table/test_connective_metrics_130_de106049e5fd4a714823.table.json", "ncols": 6, "nrows": 3}, "Exclude_counts": {"_type": "table-file", "sha256": "92504b126567f736cbedb8586a5e833f3c5632191cd4c7ca2291163d6a06ccb8", "size": 85, "artifact_path": "wandb-client-artifact://w2trph102my2zu0k7ek49b21er5y5mgs9tn3zoo5zc5jescjb1ei3pe3d5ggnn0ituo5pfng61qlkrlbpyvdy4wtwmgzc644b3h1bxsn4ohpjysagcuw3asl9p5q4v2t/Exclude_counts.table.json", "_latest_artifact_path": "wandb-client-artifact://ndbesy0x5vsq3uip0ho2ri7qy9dynqiw12yqu7x5b6c7ygkxkfti70erb3yp14avb2av8dirv2v26n3xy2yeemrxjfr1f4pyw2vdnax7n2shobaaapz7iea1x31dwmw1:latest/Exclude_counts.table.json", "path": "media/table/Exclude_counts_131_92504b126567f736cbed.table.json", "ncols": 2, "nrows": 1}, "_wandb": {"runtime": 926}}