{"train/loss": 0.0382, "train/grad_norm": 0.038242895156145096, "train/learning_rate": 4.0798226164079826e-05, "train/epoch": 8.0, "train/global_step": 1336, "_timestamp": 1739613419.017378, "_runtime": 1227.573072195053, "_step": 173, "test/loss": 0.8342534303665161, "test/accuracy": 0.8214285714285714, "test/precision": 0.7620031871016123, "test/recall": 0.5519116677653264, "test/f1": 0.5731033258373772, "test/runtime": 4.4316, "test/samples_per_second": 37.909, "test/steps_per_second": 4.739, "epoch": 8.0, "train/f1": 0.8226024255610707, "train/accuracy": 0.9880149812734083, "train/precision": 0.9727331596418445, "train/recall": 0.8090481714260761, "val/f1": 0.6199229044014578, "val/accuracy": 0.8682634730538922, "val/precision": 0.7463751526251526, "val/recall": 0.6916666666666667, "val/loss": 0.8643601536750793, "eval/loss": 0.6649802327156067, "eval/accuracy": 0.8562874251497006, "eval/precision": 0.8137566137566138, "eval/recall": 0.62375, "eval/f1": 0.6316389197188309, "eval/runtime": 4.4044, "eval/samples_per_second": 37.917, "eval/steps_per_second": 4.768, "train_runtime": 1214.42, "train_samples_per_second": 32.979, "train_steps_per_second": 4.125, "total_flos": 2810152156078080.0, "train_loss": 0.40114943934590586, "label_metrics": {"_type": "table-file", "sha256": "37d03dcbaba664bafc1ef19dc423907f202af64836c1cb9a232006036c9bde10", "size": 573, "artifact_path": "wandb-client-artifact://vkyxp9bb27eryw7d7xas1zpd5dit3trrc7bbr9zd1q2qu3po1qkt6u6lwpkveh52gu5msbhvyr2m0f6ssfsvdoqac0lo96m4yfec6bb7bb812slxf86psg95cvxcoyht/label_metrics.table.json", "_latest_artifact_path": "wandb-client-artifact://jghul1itkdui59v46cjb9i946eb3nema4zsx5jpge5jqhvqs5ewzktag2oo2rm4jmbmr1cre1szd4lvscpb5dltbqu4kl187wktlidxwbpkrjtupjpgjbjx4t967hjl2:latest/label_metrics.table.json", "path": "media/table/label_metrics_168_37d03dcbaba664bafc1e.table.json", "ncols": 6, "nrows": 5}, "test_predictions": {"_type": "table-file", "sha256": "907db3b1907cae75169bd236cedbe36b6144e3faccb3493e79b310666a3dbf82", "size": 90441, "artifact_path": "wandb-client-artifact://pw9nuiv0x5vtfk9haf4wfrh223oxw27mynho4m4km2a3fc3q9fqmlh33n5yzc91e4cx3lyqdchagsvf0v7u4507x7q74c9g42tby2t5a9145bywelb9b8oxlq181pe2k/test_predictions.table.json", "_latest_artifact_path": "wandb-client-artifact://zeuplpfehlwpj0w58513z92htx6zq7g1b4zsyjd67amjr0asiivtwggp08d76kvq2vez1d948q6bzdiwcahvfwvizmmmpco3yyp3p597n3d399c6stmw516bz2xxv0b5:latest/test_predictions.table.json", "path": "media/table/test_predictions_169_907db3b1907cae75169b.table.json", "ncols": 8, "nrows": 168}, "test-metrics": {"_type": "table-file", "sha256": "c8961c94fc8fd4599a689febad203df56d8559e2524ec88890ee62f7ef63c68f", "size": 194, "artifact_path": "wandb-client-artifact://zd552byqm5hsg0n1rrhi4eyvy2jv078ukufv955bbpbadj4wls99yjxmp4uviv17zmg8nmm22flc9eps27i20evlciux1kcmmdsq5z4goqcwnqbpsqr0it2fih73ly4z/test-metrics.table.json", "_latest_artifact_path": "wandb-client-artifact://vlktkmxse5r8mezfzof1vk1t2vv5bemwb7n954pie38a6ty4yq98ebp0ma6abjw000nr5o50i6eojlzy7dio36qwyrd83jr8z1549omz97vudx7exgvwgmwe4dj691yd:latest/test-metrics.table.json", "path": "media/table/test-metrics_170_c8961c94fc8fd4599a68.table.json", "ncols": 5, "nrows": 1}, "test_connective_metrics": {"_type": "table-file", "sha256": "7c6067e31021fa76e5cac19a99ffbb7fb5eab2abbd5797d9c2abb92f13244aa8", "size": 411, "artifact_path": "wandb-client-artifact://txtees3j1wksic4l7tthd3s0l74dpn2leufq5hngu9kn0hl5epkmbhmub8eoge9n6iw1e7bhjz7oyrjzeq9yhddv7grxfkom7c8u775to395k2oqsymi632uw1e3au9v/test_connective_metrics.table.json", "_latest_artifact_path": "wandb-client-artifact://v5flnp4rxc7f5vu5niupqujtzbyn9hxqcpxlmqboczvyv04t3p9hbf12y3uq82u1famsqm5jj3wjhk8jvqum1yyf6cywfeyp63kb4uzjztxkjpsavjpp6qhytxde5ri6:latest/test_connective_metrics.table.json", "path": "media/table/test_connective_metrics_171_7c6067e31021fa76e5ca.table.json", "ncols": 6, "nrows": 3}, "Exclude_counts": {"_type": "table-file", "sha256": "082fcc874914d75958d68e780085931cf5c17034575e8b060f4acd16accf2d9e", "size": 71, "artifact_path": "wandb-client-artifact://l7sgkyx9j616zyw9njug9jdweku2jb0bjxcbdxnuwmg1xoi1pc9l48jar5x9px8hs4zfqc871s0ib68qgdguerwxbs0ib4jhwk7e9x20uygiovlp1nc0cpk15axe2bbx/Exclude_counts.table.json", "_latest_artifact_path": "wandb-client-artifact://6fhzkd9uafzrvgk9prflxzdxh2tvwfjkvtyar938hsalj93zcj763illb1l5259k2vq9uwwawwgw1htd0whdma4n83nch88ylo2i3bij3qqrt4uw2ewyr9km3pmhsbo5:latest/Exclude_counts.table.json", "path": "media/table/Exclude_counts_172_082fcc874914d75958d6.table.json", "ncols": 2, "nrows": 1}, "_wandb": {"runtime": 1235}}