{"train/loss": 0.0463, "train/grad_norm": 0.009183363988995552, "train/learning_rate": 2.7827050997782704e-05, "train/epoch": 15.0, "train/global_step": 2505, "_timestamp": 1736773813.6636798, "_runtime": 1080.6523308753967, "_step": 317, "test/loss": 1.3041287660598755, "test/accuracy": 0.8333333333333334, "test/precision": 0.8200787401574804, "test/recall": 0.7670336189848386, "test/f1": 0.7580136402387041, "test/runtime": 1.8786, "test/samples_per_second": 89.428, "test/steps_per_second": 11.178, "epoch": 15.0, "train/f1": 0.9731730283375573, "train/accuracy": 0.9932584269662922, "train/precision": 0.9844416945014555, "train/recall": 0.9638100761879809, "val/f1": 0.7742698525307221, "val/accuracy": 0.8862275449101796, "val/precision": 0.8425951241740716, "val/recall": 0.7466666666666667, "val/loss": 0.987601637840271, "eval/loss": 0.8146762251853943, "eval/accuracy": 0.9101796407185628, "eval/precision": 0.9133566433566432, "eval/recall": 0.8716666666666667, "eval/f1": 0.8798052910052909, "eval/runtime": 1.8632, "eval/samples_per_second": 89.633, "eval/steps_per_second": 11.271, "train_runtime": 1073.2726, "train_samples_per_second": 37.316, "train_steps_per_second": 4.668, "total_flos": 5268940802841600.0, "train_loss": 0.1923260322979237, "label_metrics": {"_type": "table-file", "sha256": "c38bfdf45dd28bbcda33230255c2dc0ea55c2e49e8bdb48405aa1ab8c98d1015", "size": 603, "artifact_path": "wandb-client-artifact://4w08xunvb8d7kebch20u9mhws4evmy1t8nza1zc0zexzy2q9ryh5la6glorgu3mfme7y6qx952uqo5f0exff7eutvf7im2v4l7yojt7rehdfkdfs67n2kp2eul4kwm21/label_metrics.table.json", "_latest_artifact_path": "wandb-client-artifact://mtkb9dzfbin0psq2ve5lvqypfsg7cfqlhry68rd5cvj9oacb508ljyhyykq4p958rkx7u3xch0s0wj7jvs9woy97t2lro6hfxp38t8pgflqvuxksiq30p64s3pa7ra8z:latest/label_metrics.table.json", "path": "media/table/label_metrics_313_c38bfdf45dd28bbcda33.table.json", "ncols": 6, "nrows": 5}, "test_predictions": {"_type": "table-file", "sha256": "ec586cfbe4fcc946eab51aec9f7dfe728ffcca300da275ac9a220e95b5760fd7", "size": 89152, "artifact_path": "wandb-client-artifact://2250c1lqhzoz3zia84t80gh7qfevxu11y8z1b04dquj02012moaile70o4x6dq0j4la58m3wocw09escnlndmmbawcsmy9z27sjnpyp1zmr70ftprdtwa6ar032vwako/test_predictions.table.json", "_latest_artifact_path": "wandb-client-artifact://bemjo6n7rypgqljat2m6mkbfujgwi7i1rhiiyhsbotsleszvbsdysy78d0xo0aiyjrfjpbegj7w8mnk016wmpehl0rx6xnvnre8y9r58h009p3hadvlw9ynd8btbi16h:latest/test_predictions.table.json", "path": "media/table/test_predictions_314_ec586cfbe4fcc946eab5.table.json", "ncols": 8, "nrows": 168}, "test-metrics": {"_type": "table-file", "sha256": "ebfb9237dbf0b0fa350dae383842c0379346122c912affdd4e9d79675389f718", "size": 200, "artifact_path": "wandb-client-artifact://iqgleftjksp3do24v6cmuw0pukg5f5g0mbibk7dngmnoppn2jw8k3100qigocsmutuzqluxz1walp9a24idic1ge87it8oupdc3y3fsa3j0as6j8480uri4ruwg3127a/test-metrics.table.json", "_latest_artifact_path": "wandb-client-artifact://t3321y4s9vec754btrwntzuus4kn2gog9ynhslap6wr418vgooxisx2i00jj74zb57lht555brf61x3txcyt2eoep0t9k3db2imi4n13t5fcqhhxfdgvjqgddqf4be2n:latest/test-metrics.table.json", "path": "media/table/test-metrics_315_ebfb9237dbf0b0fa350d.table.json", "ncols": 5, "nrows": 1}, "test_connective_metrics": {"_type": "table-file", "sha256": "3d9a556c77d9e6a6ec764b4a81b9d0e4056d6b1cf0e6f7ee7af492702448498c", "size": 437, "artifact_path": "wandb-client-artifact://3y95bao7y3o4lyadu57jpkbmb1o1aghdkr9wmu8l6yy4043zm2lda0et55ljdsw3dijhrcedmt5pv9b1qx8xt0mobyrojhqd4iv3fuicop4eyitbag3uvyhhg4i0jufx/test_connective_metrics.table.json", "_latest_artifact_path": "wandb-client-artifact://ombo33ktjov946mzp2krkqwi6yfgp0xiez8poeu4doynv8sp5ym7skn556wapuluxyxa70s8mv2ffgnofor0najvc9ovadmffbah9e71nlnbwfxux4njavczqtc1o600:latest/test_connective_metrics.table.json", "path": "media/table/test_connective_metrics_316_3d9a556c77d9e6a6ec76.table.json", "ncols": 6, "nrows": 3}, "Exclude_counts": {"_type": "table-file", "sha256": "1315d459f2edbaf5a26cf162c57611f734e37385686ca35ad763b16ff92f0e5b", "size": 77, "artifact_path": "wandb-client-artifact://n7vnub0fa6p9ugktmu8ayphcxsp6s6bglz7j92241g3cymbtq351mnz2zk8afwvsl5ve60ihqt5vpii3nolqaxzhkw5ge3gcnta3xe5lz8a9zkz0jzmlsxn267i5y31k/Exclude_counts.table.json", "_latest_artifact_path": "wandb-client-artifact://ltnqxl3ev8gkneblsyvdtb4oej34yxowz8kg0bm9espl6wts5tztgn2bru24j3cb1pq8b8i63u67q1zbvofovl3wgshcm7pylcarcw5z0paybyq9nlcbq0e7retgxh1v:latest/Exclude_counts.table.json", "path": "media/table/Exclude_counts_317_1315d459f2edbaf5a26c.table.json", "ncols": 2, "nrows": 1}, "_wandb": {"runtime": 1088}}