{"train/loss": 0.1411, "train/grad_norm": 0.19537684321403503, "train/learning_rate": 3.52549889135255e-05, "train/epoch": 11.0, "train/global_step": 1837, "_timestamp": 1739746940.9804773, "_runtime": 1673.5953862667084, "_step": 235, "test/loss": 1.0678068399429321, "test/accuracy": 0.8214285714285714, "test/precision": 0.764336917562724, "test/recall": 0.4947440123049879, "test/f1": 0.5262835037303122, "test/runtime": 4.4208, "test/samples_per_second": 38.002, "test/steps_per_second": 4.75, "epoch": 11.0, "train/f1": 0.7516162919929993, "train/accuracy": 0.9775280898876404, "train/precision": 0.928069009707271, "train/recall": 0.7661357313601449, "val/f1": 0.49977004409463754, "val/accuracy": 0.7904191616766467, "val/precision": 0.6577967806841046, "val/recall": 0.5308333333333334, "val/loss": 1.050368070602417, "eval/loss": 1.1621170043945312, "eval/accuracy": 0.8023952095808383, "eval/precision": 0.7723540145985401, "eval/recall": 0.5291666666666667, "eval/f1": 0.5517155995755217, "eval/runtime": 4.3948, "eval/samples_per_second": 38.0, "eval/steps_per_second": 4.778, "train_runtime": 1660.9897, "train_samples_per_second": 24.112, "train_steps_per_second": 3.016, "total_flos": 3863959214607360.0, "train_loss": 0.43474647692350443, "label_metrics": {"_type": "table-file", "sha256": "7693541a6bc0b5b3e8168338110bf8901b5f77364a4ab1f9f1e76e81ef3173ea", "size": 561, "artifact_path": "wandb-client-artifact://e3685brri17j1edl17pyz14kkklhj2679rjowkeok55wl7kp76ox1e07esp1yb8z2u5ee5ol4j33lp27x0hjpy8lj82zkctn7jl7bbe9iaz4ea0gqwf1xh9habv0ot91/label_metrics.table.json", "_latest_artifact_path": "wandb-client-artifact://5vt2pi4nxz554bul2rtyxb69se5nrdydz5ae8pbw6co9xv89e75yc8xcq5sp7udxuhcgau03eb603v68fnh6gydood1tw8lekekc8gxggumj38kriaftolzsd1gujgeu:latest/label_metrics.table.json", "path": "media/table/label_metrics_230_7693541a6bc0b5b3e816.table.json", "ncols": 6, "nrows": 5}, "test_predictions": {"_type": "table-file", "sha256": "0e709d4ab40e5fca1a152472126fc17c86ad8a9bd0c0a850a9e3a85233a19202", "size": 55292, "artifact_path": "wandb-client-artifact://j0ddktyic46gw97ow4ybbrw25fw1u6k4yfkuezpvrh3kqo04lum6bjzy2hrd1rl1e3l131ykyzmrhjt48yifyxxo7jy9zhd05t0k9g13plm966h4k3k773jjz39qzvq0/test_predictions.table.json", "_latest_artifact_path": "wandb-client-artifact://0b6smjnvi5ipml3dtpzc6bblh5flip1yaetj2sstp3iyshob14b7zmnj94loczjwmmoun8t6nz3p699u602r644l2h7mrps0crjay0bhe9ycfcczpp04h57la58p0sbx:latest/test_predictions.table.json", "path": "media/table/test_predictions_231_0e709d4ab40e5fca1a15.table.json", "ncols": 8, "nrows": 168}, "test-metrics": {"_type": "table-file", "sha256": "4f23d5c88f040a62a0eb17e47def93284130f02b128e610c8f524298f65b63aa", "size": 194, "artifact_path": "wandb-client-artifact://e99dv1454bpadv44q9ebuo2aujc0g4i08wlk9f1hnj1w1213e9akp517u13mtdn2ej2g5u4f44ywa0l82o1hqp0la85gvzmpbajcuibxfp33jeswz3y1zjtox0y9vik1/test-metrics.table.json", "_latest_artifact_path": "wandb-client-artifact://qd3dwbcydmgaead057ou34euaknf3tf6h2ewxb3oaliqa6ore07d3cc23kcp3affrkxlcvqc1iw4tjc3chsjqz9s941hrdyeuixhggeqopnlj5dxrmw0w1m0m7a5fdbv:latest/test-metrics.table.json", "path": "media/table/test-metrics_232_4f23d5c88f040a62a0eb.table.json", "ncols": 5, "nrows": 1}, "test_connective_metrics": {"_type": "table-file", "sha256": "d0688da027004902e29671468246dd309899f1d1e22d15cf1b6f26adfb2dd8de", "size": 396, "artifact_path": "wandb-client-artifact://b1kb4vorvfjtv4320zumeuza0paejesnjhwbx23wlzwc27z2tbf35iea8r7q79txe90f0utt1qzzlaa4hjhslgmbnfocf3lg191tgk87ujqcjkaqsi2ldyhrafcicqn2/test_connective_metrics.table.json", "_latest_artifact_path": "wandb-client-artifact://4ixj9jqarf9aohavfrcwsm8y7mn3w7e2aewa95quat6ng5vukpq4livgr5x8fqhf9bgimsu5ibkk47ht7ddb0x52o1ni6f8z5idldgehevzlk5xi2c9esf677041di6e:latest/test_connective_metrics.table.json", "path": "media/table/test_connective_metrics_233_d0688da027004902e296.table.json", "ncols": 6, "nrows": 3}, "Exclude_counts": {"_type": "table-file", "sha256": "fa22c4da7120bb2d050f2b48bfbb63b94fd3760be735d6d12002cc9214cc8ce6", "size": 74, "artifact_path": "wandb-client-artifact://ezse975vbvr6b0adc3rc72de2sl2gecqge0xkycmz0xdqxqblgllwqpilzgjdxsb2mh9mtqnzsyjn789l44hdul0hbvxsx60810cueyuiu2g05x73f4df8n1g6tzdl83/Exclude_counts.table.json", "_latest_artifact_path": "wandb-client-artifact://zr1iu0g8bced2wtdsr3h7kdvv5zy063v5i16u6w1emk2fqqvrve5csa9xju0zkhct0iavdxukfxnoi4ry6xy1zfb4yu5n9lx9jrbua5dkluxrn2t83jya9ma8lxub6ej:latest/Exclude_counts.table.json", "path": "media/table/Exclude_counts_234_fa22c4da7120bb2d050f.table.json", "ncols": 2, "nrows": 1}, "_wandb": {"runtime": 1681}}