{"test/loss": 1.7301918268203735, "test/accuracy": 0.0, "test/precision": 0.0, "test/recall": 0.0, "test/f1": 0.0, "test/runtime": 0.1137, "test/samples_per_second": 87.977, "test/steps_per_second": 17.595, "_timestamp": 1736580365.107259, "_runtime": 19.17824912071228, "_step": 23, "epoch": 4.0, "train/f1": 0.06666666666666667, "train/accuracy": 0.1, "train/precision": 0.3333333333333333, "train/recall": 0.05, "val/f1": 0.18, "val/accuracy": 0.3, "val/precision": 0.3333333333333333, "val/recall": 0.20833333333333331, "train/loss": null, "val/loss": 1.6150054931640625, "eval/loss": 1.618432641029358, "eval/accuracy": 0.4, "eval/precision": 0.5333333333333333, "eval/recall": 0.2708333333333333, "eval/f1": 0.2333333333333333, "eval/runtime": 0.1135, "eval/samples_per_second": 88.099, "eval/steps_per_second": 17.62, "train/epoch": 4.0, "train/global_step": 8, "train_runtime": 15.4153, "train_samples_per_second": 19.461, "train_steps_per_second": 3.892, "total_flos": 10524725698560.0, "train_loss": 1.6864515542984009, "label_metrics": {"_type": "table-file", "sha256": "48149e9f862a4894dcbfe985dde2738ad6868bf6440db149060a74c1303d813a", "size": 376, "artifact_path": "wandb-client-artifact://db9vvrrlh5epjxlgplho0pazaymfq56yzgrs6ehdg59xkx2321c70sfahg7781ijmnklmhe742q0bayj5czxgtehg28rhqgdi9qi97kzho8z4sxvchhten1wv0wdza25/label_metrics.table.json", "_latest_artifact_path": "wandb-client-artifact://yrr5xhyd5dw82fnt5aga3mnhykjwtz31p2qmuuwdbaxsp4vw0wsrdke13cm3u9gs2ybebnpvnkp90p4clyjgyhutg5vkb67chncptjcrt4z1fmqtpulzngdl1bt5o3ad:latest/label_metrics.table.json", "path": "media/table/label_metrics_19_48149e9f862a4894dcbf.table.json", "ncols": 5, "nrows": 4}, "test_predictions": {"_type": "table-file", "sha256": "04c425e122ff776536a61f37dee35fa19b2a227c69d7ddef54eea75aaad8effa", "size": 5054, "artifact_path": "wandb-client-artifact://pdvbkuk3qpqvhs82hkj2lvtm040t71zmofg9mz24l6zwvtcoeexfpm17e15m94rnqnd9115ba6o2oec0r5n6eyofvxiw4ni61vjdock2n7i918pahd218gddie4wqp51/test_predictions.table.json", "_latest_artifact_path": "wandb-client-artifact://il36buxa5tvggmpgg8ejle6k4rnkhv2jn7r0dpmd2zh1qcscuzfscjkzxdort4nq8gtlvywhkn08w3sls382yobl2b7isdhlgzhbvulk1uub0703yilotmu42tzcjyvh:latest/test_predictions.table.json", "path": "media/table/test_predictions_20_04c425e122ff776536a6.table.json", "ncols": 8, "nrows": 10}, "test-metrics": {"_type": "table-file", "sha256": "1be0e0f93f17f0a4bbaa6c3eb8122d6fa3ea10546719cb14a4fdf90af59ec650", "size": 154, "artifact_path": "wandb-client-artifact://tsbp7u8wqqc8y5en99dpu38bp8ew0indgex3p3kenqx85dpla9cgy46ibl8omcx9akfgll10y36jg3gr586d6fz0p6p9mhpnmqdb4899et8w39mfdjb1ey64oazq9j2u/test-metrics.table.json", "_latest_artifact_path": "wandb-client-artifact://umla8bnfh70nylf6yrohavpf2gsdqbxzss48gkd1alppl502bvg8ki461oe0gbq36qflkjd5967ylmem9c864wb0ff652plqvpszulnvs2xahm9ef5ho86szgtq52t5h:latest/test-metrics.table.json", "path": "media/table/test-metrics_21_1be0e0f93f17f0a4bbaa.table.json", "ncols": 5, "nrows": 1}, "test_connective_metrics": {"_type": "table-file", "sha256": "16bba049a0ce6642e7182bac84303af5aa59d45d87cba69730fef0453a1df8b4", "size": 175, "artifact_path": "wandb-client-artifact://clymexlsksawr83cbf29m5yvmes2uk0jcc23dypy0mx4lrzu2tfw2w6qtyl1d1bzxsmc3mivk6gex75fmosvpa9dkrsml0zhep96m3sote0gt4k2hacjbc49ddgussx7/test_connective_metrics.table.json", "_latest_artifact_path": "wandb-client-artifact://lrdb5wd126dir704mk9d4vd6z5szm460nz6bp2yq0bt2fjmxmxz7yvq888iqg0hjcaerbtbakrcxwczlcfhz64ax1ys2wnr9hocpppwfknllsqt9xng904tqki03l07a:latest/test_connective_metrics.table.json", "path": "media/table/test_connective_metrics_22_16bba049a0ce6642e718.table.json", "ncols": 6, "nrows": 1}, "Exclude_counts": {"_type": "table-file", "sha256": "6f8d5670da3d8da5e76c70431f5528625a83ef8ee1e845219c9ffabaee5dfa4b", "size": 92, "artifact_path": "wandb-client-artifact://iaeu9jjudz1kb78x6pt9vk20jysj88pyxl1xv6hr9dazp5vgn1xabem8vq4sv0re4yrcj9p7rc2gpf9h0kilodtvmc2ml3ryxotedirjk9n0wz67laciskl1pyx946j4/Exclude_counts.table.json", "_latest_artifact_path": "wandb-client-artifact://ha54zbqjaa91uvdeeta08hoqhb2srx1f3heh0x5fb19b1bw2c5uricpxux6idvb1bejsjlaisjw7stskrbddzksz0zliw0f1fp4tfyy27ot2v81gxoqs2mpx6g70i4d6:latest/Exclude_counts.table.json", "path": "media/table/Exclude_counts_23_6f8d5670da3d8da5e76c.table.json", "ncols": 2, "nrows": 1}, "_wandb": {"runtime": 26}}