{"train/loss": 0.0001, "train/grad_norm": 0.005183280445635319, "train/learning_rate": 1.1197339246119735e-05, "train/epoch": 24.0, "train/global_step": 4008, "_timestamp": 1739756083.79278, "_runtime": 3631.69682598114, "_step": 504, "test/loss": 1.7166502475738525, "test/accuracy": 0.8154761904761905, "test/precision": 0.7620333333333333, "test/recall": 0.7101098659635244, "test/f1": 0.687544903049895, "test/runtime": 4.4152, "test/samples_per_second": 38.05, "test/steps_per_second": 4.756, "epoch": 24.0, "train/f1": 0.999440479261616, "train/accuracy": 0.9992509363295881, "train/precision": 0.9998005982053838, "train/recall": 0.9990825688073395, "val/f1": 0.6963143523143522, "val/accuracy": 0.8203592814371258, "val/precision": 0.8434920634920633, "val/recall": 0.6329166666666667, "val/loss": 1.606084942817688, "eval/loss": 1.597825288772583, "eval/accuracy": 0.8263473053892215, "eval/precision": 0.7953081232492998, "eval/recall": 0.64375, "eval/f1": 0.6976569519317161, "eval/runtime": 4.3889, "eval/samples_per_second": 38.051, "eval/steps_per_second": 4.785, "train_runtime": 3619.0631, "train_samples_per_second": 11.066, "train_steps_per_second": 1.384, "total_flos": 8430456468234240.0, "train_loss": 0.20716205197189805, "label_metrics": {"_type": "table-file", "sha256": "f474c981695e7057643416c051844561f9eeb762ae7657ac3bea4a87090b7606", "size": 584, "artifact_path": "wandb-client-artifact://6ceb7iwyqko58m2quc10jotz3e9tfirazxsclnhrr24ejzpnh1big22axghqbt4tmf4vtwa9rqkmszsxu38ic0qifibe0bo3mv1mqz72pxsgx83ukfc7uiib4umzigdg/label_metrics.table.json", "_latest_artifact_path": "wandb-client-artifact://yt4ad8yio3wtgaa2dvcdi0jooji1a7ds8g5ttq85cf9rpjnrgs8jfa4zqs9usfq81hhb1uiucbme65djeh20p54xsynyxfqerif7e5cb4qxsjewk6tq2uyopayksf481:latest/label_metrics.table.json", "path": "media/table/label_metrics_499_f474c981695e70576434.table.json", "ncols": 6, "nrows": 5}, "test_predictions": {"_type": "table-file", "sha256": "90acbe975e9e4e01a32c4a94a4aaea2ad75c807db6274364c3db83d35a837d45", "size": 55226, "artifact_path": "wandb-client-artifact://ilkutk2rzq8gnabg63w61kiqlngu7iqv6w2k6rrtb39tl5xlg5u1csa9k6tlwyou4pjynmx3itl2rvjpmn9lzsqbjq9zs3vq117hycfmk4reit1gc8dy6tdajflhpeam/test_predictions.table.json", "_latest_artifact_path": "wandb-client-artifact://xxg75n03n7kb52piso8wu5dad0roldgxubhwq8tg9uuwe2et6sj0xi7nklftoqcbjj0qocabh78rsa3xsrd7ourlocxq2w3yyppvqqhbmr9ut2pg00uuxepln6k53hgh:latest/test_predictions.table.json", "path": "media/table/test_predictions_500_90acbe975e9e4e01a32c.table.json", "ncols": 8, "nrows": 168}, "test-metrics": {"_type": "table-file", "sha256": "a4aed40f39467009bfcc1bacb692f72417b883371787b56da3fbaa3b866bfe5e", "size": 194, "artifact_path": "wandb-client-artifact://bl6d8bp251d71g6bpx69jy7f13qq0w26n2y0tvwsxxgg7hs1lbmhth63z83olpzahu7jaqswab6c966b7tidu542bib0aylno8yhc1g0vkwxvbt6h4obyq4r3wca8wtg/test-metrics.table.json", "_latest_artifact_path": "wandb-client-artifact://blun1wvxtjajkgaane7jfagl5csyerrl8o9t3sk8ne3cdxz5zleduwyebder3zwjw0al9nqspkpz3lak5l8x83dfbvpe52wup94ulnkwwx96nhs8vpnmldj4gecwxolh:latest/test-metrics.table.json", "path": "media/table/test-metrics_501_a4aed40f39467009bfcc.table.json", "ncols": 5, "nrows": 1}, "test_connective_metrics": {"_type": "table-file", "sha256": "b2526753d0ed7bff9716e843bd75d50848813314dbbd0f3da092d2b5fe3c8177", "size": 397, "artifact_path": "wandb-client-artifact://cmdmek78adgcbi348opx9ca8wr95l3oa8tos4ixxx4nbfpzk0jcxvtlh159iicpsyj3k7oxau0iwmpnlgxwrh5qbngonwz0987gjey7j25i9jqixz9vax97pk6ij812h/test_connective_metrics.table.json", "_latest_artifact_path": "wandb-client-artifact://hz8embg000d29iwft8in2lw2l3ulhdok6382d8gz6a5ksy9a8md4zbq6s5a3k52hufinqp69easgzw62nbxuuih0q2okd3i17ttq2i9al0rr1wv5p7zrcgqlt3hubhg3:latest/test_connective_metrics.table.json", "path": "media/table/test_connective_metrics_502_b2526753d0ed7bff9716.table.json", "ncols": 6, "nrows": 3}, "Exclude_counts": {"_type": "table-file", "sha256": "fa22c4da7120bb2d050f2b48bfbb63b94fd3760be735d6d12002cc9214cc8ce6", "size": 74, "artifact_path": "wandb-client-artifact://rqiqf76ou9c8zk9v6kmebnazrb2g99fdigs76yqn6s1btfs077p107qrtjnpdhwzvow4r70mxdmagpzaoy9qa9hlyzx9mqc5tom8csvv0fu2lb3wqkrpo5v0615qvr2d/Exclude_counts.table.json", "_latest_artifact_path": "wandb-client-artifact://4zanruqzlwry35s7jwl42zbsmyp0hsr07zn67ehp4jkqo70r1v5q8t22g74miwplt4quxs7avhmwlxxfipm0rg6lp8nzgu0m60d4ata752j8bt8ekylx1kh8d4te4w5g:latest/Exclude_counts.table.json", "path": "media/table/Exclude_counts_503_fa22c4da7120bb2d050f.table.json", "ncols": 2, "nrows": 1}, "_wandb": {"runtime": 3640}}