{"test/loss": 1.6834074258804321, "test/accuracy": 0.3, "test/precision": 0.42857142857142855, "test/recall": 0.3125, "test/f1": 0.1688888888888889, "test/runtime": 0.1159, "test/samples_per_second": 86.281, "test/steps_per_second": 17.256, "_timestamp": 1736581313.4078224, "_runtime": 7.789333343505859, "_step": 11, "epoch": 1.0, "train/f1": 0.17575757575757572, "train/accuracy": 0.4, "train/precision": 0.4583333333333333, "train/recall": 0.3, "val/f1": 0.07272727272727272, "val/accuracy": 0.2, "val/precision": 0.125, "val/recall": 0.16666666666666666, "train/loss": null, "val/loss": null, "eval/loss": 1.5944057703018188, "eval/accuracy": 0.2, "eval/precision": 0.125, "eval/recall": 0.16666666666666666, "eval/f1": 0.07272727272727272, "eval/runtime": 0.1143, "eval/samples_per_second": 87.47, "eval/steps_per_second": 17.494, "train/epoch": 1.0, "train/global_step": 2, "train_runtime": 3.9188, "train_samples_per_second": 2.552, "train_steps_per_second": 0.51, "total_flos": 2631181424640.0, "train_loss": 1.4687914848327637, "label_metrics": {"_type": "table-file", "sha256": "18252536b98a6e817a567a7e7dce22c511f399ace4c20405adc50afe4a09c96c", "size": 331, "artifact_path": "wandb-client-artifact://lc6i2fqzq9si4lx3up6zkvpwjctuk1f1nmxk7cqkap7jc3g5bbeqqsu824p4wzsjyv133skxr54yztx67i0ti5wqxr8rnl7ds7ppjfm930tzmuwcesvlntkyb91aygeg/label_metrics.table.json", "_latest_artifact_path": "wandb-client-artifact://oxf2t6r85fyl49oieezq9o5mtfj6318ldllst9ozyqjn06emal41r7paf3wp5epq6sk0p2uqjoj2nd6ynu95x4g1wq5vgiekfzjvufkdvub67xsf5xthurodawfmvzt0:latest/label_metrics.table.json", "path": "media/table/label_metrics_7_18252536b98a6e817a56.table.json", "ncols": 5, "nrows": 4}, "test_predictions": {"_type": "table-file", "sha256": "facefb77e56bc7341237b1f55a3a21f0754fe8281fdbe0df9609010042808aee", "size": 3934, "artifact_path": "wandb-client-artifact://13ub8kirp2ca15yn7qav2vwnmm1l34j4w7rc0yabparhnbks951jdslaswmwz3qypw9zkkbfenb14bq497syfn2nvu27s5vq7wz4iqxzpxf8jo95s3hrycuvj0hzv84x/test_predictions.table.json", "_latest_artifact_path": "wandb-client-artifact://p0i8bob95jsqfmjvrqdck3rtzibb1m97fgpmx54vw8ooywda4jdlao1co2ue7iuuedkbnkpksrn83v6jih1jqii2l8deovxyco8noe6gglge3adxidhubj6qfyqayx08:latest/test_predictions.table.json", "path": "media/table/test_predictions_8_facefb77e56bc7341237.table.json", "ncols": 8, "nrows": 10}, "test-metrics": {"_type": "table-file", "sha256": "44ebed896867c80e1d96fcf8a0c2970ff99c64dbdaafe3139efd4c49f9229f4d", "size": 169, "artifact_path": "wandb-client-artifact://9g3zfisfk85rfzllwo4lcyu7jwbk3lhhe2l7nlqpw0c2nlbmjuvz9vcimqjvij07rd1b4fadetp1onn3sn56foe7lrkurquuq3bumghl52t4oon2g6x2i9fy8enb3hdz/test-metrics.table.json", "_latest_artifact_path": "wandb-client-artifact://bra4ojr5k15ivze7t1o7zr01x19d7glq3psnaotatmqhtf9zp6fyvcfhr7pfeburbf4db87csslkcwiai4bzlhkyj7jc382jet625bf4putib53416bev27w07ynda4o:latest/test-metrics.table.json", "path": "media/table/test-metrics_9_44ebed896867c80e1d96.table.json", "ncols": 5, "nrows": 1}, "test_connective_metrics": {"_type": "table-file", "sha256": "06daa77908bf6d1bc695de0839d31858a42cca4b347d10680d30f6df46cd3d4a", "size": 190, "artifact_path": "wandb-client-artifact://4afux5lq0qy89jisij4vn74hw2l4vukheivrxt7ndx8fhtgf448s2z0yxe35brq0lq9r8gkg01v6vezmtivcktxjluj082soj2womdwqw0tyr8yaea7ttvoos0hjb0b0/test_connective_metrics.table.json", "_latest_artifact_path": "wandb-client-artifact://rcqubih31glhawd814e72j5vznlp2yfp2hec6u4pxvykdrlvgaxjjuk3himuw7nd2rvvtd9n14d6rn7mxcx1kbicr330larj2t2ld62bimv4ao61luzmci0mev0ajgko:latest/test_connective_metrics.table.json", "path": "media/table/test_connective_metrics_10_06daa77908bf6d1bc695.table.json", "ncols": 6, "nrows": 1}, "Exclude_counts": {"_type": "table-file", "sha256": "082e09b377b6c6c440649c55ec48ebcd84406d435dbf3ef765c34321688ba72b", "size": 71, "artifact_path": "wandb-client-artifact://29yftb5f67q9lf2krqoypnzxldcxxbfxbtb7h1upteteohhhnh45xj8sjlrna33a5pxcvsj3k2wodjrco7e5zr5jnjull2lxhkw2beazewgohrpws3toxnj7qybg8722/Exclude_counts.table.json", "_latest_artifact_path": "wandb-client-artifact://myg5qxsxauezqyey7djaj7tuba748wlqf4guj5lg0lwva7vxp58n944u56rl9rh1cgd3ufhz8n39b9yso915s4hnqqds7anqyuyry063956ipirwbzjb4okp964tpfu0:latest/Exclude_counts.table.json", "path": "media/table/Exclude_counts_11_082e09b377b6c6c44064.table.json", "ncols": 2, "nrows": 1}, "_wandb": {"runtime": 15}}