{"train/loss": 0.0006, "train/grad_norm": 0.031226588413119316, "train/learning_rate": 2.971175166297118e-05, "train/epoch": 14.0, "train/global_step": 2338, "_timestamp": 1736745050.812767, "_runtime": 1006.7300159931183, "_step": 296, "test/loss": 1.4775581359863281, "test/accuracy": 0.7738095238095238, "test/precision": 0.5634625322997416, "test/recall": 0.5798264117776313, "test/f1": 0.5254341736694677, "test/runtime": 1.8702, "test/samples_per_second": 89.83, "test/steps_per_second": 11.229, "epoch": 14.0, "train/f1": 0.9777065025555134, "train/accuracy": 0.9940074906367041, "train/precision": 0.9938492063492064, "train/recall": 0.9632918465921267, "val/f1": 0.4909045477261369, "val/accuracy": 0.7964071856287425, "val/precision": 0.6467325227963526, "val/recall": 0.5095833333333333, "val/loss": 1.3070064783096313, "eval/loss": 1.0514018535614014, "eval/accuracy": 0.8383233532934131, "eval/precision": 0.7687218045112781, "eval/recall": 0.6204166666666666, "eval/f1": 0.6366067566559772, "eval/runtime": 1.8559, "eval/samples_per_second": 89.984, "eval/steps_per_second": 11.315, "train_runtime": 999.3933, "train_samples_per_second": 40.074, "train_steps_per_second": 5.013, "total_flos": 4917678082652160.0, "train_loss": 0.2954288399960548, "label_metrics": {"_type": "table-file", "sha256": "5fde839a6734f5c149e99c15ee632983f1e4958963c83ab9f87e585391a6ca65", "size": 688, "artifact_path": "wandb-client-artifact://ubiy3sbqgr9u2ljssez0f6jnifvd2hopgnoslxzhskbahz1794ao6595u7jkfg9jif76hvprd4dd3mhca561v915kjtsynmrlnphe2kg3g0ue0gnwo6r0ov3p1kp7vlx/label_metrics.table.json", "_latest_artifact_path": "wandb-client-artifact://2dxohzt00a6b577xsyqytme1citshlgdxfweusz15t4fzbs4ga9d58lx9iglzakmcj6vhijtqywvfwiyhue5i8rus2xkuupvkjpvx62lal4iswsws9s58h8taokv2a8i:latest/label_metrics.table.json", "path": "media/table/label_metrics_292_5fde839a6734f5c149e9.table.json", "ncols": 6, "nrows": 5}, "test_predictions": {"_type": "table-file", "sha256": "84ef1d2bb6ac4b4a68f6547e0af51be7e0ccf8f9095d12ba6ad24d3bc1d444d6", "size": 53009, "artifact_path": "wandb-client-artifact://3i9qj62p3tyo1l882whk8d69z58kxwezxxy339clif443eduz35i9gbs6rt41ne91pheaqilc0uy4ukj8791hzui4w25s044u17xnbgoe9vdk1lqchhy13i0j28pl16s/test_predictions.table.json", "_latest_artifact_path": "wandb-client-artifact://e4rowkwsz6wa51fg6nu2t7o1ryfi8x32wz78x7g2syth5n3iekspnbp7msafqmuy31r87e080iv920ipmw8uohg9bx9mcpzkcfp8lluce1rpixr4uijxlj1v2e9q2vzv:latest/test_predictions.table.json", "path": "media/table/test_predictions_293_84ef1d2bb6ac4b4a68f6.table.json", "ncols": 8, "nrows": 168}, "test-metrics": {"_type": "table-file", "sha256": "dc80f7c802cdcf55cebfb95d17511a42171ea0a7794fd0a31225f7bb232885f5", "size": 205, "artifact_path": "wandb-client-artifact://mgz9iduug9n89n8muvx2f6v6sa12tokajzmy8o7eqy7uw6fj5em9696oy7avk2a5uvb2f3esvxz7ydfrwzo95smj03as8nlu7236xpkkmsr7gry4fjtpz0qnhtlkk1ew/test-metrics.table.json", "_latest_artifact_path": "wandb-client-artifact://vj1tymdgmcggsilly99brxc72xr5mpr0ayycpuyi6v3aa5gn1l2yf4mn7vb6i6ro614u7x8bmdlyibbcc4a13ppg6ahmf2s7hpfx1kl2xwqaxt8ye4nyu5ukjrvk1u4l:latest/test-metrics.table.json", "path": "media/table/test-metrics_294_dc80f7c802cdcf55cebf.table.json", "ncols": 5, "nrows": 1}, "test_connective_metrics": {"_type": "table-file", "sha256": "fc0a4e6d912f66be86cb0b68b45c1267ef23ac1c953b13eb4e9feb1195227102", "size": 452, "artifact_path": "wandb-client-artifact://4qf856uxa0gy0e242ijnq7xn2s1mzrtjzoucoi1zp8dxrik53dj82fzw1i754ky1ossg0g6ritkggp8jlae3zeq18qif99zd781u2zh1xyoywb7o13sd8tbiiujqkv89/test_connective_metrics.table.json", "_latest_artifact_path": "wandb-client-artifact://zu2zmc9dd4msqlpeeoanqkyay888zou99jdus60a2ruu9f62958bbr76iiosxz0abesj28bari4ql5x4ssieie9k6kjkegnee3zgtmj2gdj0sp0i2nmmq09gts5go9ns:latest/test_connective_metrics.table.json", "path": "media/table/test_connective_metrics_295_fc0a4e6d912f66be86cb.table.json", "ncols": 6, "nrows": 3}, "Exclude_counts": {"_type": "table-file", "sha256": "e0904507c7a3e3f62f0831416757fbded3c24349ee8ce39d59ff399ee82bffe7", "size": 84, "artifact_path": "wandb-client-artifact://4hooiqla1k4kqqg96tti8wod8zq8kccsiqtw4zaitasvqozfj42cgmevw61rfox2r4kvcr2izes9e94g7f0i2w9vp6x6u2ofekghkv78kemmltml8bkh32tl9ss5oxcr/Exclude_counts.table.json", "_latest_artifact_path": "wandb-client-artifact://ukrlyvio6y5d927956giy6g6amywu0kcel5cbrkj61ktbhl4x9h77f31e01m5684o8qo12y6hhpd08cia30tps6ywfsgw3yzpvamhjxr35vfq2knfbcgiyp1df3y4v16:latest/Exclude_counts.table.json", "path": "media/table/Exclude_counts_296_e0904507c7a3e3f62f08.table.json", "ncols": 2, "nrows": 1}, "_wandb": {"runtime": 1015}}