{"train/loss": 0.7562, "train/grad_norm": 9.075984001159668, "train/learning_rate": 1.6000000000000003e-05, "train/epoch": 1.0, "train/global_step": 167, "_timestamp": 1736413982.7017114, "_runtime": 83.39866137504578, "_step": 27, "test/loss": 0.8100298643112183, "test/accuracy": 0.7023809523809523, "test/precision": 0.7139548349739433, "test/recall": 0.23722258844210065, "test/f1": 0.2257175660160735, "test/runtime": 1.8746, "test/samples_per_second": 89.621, "test/steps_per_second": 11.203, "epoch": 1.0, "train/f1": 0.22004170089088265, "train/accuracy": 0.7662921348314606, "train/precision": 0.610274445048284, "train/recall": 0.22788001977695985, "val/f1": 0.2390293225480283, "val/accuracy": 0.7604790419161677, "val/precision": 0.7027972027972028, "val/recall": 0.24375, "val/loss": null, "eval/loss": 0.7651105523109436, "eval/accuracy": 0.7604790419161677, "eval/precision": 0.7027972027972028, "eval/recall": 0.24375, "eval/f1": 0.2390293225480283, "eval/runtime": 1.8537, "eval/samples_per_second": 90.09, "eval/steps_per_second": 11.329, "train_runtime": 76.1161, "train_samples_per_second": 17.539, "train_steps_per_second": 2.194, "total_flos": 351262720189440.0, "train_loss": 0.941044727485337, "label_metrics": {"_type": "table-file", "sha256": "96b2bbd606648433f4b04299a9bd1e2341f417e1ccd0c0f2aa8351603c4aa12e", "size": 499, "artifact_path": "wandb-client-artifact://pm1ixaszri4ceevsmkrlmnif9usuv6z6qr9512iiqu0fg0sbx4b7g565ez5gmm2fr0xirqss2fkgh843ol3yi41unnpkuwrnupm1i5dkz5esndgfps6q7j329l6fyqhu/label_metrics.table.json", "_latest_artifact_path": "wandb-client-artifact://q3webcqss3eydgyqn0vmz82jwww0z5hjfj0e6fuae63jde962jq25mb109u9f4ydazyfudf5daevctwbk9ftb6gqz51cf5vq0vs6qvo9hpd04sdgprsvjlxsnz6ekre2:latest/label_metrics.table.json", "path": "media/table/label_metrics_23_96b2bbd606648433f4b0.table.json", "ncols": 5, "nrows": 5}, "test_predictions": {"_type": "table-file", "sha256": "a0c952d180b6a43310b37d8f6c9da4c945d09f17adae98dfe4f47e7bacd7af29", "size": 48814, "artifact_path": "wandb-client-artifact://5i45zcm1p6i4sjz0xvfi9zcjlbvh0c1x854n9bdtp60qza4sxko10rwzlvq3ps9e3vtquuz4riivib3c6s3t9s43ns005k689tog9tcyjtp18rsj1p0hu9ib1cte45x1/test_predictions.table.json", "_latest_artifact_path": "wandb-client-artifact://jxvns6n8vchycfrn3phqayycdb5brhr7cfcrvj9cqq5fwtgj6vz3qg1m0fza2ex0cjvhhijxd7pbn8ul4qgkrsz9ljti6w9us6gxa56up286q63e5l1awi9l8v9uioiv:latest/test_predictions.table.json", "path": "media/table/test_predictions_24_a0c952d180b6a43310b3.table.json", "ncols": 7, "nrows": 168}, "test-metrics": {"_type": "table-file", "sha256": "67ad65c6bf569c673b38a0b099bc0c059733890b1c28b6574edf3a3455476d1f", "size": 206, "artifact_path": "wandb-client-artifact://r7lgj2ownq61qe2mkzrn8pvlavgk7ejfrrxet1n94pvfhbptb9cas772k1fbovi7zpxkkwqk57213orbe12z7vmat4p3xxaepqjtgtkoo5rqo6509lbuevpjfa8wtca2/test-metrics.table.json", "_latest_artifact_path": "wandb-client-artifact://l0vleck9ohpnsxcmdu210z12z4jrzvr31hk0wqicb3f5ocyi5bm3n5rv8fos08a7u2rc7z55anna41ofvsfnu6by5qhhxqs5nkmaapxphz9dnkqu7ffvpt052ur08o9h:latest/test-metrics.table.json", "path": "media/table/test-metrics_25_67ad65c6bf569c673b38.table.json", "ncols": 5, "nrows": 1}, "test_connective_metrics": {"_type": "table-file", "sha256": "8181be18b5e9817c76a8cefb6d5fcc0e244ca7684e8e8aa49e24bf6da2b8c978", "size": 424, "artifact_path": "wandb-client-artifact://8dbvs00t40tpdfmvkiqbbtkj4129oeokhkxyjthhqgo0wd0frjhdapc7gg7rr3kfuyhv3elysg279qcolcg1n7of6hcqm4qxulhvn4g0q4uc2h46i0zwo5to478qefia/test_connective_metrics.table.json", "_latest_artifact_path": "wandb-client-artifact://l1axpm3nv32w02xtg9h8uxf7r9uklk7lonhcaw3oh7gxmf9f4c393c2f0ydregbieje3qvjanwncv4necsor68mh2nq3iu0uxn4b2ipvrn6dmspuinrgli2yo1cywj56:latest/test_connective_metrics.table.json", "path": "media/table/test_connective_metrics_26_8181be18b5e9817c76a8.table.json", "ncols": 6, "nrows": 3}, "Exclude_counts": {"_type": "table-file", "sha256": "e0904507c7a3e3f62f0831416757fbded3c24349ee8ce39d59ff399ee82bffe7", "size": 84, "artifact_path": "wandb-client-artifact://7re5qpiierfdob9nrbp81lci8cp9xjqq1qzsvu2m80f3f0lzddhky7b8m7vxzxx89lds00pma61x6n867b8yi4sd5ub5ndmte0cxt178fdvc4xnucw12r2iocy522fpt/Exclude_counts.table.json", "_latest_artifact_path": "wandb-client-artifact://2uy5xf0c4p3yod2ic9nmlq8bb79cf2hkt4hrk6970p8m5do1defuvf1z82pq6ifshtwlph64y9mg204035ox31wrqt5xgtzsgpthur90i31bkbshzgq9y2q5s952uc37:latest/Exclude_counts.table.json", "path": "media/table/Exclude_counts_27_e0904507c7a3e3f62f08.table.json", "ncols": 2, "nrows": 1}, "_wandb": {"runtime": 91}}