{"train/loss": 0.166, "train/grad_norm": 0.14381064474582672, "train/learning_rate": 3.52549889135255e-05, "train/epoch": 11.0, "train/global_step": 1837, "_timestamp": 1739673745.7715602, "_runtime": 1680.7724432945251, "_step": 235, "test/loss": 1.490775465965271, "test/accuracy": 0.7797619047619048, "test/precision": 0.72002442002442, "test/recall": 0.40626235992089654, "test/f1": 0.4148753626805603, "test/runtime": 4.4232, "test/samples_per_second": 37.982, "test/steps_per_second": 4.748, "epoch": 11.0, "train/f1": 0.8247383284863947, "train/accuracy": 0.9887640449438202, "train/precision": 0.9688845398272207, "train/recall": 0.8183723801514825, "val/f1": 0.40274520416140475, "val/accuracy": 0.7664670658682635, "val/precision": 0.5223866428411883, "val/recall": 0.41208333333333336, "val/loss": 1.4844774007797241, "eval/loss": 1.2568799257278442, "eval/accuracy": 0.8143712574850299, "eval/precision": 0.7996933621933622, "eval/recall": 0.6020833333333333, "eval/f1": 0.6005467703028678, "eval/runtime": 4.3968, "eval/samples_per_second": 37.982, "eval/steps_per_second": 4.776, "train_runtime": 1668.0949, "train_samples_per_second": 24.009, "train_steps_per_second": 3.003, "total_flos": 3863959214607360.0, "train_loss": 0.34392175561239946, "label_metrics": {"_type": "table-file", "sha256": "6c999c8df208314e8890a2a3e30037593962a47785ffb4722199d771356aee36", "size": 600, "artifact_path": "wandb-client-artifact://ebgeox1hlbwb3l1li9rb2vl4y7k2unlv41vmzy6d6f9wy2deidt0yvdhyjdg0zg54s93k7d0tuomgvpgazuzz2fhhjqe4ydnjyyq1uwfx6oscws1wnx3e6mhj7pm6f52/label_metrics.table.json", "_latest_artifact_path": "wandb-client-artifact://bqqlsthma7fin9t2vggeake6lnsgz0hfxjucrbvypa55md3sv8kfd40bnxa1v4cv3vo8zr165mxzfkihr29svrdhapkwgio5ikuewb1kip4xne0ft75vahp67r26vyi6:latest/label_metrics.table.json", "path": "media/table/label_metrics_230_6c999c8df208314e8890.table.json", "ncols": 6, "nrows": 5}, "test_predictions": {"_type": "table-file", "sha256": "23e7af4d0123593bdc853e86351ad4a9c444c5948e72accb99ac86795ae4ee46", "size": 75082, "artifact_path": "wandb-client-artifact://oeyer0xjrd50hu2fekob7szs7o0b5xgge45hj7iyyqsbsr5xr3yn17jtmccam33sgwn4q6g8l2rpg6pyhd3p228i2ry8492q2l5jr4t7dhmptyxyq7civicpvsa2s7xh/test_predictions.table.json", "_latest_artifact_path": "wandb-client-artifact://aljbsjk18oxvm66seel1utby76j1dbae7p361ukqisaw325ymcxtwkvbdi44c1yefq6c5j4sk11z0spl7avllpdzjkiry1eze8w8edbbhcl978nnminqkldzz5luivlm:latest/test_predictions.table.json", "path": "media/table/test_predictions_231_23e7af4d0123593bdc85.table.json", "ncols": 8, "nrows": 168}, "test-metrics": {"_type": "table-file", "sha256": "e2b4a1db2104780e486cb2c7d5ea7d70706e26333ef9ec4dce2e2f6ba6b4327c", "size": 199, "artifact_path": "wandb-client-artifact://lf493wxqwklpv2bk394yia9aj7m1io28bx70kmkmvlkgyb4cvbxsxcj38zevog40nw0uuoq59cnimkeo3tdp9l42ggyrxf3nvw2iouc2iqxboepixi6imzoxq6tln0yj/test-metrics.table.json", "_latest_artifact_path": "wandb-client-artifact://xe4enf83u37b1umhs5nvtvu3v24ps4ak7yvqj5a3ws7zbhjr8q4vjnseo3u57iqjim2mpm03vw0ds29ajps9gxlk7a2u1f0o70cdo7vh7vhjh05qyxvp9zpf4lphx3rv:latest/test-metrics.table.json", "path": "media/table/test-metrics_232_e2b4a1db2104780e486c.table.json", "ncols": 5, "nrows": 1}, "test_connective_metrics": {"_type": "table-file", "sha256": "6ac9b6fe57028655ad9b9bc8bcbe331717dda68a5eb44843c2cbf2438f393b18", "size": 442, "artifact_path": "wandb-client-artifact://m8txwlo8h6z4lptia6p6f0kuinun4oszjjhxhxop3zf4tdku09u4c1y0hqf1ad2zj5ya5wsevgz7yxp1w53oilt3g137xtz9lcgg7jtqlmhr5buvah7zys4vd014dmk0/test_connective_metrics.table.json", "_latest_artifact_path": "wandb-client-artifact://pw5svyk1p9vnk401i04g45nswnqjz24szi2om7esvc3j2n1sseo6e63r068yc6c8s3hsopua22p0h1ejt52z74eivr7di02habuzsb1jc4cd3s6vywkf74ww9py8l1qd:latest/test_connective_metrics.table.json", "path": "media/table/test_connective_metrics_233_6ac9b6fe57028655ad9b.table.json", "ncols": 6, "nrows": 3}, "Exclude_counts": {"_type": "table-file", "sha256": "e1c9680c5dbf27c108a9c47e201f13cfb20008c24fc3198b33ecbe61bb69d2a1", "size": 79, "artifact_path": "wandb-client-artifact://7r7g2dc2z1px59uuiqzp1wrzc4gxhjbfr3gfxf65im4ljyhkxu4as6kya332f7wttav1yoywd2phnotq43r17kcj2vlfyx82j4y5bqzu5bi351w494ucxmvf88euajtd/Exclude_counts.table.json", "_latest_artifact_path": "wandb-client-artifact://753fwywqm6rkl1tffa8zqbifmq8aho4e2l3nondx7m81ien4ympurftd01uoeqf449lc4z3qiu0b95ze2q5aa2fw1y4wtssj3yn0n2d12g2w6wcdj0cthd33ezd8bdbv:latest/Exclude_counts.table.json", "path": "media/table/Exclude_counts_234_e1c9680c5dbf27c108a9.table.json", "ncols": 2, "nrows": 1}, "_wandb": {"runtime": 1691}}