{"train/loss": 0.0003, "train/grad_norm": 0.007027903571724892, "train/learning_rate": 3.52549889135255e-05, "train/epoch": 11.0, "train/global_step": 1837, "_timestamp": 1739599374.0028849, "_runtime": 1684.2911229133606, "_step": 235, "test/loss": 1.9256417751312256, "test/accuracy": 0.7559523809523809, "test/precision": 0.7911278195488721, "test/recall": 0.5480092287409362, "test/f1": 0.5787782204515273, "test/runtime": 4.4163, "test/samples_per_second": 38.041, "test/steps_per_second": 4.755, "epoch": 11.0, "train/f1": 0.9808345278881964, "train/accuracy": 0.9962546816479401, "train/precision": 0.9907772689914289, "train/recall": 0.9727659360178725, "val/f1": 0.604887345554389, "val/accuracy": 0.8323353293413174, "val/precision": 0.6143447949899563, "val/recall": 0.6325000000000001, "val/loss": 1.1822681427001953, "eval/loss": 1.0894614458084106, "eval/accuracy": 0.8562874251497006, "eval/precision": 0.7262876254180602, "eval/recall": 0.6995833333333333, "eval/f1": 0.6806649350649351, "eval/runtime": 4.3919, "eval/samples_per_second": 38.025, "eval/steps_per_second": 4.782, "train_runtime": 1671.6312, "train_samples_per_second": 23.959, "train_steps_per_second": 2.997, "total_flos": 3863959214607360.0, "train_loss": 0.25694531007940086, "label_metrics": {"_type": "table-file", "sha256": "db3c7ba4cc84b79c245c744d6e58dad516554a12d5b7d1b29d6e342d30bf21f7", "size": 594, "artifact_path": "wandb-client-artifact://z3c88izymi9c2u0qe8k6n3ll9fhzfxu91vbf0gwkhqrjfz3wdilf1dah5pptbwfsrjurtmnytcev5jjj1u02p29ul3i0yeq6f4tg4xnbv0ssvtcfch28hof7ztei2hxo/label_metrics.table.json", "_latest_artifact_path": "wandb-client-artifact://euge59lm4ftj5xuss1yle9mssfqb44xbv3d7gw2r98uwsfka925k1xrewsfrvq0673yk3w5wplzn77lq10itx6nxjm0ryr8mzm6xwbkoy55fwvrnx3v9qsmm2ehrqszu:latest/label_metrics.table.json", "path": "media/table/label_metrics_230_db3c7ba4cc84b79c245c.table.json", "ncols": 6, "nrows": 5}, "test_predictions": {"_type": "table-file", "sha256": "ab4d90455af24a0ffc1ff945643cda262902184ad33bf3023b0a54b9222223fe", "size": 53568, "artifact_path": "wandb-client-artifact://2dtiytpxripjqow0wzek5nxeuih50r2f1fex5ryho5zk8wgdps6h8em5c0b8yw0mn9zvu0vztzoih863sms06qelnldmki8jfr33hes8mk1vmv20p3z353noq7ve7v9y/test_predictions.table.json", "_latest_artifact_path": "wandb-client-artifact://uxpwvjhrmuq5kikj10ww4k6ir06ufczvskdz9iqc11vrszywrqfzey6xv6rdb1f5e1wtlg59xoemmxl21f30s17ldl4njamkjheinyo5gf9pdfutrh0aljb6vl0lzwgr:latest/test_predictions.table.json", "path": "media/table/test_predictions_231_ab4d90455af24a0ffc1f.table.json", "ncols": 8, "nrows": 168}, "test-metrics": {"_type": "table-file", "sha256": "757af4a87c5670bbf1a1e863d2fb04526bce2a71477d5509e2f27118258d860b", "size": 195, "artifact_path": "wandb-client-artifact://2usl1hyiz2y3222e7oizp8aogwghgx1notoyy6tuv4q7c5djuk0tl8klc4ce58hiesazahy102z41i97ddidyfntiqufswtlsbvwg5adp74toryx3wjs3ujxz5ii4zkh/test-metrics.table.json", "_latest_artifact_path": "wandb-client-artifact://nubyr9amsrkw8ytsrgm5kflp4v9umg96y778i20mry52jq141jvas657nqvm08ae3b5iajr6e0igj0ismyvlnsu50wrquem8b7ef0u3mt9t15ou8v9eykx31txedd6qo:latest/test-metrics.table.json", "path": "media/table/test-metrics_232_757af4a87c5670bbf1a1.table.json", "ncols": 5, "nrows": 1}, "test_connective_metrics": {"_type": "table-file", "sha256": "b4d6e29a754f290f09062e2cfd6869987937509b628eaeff18d080e4e5a0463b", "size": 411, "artifact_path": "wandb-client-artifact://jwjludmvxdx0qozcrj16yn2myd890fbawwe8rzxehr2c1r2csc0kp711g4go5gw2juq2qh7xh3nkzxn7vgwbhn936hjjfn3z0h2h19py7pdbab1gfxzrrj2s3yvnsm70/test_connective_metrics.table.json", "_latest_artifact_path": "wandb-client-artifact://gbkjyhzkzoc2heac485rxrt9a6y5dx4vga6bt280ecl55gcpmfes03vvyse1mfviw2rzyql3w2dpz1xcdblo197jtw9t0mze8ul123ldqvkxoyw0xj0z52x1vua3jjou:latest/test_connective_metrics.table.json", "path": "media/table/test_connective_metrics_233_b4d6e29a754f290f0906.table.json", "ncols": 6, "nrows": 3}, "Exclude_counts": {"_type": "table-file", "sha256": "14b17048af7d70db18371f6d087e4493b63d0c540484cbe27bc06c81be6115b0", "size": 74, "artifact_path": "wandb-client-artifact://ccjzt2h63bi0yg3rf41jj03wfzb4c4xozlcrlvp58qz1v1xpoc1ce7uad60scmw5uhosz46a6ybhdowdype1lbi3s2lgng87oy85o9zzq7r54xq72r8zxn068o8zq7u5/Exclude_counts.table.json", "_latest_artifact_path": "wandb-client-artifact://nw2esll0nuu8c1gaeidwarupg63ry4yi5o9sv9at874hmyhw2smdlz8jcadrz0lqgqelt2tdzk9f36dlfdier2q5ha0lcon062c9taqisx3asgn763kujn7oskdu8rth:latest/Exclude_counts.table.json", "path": "media/table/Exclude_counts_234_14b17048af7d70db1837.table.json", "ncols": 2, "nrows": 1}, "_wandb": {"runtime": 1692}}