{"train/loss": 0.0017, "train/grad_norm": 0.022154415026307106, "train/learning_rate": 3.7028824833702884e-05, "train/epoch": 10.0, "train/global_step": 1670, "_timestamp": 1739858924.5702813, "_runtime": 1537.744844198227, "_step": 215, "test/loss": 1.0353453159332275, "test/accuracy": 0.8095238095238095, "test/precision": 0.7241673223183845, "test/recall": 0.5965062623599209, "test/f1": 0.560042735042735, "test/runtime": 4.4393, "test/samples_per_second": 37.844, "test/steps_per_second": 4.73, "epoch": 10.0, "train/f1": 0.7724448780394492, "train/accuracy": 0.9865168539325843, "train/precision": 0.9434890093528409, "train/recall": 0.7929731785546761, "val/f1": 0.47675675675675677, "val/accuracy": 0.8383233532934131, "val/precision": 0.6533273381294964, "val/recall": 0.4604166666666666, "val/loss": 1.201832890510559, "eval/loss": 0.697691798210144, "eval/accuracy": 0.8562874251497006, "eval/precision": 0.757742782152231, "eval/recall": 0.665, "eval/f1": 0.5963948332369384, "eval/runtime": 4.4111, "eval/samples_per_second": 37.859, "eval/steps_per_second": 4.761, "train_runtime": 1524.9686, "train_samples_per_second": 26.263, "train_steps_per_second": 3.285, "total_flos": 3512690195097600.0, "train_loss": 0.35798360207201746, "label_metrics": {"_type": "table-file", "sha256": "d407ca2d4d7a27a738201783f2b3520a52cd909d788e78c1bddb990f33addbe1", "size": 611, "artifact_path": "wandb-client-artifact://4zz35lzfljza72vaqy338qpqi8vcs2sb3r3yws5ii8i7yabb14rxbl4u41voxflge6cumw6cr9trwgvrkxseqg3yrahstdmm3y508fb8vnh5nvfv1ww7rvbr6vvyaefh/label_metrics.table.json", "_latest_artifact_path": "wandb-client-artifact://58haajnv66n1vozoa2g5vnkb1qxtumcy4kh3lmpco4esgit8lg9u8hqrnzdfoyo412m3iwx6sv5wankiz9ahqsx22kmllt6xjlt57ju51rl4mxtxumiti6domvqf5y01:latest/label_metrics.table.json", "path": "media/table/label_metrics_210_d407ca2d4d7a27a73820.table.json", "ncols": 6, "nrows": 5}, "test_predictions": {"_type": "table-file", "sha256": "d7a8cf31bdf369671891d602217972828592e159ed3a5409c54afffee713854c", "size": 88156, "artifact_path": "wandb-client-artifact://6qz461rn6vmafwvqpera2teplfy17wzexjmtw0kp254sqywoweucamiy7djeds2g1vli9bb1s4wikx22xgn9n787onmgqofj3hxo82qhdbgog3pgijdpmkq0mg2y4aa1/test_predictions.table.json", "_latest_artifact_path": "wandb-client-artifact://oic6thme7m9vug1xl0i8hjehx9y7ciqfpmp7mwwvgjsayjvwvpo3tawnivc94uunu6sytx7l878r94n98reruaozw2xc6tcdfwxdt8gmcq36feogoyohg784xlhw0iat:latest/test_predictions.table.json", "path": "media/table/test_predictions_211_d7a8cf31bdf369671891.table.json", "ncols": 8, "nrows": 168}, "test-metrics": {"_type": "table-file", "sha256": "0634480dedd1c1b46fcd1114cee820a69929054a3a9fc5a6a1d5c6184d3eca04", "size": 200, "artifact_path": "wandb-client-artifact://lhkqkn4lb0ijm0c10v0u70efpul1af3ecstvqcdtrpqltg8toiso5mps1bm3nia738vaydyrq5ybn5f9wkmvbkihf2vjrvnkdqzddaf3cgkn7yeitc2pn951b3y4l6wx/test-metrics.table.json", "_latest_artifact_path": "wandb-client-artifact://wz964glr7mgdvkvt9o3ipv8a1av4s284z1wgylkbks4ng291odk7decd6wp00mkvbmbv36fr52iyryvefvjncoae59suq9919wqq3t1zrpbjkqb43g793yubiu9t07hd:latest/test-metrics.table.json", "path": "media/table/test-metrics_212_0634480dedd1c1b46fcd.table.json", "ncols": 5, "nrows": 1}, "test_connective_metrics": {"_type": "table-file", "sha256": "867dabf66ced2755926134dff20311832060477d28cfb208f92202e1dfe5ddf1", "size": 440, "artifact_path": "wandb-client-artifact://0bh6ca06ipfjs7na82wshi6xzqmtooshfa29vz5dxphd23qwhqcu1aecrttxof8j7b4auc0b7qytzxkmkaodoahaqfx0onvcrasbkz9nuyjkukx4utve2ab1es9ylgdv/test_connective_metrics.table.json", "_latest_artifact_path": "wandb-client-artifact://ywxg0nx0e9mtd4oqkxvonbwfco44voeni2tuzzjt2ukajwr1wl0e1e47yy76nu52u8k9v5bvajk74tma5owteoept0l5br3lmvl8btj692matvce3jaruyim70q8lzcv:latest/test_connective_metrics.table.json", "path": "media/table/test_connective_metrics_213_867dabf66ced27559261.table.json", "ncols": 6, "nrows": 3}, "Exclude_counts": {"_type": "table-file", "sha256": "77258b7129a4391441f72a7439756a1d881e220753ec917f090c57798cc106a7", "size": 79, "artifact_path": "wandb-client-artifact://8mnfjn5p6dbyhnhcczzmatn0g7cg3spjiioh1ocm9g8s0m4z17pcglqt69fdsjit975lwrrph89w815mbtinnlyxkqb1iayz583on3t0c3wzqub46yb62xok0v2hgb12/Exclude_counts.table.json", "_latest_artifact_path": "wandb-client-artifact://dc9dz98gro4jva670e3lzyla53mn1dnih8bemn9ghxk43upr5zeh938v1y5tfqe9b2cdap7i9yiv2slmh5pbq9cjasvvn448b7zl2tfe546dj10tai36qwjazec09rs4:latest/Exclude_counts.table.json", "path": "media/table/Exclude_counts_214_77258b7129a4391441f7.table.json", "ncols": 2, "nrows": 1}, "_wandb": {"runtime": 1545}}