{"train/loss": 0.1267, "train/grad_norm": 1.591981291770935, "train/learning_rate": 3.148558758314856e-05, "train/epoch": 13.0, "train/global_step": 2171, "_timestamp": 1739911004.1896067, "_runtime": 1979.2059967517853, "_step": 277, "test/loss": 1.5090991258621216, "test/accuracy": 0.7083333333333334, "test/precision": 0.493993993993994, "test/recall": 0.52614370468029, "test/f1": 0.4183511242334772, "test/runtime": 4.429, "test/samples_per_second": 37.932, "test/steps_per_second": 4.741, "epoch": 13.0, "train/f1": 0.6781591705394681, "train/accuracy": 0.9453183520599251, "train/precision": 0.8405108623362592, "train/recall": 0.7431842877406796, "val/f1": 0.31498053309374063, "val/accuracy": 0.7245508982035929, "val/precision": 0.3660714285714286, "val/recall": 0.4333333333333333, "val/loss": 1.717434287071228, "eval/loss": 1.7037273645401, "eval/accuracy": 0.7125748502994012, "eval/precision": 0.46834415584415584, "eval/recall": 0.55125, "eval/f1": 0.40828705464688725, "eval/runtime": 4.4038, "eval/samples_per_second": 37.922, "eval/steps_per_second": 4.769, "train_runtime": 1966.2083, "train_samples_per_second": 20.369, "train_steps_per_second": 2.548, "total_flos": 4566497253626880.0, "train_loss": 0.4056937047848774, "label_metrics": {"_type": "table-file", "sha256": "f0da25ccfe9b3b4c60e3e91d9af1076ff7311d0c240ace82abebb6dd0477d49e", "size": 693, "artifact_path": "wandb-client-artifact://npn2k7mtd18739zsdg0gjdzowt8yzlfxlywovxxo96sjy2kp1hcxidxjwbgvgloijf0w33t5t37ia3ziovmfsw6vzgtvlq4nu735k4d80f7jxt0ohkpq2b9q8k3rqc3v/label_metrics.table.json", "_latest_artifact_path": "wandb-client-artifact://rdw6p74k09c5q6wu8s0dgtk1thecya2jzb1hvoyb17gnbb1v3l9pxwrqfv5i158cy4c19utgjo5nwe208icyy4gm7cv2gfg6qhcj4c1wel23dj46jptrbk6w59ory6in:latest/label_metrics.table.json", "path": "media/table/label_metrics_272_f0da25ccfe9b3b4c60e3.table.json", "ncols": 6, "nrows": 5}, "test_predictions": {"_type": "table-file", "sha256": "825776847a81f066ff3dfce7ce9ab6be871804b0dd6190a20329e26242aa8ec5", "size": 91046, "artifact_path": "wandb-client-artifact://12j8klalcaweysjuih0umen1psix1vzkxs5kgzp5219hejm2g283s4ko1hix9ovdlk5nr1q13t637iqbdeb6ggec6sr7l4lavubr66vdx6htlivnvj0vwc1e531cmr05/test_predictions.table.json", "_latest_artifact_path": "wandb-client-artifact://3yc4bey7a9j8p9mun4pmz92v0xk79jpos01kr5i5gwo28p3zleqqwrjccj4lsp06mwbwisuj4nzvqixumviqyxnskwqh0zgmj66oz79q59gnmsho9ii4pglk0ib2ktui:latest/test_predictions.table.json", "path": "media/table/test_predictions_273_825776847a81f066ff3d.table.json", "ncols": 8, "nrows": 168}, "test-metrics": {"_type": "table-file", "sha256": "1128e4119405cc92826cfbe6e72e326a6328c44e0768f08c0be7e56ade09ddcd", "size": 212, "artifact_path": "wandb-client-artifact://hewycyi1okyz0z8d0gkrbliu444gxctnoyyfey8k1122s9dr4j2hvhnlu8eu4000azkwbargn253lxej00xh6hq3e5rqo9dzimuv03laohvy01o0sblfr1bl462qeo2z/test-metrics.table.json", "_latest_artifact_path": "wandb-client-artifact://z1wh0dxqjca2a31uywdf7h4w15gv8iju65e75iwz6tcm7w6dkvoazj536euklk65mss3yggawgtx6pr62r8ts413p35icqe73iu4x2bkn77r0jys830iu00gesodom7f:latest/test-metrics.table.json", "path": "media/table/test-metrics_274_1128e4119405cc92826c.table.json", "ncols": 5, "nrows": 1}, "test_connective_metrics": {"_type": "table-file", "sha256": "e6b95df904f3558b7128cc765321cee3138aaef08ed86a6ef8f880b532980fbf", "size": 486, "artifact_path": "wandb-client-artifact://jihh3ih4ohkuu2c8ah75bgpbif4qif06d0bel4nx8sb8cr6w1evi1219zlsn4xcy77uvn45594dz1zt3p6bw44ylt0yx4oq2rilwiq7yheti4e1p4kuld9iwvp8930pu/test_connective_metrics.table.json", "_latest_artifact_path": "wandb-client-artifact://hxqvtxy01qvpj960yeixfomkuo52n9mv70stcm1taaf0qx2x77x3l237gqir1km0mw506fe979tbtnxcw1rk6f0p861ycxy82r9100iutznwq8unak6ewq0z0cfqq8y5:latest/test_connective_metrics.table.json", "path": "media/table/test_connective_metrics_275_e6b95df904f3558b7128.table.json", "ncols": 6, "nrows": 3}, "Exclude_counts": {"_type": "table-file", "sha256": "83103ea35ea937c5aafb1fde568b44549369be67e2f5e61e6a3b2ec01d6ce634", "size": 94, "artifact_path": "wandb-client-artifact://1a08lcxq3mp8qgh43i8kvjqzhjo1f1yhbqmxnqo20wsz87eq7l81wexk7e8yleclry2k2yt07keyuhk3bkv0miirfxyg6elvosjcpj4xikfk44qxn3y2sud3pozy0lev/Exclude_counts.table.json", "_latest_artifact_path": "wandb-client-artifact://yz83if9rfm9yqzygv4ked8l7jns5u07ck8hudllb9esolq01pz634jwowsci4dy8gwm4aywycmr2xdcfeamt2p80sdeogo2rbfwbc861un747rfti5h37cyxtfmnl9i1:latest/Exclude_counts.table.json", "path": "media/table/Exclude_counts_276_83103ea35ea937c5aafb.table.json", "ncols": 2, "nrows": 1}, "_wandb": {"runtime": 1987}}