{"train/loss": 0.1168, "train/grad_norm": 0.054961543530225754, "train/learning_rate": 3.52549889135255e-05, "train/epoch": 11.0, "train/global_step": 1837, "_timestamp": 1739586861.0934896, "_runtime": 1676.0573556423187, "_step": 235, "test/loss": 1.0823304653167725, "test/accuracy": 0.7857142857142857, "test/precision": 0.6836614173228346, "test/recall": 0.5136739178202593, "test/f1": 0.5185268473586617, "test/runtime": 4.4139, "test/samples_per_second": 38.061, "test/steps_per_second": 4.758, "epoch": 11.0, "train/f1": 0.7619159059416869, "train/accuracy": 0.9805243445692884, "train/precision": 0.9517756047349459, "train/recall": 0.7626091500837422, "val/f1": 0.5332472006890611, "val/accuracy": 0.8263473053892215, "val/precision": 0.7479413702239789, "val/recall": 0.5033333333333333, "val/loss": 1.1128286123275757, "eval/loss": 0.962363600730896, "eval/accuracy": 0.7904191616766467, "eval/precision": 0.6920572916666666, "eval/recall": 0.5629166666666666, "eval/f1": 0.5354838709677419, "eval/runtime": 4.3876, "eval/samples_per_second": 38.061, "eval/steps_per_second": 4.786, "train_runtime": 1663.4415, "train_samples_per_second": 24.077, "train_steps_per_second": 3.012, "total_flos": 3863959214607360.0, "train_loss": 0.3946457332878226, "label_metrics": {"_type": "table-file", "sha256": "a611f50f18379e9f2e28cd941b1998afa6f31f0b76a15564e7d3304b85066719", "size": 577, "artifact_path": "wandb-client-artifact://oxuxbajzxjgusq1uzld00zqf4cesdpeclgb1zi5aou4fxk4zaydp3m0tku1jxck2llnyci13gyyriwqqlcgxgn2k8vjodiewiiiht274flcqonuln1hy3ofkfophlwuk/label_metrics.table.json", "_latest_artifact_path": "wandb-client-artifact://nsy6etp5enpum06gi5073wdfqqmyh3wi4gdpocr735uqbajgep5fjwreii8hirr2m1pqilwn9q38vr0hrwa039qlyf8l0ld3v1xaeb9rqnuxpalhhcwjg5tghlc8xufp:latest/label_metrics.table.json", "path": "media/table/label_metrics_230_a611f50f18379e9f2e28.table.json", "ncols": 6, "nrows": 5}, "test_predictions": {"_type": "table-file", "sha256": "29f7badbc4ba734df4ec85662e5cffed2e5bdd437170654d87b32338d3f2232b", "size": 55232, "artifact_path": "wandb-client-artifact://0xkif8jv70lc6k9mopwoo94luxkwrpj7tj4xvbb901ithpkbki7cyif5lcnyqzjutl2vxm3byfatwtl59616lbyav906n2662ms6dipt76z5dnx050mpvuscr5dalsuf/test_predictions.table.json", "_latest_artifact_path": "wandb-client-artifact://syw8u48349xbz4vfq2woui83t6cfa2hpdc8blbhcdjhabdud5dn3qddzj3txn31o02i3byuptq8ce51n4hcazh8h41b1jfh1yk8zjp1aczi5c27prywj0fsbmd0fvfk5:latest/test_predictions.table.json", "path": "media/table/test_predictions_231_29f7badbc4ba734df4ec.table.json", "ncols": 8, "nrows": 168}, "test-metrics": {"_type": "table-file", "sha256": "6946ad78f1632be2a6c8c2ff6808f9bc7e32833a8ea0ef4d76f721b47ab99dd9", "size": 195, "artifact_path": "wandb-client-artifact://ja5z4q4kmsbxa2oyqwt5ewssbbojo8snersn9qs61dbdg6lr750ir6ofimfghsdquem9p307uue95ma1zr6p8c9zdjb6tamfk0st4wxliz2tna7z0hjfmfzy73cq0inm/test-metrics.table.json", "_latest_artifact_path": "wandb-client-artifact://8yx04icjpcuxnz4oxdxd3k4mho7qabcxngquy2b1bekmwbuisoxo6e0pdua8aokc5hpdvgr5bdp3qjvhtisd6kqdyft8x4fziest4py7c5a8xaq2bhpymzwq6pftgm4l:latest/test-metrics.table.json", "path": "media/table/test-metrics_232_6946ad78f1632be2a6c8.table.json", "ncols": 5, "nrows": 1}, "test_connective_metrics": {"_type": "table-file", "sha256": "62955896096009097fd0696bcea2b3a558753278c0f1a33d6b7c756c1781e608", "size": 391, "artifact_path": "wandb-client-artifact://s1xoirv26we4rbt86pekvm3dyfo90dd3y7ayjgqxyqy6lmkh0sqfoezwqaxt2ff9wtxlznon02rqxnnte8fjyjtmjggnglr4d8bdga9zvw57f965uh5m3zkibasi994j/test_connective_metrics.table.json", "_latest_artifact_path": "wandb-client-artifact://i72h9bom6gord34ixr8z5uu69zcserol0i9gzdnu4uvffyxxi4dcawrsklu0t40tk0tn0t20wnwkjzatqfjpiylnavcjqc700oy2yjqgfze9c8gh4ojd7p0669tj59yz:latest/test_connective_metrics.table.json", "path": "media/table/test_connective_metrics_233_62955896096009097fd0.table.json", "ncols": 6, "nrows": 3}, "Exclude_counts": {"_type": "table-file", "sha256": "fa22c4da7120bb2d050f2b48bfbb63b94fd3760be735d6d12002cc9214cc8ce6", "size": 74, "artifact_path": "wandb-client-artifact://m6si2kb5dj1zfzu5qv0tl1pdi70h1ghtgmikcgnad4l788oa8a7la4szu6ye8i9of2sfbhbw8agnwfoget8yreqhn4ftlhu7zwuqjryn72ryfmsesgyj86nnma994u7e/Exclude_counts.table.json", "_latest_artifact_path": "wandb-client-artifact://2azkqeg6i6n7xwjfmd6mz48yz1w2s112dkzeyg9s9lxsaiyyncv1q4q7noeszpb62n08xizrtxxxb34fwt8pcrvl7ghmg0ixvd7goyvjqcpsrzq3pux8fhkpht2va63y:latest/Exclude_counts.table.json", "path": "media/table/Exclude_counts_234_fa22c4da7120bb2d050f.table.json", "ncols": 2, "nrows": 1}, "_wandb": {"runtime": 1684}}