{"train/loss": 0.0002, "train/grad_norm": 0.003787415800616145, "train/learning_rate": 2.5942350332594233e-05, "train/epoch": 16.0, "train/global_step": 2672, "_timestamp": 1739749384.6425316, "_runtime": 2428.666475534439, "_step": 339, "test/loss": 1.4521164894104004, "test/accuracy": 0.8214285714285714, "test/precision": 0.7788095238095238, "test/recall": 0.6562623599208965, "test/f1": 0.6864673046251993, "test/runtime": 4.4133, "test/samples_per_second": 38.067, "test/steps_per_second": 4.758, "epoch": 16.0, "train/f1": 0.9974324305869988, "train/accuracy": 0.998501872659176, "train/precision": 0.9988831670127233, "train/recall": 0.9960056457304164, "val/f1": 0.6433464827062848, "val/accuracy": 0.8143712574850299, "val/precision": 0.7184282638481111, "val/recall": 0.6012500000000001, "val/loss": 1.5560061931610107, "eval/loss": 1.6548889875411987, "eval/accuracy": 0.8083832335329342, "eval/precision": 0.751030303030303, "eval/recall": 0.595, "eval/f1": 0.6566518861255703, "eval/runtime": 4.3877, "eval/samples_per_second": 38.061, "eval/steps_per_second": 4.786, "train_runtime": 2416.0218, "train_samples_per_second": 16.577, "train_steps_per_second": 2.074, "total_flos": 5620304312156160.0, "train_loss": 0.27425368803346417, "label_metrics": {"_type": "table-file", "sha256": "5b6814379c00a92d931acd70c1c30a2f59b2d2f8ef66eeda13c16fa63d65024d", "size": 567, "artifact_path": "wandb-client-artifact://787elm58mc99kq7zrhoh5x94gz59g0aas4zhmjyz2ux8275jwld60u52gatnj6qes2u32039zq5l6acwx5b8izombf24bpx3q42lyx1l2p0jxmt8khcz94vjrxqpdrva/label_metrics.table.json", "_latest_artifact_path": "wandb-client-artifact://9xrg6iv269z8p6z7ruh1zkvq9o9l6c0gxkengduxefmpbpb1nraw3cxh2hz6gb7ug7cvu89wqhnnlydg4tafuztlddrcmzwtf39ncsv6z7xgk2h9mx62eccm9lpakvwe:latest/label_metrics.table.json", "path": "media/table/label_metrics_334_5b6814379c00a92d931a.table.json", "ncols": 6, "nrows": 5}, "test_predictions": {"_type": "table-file", "sha256": "5af78aa8aa5337bfb8e09199d82b11e936654e9c8b5553f2ca3225e6cd6d7fda", "size": 55238, "artifact_path": "wandb-client-artifact://5mbtsafgh709xnufkkjkr0n0tb1g8tt9srhfq7psn6afmcup12u11b2s7zu4k5cl11o31jb9jdkpzz5hrjz6djifzsfckovm4ud9si5cyt8wk4j3od5t4twk8319xybx/test_predictions.table.json", "_latest_artifact_path": "wandb-client-artifact://5tkjb2voyufqh71twzmf2mcyl5s7kdnb0l3y0llyg3oyolwvm66b9m09btnuyvbcnghxbh98mu84uao7tfsmnb0k42rfkdx4sd0jpyanf5bzdxroterh6otoc9t2r29v:latest/test_predictions.table.json", "path": "media/table/test_predictions_335_5af78aa8aa5337bfb8e0.table.json", "ncols": 8, "nrows": 168}, "test-metrics": {"_type": "table-file", "sha256": "6c88b24001aee354e4c381d3b83038377e3709bbed6dd7c3d2866285024c1d36", "size": 195, "artifact_path": "wandb-client-artifact://2awgaxztci8r0cuvfk71q2wwd7mj2wrfmiltrpnij1g42b3myf8pylikp3mpx8e1wrmnsj2qjoyna69umy53kird61rd4jyqwgqikdcev3fm9wjn63ks0gn9m9fubdtr/test-metrics.table.json", "_latest_artifact_path": "wandb-client-artifact://tcztrvrum2edq6m7y2drpk8aryk5b1bgkntfhsbdtc86no7m2h0eb1tbm3lqyysmz3bdfnmfyuzs9mbd9te636g940a7hi82ju3l7dwdhg0x6ij8eopiksysv8a1ho9z:latest/test-metrics.table.json", "path": "media/table/test-metrics_336_6c88b24001aee354e4c3.table.json", "ncols": 5, "nrows": 1}, "test_connective_metrics": {"_type": "table-file", "sha256": "68fa13e47f7f94411d8542d796fdb1deab3f289c5335b3c0094bc699cf4a8f29", "size": 382, "artifact_path": "wandb-client-artifact://l7i1hx3sylx5rp0t50yi9wbm61nga5o3iqwu59fo9odk57v9p0gl0ofz235zopbkkl7ainwvo9sdcxjz1y8qqc5vkaf0yfe1eobfbsv6j2rnolainvste9pb8isvz0pd/test_connective_metrics.table.json", "_latest_artifact_path": "wandb-client-artifact://lhzazzwkn7413k5axkx0b9zx9xbm1amtbbpxztyq77pm7gm7z3n11txnwt49w98ia3qv4kjotfna9m1l5vz4887zx7759kfjzqneqlx3pktcm9gv9v2qxvtbhmk27lqu:latest/test_connective_metrics.table.json", "path": "media/table/test_connective_metrics_337_68fa13e47f7f94411d85.table.json", "ncols": 6, "nrows": 3}, "Exclude_counts": {"_type": "table-file", "sha256": "fa22c4da7120bb2d050f2b48bfbb63b94fd3760be735d6d12002cc9214cc8ce6", "size": 74, "artifact_path": "wandb-client-artifact://z4ic79oym4jd8pqy4i5datjpe6h7s3sbzzs2g8ho65r0dh0vzuj9ix3k0em2889o7n0fqb5zzjizn38jdrwyti0sstuac1ii2tzph1hvex5qki34gpq1b08xhg0z6zdf/Exclude_counts.table.json", "_latest_artifact_path": "wandb-client-artifact://kaiqtlgfclnluaje8s50ezempdnghfttkotyuvyzy27v841x7poy0tswt1bdf6obmrh70nfp6wpg7mq11eq4kdvz7cqvdudhiut3njriqriqe0pwjcpzty23lgwknxvj:latest/Exclude_counts.table.json", "path": "media/table/Exclude_counts_338_fa22c4da7120bb2d050f.table.json", "ncols": 2, "nrows": 1}, "_wandb": {"runtime": 2438}}