{"train/loss": 0.0017, "train/grad_norm": 0.04494885355234146, "train/learning_rate": 4.0798226164079826e-05, "train/epoch": 8.0, "train/global_step": 1336, "_timestamp": 1739843946.9120896, "_runtime": 1224.3338496685028, "_step": 173, "test/loss": 1.3360674381256104, "test/accuracy": 0.7440476190476191, "test/precision": 0.6040695990944747, "test/recall": 0.41903977147879584, "test/f1": 0.37626978063952854, "test/runtime": 4.432, "test/samples_per_second": 37.907, "test/steps_per_second": 4.738, "epoch": 8.0, "train/f1": 0.7640918501788068, "train/accuracy": 0.9842696629213483, "train/precision": 0.9252193410508193, "train/recall": 0.7952516984379864, "val/f1": 0.4946293326754656, "val/accuracy": 0.8083832335329342, "val/precision": 0.7171106557377049, "val/recall": 0.5629166666666666, "val/loss": 1.4153029918670654, "eval/loss": 1.0727368593215942, "eval/accuracy": 0.7964071856287425, "eval/precision": 0.7508208955223881, "eval/recall": 0.5508333333333333, "eval/f1": 0.5352892790315086, "eval/runtime": 4.4046, "eval/samples_per_second": 37.915, "eval/steps_per_second": 4.768, "train_runtime": 1209.3559, "train_samples_per_second": 33.117, "train_steps_per_second": 4.143, "total_flos": 2810152156078080.0, "train_loss": 0.4272788986089656, "label_metrics": {"_type": "table-file", "sha256": "8793586d1572782b14a9d819cd9e129a28680e3ab3fb4b0dc34eddd1a888dec0", "size": 605, "artifact_path": "wandb-client-artifact://3id4xtg198pk8ek0s2lfjco76uyjpixvh81p0gdcnkvqhg9o3r0ah7yhj4g486m6rvo2pc4sc43ncvy5xkdputmtp3g8goy8lnlnabhrnruvk59yspya1ahlghmya5u3/label_metrics.table.json", "_latest_artifact_path": "wandb-client-artifact://j4biexrd7gobder221qzpgz0k6dqjq9mvk2y5je7i5zj4rxca88d962uj2w4jik36db4tmrcwifipfe5dmv3ysdvziotbzk1qyn4m31sqmmhssqznov1312rv2ck3oas:latest/label_metrics.table.json", "path": "media/table/label_metrics_168_8793586d1572782b14a9.table.json", "ncols": 6, "nrows": 5}, "test_predictions": {"_type": "table-file", "sha256": "d6ead7c9994938f413f1a8f58ba06e65b8d11f2019c9b00fa5d18e33608882c8", "size": 74986, "artifact_path": "wandb-client-artifact://rb14ri9xpkm5v19zri2j3ldxnaqqrzzpyw9fq43qahthjma92uiortam7jek9bh1aqajud7bidhurnomynwnx0rtax1nwmauzbjlzo4juhg3xppumhzh7aer4x343ugh/test_predictions.table.json", "_latest_artifact_path": "wandb-client-artifact://phjiypy47y1dtzifn1wx7xf0x6wpn8xcrgcm11mr58jtt89fw3mziuth0sm5b7jf24a08uh7o3i7z0ez8dqae8u3we39w5d603e6ls010kj5rj0rjpwzd18fzjotp7bg:latest/test_predictions.table.json", "path": "media/table/test_predictions_169_d6ead7c9994938f413f1.table.json", "ncols": 8, "nrows": 168}, "test-metrics": {"_type": "table-file", "sha256": "c75bb2da60e1b947babd1f83e587b9c1d7d597001a8a8f8ab672bcab472f564a", "size": 202, "artifact_path": "wandb-client-artifact://phcjan0w3d67z2xak60lm6ars5a345xkngss8790xim1ubiy9clljer477v4hkqj900g2drsgt0a2zo38zw0lfurcokyvkvnexb3h0h963cywkyso8kzz5r90sivybg6/test-metrics.table.json", "_latest_artifact_path": "wandb-client-artifact://n9mpemvq3a934cmafgawl30o9jgiajs8pej46e1jju43glr72x9re12gqf3sbb0b7sfk2gqa7tzf8bol2naiscbiahomc4wyi8wnbxffi8q9x6toj3oesm8jfozuyv9q:latest/test-metrics.table.json", "path": "media/table/test-metrics_170_c75bb2da60e1b947babd.table.json", "ncols": 5, "nrows": 1}, "test_connective_metrics": {"_type": "table-file", "sha256": "9ea589fd4801fa2eea840783dce531f543be9b3d5e669717338aac597f880e3a", "size": 413, "artifact_path": "wandb-client-artifact://48cp6xhsp26leran2qi0wpb48d4xqqewclj49uj803t00vt7sbxltz7zkowgepxnl6fnvyjxkikjaav6i4dx13kds6prnx16y86jfnsohe3znwnhfsiwh7loblbannzd/test_connective_metrics.table.json", "_latest_artifact_path": "wandb-client-artifact://6wic0giniy2u1ktnpuqb9fp22gaahmw2nbxgkzfimw5n0avl3zojsyivt27cgk5vudl1s7s2md0vbg1s458lhuqicez7oyvcls4ccnd7th170gw8hwsv4ucamtszro9p:latest/test_connective_metrics.table.json", "path": "media/table/test_connective_metrics_171_9ea589fd4801fa2eea84.table.json", "ncols": 6, "nrows": 3}, "Exclude_counts": {"_type": "table-file", "sha256": "e1c9680c5dbf27c108a9c47e201f13cfb20008c24fc3198b33ecbe61bb69d2a1", "size": 79, "artifact_path": "wandb-client-artifact://h4klyrb0j50wdza6asnxazb8iwjwgixn905yut2ks1nvcf4ckxsih5rqcr6nzjt6je6wg29eochuhdvar1544ivrsx0nji9axy5e0b6bq9diskecxv5w2psdfockdv2u/Exclude_counts.table.json", "_latest_artifact_path": "wandb-client-artifact://9unn36wfx34zf5zrx7bolyilg6q5d0v4btmjhmvcxbn43xbvmjiybczs3imjfzdunywsy67nsg9lzoiws5aumd3lx6fxxd1vx1immb5yryabafwokua9ztdw8fkxcjxe:latest/Exclude_counts.table.json", "path": "media/table/Exclude_counts_172_e1c9680c5dbf27c108a9.table.json", "ncols": 2, "nrows": 1}, "_wandb": {"runtime": 1232}}