{"train/loss": 0.0724, "train/grad_norm": 0.05687033757567406, "train/learning_rate": 4.26829268292683e-05, "train/epoch": 7.0, "train/global_step": 1169, "_timestamp": 1739861415.6730773, "_runtime": 1074.1139874458313, "_step": 152, "test/loss": 0.8287500739097595, "test/accuracy": 0.7857142857142857, "test/precision": 0.8033624175356459, "test/recall": 0.37523181718303666, "test/f1": 0.40180995475113124, "test/runtime": 4.4372, "test/samples_per_second": 37.861, "test/steps_per_second": 4.733, "epoch": 7.0, "train/f1": 0.7710307695760262, "train/accuracy": 0.9872659176029962, "train/precision": 0.9412227249686138, "train/recall": 0.7938906097473366, "val/f1": 0.5552848844395006, "val/accuracy": 0.8323353293413174, "val/precision": 0.6913990956959707, "val/recall": 0.5841666666666667, "val/loss": 0.98704594373703, "eval/loss": 0.5427307486534119, "eval/accuracy": 0.8562874251497006, "eval/precision": 0.8433322890559732, "eval/recall": 0.5445833333333333, "eval/f1": 0.572695718603647, "eval/runtime": 4.4092, "eval/samples_per_second": 37.875, "eval/steps_per_second": 4.763, "train_runtime": 1061.3892, "train_samples_per_second": 37.734, "train_steps_per_second": 4.72, "total_flos": 2458883136568320.0, "train_loss": 0.4446899098550488, "label_metrics": {"_type": "table-file", "sha256": "3c906dc5a20328c4d9a62c3280c3b2f129819a136e2d0331ad9dc86c96442f12", "size": 589, "artifact_path": "wandb-client-artifact://toostg8t3ykgozur3peo3t02ladegtnvp1gimlkn92nqs9aiwmu449rrfq7doyusl9a50bx7wsp3cbbfulb6kepbqnqvtz38u16t8z0x7zscvpv7inmyqws8fe8w9tmf/label_metrics.table.json", "_latest_artifact_path": "wandb-client-artifact://hzb1rpg7nz1ogrxx5rcr9goucnqixawr8bnu5dqtdzjmpyt5x5hjh2pvxqgafvggilyf2qmnjza4h0e2mbxgo3vtb93t2ghyu2dyvdagwz9gr6i8argd1xse36ip3j9d:latest/label_metrics.table.json", "path": "media/table/label_metrics_147_3c906dc5a20328c4d9a6.table.json", "ncols": 6, "nrows": 5}, "test_predictions": {"_type": "table-file", "sha256": "e99891ca377dcf66c8677ed310c19a75fe6430b891902d40fe1421b1b2334301", "size": 88300, "artifact_path": "wandb-client-artifact://79n7opqn4tr6nj9b8b6q558cwppe08esvng7nne66y158owxxl7zebl18t4y5r3m0wmtf6dyamczvwwtzlys77yfjxw305rxg2rzlz6nlnph0ele7vwc7zx4w9jan7g5/test_predictions.table.json", "_latest_artifact_path": "wandb-client-artifact://ziay6tns7d004i5xw4at8mvsavufvapy1zokbg801ancpib6afmd5lmfiu4irim5b03ne9ef6wxusodrsrfs8ycuihlfkm48bnwbetxj4xodw9uq7cj0su4ac1o6g7ec:latest/test_predictions.table.json", "path": "media/table/test_predictions_148_e99891ca377dcf66c867.table.json", "ncols": 8, "nrows": 168}, "test-metrics": {"_type": "table-file", "sha256": "e9e1aeb433f9edab5442b4e41bab4ae38de2d23ad5b02d0c733688dbc6881f62", "size": 203, "artifact_path": "wandb-client-artifact://x4bvzzn7z1uh5i4znsldrxv85eci8ax1oy49lf00br9o2azl667a7fl4qtcxo10usmmqqgpuyui1fkf48xqot6c3a0mxeutb8a5saaelnh14vkib4fu22day6w1oegmg/test-metrics.table.json", "_latest_artifact_path": "wandb-client-artifact://z0tqg7gq5scd84gicv09dtq8zr6mxv7gtticj5t6i70zhbko6flfek76kwtmwue5a1kcufbyq3a5u0h3qvpvtf3219za5fer1a9mge9036aq6qx8z69mqmb02ocdbjkd:latest/test-metrics.table.json", "path": "media/table/test-metrics_149_e9e1aeb433f9edab5442.table.json", "ncols": 5, "nrows": 1}, "test_connective_metrics": {"_type": "table-file", "sha256": "7e7844ca8e1e6aacc67385dc890f62f71458d278c3718bdfcba78debbecd2331", "size": 439, "artifact_path": "wandb-client-artifact://f8jd46jcb1vzt4tbt7phj6qamtbuqkmp4750fupzcwth5ywfu7t76shdv8xn51ex5envjn4of9kcdm8c0d0ru87n7qqi86yztltt3r1jf11cjhu7trd4q7iqmydpdx05/test_connective_metrics.table.json", "_latest_artifact_path": "wandb-client-artifact://ntu74qj016td2g9p4bjf77900xl0vrn9d989adtaikfkxcq3jdp4fdwd8k7xzddbk5m0rb5vkyswpy124uwpzjsib6664jv0cwb7qq1waq5fkvnanr2sixdb6gwj8lbm:latest/test_connective_metrics.table.json", "path": "media/table/test_connective_metrics_150_7e7844ca8e1e6aacc673.table.json", "ncols": 6, "nrows": 3}, "Exclude_counts": {"_type": "table-file", "sha256": "77258b7129a4391441f72a7439756a1d881e220753ec917f090c57798cc106a7", "size": 79, "artifact_path": "wandb-client-artifact://m4oj9bzcw9rl5nj8fu3o3ljwd64kk9u2jyy6kcahk9c0pbbzlgyqzpzzsbskaxfh3fdrwizfn29cnwlk2hi03gw4yjjou3f6ssddovga72iy4xqymyaz94zprotllj5r/Exclude_counts.table.json", "_latest_artifact_path": "wandb-client-artifact://feuxelvk6tvv5vuwhllfnwxs46z6c25rjqiq3opbqkqidz1985w07zx82zctsjtei9enmumiuiqrdpwcy8l5szp9lx1aceheagj2yxa6hiem8h8dscbxwyo217fixq0o:latest/Exclude_counts.table.json", "path": "media/table/Exclude_counts_151_77258b7129a4391441f7.table.json", "ncols": 2, "nrows": 1}, "_wandb": {"runtime": 1081}}