{"train/loss": 0.314, "train/grad_norm": 0.49008065462112427, "train/learning_rate": 3.52549889135255e-05, "train/epoch": 11.0, "train/global_step": 1837, "_timestamp": 1739552134.8501928, "_runtime": 1678.209579706192, "_step": 235, "test/loss": 0.9985087513923645, "test/accuracy": 0.8273809523809523, "test/precision": 0.8227223816355811, "test/recall": 0.55089650626236, "test/f1": 0.5786017270110589, "test/runtime": 4.4258, "test/samples_per_second": 37.959, "test/steps_per_second": 4.745, "epoch": 11.0, "train/f1": 0.7702919363793204, "train/accuracy": 0.9842696629213483, "train/precision": 0.9575005217608917, "train/recall": 0.775098312297675, "val/f1": 0.632417684054754, "val/accuracy": 0.8802395209580839, "val/precision": 0.8219246031746031, "val/recall": 0.6208333333333333, "val/loss": 0.8258416652679443, "eval/loss": 0.7138853073120117, "eval/accuracy": 0.874251497005988, "eval/precision": 0.8390497967479675, "eval/recall": 0.7258333333333333, "eval/f1": 0.6949368018812463, "eval/runtime": 4.399, "eval/samples_per_second": 37.964, "eval/steps_per_second": 4.774, "train_runtime": 1665.2945, "train_samples_per_second": 24.05, "train_steps_per_second": 3.008, "total_flos": 3863959214607360.0, "train_loss": 0.3953120132515822, "label_metrics": {"_type": "table-file", "sha256": "4c26e9046b5ef73b468482c05772ff00e5f3368c1c40c80d3cd8a9b70aae8e6a", "size": 541, "artifact_path": "wandb-client-artifact://pol4nnlwqflhv3kf0qf9ouhw6jnfbwxpg5zbwp39oqyi45h0gyow5k8anrq55bbxnwkuc01uk31h919x0xfh1sx4dbxmfckx3z5t9wq5turuchc73hwhiyuypgop0xmb/label_metrics.table.json", "_latest_artifact_path": "wandb-client-artifact://n9n5vvzf3i20uc4psggqksqplw2ua9qlw0ulrd4zhojj575u5dw6iw82ooqdmx2e65r91oqev706tscafq9xvbt55y5xt2snfqu3yc7gm2yvbvf6f338ske0gkokicth:latest/label_metrics.table.json", "path": "media/table/label_metrics_230_4c26e9046b5ef73b4684.table.json", "ncols": 6, "nrows": 5}, "test_predictions": {"_type": "table-file", "sha256": "15419038df586904005fdeed3c36a19e782cf135f74a330cb9bb4dfcb4de4ea8", "size": 88067, "artifact_path": "wandb-client-artifact://k3p33m9jsiq4awy20a16g7vy7cdk1ofodozq3y37i01g737vwrbfg0hfvm8d0bh82hk5dy1gyvwshzkcinm9ulefo7577cjgcsituicp98n24qgymyv8i5yy40viu728/test_predictions.table.json", "_latest_artifact_path": "wandb-client-artifact://ohupubichmj266kmvizjfgutl8zapw7254zrn0mcj3bs1yfd4mq5hd7bfsytgunbpzgyt0d2hyba4guvgiw132j59if00j1xmsbdxitzcmaayc1blxg08975hhxgtyq8:latest/test_predictions.table.json", "path": "media/table/test_predictions_231_15419038df586904005f.table.json", "ncols": 8, "nrows": 168}, "test-metrics": {"_type": "table-file", "sha256": "9847fb98af188883cf13467783f9f0f2643ba3a510bb323ca3bd3446aa9bcc95", "size": 188, "artifact_path": "wandb-client-artifact://6iz0fj2lgcspmt49sg4pbarxe6en2h1hz1enuodic10z3w7ikhryog8wet997zpvma061lzeas0fyqjvcqdlvvag75fg415f9ibck0zi61djjw5qtrhwsjzanw6lct8u/test-metrics.table.json", "_latest_artifact_path": "wandb-client-artifact://ja3soafgndf2ts9lse1yqvhayviyd8vfx5kcw5j3e087whcoqnixma9gdc1ehofqjbewo0mkvdat62pdqj4pdsinqio6cw06avg1jzwfrbe4tx156na9qd4emn2l31wc:latest/test-metrics.table.json", "path": "media/table/test-metrics_232_9847fb98af188883cf13.table.json", "ncols": 5, "nrows": 1}, "test_connective_metrics": {"_type": "table-file", "sha256": "5e4cdac0602e5e25a0d41ea8f4b3460fe6a439d0c11267d940e8dcfbc252bdc7", "size": 411, "artifact_path": "wandb-client-artifact://1sflggfwbkpui6avieupi0zk10abgl9m1jey5jnaw16mem69fkhfuttdkjjuo839xs06z8bdzx17kxyzq764hfej2qn59q95x5xnxuvho55dvgu2emlxu7t90lj5x7zy/test_connective_metrics.table.json", "_latest_artifact_path": "wandb-client-artifact://gvnj43zv2jz4w0l5oeagp8yynrgclbn8p6riv6cmx9fiipkpl7isvygabshw98mb99s9ic8aha8pc5z73v7z9p3kfmmo6z6v465cmqka6uclixqcdix9o98yyzv1da08:latest/test_connective_metrics.table.json", "path": "media/table/test_connective_metrics_233_5e4cdac0602e5e25a0d4.table.json", "ncols": 6, "nrows": 3}, "Exclude_counts": {"_type": "table-file", "sha256": "3a3e16eee488be4d9705c81c282778d2e17c222f184cef71ed7ae945012d1110", "size": 66, "artifact_path": "wandb-client-artifact://21ffx5ic8m426lf63n797q2cj1edregzunmn8iumhgwi2k42kffdva3wt0qdj3thjw1utbtr8wjbnpb8s9gb0bd45i5a67t7ngihazoia4iv05ldbjxvl1bdpnih40i9/Exclude_counts.table.json", "_latest_artifact_path": "wandb-client-artifact://p5y35tvce8xizdklxwqwik2u7mzt1v6gudrtifwpn54nyk8xndxynju0t5g2ae9dgkn1ziz8o2ggahh47d9hi0jy8s6raghft0s8fty2gq2pxadzgltt3l2v0b0gnoq3:latest/Exclude_counts.table.json", "path": "media/table/Exclude_counts_234_3a3e16eee488be4d9705.table.json", "ncols": 2, "nrows": 1}, "_wandb": {"runtime": 1688}}