{"train/loss": 0.0992, "train/grad_norm": 0.058692384511232376, "train/learning_rate": 3.8913525498891355e-05, "train/epoch": 9.0, "train/global_step": 1503, "_timestamp": 1736775217.2291408, "_runtime": 651.5984487533569, "_step": 193, "test/loss": 0.9462534785270691, "test/accuracy": 0.8392857142857143, "test/precision": 0.841705069124424, "test/recall": 0.7098659635245002, "test/f1": 0.7275822050290135, "test/runtime": 1.8764, "test/samples_per_second": 89.535, "test/steps_per_second": 11.192, "epoch": 9.0, "train/f1": 0.9505084142759594, "train/accuracy": 0.9925093632958801, "train/precision": 0.9539713971397139, "train/recall": 0.9492057331048157, "val/f1": 0.8350810176484836, "val/accuracy": 0.8862275449101796, "val/precision": 0.8850545256270447, "val/recall": 0.8158333333333333, "val/loss": 0.48898085951805115, "eval/loss": 0.41277647018432617, "eval/accuracy": 0.9161676646706587, "eval/precision": 0.8600464576074331, "eval/recall": 0.8683333333333334, "eval/f1": 0.8423750734861846, "eval/runtime": 1.8633, "eval/samples_per_second": 89.625, "eval/steps_per_second": 11.27, "train_runtime": 644.0731, "train_samples_per_second": 62.182, "train_steps_per_second": 7.779, "total_flos": 3161364481704960.0, "train_loss": 0.288919648713558, "label_metrics": {"_type": "table-file", "sha256": "04aa487856d3394e0526a27069cc55a29a6136b649a52699e1473cd4fd06e1cd", "size": 661, "artifact_path": "wandb-client-artifact://ux5dq0vis0tdo5lxust2erh4erjlh22c4bh7i8s26nl6nytonn9h4217bl442mqxz9ipa0dbdci9wpni29st9h805yjabm5gpforeinywxplq1gtv75181fub709pgdu/label_metrics.table.json", "_latest_artifact_path": "wandb-client-artifact://ve1lhvaigqwooc1bwkgqwdp7vis0wi2t698iqin9bchq02jpp3lt10jhvlcwxtxxrjftrv929nv2iwky2lad7f19b61almn8ouhf35mrl9hc0opwbm18vmcgmyun364f:latest/label_metrics.table.json", "path": "media/table/label_metrics_189_04aa487856d3394e0526.table.json", "ncols": 6, "nrows": 5}, "test_predictions": {"_type": "table-file", "sha256": "d3a430adbb44631b98ab6a71ee5f19f679e3ac61bd9b94e4c6afae07b87c0db6", "size": 89164, "artifact_path": "wandb-client-artifact://oh2sobzrj17qastn3lac3q4qdmegbwph9my6qe82lue4u7kfu28zwqdrg6k8fh36yx7m41186xpt3fumv2m40gpeirfh5nbe4emlexqohnp5rwznvjcxz87lnzx4ptnh/test_predictions.table.json", "_latest_artifact_path": "wandb-client-artifact://ycbk4nzdly3d549g35mrtq7848m8rw6amadc66hhy590p1ltw4pd68h3w1433mq1xw09o7ivrqj2lu1es7vs7pxqvyqco2ge2iny7c30h44pfdiii56m2vytvkdjltj4:latest/test_predictions.table.json", "path": "media/table/test_predictions_190_d3a430adbb44631b98ab.table.json", "ncols": 8, "nrows": 168}, "test-metrics": {"_type": "table-file", "sha256": "e41bcc73ea7b88041b0bafe469720cb5def885ebeea36773887a047c72f7b5e5", "size": 199, "artifact_path": "wandb-client-artifact://bgfkj6wf9gkvcjgq71i5cl07b0cw8k7x2l8ugkj79ukvmx7aupwmo1c032cjy7uu5mdiymnf2r6t34s3zci949rc68b76yzt9q4saca5er17z5yghx8lo68ksnybddgz/test-metrics.table.json", "_latest_artifact_path": "wandb-client-artifact://eop7se9st6m9c99yehj167e4dfbjqx0myg6kt72h65whbtpqkf16sm9ajab1ou62hm1pf9yt11o3znwcibbhg6s3i13oeqbah5fgup5eot2jylft942lf150ds0m6wve:latest/test-metrics.table.json", "path": "media/table/test-metrics_191_e41bcc73ea7b88041b0b.table.json", "ncols": 5, "nrows": 1}, "test_connective_metrics": {"_type": "table-file", "sha256": "a1d7dc4d5ba65d2f8ccde1fd3d3546de23dd22b5ad0a528c4c16b85f32f1ac1f", "size": 438, "artifact_path": "wandb-client-artifact://e4ardg6a9wx6ezl5zdg65p6hrpaycp0dgb5ynjh73eb4do4le1rellgpkhudktkui204ez7ack4qx9vv7vxwr5g7p5shavj650r7d09u91beasrfgn2pbd68zm4swy45/test_connective_metrics.table.json", "_latest_artifact_path": "wandb-client-artifact://vt9p69r9eaqj2kwdjalzeipq65hvp4fji5avv34yxgo1dtzok4v0bueqjuzhvbrnlj7d89g0qospqbr35hfugvlobc2eolhqwylb2nz4b4foc81zhmwe9kr3ql988m7g:latest/test_connective_metrics.table.json", "path": "media/table/test_connective_metrics_192_a1d7dc4d5ba65d2f8ccd.table.json", "ncols": 6, "nrows": 3}, "Exclude_counts": {"_type": "table-file", "sha256": "1315d459f2edbaf5a26cf162c57611f734e37385686ca35ad763b16ff92f0e5b", "size": 77, "artifact_path": "wandb-client-artifact://2o5888pdp7ravv6c3olcer9cy1ko2uvptpqqws73hxm15hqjxb1ym7r5jsetqsih9bb386c17ystzswc4e7mt8t2mpiazoqkkk1qik0tmy0ew3k64fsnsyz9ql74b4qf/Exclude_counts.table.json", "_latest_artifact_path": "wandb-client-artifact://bh766piewmm4ogjxncyy8omor0ux81cirn82yo1ji6whq0ak63nusgeqjqh9qzpv9nn0z5fvy7px8p9gqf7u54r66y35rxs4iiw27mo5rdxs0ypnrsdj1mn69ny69dsz:latest/Exclude_counts.table.json", "path": "media/table/Exclude_counts_193_1315d459f2edbaf5a26c.table.json", "ncols": 2, "nrows": 1}, "_wandb": {"runtime": 659}}