{"train/loss": 0.1445, "train/grad_norm": 0.18145182728767395, "train/learning_rate": 3.7028824833702884e-05, "train/epoch": 10.0, "train/global_step": 1670, "_timestamp": 1738568441.5559175, "_runtime": 730.1285696029663, "_step": 214, "test/loss": 0.7695897221565247, "test/accuracy": 0.7797619047619048, "test/precision": 0.7388433515482696, "test/recall": 0.5329026587563173, "test/f1": 0.4911097486204782, "test/runtime": 1.9061, "test/samples_per_second": 88.139, "test/steps_per_second": 11.017, "epoch": 10.0, "train/f1": 0.796031597877575, "train/accuracy": 0.9692883895131086, "train/precision": 0.9428113171016715, "train/recall": 0.7906746955730639, "val/f1": 0.5370928871924888, "val/accuracy": 0.8203592814371258, "val/precision": 0.673807251908397, "val/recall": 0.5858333333333333, "val/loss": 0.7585166692733765, "eval/loss": 0.513059675693512, "eval/accuracy": 0.8562874251497006, "eval/precision": 0.7711538461538462, "eval/recall": 0.6141666666666666, "eval/f1": 0.6106903119868636, "eval/runtime": 1.8905, "eval/samples_per_second": 88.337, "eval/steps_per_second": 11.108, "train_runtime": 722.4987, "train_samples_per_second": 55.433, "train_steps_per_second": 6.934, "total_flos": 3512627201894400.0, "train_loss": 0.45965540676773664, "label_metrics": {"_type": "table-file", "sha256": "d22ab0661f977800bf230a3248a213f103346d5cdca6207325a94f468c966d60", "size": 687, "artifact_path": "wandb-client-artifact://2s2bxlbochrrbvdk3ixthnyhj7mzs0nnoxznuenkpyekyx548izc5hl1jmc8cc6t98xbkh40wjy73a718xbwrc6rlrln0715l5kdukz429v07xgary5077d4b8xcf4ws/label_metrics.table.json", "_latest_artifact_path": "wandb-client-artifact://d5pailakhftnclfkf84yz9cn2pc4qi8zftq2kwk3oscpsgzl9jh6jzljuzujbsofujuod4gxya255f41nz9tntwrjfgb0a1oxz0ynfgwil74iikdj6363n43ei1kk2du:latest/label_metrics.table.json", "path": "media/table/label_metrics_210_d22ab0661f977800bf23.table.json", "ncols": 6, "nrows": 5}, "test_predictions": {"_type": "table-file", "sha256": "8e279123c51ea972a43923e7730cfa0b4e3b2275a8947c520f326bafde5afa53", "size": 139841, "artifact_path": "wandb-client-artifact://9pcuzw2putnzekov8xsvfayo10jh58cifk2kwxbtdbfi3aog2n5x10s7tmlsz9kxzongxxg5zum3m0gfvafyqt92jt4srfqrglu219qrdp5t6hro5oyhni3zcr0gnsh7/test_predictions.table.json", "_latest_artifact_path": "wandb-client-artifact://kuv7shels4797pbivv3in5jixkwshxfnfiy02tnv39dqbhqitlm6lnpofe059c99r6ztx8mmmps39okbju0r29kj39j78h8jbw54umzt2ql05kg6utfgbmady3jjvony:latest/test_predictions.table.json", "path": "media/table/test_predictions_211_8e279123c51ea972a439.table.json", "ncols": 8, "nrows": 168}, "test-metrics": {"_type": "table-file", "sha256": "225cd9e5d6f40e0c140a83511685fa0181d70aaa44d853b6a751c148595dc732", "size": 214, "artifact_path": "wandb-client-artifact://u5ru99sddrytv7swtfyu2g229ep3y8rslodozcu768iywhng66lv4jt6q97be159ngx6gnpb5atunkwjp1f8yo5bx5o2dokia7nksecunvz0mb4fw6xvug7giqpgfsqm/test-metrics.table.json", "_latest_artifact_path": "wandb-client-artifact://mzfkbn6upjjkm84buebvigqvl1pqfeg34fc2ml7snl417k9rj3qznczrip4mbmd7p2lr6epqs504xm8drv7nklsez898ocd5nxxlqjtv3i3e7bn356ju01msr95zmfk8:latest/test-metrics.table.json", "path": "media/table/test-metrics_212_225cd9e5d6f40e0c140a.table.json", "ncols": 5, "nrows": 1}, "test_connective_metrics": {"_type": "table-file", "sha256": "13ae71d208a2dc8b31cbe18eca1fa470df64968d37a8fa4262e475618a2c90c2", "size": 479, "artifact_path": "wandb-client-artifact://hy3059hduqshtl4imjj46pggbjhlfg8c4dfh3rbjbcatxnmflvww5al0geyh7wce7y7xokw235s2jt3dwe9zorw5prjvflj9lxsmewuercckiwdgmxgd9gtde8qphkjn/test_connective_metrics.table.json", "_latest_artifact_path": "wandb-client-artifact://xxjocecpnmj3hz772xdsh7umb8zmqz86fz5n2gp9fmyxhdipdnl6a66n07oln49q9gr8zma85n7zrazkr9k14yfx7m21o4gdph2q86cbux2x1i49kk2a1ln3oo5cnf8k:latest/test_connective_metrics.table.json", "path": "media/table/test_connective_metrics_213_13ae71d208a2dc8b31cb.table.json", "ncols": 6, "nrows": 3}, "Exclude_counts": {"_type": "table-file", "sha256": "c34a277c71c512b8edf166c56baf83d9cf5f1d112b0d9e9e2b7fd47129239695", "size": 93, "artifact_path": "wandb-client-artifact://kgsfh5o1gnqb4puhzvbgt9309x9yzfvows52d9439hyaa86yyv1fh6z1z29ou0kh1tqjfs5bmvljw2e7cpdcj4s7bo13vjfqz00hztdauilk3u09ey4t6bi5gf4r7kwe/Exclude_counts.table.json", "_latest_artifact_path": "wandb-client-artifact://ubf6owf3r655wdylk1qo1h6wjjyvxjgyycppbj5jxm8uradvyahv616lzfnpa2fcaf7ojwvk83boygu0mie1xny72wmh9hc11t5v0pqwesy8jozukbc4doeet5w6236o:latest/Exclude_counts.table.json", "path": "media/table/Exclude_counts_214_c34a277c71c512b8edf1.table.json", "ncols": 2, "nrows": 1}, "_wandb": {"runtime": 738}}