{"train/loss": 0.0002, "train/grad_norm": 0.0037974980659782887, "train/learning_rate": 1.2468827930174563e-07, "train/epoch": 15.0, "train/global_step": 2505, "_timestamp": 1735923403.9615238, "_runtime": 1082.2295458316803, "_step": 316, "test/loss": 1.15792977809906, "test/accuracy": 0.8214285714285714, "test/precision": 0.7469781162104685, "test/recall": 0.7334453966161283, "test/f1": 0.6907600732600734, "test/runtime": 1.8533, "test/samples_per_second": 90.649, "test/steps_per_second": 11.331, "epoch": 15.0, "train/f1": 0.999440479261616, "train/accuracy": 0.9992509363295881, "train/precision": 0.9998005982053838, "train/recall": 0.9990825688073395, "val/f1": 0.7126486150015562, "val/accuracy": 0.844311377245509, "val/precision": 0.8263973063973065, "val/recall": 0.6745833333333333, "val/loss": 1.3924940824508667, "eval/loss": 1.0896931886672974, "eval/accuracy": 0.844311377245509, "eval/precision": 0.910483870967742, "eval/recall": 0.67625, "eval/f1": 0.7544979751431364, "eval/runtime": 1.8372, "eval/samples_per_second": 90.898, "eval/steps_per_second": 11.43, "train_runtime": 1075.0278, "train_samples_per_second": 18.627, "train_steps_per_second": 2.33, "total_flos": 5268940802841600.0, "train_loss": 0.16049424828743067, "label_metrics": {"_type": "table-file", "sha256": "1ee3b1bd08a1b46ed4dfc26611f4caa0fe19b5c50670c3e6e5be49a9ae2ba9ac", "size": 482, "artifact_path": "wandb-client-artifact://e0p46h2wpxk450ytwjy6ms2uma6lbtupwd3a3j2q48ospc1qtra3jjnawzb19ddsjysg2e463s03w9xvvx0cmwx8rpnsaipyxaujpwe65kn2vq8jn3u8td6etbdafmmt/label_metrics.table.json", "_latest_artifact_path": "wandb-client-artifact://0m7x2atkxfphzt27ggrmg0cyulup1orzr78eu97xp6iggan4ay3eqoexljh66oux8tjoyig53xl4o1ifigvi9yokj9wmtpdyfb3yopbdkmb8wjm1i6744sgswygatii0:latest/label_metrics.table.json", "path": "media/table/label_metrics_313_1ee3b1bd08a1b46ed4df.table.json", "ncols": 5, "nrows": 5}, "test_predictions": {"_type": "table-file", "sha256": "be675baa3df2edf4bd13fc6fa8538c677690aaa3bc15f3f3e961181b7c77550e", "size": 52741, "artifact_path": "wandb-client-artifact://75yvsp1sifmlwne1pbeqmxklfyvludxin22e0d8vgg6dzta9vv976k3juv63wrj4osq5i10nohw4brwerka71apjy9n90r3ndfim1xed7f0z77uft78vfrij4expuckn/test_predictions.table.json", "_latest_artifact_path": "wandb-client-artifact://6sie3r6wkkcook503mfyqowmbaclg5pizprl2hrsvusvlevkqs9xrqe5w9z7op1i2xnvar3md2w1t2tlxe851u7qcx5vgvc6qfkcssc2fiwkp8ar2sziit47t7uumz35:latest/test_predictions.table.json", "path": "media/table/test_predictions_314_be675baa3df2edf4bd13.table.json", "ncols": 7, "nrows": 168}, "test-metrics": {"_type": "table-file", "sha256": "eb310af2a2e5f22a6b0a9b01a4314918087b4fd534d65d73cb54f6fd331c20e3", "size": 195, "artifact_path": "wandb-client-artifact://tic7tp0ncmiwr1rd9kxssij1mkuxqjbfs97zh0pgcyrwpojt9lqfgc8fidv1jydex80a134al3adz6bv0sqxoye12qjpbt6vfpld784vd17orj9rnod10wlcwjw6hqhf/test-metrics.table.json", "_latest_artifact_path": "wandb-client-artifact://63ijrdygj5ckd7bcp3au23xwjj6sf8krim8jfvdbbpegw0wcjefynybkw16e409rsyxdknv1yovd2vyv06mmqdth6jlb5302ulqi4xdt9x4h84zkrge3nw7mrdpss4a2:latest/test-metrics.table.json", "path": "media/table/test-metrics_315_eb310af2a2e5f22a6b0a.table.json", "ncols": 5, "nrows": 1}, "test_connective_metrics": {"_type": "table-file", "sha256": "613abe2178eee0f33b9738ebaed678ca12eda5c6231834f8e3d0ac3df8e671cb", "size": 420, "artifact_path": "wandb-client-artifact://gtcmyf1ljowyzfn34bug560wp2amumamg4tc8uiizntjo6cavv2g3cj643bujy8u4suf7z6dx559w8e3vo097afidzis26njdlzh03xf7c08ck7hi3ni2k0k06njwyhu/test_connective_metrics.table.json", "_latest_artifact_path": "wandb-client-artifact://6bc0evqkmqq7b6ws7dd702rnieog54rw6ys6h7yit40vfsvqmtf43wmqfrlq2u3amnkcbs7h95ueyspv8ta6ajdhxfrnyo8rsidln79dkdssjvzhpfjkr09wx1u55t85:latest/test_connective_metrics.table.json", "path": "media/table/test_connective_metrics_316_613abe2178eee0f33b97.table.json", "ncols": 6, "nrows": 3}, "_wandb": {"runtime": 1088}}