{"train/loss": 0.0459, "train/grad_norm": 0.02720087580382824, "train/learning_rate": 4.0798226164079826e-05, "train/epoch": 8.0, "train/global_step": 1336, "_timestamp": 1739553374.8848627, "_runtime": 1222.4064106941223, "_step": 173, "test/loss": 0.5972573757171631, "test/accuracy": 0.8452380952380952, "test/precision": 0.7919249311294766, "test/recall": 0.5626983080641617, "test/f1": 0.5928596307906652, "test/runtime": 4.4259, "test/samples_per_second": 37.958, "test/steps_per_second": 4.745, "epoch": 8.0, "train/f1": 0.776054378541063, "train/accuracy": 0.9872659176029962, "train/precision": 0.9619509561655424, "train/recall": 0.7833303410318188, "val/f1": 0.5852921617948941, "val/accuracy": 0.8383233532934131, "val/precision": 0.7313568825343426, "val/recall": 0.6599999999999999, "val/loss": 0.6798521280288696, "eval/loss": 0.49668148159980774, "eval/accuracy": 0.8862275449101796, "eval/precision": 0.8118489583333333, "eval/recall": 0.6595833333333333, "eval/f1": 0.6526511862262675, "eval/runtime": 4.3982, "eval/samples_per_second": 37.97, "eval/steps_per_second": 4.775, "train_runtime": 1209.6596, "train_samples_per_second": 33.108, "train_steps_per_second": 4.142, "total_flos": 2810152156078080.0, "train_loss": 0.41991993897555474, "label_metrics": {"_type": "table-file", "sha256": "8159c5cd7fa65f1d4faa33ac921c6e7e924c6140e1df979905bdeced412c8823", "size": 569, "artifact_path": "wandb-client-artifact://3rz7rvs7iza93vtl3eekcpogfvfgavimo8eifu6pk0f3w82u4zho2v6pr5b4n2gkuj6xyq0ycsezjpspx3o1u0qfcajzi9825kohzxdv506e8xl9egth4mb4tp8smqpv/label_metrics.table.json", "_latest_artifact_path": "wandb-client-artifact://2twkrxclivyc9gihket21o5lxcytpfqvlapwj7ida4kg8mr8a9tzd9mgp340h9a3tbozmhq2afvr9pqfp388yxuewu4ny87u79szl3yuyrvxvdqjqbjsbgwv20l9625g:latest/label_metrics.table.json", "path": "media/table/label_metrics_168_8159c5cd7fa65f1d4faa.table.json", "ncols": 6, "nrows": 5}, "test_predictions": {"_type": "table-file", "sha256": "5d6c2e2807a135380e18d37d6ca256d06effe41ae463ae13686eaa4b9c51053a", "size": 88025, "artifact_path": "wandb-client-artifact://3qy8nx7pttryv0wbayum5qlvnjhlw9mchv4bcppmis5xlhpqb3gmvzcyucgr7xwgdsfe53yrn1cbar6usayzy9vm7h86dlar06bhn3kqmrz9eezj5v1xoyfuk8cwx8ct/test_predictions.table.json", "_latest_artifact_path": "wandb-client-artifact://9bp90p3ddpc4xb7t1bt5jk676wmhficvrojjc0kezqz23jkzg5kzzcq41zptl7mooi6vxwhmuqaeggt0kxtonym9xxm3akgqmht8en5z3efzwqoxt5qtaxem576ofcps:latest/test_predictions.table.json", "path": "media/table/test_predictions_169_5d6c2e2807a135380e18.table.json", "ncols": 8, "nrows": 168}, "test-metrics": {"_type": "table-file", "sha256": "a58cf384485c7cf426c51469432d198357f4325d2f8754c561dffd374bab8f16", "size": 190, "artifact_path": "wandb-client-artifact://rbxvsj0r9duvwqcug39lvthxddssjw6zej021xjg1042uy2yhtu7x6b2jesqd94q2qtq0pocw7hafczgnqbdog19vg1u0oi9wmvx3ofbrztojber5ova1m4isvcmnty4/test-metrics.table.json", "_latest_artifact_path": "wandb-client-artifact://nwpbz7n1xz4ogvbgsicenq2drzv2dp2zgupdbsbzzbex2ebcosx06vnipjuh3lbvarcw39mpudz2vsew9coemp6dk1k5jtzokn1scesgbyelfdmihylgdunxxq2z2gnq:latest/test-metrics.table.json", "path": "media/table/test-metrics_170_a58cf384485c7cf426c5.table.json", "ncols": 5, "nrows": 1}, "test_connective_metrics": {"_type": "table-file", "sha256": "310805b5370598a22c6b3d0321642c6fd5c3e9a353d9908bf77e926fdd7a7b6e", "size": 408, "artifact_path": "wandb-client-artifact://4xbvtryjix6ulw6318hkiesaf3dqd8652lxwdwvva4wnaciskxy3dsnljvkfokdb0qet7zdvsvfejhi4azkrkp2z0d7iw56wnmmw5ou2qaswlxh164pv4pfnp3etkki9/test_connective_metrics.table.json", "_latest_artifact_path": "wandb-client-artifact://md95076wmm50vdxfq8y7sde7tuaxvmbhj4u1xclgzsmfxwvxw0y29uq1lsp4lw9xrgm1w31ceu5bzgzxcmqf1t0jxtzm20xy24s9c3qrp1p4x19vys6h4diqcfcubvxv:latest/test_connective_metrics.table.json", "path": "media/table/test_connective_metrics_171_310805b5370598a22c6b.table.json", "ncols": 6, "nrows": 3}, "Exclude_counts": {"_type": "table-file", "sha256": "3a3e16eee488be4d9705c81c282778d2e17c222f184cef71ed7ae945012d1110", "size": 66, "artifact_path": "wandb-client-artifact://2q7zpqbt9iwdf98tnn62m097hxol68s6w3cx6cc0w0f1xonawrl0q56agebu1u8zn5bprvyx5kn8ab6tcu8vivy1pzzu7eal81lzck628kd6dwdumgcaklq8qlxa5327/Exclude_counts.table.json", "_latest_artifact_path": "wandb-client-artifact://ec5z02x4ztjp4kvooygkq1n014iom8c9w47tb51bni1e0shdpbqqa0yacrmvsbbc3eudyb8tzngsw24gtb6z1i8jtf5jcrf0ttup9wa1q38wis0nyilyjkuu3w5x2jvw:latest/Exclude_counts.table.json", "path": "media/table/Exclude_counts_172_3a3e16eee488be4d9705.table.json", "ncols": 2, "nrows": 1}, "_wandb": {"runtime": 1230}}