{"train/loss": 0.0002, "train/grad_norm": 0.0037462832406163216, "train/learning_rate": 3.337028824833703e-05, "train/epoch": 12.0, "train/global_step": 2004, "_timestamp": 1736700484.3112438, "_runtime": 865.6075627803802, "_step": 255, "test/loss": 1.0324996709823608, "test/accuracy": 0.8630952380952381, "test/precision": 0.8692060430729669, "test/recall": 0.7263019116677654, "test/f1": 0.7560743919885551, "test/runtime": 1.8651, "test/samples_per_second": 90.075, "test/steps_per_second": 11.259, "epoch": 12.0, "train/f1": 0.9775911498091971, "train/accuracy": 0.9940074906367041, "train/precision": 0.9984158415841584, "train/recall": 0.9587295426286252, "val/f1": 0.6886069264069264, "val/accuracy": 0.8802395209580839, "val/precision": 0.7289130434782608, "val/recall": 0.6783333333333333, "val/loss": 0.753957986831665, "eval/loss": 0.8046284914016724, "eval/accuracy": 0.8922155688622755, "eval/precision": 0.8587878787878788, "eval/recall": 0.8341666666666667, "eval/f1": 0.8338583638583639, "eval/runtime": 1.849, "eval/samples_per_second": 90.321, "eval/steps_per_second": 11.358, "train_runtime": 858.1436, "train_samples_per_second": 46.671, "train_steps_per_second": 5.838, "total_flos": 4215152642273280.0, "train_loss": 0.22243806772306282, "label_metrics": {"_type": "table-file", "sha256": "38955932e55a3022ff7ef3e5fb67fc98154bd37071579d42856014741db8aa8c", "size": 551, "artifact_path": "wandb-client-artifact://6kgn5ny5gky0f1sdy9x5anrpqiv2rt2a0a491o00j5njtnd7sxhismyuu70rthcehw8bq7xhhhyhd2g2afpoj5njvro8f8g6emd5oq2v2le0zwl510revyv9i88wsnhr/label_metrics.table.json", "_latest_artifact_path": "wandb-client-artifact://sg1qc1b6gf5rg85niq80vfvgmhks3idowvvw98lhsmwzxt2rfzo5hvd3wcwcis0zy90fcvulxqr5avtjih9uuyqt3rckt3r49yg2uyb235lz7maatlu1vz9l9ho8hhbv:latest/label_metrics.table.json", "path": "media/table/label_metrics_251_38955932e55a3022ff7e.table.json", "ncols": 6, "nrows": 5}, "test_predictions": {"_type": "table-file", "sha256": "cb27719c05882e96e85856c6e38a5cae1720bc788d46eee73d9c54adaab0ef01", "size": 87983, "artifact_path": "wandb-client-artifact://jkcbrqtkunql7j8y8cmvo4wzh0syptc5b2yfu980ak27wzpuri9fglfkzlgveooqokws4qu7aayvo8zw069po5ztk47z0muke31ipuv6tptgwxqbp9gtf0x72i9u5jwu/test_predictions.table.json", "_latest_artifact_path": "wandb-client-artifact://c5f1qz0flkfr7cus11tvgb35cz80cyqxn59nqlkaigojdquglqvo39a5wggi1t6x6jc11jpy56hh4vv5jk3llj27n6dl42brm2mzuiy2ndyupzz8z0725wr4yzql7opr:latest/test_predictions.table.json", "path": "media/table/test_predictions_252_cb27719c05882e96e858.table.json", "ncols": 8, "nrows": 168}, "test-metrics": {"_type": "table-file", "sha256": "73a9ad00ef49e2eb3f56e71f09cf39591f6d202435c4c3fa9d3c383683009bb0", "size": 190, "artifact_path": "wandb-client-artifact://psknov7kvut9ppvhd32cvvkud8c7san9rk9gtcyupo8skxnu5wa859rblf66kfojldn96u1j30l9o5s47yyyex9gal77mwvg7ciag2y6czxmmah7fgwa44eo5c6h7ex2/test-metrics.table.json", "_latest_artifact_path": "wandb-client-artifact://tp5pspec4jge48uls5q1nwqqr5y6czce9r2qen5fvrqbojquda39r564eu6bdr6lvtcao1yjvikt7zntuaeg1j16ec20v1uaxpl381lgerlab3ag61ktzyry6myznyps:latest/test-metrics.table.json", "path": "media/table/test-metrics_253_73a9ad00ef49e2eb3f56.table.json", "ncols": 5, "nrows": 1}, "test_connective_metrics": {"_type": "table-file", "sha256": "7eec22d9ac74423bf5aeb3ed9e8d1d47b3fdcb71fc31d466839d8cfdd05d5abb", "size": 409, "artifact_path": "wandb-client-artifact://80jz540pfe31xzzqus0s4w9eupihukb6edr0bjrbkyj9wxvsb5vlj6116s36aoxke0ua0ydo1lntjxox0ppqd5u3apx9xqyjnxwhmv9oyq73nk79yfxajivdr8fyjhrf/test_connective_metrics.table.json", "_latest_artifact_path": "wandb-client-artifact://79vxzfebdk3bgusv8byc6vun6zykx9wat3th80um5brke5pwlgc0cgx6l0c310osdlarkuxlow10ncdt0bx85l9n95bixcfdo1etl41w8argrih2zoy1rygzarkcogyb:latest/test_connective_metrics.table.json", "path": "media/table/test_connective_metrics_254_7eec22d9ac74423bf5ae.table.json", "ncols": 6, "nrows": 3}, "Exclude_counts": {"_type": "table-file", "sha256": "3a3e16eee488be4d9705c81c282778d2e17c222f184cef71ed7ae945012d1110", "size": 66, "artifact_path": "wandb-client-artifact://aomb8stquxctpfjhthydhzv3b6xfmv44zaa2u3ulje4sjzevocv8i152moo16c2bjgvl5xh8n7en4yndei6nvpzwusi2russxpph3n5fs9mrsgfjz4vfhu3g46tju1go/Exclude_counts.table.json", "_latest_artifact_path": "wandb-client-artifact://e1qykb0ba4xfgfi7vm2r8zlfca9etx0ytch7ivg425o0hxf7a5fyt0n3b2792g97xg4hukysoje03dy2ee1nnmagg5qvpros7hg34p6z266z5v2bg8pa4pu9j0au0uh5:latest/Exclude_counts.table.json", "path": "media/table/Exclude_counts_255_3a3e16eee488be4d9705.table.json", "ncols": 2, "nrows": 1}, "_wandb": {"runtime": 873}}