{"train/loss": 0.0016, "train/grad_norm": 0.0037918256130069494, "train/learning_rate": 2.971175166297118e-05, "train/epoch": 14.0, "train/global_step": 2338, "_timestamp": 1743024572.9775274, "_runtime": 1007.9044704437256, "_step": 297, "test/loss": 0.9434171319007874, "test/accuracy": 0.8630952380952381, "test/precision": 0.895483870967742, "test/recall": 0.7565458141067897, "test/f1": 0.7985356695869837, "test/runtime": 1.8832, "test/samples_per_second": 89.211, "test/steps_per_second": 11.151, "epoch": 14.0, "train/f1": 0.9775911498091971, "train/accuracy": 0.9940074906367041, "train/precision": 0.9984158415841584, "train/recall": 0.9587295426286252, "val/f1": 0.7743428571428572, "val/accuracy": 0.8862275449101796, "val/precision": 0.8883333333333333, "val/recall": 0.76375, "val/loss": 0.7225305438041687, "eval/loss": 0.5453165173530579, "eval/accuracy": 0.8982035928143712, "eval/precision": 0.9413953488372094, "eval/recall": 0.82, "eval/f1": 0.8616360177552315, "eval/runtime": 1.871, "eval/samples_per_second": 89.255, "eval/steps_per_second": 11.224, "train_runtime": 1000.4224, "train_samples_per_second": 40.033, "train_steps_per_second": 5.008, "total_flos": 4917678082652160.0, "train_loss": 0.20922070089100253, "label_metrics": {"_type": "table-file", "sha256": "067db1401f9b90ec834c9414e2820eefb14bfd2a5a52ff2db915b247ed3e307c", "size": 646, "artifact_path": "wandb-client-artifact://3nera4ocz4fax62s49cbjx24gqom8is8o19e19jz08s261o15am3d4h6ovzaeayub96rus3j8em10cn1l8peqzwl9ykac88cdmgcw7pw484iorxe0dyhxfinbdaaryk3/label_metrics.table.json", "_latest_artifact_path": "wandb-client-artifact://p0kbj2frfsfnbh2xhzlmwu9kd82r0zxus4vt9wbmpwkeqo8r0j6iu58evonhlvoal3961pnpffao6sn7doiprzgbmu0mx9stb0z2hyng3orx847cd7wzy7p526fxx3he:latest/label_metrics.table.json", "path": "media/table/label_metrics_292_067db1401f9b90ec834c.table.json", "ncols": 6, "nrows": 5}, "test_predictions": {"_type": "table-file", "sha256": "c3aff90d4429fc822f2d3b3454f09b634566fdfb165310c873bb63b82482c233", "size": 89176, "artifact_path": "wandb-client-artifact://fsedylm06vt2sux7wywb4r239kqvuvzrd3nvu9rig1mhfif3c6352zoeqdynosctdrgxpwrc1hvseob9levei8m8jcgmmowgdek3zlhhgosemajaoc3nt2owis8fbxq6/test_predictions.table.json", "_latest_artifact_path": "wandb-client-artifact://jh9992mctqlugcp07xdbcuroblkobku39bfl5aopmk0wmzv6l67kzrwgd8sas4qko6aq0kosijhsxuwbdfmvek1noq7nry8g7z5un17uw172foic36isg6dxm05pfck5:latest/test_predictions.table.json", "path": "media/table/test_predictions_293_c3aff90d4429fc822f2d.table.json", "ncols": 8, "nrows": 168}, "test-metrics": {"_type": "table-file", "sha256": "5711b96e152a77ff222f25161c8db46618cab336b247549767b800243efbf009", "size": 199, "artifact_path": "wandb-client-artifact://pybym9iapwdaow8wkly8e686b3lmah3h2qkfz9yhbhsji1gov6z4z6oxlbdebwj7mttd5alqbllys36ln48lidgl2uhqcs86meqt5l705ihj0rt4hih6cblg2udnql0w/test-metrics.table.json", "_latest_artifact_path": "wandb-client-artifact://pemm50593rtul28jy05l748odid3re2dtgjr2y4y64ub980cmb8dascknvsgjjfs81icfis2ya4cmshg6kosepuceha8kqfdthmsdfpndcxkxq3fl5lixbx09hq777yk:latest/test-metrics.table.json", "path": "media/table/test-metrics_294_5711b96e152a77ff222f.table.json", "ncols": 5, "nrows": 1}, "test_connective_metrics": {"_type": "table-file", "sha256": "4a548f170415d669199d64dbd00c6242108dcb12b4456576b23b2dd612ff067d", "size": 439, "artifact_path": "wandb-client-artifact://0lp60qd5yx8wm6vvq0yetuzhvdl7dcsstd2xd1qe2mk9lv370lqvbtwyuxxcs1zwnpretl9tb463g472yrqngtkx3jsf6gv0uxbatzqh1v4ax5cocyndgdzgpoljbk10/test_connective_metrics.table.json", "_latest_artifact_path": "wandb-client-artifact://s3ks41zx9p42xmajzippqr0fy0tzrcmlfziswaotvghcp8qoubgu6s6rv3lci3rc0wz1od0zk1s13ykrav9dxvgrj2phiul9hlz1mpjl8c5p7jsfvnlc11g9g6gw71o9:latest/test_connective_metrics.table.json", "path": "media/table/test_connective_metrics_295_4a548f170415d669199d.table.json", "ncols": 6, "nrows": 3}, "Exclude_counts": {"_type": "table-file", "sha256": "1315d459f2edbaf5a26cf162c57611f734e37385686ca35ad763b16ff92f0e5b", "size": 77, "artifact_path": "wandb-client-artifact://7bck84733j5o0fwtbx53qsbwaorxhmuq10wxicvr7zv9y0fen2psy4atz1272huzbih20y6l77ock56rqtegllmff5z8hjyo8h21iuddlj6tgdpctnr07c1jdobte6a1/Exclude_counts.table.json", "_latest_artifact_path": "wandb-client-artifact://d2ot9hxj4hq4uufebannkvw0hmm01111s82kn4stncn3w57jtziz7uybu6z6618x8hsmhl9xsn4jgevznqctvyqpx3j4dq7x0ezrnw632zpo3nmnl5qbn1596lqbys4z:latest/Exclude_counts.table.json", "path": "media/table/Exclude_counts_296_1315d459f2edbaf5a26c.table.json", "ncols": 2, "nrows": 1}, "_wandb": {"runtime": 1016}}