{"train/loss": 0.1248, "train/grad_norm": 65.18670654296875, "train/learning_rate": 3.52549889135255e-05, "train/epoch": 11.0, "train/global_step": 1837, "_timestamp": 1739679477.7649374, "_runtime": 1683.3074502944946, "_step": 235, "test/loss": 1.5409126281738281, "test/accuracy": 0.7619047619047619, "test/precision": 0.6992816591356737, "test/recall": 0.3823994726433751, "test/f1": 0.3928270887597676, "test/runtime": 4.424, "test/samples_per_second": 37.974, "test/steps_per_second": 4.747, "epoch": 11.0, "train/f1": 0.766572314967523, "train/accuracy": 0.9857677902621723, "train/precision": 0.9418896158264696, "train/recall": 0.7814954786464977, "val/f1": 0.47207802942635146, "val/accuracy": 0.7904191616766467, "val/precision": 0.6492257742257742, "val/recall": 0.47041666666666665, "val/loss": 1.3932019472122192, "eval/loss": 1.3671987056732178, "eval/accuracy": 0.8023952095808383, "eval/precision": 0.7935606060606061, "eval/recall": 0.5479166666666667, "eval/f1": 0.5551103504591877, "eval/runtime": 4.3953, "eval/samples_per_second": 37.995, "eval/steps_per_second": 4.778, "train_runtime": 1670.5444, "train_samples_per_second": 23.974, "train_steps_per_second": 2.999, "total_flos": 3863959214607360.0, "train_loss": 0.4305547818573974, "label_metrics": {"_type": "table-file", "sha256": "699af696cfddfba00dc136577b9c5d2e36f2e64f9db2dade4ba8b85354e9ef3c", "size": 602, "artifact_path": "wandb-client-artifact://2o4wyl4clbikisyixt8nssoopqx1oedqvmzfsrdlrj3xjn6hko5zvmwgujwsp2t5sexiujws9cs1jij414rdx2mb0xsr1wxrcdlsus3vh930b2btjk1t4t5hj4adu7ar/label_metrics.table.json", "_latest_artifact_path": "wandb-client-artifact://b9imswxmx5oka10v0ttfmh9jk0vn4c2ivqnlrjig2rnatb1vuqpog37j75fn5uhaxc3g56t5jh94k0ikodvc5zmznfqjyhd4lwmhuu0lmbbf5n6c0h196orhs1d16693:latest/label_metrics.table.json", "path": "media/table/label_metrics_230_699af696cfddfba00dc1.table.json", "ncols": 6, "nrows": 5}, "test_predictions": {"_type": "table-file", "sha256": "f4bee97ce7f8d3c2403cf0341d3aaf42f1a9c18ebc0e84498c3cb8b522b6c96f", "size": 75040, "artifact_path": "wandb-client-artifact://dhudnd2jh5dv9seqk297abuvtcjpapy5y3mi5tnc816f3jrhcgfqbqanbwnmvpk2icm8d0oz9fym9lcl30wpszlf010ouhjffsu82nh836dpy979xry5zr4bywb1vjar/test_predictions.table.json", "_latest_artifact_path": "wandb-client-artifact://8pgg3wapkiz1pbqawd3ok69aokusjxvn0cq3acl6ecp6drbwcwt9hjr2i3mtzc8ul0ocj1k3xs9nwba2dvziwzh1puvzd585edkxo2aeqbz34g80qwijinmz2zjhtrij:latest/test_predictions.table.json", "path": "media/table/test_predictions_231_f4bee97ce7f8d3c2403c.table.json", "ncols": 8, "nrows": 168}, "test-metrics": {"_type": "table-file", "sha256": "fd8138f205ef20f6feb03d9ee8cf3c18983f1047c7bef094c57f7776f0f692f2", "size": 200, "artifact_path": "wandb-client-artifact://jlbd0ka84pvcbs2596he4bcj3829zjqrk0m1sm9jzsjedkigkfswo709c2biqra5bei7au8v0swekdesys445gfdyd7gcochlj3vaose2hbaqco0ztqjo4jfi2tez219/test-metrics.table.json", "_latest_artifact_path": "wandb-client-artifact://6yi99aq894xrlfqpxtm4f4fsublwcgjtgmchm0e675drus4o9wlsu9rps3tgmh5qpue02o5vm1tozem3rsbr00evxud5v8ao9xflpjf1yi51bfq3tal0ro5kjx5oablv:latest/test-metrics.table.json", "path": "media/table/test-metrics_232_fd8138f205ef20f6feb0.table.json", "ncols": 5, "nrows": 1}, "test_connective_metrics": {"_type": "table-file", "sha256": "bd707afd3c7eb168538c061c1378bc0ad30dd7e43a5fe73467d61f86328e0975", "size": 442, "artifact_path": "wandb-client-artifact://kt3gwcr832zs8ca7sfurpv8jjkemab5qkliqfqpbd8qv0pjt5w9bco73yz7y0voai42ztwwyclie74u8p6afi9hpyja661w0mngra8tmgb9xxw2ooaib12y596uw0o3s/test_connective_metrics.table.json", "_latest_artifact_path": "wandb-client-artifact://6rw87qdmjpj0eef0bdmxlovwnlc6ck8xsi06r2aq52nfrk9bahvwk26lsgga5wy8xwkaiqx56hn33e5hfllqh9sh8159b5prh3nmdd8sw2h9r4ou0is6j8cp6wyifgee:latest/test_connective_metrics.table.json", "path": "media/table/test_connective_metrics_233_bd707afd3c7eb168538c.table.json", "ncols": 6, "nrows": 3}, "Exclude_counts": {"_type": "table-file", "sha256": "e1c9680c5dbf27c108a9c47e201f13cfb20008c24fc3198b33ecbe61bb69d2a1", "size": 79, "artifact_path": "wandb-client-artifact://581so0sp85v3vwp3dg82yhwmqufgb3g9ttx22wokvnq6snxi1wnykeyj3uqrlrd52hvqgw8sax94sls5wujbqr1ft2hsudafmac7jrf1fupmlv6ff2ydxqfyfutnf0ry/Exclude_counts.table.json", "_latest_artifact_path": "wandb-client-artifact://op2s3tvfl98svo5be3i8sk1n9w0ow7hpzejz986svisewa0vv2ib0b36llty1i9gyemegj7pn8cr6h017p4amfiw50tq0nmuou59bcu4ryz1hqkga4ucts14zni13med:latest/Exclude_counts.table.json", "path": "media/table/Exclude_counts_234_e1c9680c5dbf27c108a9.table.json", "ncols": 2, "nrows": 1}, "_wandb": {"runtime": 1691}}