{"test/loss": 1.588193655014038, "test/accuracy": 0.3, "test/precision": 0.5476190476190476, "test/recall": 0.3125, "test/f1": 0.3055555555555555, "test/runtime": 0.1143, "test/samples_per_second": 87.465, "test/steps_per_second": 17.493, "_timestamp": 1736581446.1241107, "_runtime": 7.667186737060547, "_step": 11, "epoch": 1.0, "train/f1": 0.17424242424242425, "train/accuracy": 0.3, "train/precision": 0.4166666666666667, "train/recall": 0.21666666666666667, "val/f1": 0.19090909090909092, "val/accuracy": 0.3, "val/precision": 0.4166666666666667, "val/recall": 0.22916666666666666, "train/loss": null, "val/loss": null, "eval/loss": 1.61786687374115, "eval/accuracy": 0.3, "eval/precision": 0.4166666666666667, "eval/recall": 0.22916666666666666, "eval/f1": 0.19090909090909092, "eval/runtime": 0.1138, "eval/samples_per_second": 87.902, "eval/steps_per_second": 17.58, "train/epoch": 1.0, "train/global_step": 2, "train_runtime": 3.9436, "train_samples_per_second": 2.536, "train_steps_per_second": 0.507, "total_flos": 2631181424640.0, "train_loss": 1.5714328289031982, "label_metrics": {"_type": "table-file", "sha256": "f994c2d6adec7bba4065849c5d5b58c91fede885d96c4eda7358bb52b626f53c", "size": 382, "artifact_path": "wandb-client-artifact://lvp82yd2iermspajxejcb4fvvjv2xo0j30zcu4gcgffbjvadx3jbcvp2zu0y5b6vr7svp85phdqqqhu6nkzmxq1o6tckqw0gdk6onqvdrhe70qs5or6ky5h4yl58z7qe/label_metrics.table.json", "_latest_artifact_path": "wandb-client-artifact://25dxnirfuzzgp5bl3hu5l48bm98v4fq5ehxqi1n9fxw117w8bdz0vlza2d56iyeqdu8boo942srgiqwip2eqmafd1a0a29n1i95lrk9pov8d4pu39wieqerchs5xn6cu:latest/label_metrics.table.json", "path": "media/table/label_metrics_7_f994c2d6adec7bba4065.table.json", "ncols": 5, "nrows": 4}, "test_predictions": {"_type": "table-file", "sha256": "d117c8809883d8a7a8a55b32ac816999594b370f55c6a10550a79e223b5a7c7f", "size": 4374, "artifact_path": "wandb-client-artifact://tvpiff28izh8raleo8fgiq4rqnwj825xiu46w86ht0i5uckj55r31kujlkkvi5g1j92hr4iurijmux7its13vu2tee40l9luzrepfn3vnn2jf7w6woa4vqvxau6ojp1z/test_predictions.table.json", "_latest_artifact_path": "wandb-client-artifact://e1re2w8ec7sbsx1b5ue28hu2q8qbmd6ejktjgxw91500e0el9sewjzu6bbtnbwnlzt1ryk46cn71cpdqfn6aq8vp4tiequt20x7l6wc0wvjo3rdxi8rakgk02v40lwiy:latest/test_predictions.table.json", "path": "media/table/test_predictions_8_d117c8809883d8a7a8a5.table.json", "ncols": 8, "nrows": 10}, "test-metrics": {"_type": "table-file", "sha256": "5fdc6f79bc6837e818d8db36233257fc03da13ee63b58e8638b3b3667237a5f4", "size": 173, "artifact_path": "wandb-client-artifact://1lf1461rhzgk7f470vdatqukx0j8dwrtfsoftnrhgr9hit9x462syi2qvybni48vvakmfed648us9tkn40c0dkkmi07npxi3bc3j122gi2cjq4mav0r0k1k9f2ppghw2/test-metrics.table.json", "_latest_artifact_path": "wandb-client-artifact://94e4fr6s0xv500hfa29mqyx0pq16aprd047egvenvzpebgnov2kk2t4arb0nsh36ccfz52en8q9846mdcqo48zfap4nb9r9nb4sxoi0v1bifwchy9o27n6o2vczl1owy:latest/test-metrics.table.json", "path": "media/table/test-metrics_9_5fdc6f79bc6837e818d8.table.json", "ncols": 5, "nrows": 1}, "test_connective_metrics": {"_type": "table-file", "sha256": "ba23e8c7c21f0f9ec96719a4404d3d6a4b610d8fa1a48e3220505034de86e7c1", "size": 194, "artifact_path": "wandb-client-artifact://xgms1czql4zia19w47an1ckb56njobt0lt4efyaknly8xjwrsyemba77xdkbvgau1qacex7q4il63q6qz68ts3st4jm6gl6kvrjjfteijpd4w7h4nszm33lvh1lcrmtl/test_connective_metrics.table.json", "_latest_artifact_path": "wandb-client-artifact://pq5r9vhaeg03zectxqgypnma7mpy5wm17nt2jxq4168in5ytdw65m2pyyt87ir6zuy69wce7kyvlsge1y8b9ihy9lblj9qor9n2gsbcjg6nlwwtc2ahvvpjde8lvjfa7:latest/test_connective_metrics.table.json", "path": "media/table/test_connective_metrics_10_ba23e8c7c21f0f9ec967.table.json", "ncols": 6, "nrows": 1}, "Exclude_counts": {"_type": "table-file", "sha256": "b677d42dd11462fbcfdb80b323c2fb02a71a47403f561bc0f0ccebf6195c9e24", "size": 78, "artifact_path": "wandb-client-artifact://en20777eyxlrynn1d1eu0wisx6f6we8kysba38w6gc32y2b8cgk8hpqk37rvbpxwb999ea85s3s8cfumqbqmxaefqb5kzkac3ziuu5bqe8sy2sd7dbe8e1xvy9dnvrbk/Exclude_counts.table.json", "_latest_artifact_path": "wandb-client-artifact://gyywxgoytioujv8fvxg19m3gskwra4cn6rt6qxeld862b0g1h2mpsoixqty9rrzfovvbh301e4628udpg7gjd2ij59srng19h8mocppr9b4u5ftp0wjadzwvh7p0hijp:latest/Exclude_counts.table.json", "path": "media/table/Exclude_counts_11_b677d42dd11462fbcfdb.table.json", "ncols": 2, "nrows": 1}, "_wandb": {"runtime": 14}}