{"train/loss": 0.0008, "train/grad_norm": 0.012350625358521938, "train/learning_rate": 3.7028824833702884e-05, "train/epoch": 10.0, "train/global_step": 1670, "_timestamp": 1742971487.5357819, "_runtime": 723.776594877243, "_step": 215, "test/loss": 1.4884175062179565, "test/accuracy": 0.7916666666666666, "test/precision": 0.5729319955406912, "test/recall": 0.5487958690397715, "test/f1": 0.5480827327655238, "test/runtime": 1.8753, "test/samples_per_second": 89.584, "test/steps_per_second": 11.198, "epoch": 10.0, "train/f1": 0.9962103761807655, "train/accuracy": 0.9977528089887641, "train/precision": 0.9938300505464686, "train/recall": 0.9986833672105331, "val/f1": 0.5837629893931704, "val/accuracy": 0.8383233532934131, "val/precision": 0.6186913451511991, "val/recall": 0.6466666666666667, "val/loss": 1.021203637123108, "eval/loss": 0.775096595287323, "eval/accuracy": 0.8502994011976048, "eval/precision": 0.666258064516129, "eval/recall": 0.7091666666666666, "eval/f1": 0.6814029609542983, "eval/runtime": 1.8605, "eval/samples_per_second": 89.762, "eval/steps_per_second": 11.287, "train_runtime": 716.2482, "train_samples_per_second": 55.916, "train_steps_per_second": 6.995, "total_flos": 3512627201894400.0, "train_loss": 0.22870215964419935, "label_metrics": {"_type": "table-file", "sha256": "d74d0184b8b1ea74d2b3f74a49803e838369e875ab01dee35ec871ab5d8b23c9", "size": 581, "artifact_path": "wandb-client-artifact://nw5fms4t1puoicnzyb979n7mawriiv2uyvbfvh5az2rw70p2otopzf42198g22loo623fze6onrm874b4ja9iusq38k1kvvuis0jq98lgi8xv0gfez18gn41bwotokbn/label_metrics.table.json", "_latest_artifact_path": "wandb-client-artifact://rrh9kvpcxsjfhv1n47jz9f0b2qx53bws27ta9nm2kppqiq1qcrzz662f463rg907kjm23ez4d581dgd6mmmehx5pq7bk1psy60eo56n48hort5xvmp2suxrnymw0n7wu:latest/label_metrics.table.json", "path": "media/table/label_metrics_210_d74d0184b8b1ea74d2b3.table.json", "ncols": 6, "nrows": 5}, "test_predictions": {"_type": "table-file", "sha256": "f05cffb40c1ff0b0e98cc233fe64074488d9cc64989a8c7077a344eec54488ad", "size": 53562, "artifact_path": "wandb-client-artifact://yw4hehpp1af8dxpnx4cdjlrqjj9f1pmh895vpv7idc0mrq2e81wf1ez7snjho4lgoqnmz7fix66yj3za07bhijynplfcnewpppbsqshn3yefldy75gkwg8hr35avm0rh/test_predictions.table.json", "_latest_artifact_path": "wandb-client-artifact://08axfzvo2hcz6dgm7mm06pifoudatkg8szjdepn44is6fsciiz5v5xv3a9n8x8vssw3r20uek1pj80tmdccde6329jqvl1vwxki1bcivudn1d58wtzkjdqdfqnvmlygv:latest/test_predictions.table.json", "path": "media/table/test_predictions_211_f05cffb40c1ff0b0e98c.table.json", "ncols": 8, "nrows": 168}, "test-metrics": {"_type": "table-file", "sha256": "17ba2044fd3bb4282dfdc2bd0c52f7225f82357e2f17e7e0f6c142e315da75ae", "size": 195, "artifact_path": "wandb-client-artifact://98azap7nzngav5q8ou2tg0x09xkvbkbhb8vlpevrt4ylpriwkcqhncdb8ubsgdkkeriibuo2pqjn2gtqerprxkny9bvav81jn05dvtds2r2sg4psg0gbx8nz9lgp36cy/test-metrics.table.json", "_latest_artifact_path": "wandb-client-artifact://wulu6gee11lbt1obq0aqck3scr68644eh13g5mrxyf3jfm9i4v6p3rl2ikyivd9sonrep8xn40we2c2reu3enpebcb7f5k2jl6whjh08vhkz69vmzy7sz8twe5ejxmr2:latest/test-metrics.table.json", "path": "media/table/test-metrics_212_17ba2044fd3bb4282dfd.table.json", "ncols": 5, "nrows": 1}, "test_connective_metrics": {"_type": "table-file", "sha256": "a2ed9e63fb5ab15ff5762fd578693d4437f2879a6625a6c5748e28f1ab7a8424", "size": 399, "artifact_path": "wandb-client-artifact://n99njzffkwxh890fn6t2lvxprlpqnl9n5m4v8zkoqg2uciphkhvkhhp683j9dec3n6k45m8qw47sye53y6tcvn5aobtt28j2p12bwqmr1l3j4icfzua08pl8149ai3tp/test_connective_metrics.table.json", "_latest_artifact_path": "wandb-client-artifact://9duajzx1jbt6l3od5lbaorlifscy5i6lhi0r2ouv64v0cy5uljl66j22syvrovmy0flwptlhkhykvroi09cptmllhb0qceo4bdcqc3vkl0jxfjsqpm4fi49h77u8yyvy:latest/test_connective_metrics.table.json", "path": "media/table/test_connective_metrics_213_a2ed9e63fb5ab15ff576.table.json", "ncols": 6, "nrows": 3}, "Exclude_counts": {"_type": "table-file", "sha256": "14b17048af7d70db18371f6d087e4493b63d0c540484cbe27bc06c81be6115b0", "size": 74, "artifact_path": "wandb-client-artifact://b8tmzdyxj1qc0vlk6gxsjej6btdu3uae8incgnvifhlx978olm7fqmnlsssftdtr9njey29kjdxuimnapkbn4k7pc85ifc8bcdp216dvw0t23i02whyp51pvl6s70zer/Exclude_counts.table.json", "_latest_artifact_path": "wandb-client-artifact://n67o3nolibxhp7h02jtzqvhxqe95aqq8yu5jq1wzjhlc3axqhtjgtjs6ejm8svgxhdwf0iv61itvugv6k2hcjeogjpwapih59376pwkkt3m1mli6xgbc69g1n2jdpowy:latest/Exclude_counts.table.json", "path": "media/table/Exclude_counts_214_14b17048af7d70db1837.table.json", "ncols": 2, "nrows": 1}, "_wandb": {"runtime": 730}}