{"valid/epoch": 14, "valid/loss": 0.03170319517215569, "valid/accuracy": 0.718562874251497, "valid/precision": 0.1437125748502994, "valid/recall": 0.2, "valid/f1": 0.1672473867595819, "_timestamp": 1714899335.5862348, "_runtime": 206.00354981422424, "_step": 46, "test/epoch": 14, "test/loss": 0.04365757533482143, "test/accuracy": 0.6607142857142857, "test/precision": 0.13214285714285715, "test/recall": 0.2, "test/f1": 0.15913978494623657, "trains/epoch": 14, "trains/loss": 0.0033926403924320523, "trains/accuracy": 0.7528089887640449, "trains/precision": 0.23136363636363635, "trains/recall": 0.20490578476075375, "trains/f1": 0.1823934524403633, "_wandb": {"runtime": 206}}