{"train/loss": 0.1598, "train/grad_norm": 0.0597480945289135, "train/learning_rate": 4.0798226164079826e-05, "train/epoch": 8.0, "train/global_step": 1336, "_timestamp": 1739816334.02997, "_runtime": 1220.5826058387756, "_step": 173, "test/loss": 0.8364993333816528, "test/accuracy": 0.7738095238095238, "test/precision": 0.601207319373703, "test/recall": 0.40446055811909465, "test/f1": 0.37854026393751683, "test/runtime": 4.4218, "test/samples_per_second": 37.993, "test/steps_per_second": 4.749, "epoch": 8.0, "train/f1": 0.7261975370719741, "train/accuracy": 0.9677902621722847, "train/precision": 0.9029559610211841, "train/recall": 0.7385760387683147, "val/f1": 0.34341809819049174, "val/accuracy": 0.688622754491018, "val/precision": 0.5098804177575873, "val/recall": 0.47375, "val/loss": 1.409641146659851, "eval/loss": 0.8698650002479553, "eval/accuracy": 0.7664670658682635, "eval/precision": 0.5952380952380952, "eval/recall": 0.48624999999999996, "eval/f1": 0.398640059127864, "eval/runtime": 4.3945, "eval/samples_per_second": 38.002, "eval/steps_per_second": 4.779, "train_runtime": 1207.435, "train_samples_per_second": 33.169, "train_steps_per_second": 4.149, "total_flos": 2810152156078080.0, "train_loss": 0.5347411266254808, "label_metrics": {"_type": "table-file", "sha256": "ce3387b17a5da071e5c9ce92bb6ccd4d094a7bb268f38479780429457c3e72f4", "size": 601, "artifact_path": "wandb-client-artifact://p78u3gjvdxgulsrf5vqnwe3ickkhesmnlgd8fbw4ffgep4v5n9bnejs93u4kynqetwnxmwim2uav4bqkcv5d7pwin2plq5z1wi45hqe4x0z36mn571ntbcvn4exmytnf/label_metrics.table.json", "_latest_artifact_path": "wandb-client-artifact://swfglxghcuiwpxj01m2rrnwbg7t6umk2cfjtt65ly257vcag3zfph1851krslv87rsn75rpof1d0vkh4e827cnyoglu6h31kqt5nbezraypamfyhf6r7tmdlecazuuuv:latest/label_metrics.table.json", "path": "media/table/label_metrics_168_ce3387b17a5da071e5c9.table.json", "ncols": 6, "nrows": 5}, "test_predictions": {"_type": "table-file", "sha256": "23f21c30056da4e13b4bd4f5187892c2b08923fe22e64b38a9fb6bd1227dabc5", "size": 62300, "artifact_path": "wandb-client-artifact://7kbu9mluu8qjc4yrtnkxvl6ncica4hrbfno4siohe939ggjv0fuv61ew7b7nead2jxbrlji0a99dvz8j4agz2ysjvngrt6fvk91epk2vdiec2di8goupnszl0tuvutkn/test_predictions.table.json", "_latest_artifact_path": "wandb-client-artifact://w266ltcuilomtd3qbbto0d205scdbierucj2zrsvwnhena36unmlgo6668szwwfofaz8jfh9dy6reh90e7y6u864j65a7wtvgow2vkngop7twi7h723l15je3507mr7q:latest/test_predictions.table.json", "path": "media/table/test_predictions_169_23f21c30056da4e13b4b.table.json", "ncols": 8, "nrows": 168}, "test-metrics": {"_type": "table-file", "sha256": "ed88503be222e81c4591638a36d3ecc6f9d0fb54669c0f85d973367017878776", "size": 207, "artifact_path": "wandb-client-artifact://ejs2cj2jyo7clmxsokopu1ilho1os1n1119ykiufmln6vrvjd94vad2uwm3fxi5wie6f2otvq25t50xfa5tf8qs43a06f75lwlq7ycxab9ib96vp56160jtfyb78ygfj/test-metrics.table.json", "_latest_artifact_path": "wandb-client-artifact://3tuzplrrmcmkz91rveg84h16jwluwv9qpo6hr1x081soime8of2mvd4jaccwp50ef2q1c15hjcwcglpm35kak9kdasnhvavc4iye2dc2c925oazkdc2j4u5ocys5upd8:latest/test-metrics.table.json", "path": "media/table/test-metrics_170_ed88503be222e81c4591.table.json", "ncols": 5, "nrows": 1}, "test_connective_metrics": {"_type": "table-file", "sha256": "b3e40f8bb57734ed09f187e687de761cccbe83bf4f06718159bd5bebdc842f6c", "size": 446, "artifact_path": "wandb-client-artifact://hkxljoz1ujdycd65nx8fk4brqvonxkoiiwbelr0fs0c1jblyp5rvi5dtbu3ekmr5erf49exdwhnykyn8iri7jqr63zw3at29hy6b3agn7x42n7rhexdount6ff4t7xkf/test_connective_metrics.table.json", "_latest_artifact_path": "wandb-client-artifact://x4nbfm82x4lyz62u3kg2670qkkflz66sp2f78n1jmibe6o6i2n87wavypy6w0s89ixwg90bsnlqsezdbuzqdhxf8qr5qf7mt7vm7cwb5a1a6ufjr31usl17bellbjv59:latest/test_connective_metrics.table.json", "path": "media/table/test_connective_metrics_171_b3e40f8bb57734ed09f1.table.json", "ncols": 6, "nrows": 3}, "Exclude_counts": {"_type": "table-file", "sha256": "92504b126567f736cbedb8586a5e833f3c5632191cd4c7ca2291163d6a06ccb8", "size": 85, "artifact_path": "wandb-client-artifact://74hbsxwb47qai626ynzl0yuq7sd236e1puwg0iow1crxxlk1a5dsz6kuplpkpbswoqkdkux8gf90ddsvaxlr8mymi12i811bhmqgkzz8bqgy7sa1dcfjvboiva16dekw/Exclude_counts.table.json", "_latest_artifact_path": "wandb-client-artifact://dc0ljf6tp3sdcgfol26zlxb4ufxicyjdygwgfgzrg3m68j06gpea47a55jia8rkbstjbaeaisejkeovja1fhsgzx25j7w92ypeku5fuullz5abbjg1v2yc621tsoo3to:latest/Exclude_counts.table.json", "path": "media/table/Exclude_counts_172_92504b126567f736cbed.table.json", "ncols": 2, "nrows": 1}, "_wandb": {"runtime": 1230}}