{"train/loss": 0.2074, "train/grad_norm": 43.256290435791016, "train/learning_rate": 2.5942350332594233e-05, "train/epoch": 16.0, "train/global_step": 2672, "_timestamp": 1743053607.6290014, "_runtime": 1158.0091342926025, "_step": 339, "test/loss": 1.3495618104934692, "test/accuracy": 0.6785714285714286, "test/precision": 0.5498949579831933, "test/recall": 0.26359481432652165, "test/f1": 0.2736692750422728, "test/runtime": 1.8854, "test/samples_per_second": 89.106, "test/steps_per_second": 11.138, "epoch": 16.0, "train/f1": 0.7733254424602711, "train/accuracy": 0.949812734082397, "train/precision": 0.8513854089628776, "train/recall": 0.7196470060182085, "val/f1": 0.3610422282120395, "val/accuracy": 0.7425149700598802, "val/precision": 0.5477687626774848, "val/recall": 0.33208333333333334, "val/loss": 1.2937896251678467, "eval/loss": 1.0112706422805786, "eval/accuracy": 0.7485029940119761, "eval/precision": 0.6173872180451128, "eval/recall": 0.43583333333333324, "eval/f1": 0.45349646539577887, "eval/runtime": 1.8802, "eval/samples_per_second": 88.819, "eval/steps_per_second": 11.169, "train_runtime": 1150.5843, "train_samples_per_second": 34.808, "train_steps_per_second": 4.354, "total_flos": 5620203523031040.0, "train_loss": 0.5666231162243796, "label_metrics": {"_type": "table-file", "sha256": "9f3bf09f641d0c7caf31de43441d205f99fbae1bb0a55e02f019797e2b7157d1", "size": 641, "artifact_path": "wandb-client-artifact://mvc751ympgzpjxa25mj7879sa1eahze8byu3g8djbpuso2glca0exzcp7k4uhm6lpjl89ad7l7x6obrzeazszdqv5uh7wid11u5jn9bhps9t8tyfp7xx0yzz6t4yjn2u/label_metrics.table.json", "_latest_artifact_path": "wandb-client-artifact://i103p9c43llzvyas74tx8fcluatkmepjuk6dev8c2csyhkygt03gumtlz2ghpmr1soquro7pzw430ggxdi7jmz5l5auu2y8sld2dbf91gpij4aadmrcdggewnrwzcr5m:latest/label_metrics.table.json", "path": "media/table/label_metrics_334_9f3bf09f641d0c7caf31.table.json", "ncols": 6, "nrows": 5}, "test_predictions": {"_type": "table-file", "sha256": "1b70de6a092465152198fc6bf3fccc0162437c993b2e31f7425e2600d635b64e", "size": 138225, "artifact_path": "wandb-client-artifact://lcixagf9va747toc5z642y3pxmtq6nmayw2h1102l2ziks0769h6ibh8do67o2nxuxwul4v0vde5nfbnh5sforchj6un5bptly54b1mowyi67z5ntgv46wv84sewrr34/test_predictions.table.json", "_latest_artifact_path": "wandb-client-artifact://b4opb3ac9gklyihukokgbcx7yqp8j9e16th0l5rhu2vycwc92j5hbmph4kh4pfik1qoxlichc7wunxsabkbg5do2q9gb54yu5gx425oyhkyaydyph6mc4uhyvm6nryz2:latest/test_predictions.table.json", "path": "media/table/test_predictions_335_1b70de6a092465152198.table.json", "ncols": 8, "nrows": 168}, "test-metrics": {"_type": "table-file", "sha256": "d761eb1cc0f799b0d7a49b7d032cfaec95de79dc3f5d515caf1c67b356f0ea04", "size": 211, "artifact_path": "wandb-client-artifact://90teuu18rrycimvajl3baj6fl0ngrflq3yrcoa2op75pazlhmtlyak6dmcmwfwvk2pp9xwbuurc5l5f0zdrv00bme9y8tgvaz8mh7ska6xy3mptdufaswcnujxcnbmq9/test-metrics.table.json", "_latest_artifact_path": "wandb-client-artifact://94pk9kx3928og8f020yb791rvwwj47v93jxf7jv8k43kknpm5x2e1k6rg4afviqlxsszkarp0twkqf9qqcvp18kjwkgfjuu12a8m19hr512t0h8ux1v7kil44kcwnaly:latest/test-metrics.table.json", "path": "media/table/test-metrics_336_d761eb1cc0f799b0d7a4.table.json", "ncols": 5, "nrows": 1}, "test_connective_metrics": {"_type": "table-file", "sha256": "baf5118c740e70a69eb5c115dd818ad06ea98bb373a72c90d20b0b75b4425b6d", "size": 470, "artifact_path": "wandb-client-artifact://bc8jm73wsgzzc1di9oueucuw3kj7ggtovrib2u2ejp8dy0iornqhv5s5lsx4ddeu9rqf8zu57wilj28u8n18pwrivi3kkcqu6icfa8hsokbb2urctz9mwlegco550xqu/test_connective_metrics.table.json", "_latest_artifact_path": "wandb-client-artifact://ocwsgaklg9qpiw06ahnpivls2pa2pwug6il5joo6xwkwendioaxnm4z5cib31a0jpoco44js8p8ia0nquvawi0znaqnwjy70ctjflw9916qvrn83nd065d2e19oxm2qr:latest/test_connective_metrics.table.json", "path": "media/table/test_connective_metrics_337_baf5118c740e70a69eb5.table.json", "ncols": 6, "nrows": 3}, "Exclude_counts": {"_type": "table-file", "sha256": "b29489d20e57d05bb6aec67be60a99d8dcef8e432ded61216e66508bd510be58", "size": 90, "artifact_path": "wandb-client-artifact://spe0wogciv5ynhv6aou9ir51792wdbwtvtgsg99t7n5n1t7mfqcd3qlw54or8xa11kzbbv7nv4fvvt3klqg4kpm3qnvawfneaxvy79mcgtjug2vqekaqppq0ekk0n05z/Exclude_counts.table.json", "_latest_artifact_path": "wandb-client-artifact://w82lkug0l3jdsycdacodmaa1wa17as35r9ymidex7h8jnoqgfh05aow66e31ieydxi2asuwcv1xbn105xlajorvczh3n9r9pxva0ntityd7sn59g81clgbp57loira1d:latest/Exclude_counts.table.json", "path": "media/table/Exclude_counts_338_b29489d20e57d05bb6ae.table.json", "ncols": 2, "nrows": 1}, "_wandb": {"runtime": 1166}}