{"train/loss": 0.1155, "train/grad_norm": 0.009363066405057907, "train/learning_rate": 3.52549889135255e-05, "train/epoch": 11.0, "train/global_step": 1837, "_timestamp": 1735974907.516144, "_runtime": 987.5327301025391, "_step": 233, "test/loss": 0.9786567687988281, "test/accuracy": 0.8511904761904762, "test/precision": 0.8585399449035812, "test/recall": 0.7726983080641617, "test/f1": 0.7877802657113001, "test/runtime": 1.8732, "test/samples_per_second": 89.684, "test/steps_per_second": 11.21, "epoch": 11.0, "train/f1": 0.9775911498091971, "train/accuracy": 0.9940074906367041, "train/precision": 0.9984158415841584, "train/recall": 0.9587295426286252, "val/f1": 0.7855621820857298, "val/accuracy": 0.9101796407185628, "val/precision": 0.9291044776119403, "val/recall": 0.75625, "val/loss": 0.7859788537025452, "eval/loss": 0.5042221546173096, "eval/accuracy": 0.9281437125748503, "eval/precision": 0.9157714285714287, "eval/recall": 0.87625, "eval/f1": 0.8872108843537415, "eval/runtime": 1.8578, "eval/samples_per_second": 89.891, "eval/steps_per_second": 11.304, "train_runtime": 979.6871, "train_samples_per_second": 40.88, "train_steps_per_second": 5.114, "total_flos": 3863889922083840.0, "train_loss": 0.2462439862111351, "label_metrics": {"_type": "table-file", "sha256": "56b168284da2cb65d10e04e4226fd726f5e3d04670ba813ef5f4d05ade015c49", "size": 456, "artifact_path": "wandb-client-artifact://904e25glyumigwprjsn4erm9e54ffrdekba8vmwgtdmqxsfdzta9jtobpktpdmyqwb6ry0c774u7dr9jcwpg8pwr3u4gmfdksbnafxypz98h6k4gseiuyjqxyuygptop/label_metrics.table.json", "_latest_artifact_path": "wandb-client-artifact://85ahzy5tbm2cu0z80ikhw3s3z2piw8gaxaazyhugj2azuylrky7cs9fb0ed25vpw0az7p8zgud8kf0fbhdfhzxdx6c9a58m7ac7h7w7w6pm3rwmh0yq7mbvwhn3d24mp:latest/label_metrics.table.json", "path": "media/table/label_metrics_230_56b168284da2cb65d10e.table.json", "ncols": 5, "nrows": 5}, "test_predictions": {"_type": "table-file", "sha256": "07e8808037ae6a2574828812389f774c289d7032ee4b308b9ca5a99f1b707c29", "size": 86308, "artifact_path": "wandb-client-artifact://l20l9zpyhapg40amcryp93k8h8tnffwvkvntyxg5o38urs6twll50kx1ifmh4yzrlthpshvilaoyoiyqdka3awxj11jyqdyduv3x0qztr7k5kia9qusj6qmjavsxd0ee/test_predictions.table.json", "_latest_artifact_path": "wandb-client-artifact://r2p6a0db41qtw9bnwrasy5sfp2r83xwsjsv693go6aadesstmslic5zxilr1im6q9t5o550mmeygju48kuh4d3koa89f53m1gwvq0lhthax6fkxm3n96ngch9ce15imb:latest/test_predictions.table.json", "path": "media/table/test_predictions_231_07e8808037ae6a257482.table.json", "ncols": 7, "nrows": 168}, "test-metrics": {"_type": "table-file", "sha256": "ec7a8ba7caa28dd1e8a44f43e03ad3a627ff877d5c73dc2b588a0434a84b1656", "size": 190, "artifact_path": "wandb-client-artifact://yvxwu10av4yc4bo72zx60g004d0y3fx2mc2welox09ys1y60lzguoy9qy14vub5879sprb6sja1zkyul7bd76e6uajrntbaa4ciuqpyq0wbhi1ilff1ly4ay219lis0q/test-metrics.table.json", "_latest_artifact_path": "wandb-client-artifact://nyvik0ld4k8e7c8udb7kfvog5a51i0w1t0tqos5bm4ppmcdp4n6aeiy1bg22kn6wjkaq548esuyhhr9tq8jqaoiqz7jdygmpn484yol0v5m836tqeok9p080h0db2sip:latest/test-metrics.table.json", "path": "media/table/test-metrics_232_ec7a8ba7caa28dd1e8a4.table.json", "ncols": 5, "nrows": 1}, "test_connective_metrics": {"_type": "table-file", "sha256": "3545a1ed029496bc8e109107726192d1b70d50445dec801154d6d55a10d127a2", "size": 409, "artifact_path": "wandb-client-artifact://x6xc5rc8xrxjgukqnheg6pj1aur50ijpoe8czg0sj2ohvo1am1zxk7jrtxh1fcop406weohvlq5c4fm97lm3en81uvsdfv2eoa5xd1qnegjey1aol0uo2hl22v2mqr2i/test_connective_metrics.table.json", "_latest_artifact_path": "wandb-client-artifact://dpd6xdu3g01i924jfwsajifgizvapdaxawk2pno6t8n3k1wypilk0ejd366rxyzcfgmmcvjn5o013ekbhnnxvwqqjh6xoygfgygszrmfk31ez3r5v00y11sd60uy5wj7:latest/test_connective_metrics.table.json", "path": "media/table/test_connective_metrics_233_3545a1ed029496bc8e10.table.json", "ncols": 6, "nrows": 3}, "_wandb": {"runtime": 994}}