epoch,loss,accuracy,precision,recall,f1
,0.0648039843507869,0.1257485029940119,0.1622171370455123,0.3158333333333333,0.0972817728422966
0.0,0.05607340150250646,0.41916167664670656,0.17981762917933128,0.1675,0.16856156501726122
