epoch,loss,accuracy,precision,recall,f1
,0.0825718470982142,0.1130952380952381,0.1674074074074074,0.0893473961766644,0.0781702740298599
0.0,0.06710960751488096,0.44047619047619047,0.20003565062388592,0.17921775433970555,0.18883644207587869
