{"train/loss": 0.0006, "train/grad_norm": 0.02054465375840664, "train/learning_rate": 0.0, "train/epoch": 10.0, "train/global_step": 1670, "_timestamp": 1735380883.1330073, "_runtime": 735.717511177063, "_step": 213, "test/loss": 0.969997227191925, "test/accuracy": 0.8452380952380952, "test/precision": 0.859600614439324, "test/recall": 0.7616677653263019, "test/f1": 0.7803737191078962, "test/runtime": 1.8529, "test/samples_per_second": 90.668, "test/steps_per_second": 11.333, "epoch": 10.0, "train/f1": 0.9775988924164318, "train/accuracy": 0.9940074906367041, "train/precision": 0.9976851851851851, "train/recall": 0.9594473730228825, "val/f1": 0.6824476513865309, "val/accuracy": 0.874251497005988, "val/precision": 0.7962499999999999, "val/recall": 0.6766666666666666, "val/loss": 0.7479251623153687, "eval/loss": 0.6429114937782288, "eval/accuracy": 0.8802395209580839, "eval/precision": 0.8132327209098863, "eval/recall": 0.6829166666666666, "eval/f1": 0.6995128466537922, "eval/runtime": 1.84, "eval/samples_per_second": 90.762, "eval/steps_per_second": 11.413, "train_runtime": 728.5516, "train_samples_per_second": 18.324, "train_steps_per_second": 2.292, "total_flos": 3512627201894400.0, "train_loss": 0.25358655917357853, "label_metrics": {"_type": "table-file", "sha256": "55a111784bd86d7ee84f56d1a74f76eded6bd2c6c5834682b447560fb1e7de0f", "size": 490, "artifact_path": "wandb-client-artifact://e5uhvk4bsk198brxumecekr5h5a5beplcjrcjssghwvg638r2qtpsjh8f8vxgbes35eht5114zbykihg9fr9zg0ceyos7xvd4ygzw7acv2ejdk33m5bj2lrcr5y2fy3w/label_metrics.table.json", "_latest_artifact_path": "wandb-client-artifact://uwayacbpn66j8f7e4zy425jd8n04tqj68ukzxkrc3qb5ed8zd3v2bu5qj3ckp10jivww2g30pxc8981ua3m83s0g535sfdpo42qx5mm68udnf6qf67376lulfsbe5eeu:latest/label_metrics.table.json", "path": "media/table/label_metrics_210_55a111784bd86d7ee84f.table.json", "ncols": 5, "nrows": 5}, "test_predictions": {"_type": "table-file", "sha256": "e6c803f80b9e75fe46ad1a86e30a2e67c86329272be8f23d0bc7f6aba11b33c8", "size": 88100, "artifact_path": "wandb-client-artifact://acb9d1ikujweav97htprvt4vz91n6373ri3u0m0c7dnlq0bxvz48naivwzdrdb9rr5o1bwiupvlat3f4ztpbyghaw4c7atgru874hs1uy0jcgk305cmhpn34rkp068l8/test_predictions.table.json", "_latest_artifact_path": "wandb-client-artifact://l1bmaeqwsprxcpvrddacyjsv35e27633wb8awu3kzh7pfq7252zcl6iz55rb0rqcamd732ae5suohop7uvgc6qi67gxpuc7tf6lory1hmx5rhjm8lcfxujqfbd1k2phy:latest/test_predictions.table.json", "path": "media/table/test_predictions_211_e6c803f80b9e75fe46ad.table.json", "ncols": 7, "nrows": 168}, "test-metrics": {"_type": "table-file", "sha256": "781f8716941c9aead1881806fa067ad314186596c2a1576e63678b085501def2", "size": 193, "artifact_path": "wandb-client-artifact://8ybyni6ri9pevgz299zx5xrs5x7pg85637dnl3lln1djsonaqblq2rpev3tzudcnrnobdtbny1hr0id5bm9e4s1rvjqo4ary4b3rtmhmopfdoobr83cj0t1m8e11xd0d/test-metrics.table.json", "_latest_artifact_path": "wandb-client-artifact://vwojqn84lb3sxtn8s6uvz1gsgszu88l59ysem703274w09fouz6fsb4q8eehjsepjxnefgqu3bvjdm2i01udxq3ekfn4xs8eawp7v1cog54486m174bu7hsoqad5e73t:latest/test-metrics.table.json", "path": "media/table/test-metrics_212_781f8716941c9aead188.table.json", "ncols": 5, "nrows": 1}, "test_connective_metrics": {"_type": "table-file", "sha256": "12c012485487e744439ef9cf9f6087901b22695845bb1000fc3c596837e83db6", "size": 421, "artifact_path": "wandb-client-artifact://cbvkfxgmxtj1hargxtvj1kd3yifdq8ohk6i8qhml02ewia8eb2sj2gb4dmkba8w02u80ttybtu74hhhmvraqtaexmsv04uo7h1jsujs0setjax2jff7zrmso5iz750dn/test_connective_metrics.table.json", "_latest_artifact_path": "wandb-client-artifact://zjp5to88evviq3q463qv7bt41v579zfryrbxt0xdgzttfbqln6dm5twxcpg5louzu2k6j9940bkmbv7yaxeq1gfp7ix7i85b3pmwku6sarxb10br74hv81f5wibmypl0:latest/test_connective_metrics.table.json", "path": "media/table/test_connective_metrics_213_12c012485487e744439e.table.json", "ncols": 6, "nrows": 3}, "_wandb": {"runtime": 742}}