{"train/loss": 0.0826, "train/grad_norm": 0.015684472396969795, "train/learning_rate": 4.26829268292683e-05, "train/epoch": 7.0, "train/global_step": 1169, "_timestamp": 1736794727.0945446, "_runtime": 508.44860672950745, "_step": 151, "test/loss": 0.8441389799118042, "test/accuracy": 0.8154761904761905, "test/precision": 0.775927750410509, "test/recall": 0.5191100856954516, "test/f1": 0.5515873015873015, "test/runtime": 1.8824, "test/samples_per_second": 89.246, "test/steps_per_second": 11.156, "epoch": 7.0, "train/f1": 0.9723967579846983, "train/accuracy": 0.9925093632958801, "train/precision": 0.987438842653094, "train/recall": 0.9590481714260761, "val/f1": 0.5606492459997698, "val/accuracy": 0.8323353293413174, "val/precision": 0.746176105828855, "val/recall": 0.5420833333333333, "val/loss": 0.9312541484832764, "eval/loss": 0.6554346084594727, "eval/accuracy": 0.8323353293413174, "eval/precision": 0.8691222570532915, "eval/recall": 0.5466666666666666, "eval/f1": 0.5807952083598827, "eval/runtime": 1.8682, "eval/samples_per_second": 89.392, "eval/steps_per_second": 11.241, "train_runtime": 501.007, "train_samples_per_second": 79.939, "train_steps_per_second": 10.0, "total_flos": 2458839041326080.0, "train_loss": 0.36509004363055614, "label_metrics": {"_type": "table-file", "sha256": "bdcd66fdec3d5fd5fb67b5af7f6c545c771b7808fc161c085c926e868305afbc", "size": 679, "artifact_path": "wandb-client-artifact://yci6r80lm3e81l1rygs1kbhlioz16a38ct30vzyu4nuspm3c27t9kpkhriprwedixwf6dkkc7wzsjzyk96gsz5bjhwql5njqhifoxd9x4xctqnxq1l869lw93z9qv4uh/label_metrics.table.json", "_latest_artifact_path": "wandb-client-artifact://68npjfbj2n0w63kruksw4hx62n4181gdpdvkm53fvl136nwymz151lnwi0fnse0ky7kgezq3pj7hycqm1kjv7bl3s40s9fm6q1pcf3ljpe6xnej0zlcr941zo87l13lc:latest/label_metrics.table.json", "path": "media/table/label_metrics_147_bdcd66fdec3d5fd5fb67.table.json", "ncols": 6, "nrows": 5}, "test_predictions": {"_type": "table-file", "sha256": "52958f4062f4f38b236c4f078914f313d45000396e6de9d4b63b7a886cc58ee6", "size": 87286, "artifact_path": "wandb-client-artifact://cfe5hzczwdrijyvyoecyeytpn2eci7kr8x3ezbon5uwc5q4y46ox0ppjpcfpay2n03co3x1wl4djcfusuumggz9g9ajl0hpm9xtm5jd2g36j4rtcav86c49kghstl8ny/test_predictions.table.json", "_latest_artifact_path": "wandb-client-artifact://qxasdou2vhdnasogy0skk07bzcqfk9ng8lhn1kdykc3momac13iync0mzqycqe6t0p11v39mmmcgomlq01kahrhlmw3aul66938y0bgu6pquqdbo835aqgg4uhc0q0ro:latest/test_predictions.table.json", "path": "media/table/test_predictions_148_52958f4062f4f38b236c.table.json", "ncols": 8, "nrows": 168}, "test-metrics": {"_type": "table-file", "sha256": "282ba4a2a44297987ef3e3f59bad5521926bbd7133dd2e4a816b1975f61415c5", "size": 202, "artifact_path": "wandb-client-artifact://76c20pb6t7873c7zh6ereycuty39j3j3qto1hlv69zfxixtfnfwyhk655145kflssmpcbme1p2shvpcp2ndk0mlkdytlmx2zkob3ezrdqiqsk9g94xneywpenf1b8kst/test-metrics.table.json", "_latest_artifact_path": "wandb-client-artifact://ru8a8dj1pjw3yy8odwiwwtah1k86ta0fumraeu9iemybuvzihcex6xhvrircbrjye35hozoqwp5xhja9rhvlqkcvokvta7jnmauh8humqi0br70psflyw9mpzr6vozzf:latest/test-metrics.table.json", "path": "media/table/test-metrics_149_282ba4a2a44297987ef3.table.json", "ncols": 5, "nrows": 1}, "test_connective_metrics": {"_type": "table-file", "sha256": "7cd6188580ed6055bed2cabe6bc183f7f30e3b9e77a730b759d9332c38f2bd3e", "size": 447, "artifact_path": "wandb-client-artifact://9bfzct6sxl4jfhtbv12kroq7ykypl1grgejmlvzb25hrtxu8yx9t0sy08vea5oc1y6yg9z77isk4d9nmt99dozh4qvnfmpvcqpo0t1uwiq3hxxlv9646j02lbexsknln/test_connective_metrics.table.json", "_latest_artifact_path": "wandb-client-artifact://ttt8wkrqer8yzaq5756d9uhrcr1vh4nqx5z8zw0m19f8elmakx0vzh008f3pz8acszn4lfuu8fb47a8uir78oi5wfvexgr21vhs63v1ozp0r6ax7fiaf2s5gvycd3l53:latest/test_connective_metrics.table.json", "path": "media/table/test_connective_metrics_150_7cd6188580ed6055bed2.table.json", "ncols": 6, "nrows": 3}, "Exclude_counts": {"_type": "table-file", "sha256": "6b61ed8104e7789baa2a078cd4b3e82ab1d17bd9254552ac8bfb5d3efebbd3dd", "size": 81, "artifact_path": "wandb-client-artifact://yrgvuym2muvvozyg51ajtt32czulqhs4yyq3pnokpf5w8al3jabt8bakg4437awlmkhdqx5j9mz7gezfczaw17tfvt2uy7g7vojo11pw79ssoldgdnnqmmk359z478zw/Exclude_counts.table.json", "_latest_artifact_path": "wandb-client-artifact://ivg44j14e8x4lzsy9fvpdw783f1wwp9wzwrak30jh7getmcvlzy6yhrn67ck60vk6kj7l7ctrini6nk96sfsbn1wpg3z3yi3c4mkyyey4p071hegsnib8n174011rvpb:latest/Exclude_counts.table.json", "path": "media/table/Exclude_counts_151_6b61ed8104e7789baa2a.table.json", "ncols": 2, "nrows": 1}, "_wandb": {"runtime": 515}}