{"train/loss": 0.0006, "train/grad_norm": 0.11744554340839386, "train/learning_rate": 2.5942350332594233e-05, "train/epoch": 16.0, "train/global_step": 2672, "_timestamp": 1739773578.6288257, "_runtime": 2429.898226737976, "_step": 339, "test/loss": 1.8133370876312256, "test/accuracy": 0.7976190476190477, "test/precision": 0.7466921119592875, "test/recall": 0.6352318171830367, "test/f1": 0.6128843488527284, "test/runtime": 4.4201, "test/samples_per_second": 38.008, "test/steps_per_second": 4.751, "epoch": 16.0, "train/f1": 0.9962121809908442, "train/accuracy": 0.9977528089887641, "train/precision": 0.9931166087371363, "train/recall": 0.9994011976047904, "val/f1": 0.6694370541738962, "val/accuracy": 0.8383233532934131, "val/precision": 0.6720479940007499, "val/recall": 0.6945833333333333, "val/loss": 1.4966777563095093, "eval/loss": 1.4535832405090332, "eval/accuracy": 0.8263473053892215, "eval/precision": 0.6782413067931726, "eval/recall": 0.7304166666666667, "eval/f1": 0.6893563161984215, "eval/runtime": 4.3941, "eval/samples_per_second": 38.005, "eval/steps_per_second": 4.779, "train_runtime": 2417.2696, "train_samples_per_second": 16.568, "train_steps_per_second": 2.073, "total_flos": 5620304312156160.0, "train_loss": 0.17990228357773924, "label_metrics": {"_type": "table-file", "sha256": "eb400f8f34b82c7111af7a833624b6208a77f495d22d51e2b719be0f6230e420", "size": 621, "artifact_path": "wandb-client-artifact://zfdsk9r68modqlbgqueps6ervpki4moutw3ujl0tostxo8cxgabti1frvszex5mzgqqa91rd4cticfztg80vcmlill8fyle43byaigpdybrvrciz6u21y7fgq8jilz4g/label_metrics.table.json", "_latest_artifact_path": "wandb-client-artifact://2wk2now134dqok0cpjpiglewbzn1r2sdr77euzd7ic6km8ke8r834hem9pkpw4679sjp8hd23sn3wv7y03odn1hoaq0dj6bz2fcnjyiwf5qnwt0qxi9ohs84q7kwe9l4:latest/label_metrics.table.json", "path": "media/table/label_metrics_334_eb400f8f34b82c7111af.table.json", "ncols": 6, "nrows": 5}, "test_predictions": {"_type": "table-file", "sha256": "1a21adf85a871cf08523aa85ed717966f52e51ecc356ca28a8bec43e8238bd0b", "size": 53622, "artifact_path": "wandb-client-artifact://qibgjqvj6qnw1cpbavwknhjj2x7m698lutfimmhad8zonnphsqtogtz21bdc28fiyquz13s2c8xqmqbelnk1cq250wotnp1wihc90l6goprevskf56bptzf01ki2fg04/test_predictions.table.json", "_latest_artifact_path": "wandb-client-artifact://r3m8hxgf6plkmp9ziomtt0b8tdb5ohtiagdau5vzbtqyy88ztf877ynpbizxr8h5kfsvful9fgokozhd8s5rubafnl4rlushz0eysxq65qwopbr85v7ijcjmu6a09mnz:latest/test_predictions.table.json", "path": "media/table/test_predictions_335_1a21adf85a871cf08523.table.json", "ncols": 8, "nrows": 168}, "test-metrics": {"_type": "table-file", "sha256": "0d819365f6c7e1645e3413657c8cd622e1d1b7b0d43fbdc6267894000e6c8926", "size": 195, "artifact_path": "wandb-client-artifact://chrsup35fcot37a6t38deao1obkbrm40m2r5yqvc3ibfp99600obywb2iknyn66nzk421o935mh0ebw2f7ajgux4f4mcc5j0j106uv1ho57r3iw291xywi92d5jk8zod/test-metrics.table.json", "_latest_artifact_path": "wandb-client-artifact://dkj3dw19fuzulncjpdisllo73l5jepw8cegdark02vur06b9s5kytb5p572vbdxt0iic4v8j31vnmx5rq7gtiv38w0f3gxr4h633vlx07hs0afq37taouyc11isn76y6:latest/test-metrics.table.json", "path": "media/table/test-metrics_336_0d819365f6c7e1645e34.table.json", "ncols": 5, "nrows": 1}, "test_connective_metrics": {"_type": "table-file", "sha256": "2880cf210bd34d23928bb9def465dbe2437754962261e1f80ac7d5f5a06c0f54", "size": 437, "artifact_path": "wandb-client-artifact://jc1avzj1l20m0own3uxlrgi9fg9niw8fqggj1zzr9drq9qauz1jh0lvp4hefhhi2ewk9r12qzaet44d06g7ixgklhbc3x1ggf8gbxt1ctg9tl7r1hocv949ljxs0e46k/test_connective_metrics.table.json", "_latest_artifact_path": "wandb-client-artifact://46zz5m6lyf5pxaz5ba4ffjj236b1mjn7vus9wdix936o0qbf6bfjwoylgxbkxf9nqpc38t4o7m1g3zadwsuc8b2aekhojl6ykx24urwbl5mvtcuuudbn03zo49g99lu6:latest/test_connective_metrics.table.json", "path": "media/table/test_connective_metrics_337_2880cf210bd34d23928b.table.json", "ncols": 6, "nrows": 3}, "Exclude_counts": {"_type": "table-file", "sha256": "14b17048af7d70db18371f6d087e4493b63d0c540484cbe27bc06c81be6115b0", "size": 74, "artifact_path": "wandb-client-artifact://fv901cojjpgf912vxn6gyo2zmp362ggutqe3qhqfy7kshd6p37eahv2xb5wnu3yunq9urinr1eqjcud9uagoiztmef3mntd3v50nh3q4mnh2ub20lk638a7xm77f9ovc/Exclude_counts.table.json", "_latest_artifact_path": "wandb-client-artifact://9172k953njuti5m015duj9iyqn8dwdrg6px86ncfzuio6c16ruq0ewfe6p1egbmf03cv9vqv0996zi92wpk0h7wu45d2geuxsf1rv6uaptkkgbrt734ao8m4m25ww9ru:latest/Exclude_counts.table.json", "path": "media/table/Exclude_counts_338_14b17048af7d70db1837.table.json", "ncols": 2, "nrows": 1}, "_wandb": {"runtime": 2437}}