{"train/loss": 0.0004, "train/grad_norm": 0.0031525439117103815, "train/learning_rate": 3.337028824833703e-05, "train/epoch": 12.0, "train/global_step": 2004, "_timestamp": 1739595820.7260807, "_runtime": 1826.6151747703552, "_step": 256, "test/loss": 1.6231282949447632, "test/accuracy": 0.7559523809523809, "test/precision": 0.5763000176273576, "test/recall": 0.5577411557899363, "test/f1": 0.5526262006948702, "test/runtime": 4.4182, "test/samples_per_second": 38.025, "test/steps_per_second": 4.753, "epoch": 12.0, "train/f1": 0.9911711834814799, "train/accuracy": 0.9955056179775281, "train/precision": 0.9855140855140855, "train/recall": 0.997366734421066, "val/f1": 0.761889880952381, "val/accuracy": 0.874251497005988, "val/precision": 0.8158333333333333, "val/recall": 0.7670833333333333, "val/loss": 1.069260597229004, "eval/loss": 0.7274616956710815, "eval/accuracy": 0.8862275449101796, "eval/precision": 0.7597619047619047, "eval/recall": 0.7883333333333333, "eval/f1": 0.7697619047619048, "eval/runtime": 4.4009, "eval/samples_per_second": 37.947, "eval/steps_per_second": 4.772, "train_runtime": 1813.8969, "train_samples_per_second": 22.08, "train_steps_per_second": 2.762, "total_flos": 4215228234117120.0, "train_loss": 0.2432512361607412, "label_metrics": {"_type": "table-file", "sha256": "fc87b196fc919a3be82d11ba91d2c77abfdc4ded82f8f204f65344d062536edd", "size": 637, "artifact_path": "wandb-client-artifact://g06n9chvemwf5ppa1tiyh3j5ixw9olkev6p7jxupybieculpg7qmc6die80ewj4vgn557o16ocro9mgkqlkblvi98z98o8u8swswalcxt51hpo56dj1nl5ig0dyyq8ir/label_metrics.table.json", "_latest_artifact_path": "wandb-client-artifact://0l0rtgzeq18uut1nahh413mt1bdw2i9yjf1w4he4sh41v03g379i5s9tszdqjy61bfy45pxt48mtp6worutct3m9uflvzf30bnsrkucxzwayx360efz16d6h6vbbeqzu:latest/label_metrics.table.json", "path": "media/table/label_metrics_251_fc87b196fc919a3be82d.table.json", "ncols": 6, "nrows": 5}, "test_predictions": {"_type": "table-file", "sha256": "2f3e470d3dc518f054281ae7d18b2a48bbc335a1c726dc166a3be25e74167d4a", "size": 53604, "artifact_path": "wandb-client-artifact://xb1gnhrj4x3ktft51bggl6lkfzokam6lgn2w8a2vmln6u33tl5dtqamduz86mb4eatk3qmjtgg3598nfscice9cv6vg1hpz1hqnkoyhn1fqlcrwy7b4jpo6l54cx2lfi/test_predictions.table.json", "_latest_artifact_path": "wandb-client-artifact://6mnx78otznd434y00te1rb6ntbbkxidchhfc8try2fk4eodox4gw6pf7g2z72of0c5n6gy7g6kxe6mto436zpa4qezmbapx8qmu6iabzgud0bziqp824950yyr9pw7ow:latest/test_predictions.table.json", "path": "media/table/test_predictions_252_2f3e470d3dc518f05428.table.json", "ncols": 8, "nrows": 168}, "test-metrics": {"_type": "table-file", "sha256": "650fe340778ce478822ba5f26297f0fb9c9aa4d43ffca0beaecdcdbbc8ff5692", "size": 195, "artifact_path": "wandb-client-artifact://ucnk3w3kqrz6fkgj7ii288pxdgur5veripxc6ctcqss1c06korju7ancvli2pq5kg10eqg1nabmcowlhcizaohr6vifme0olbs1byf8ac4759i2bj02mmxls80oyfi41/test-metrics.table.json", "_latest_artifact_path": "wandb-client-artifact://tcnm45pev5duzy9bvzun437eyfrguqqmoiu7acjq2ygzwr6ky8czn4hb51fmnt480vphog6kjd8ejqt8zjyzk7gk0qi5vdewfla0t10quxakzf6oqbif4uxng6x1scrh:latest/test-metrics.table.json", "path": "media/table/test-metrics_253_650fe340778ce478822b.table.json", "ncols": 5, "nrows": 1}, "test_connective_metrics": {"_type": "table-file", "sha256": "4adb2c37a7e6f838f1a96c23075a3eee48095e1adff573afee52f66d0b942dcb", "size": 434, "artifact_path": "wandb-client-artifact://v9e3741xvy3w34nbyuxcm6crqzl62d5ux6n2r0pyh8y36h8d5sj46srzi6som0x76f3v295y1jpmvfp0xvbn6en9g5ru8r2mtftd7u0fc7rplv9sttvaabsv4ffn8jsn/test_connective_metrics.table.json", "_latest_artifact_path": "wandb-client-artifact://xc6lcdlq6c0paj8wdbc2utm7f3awycxnu3q7pjotply7m9z8pf5oaynqt446t5mx3o1sxq5ap4qnr9dsqqx551c72ikohyxywu40ooft93a889zk5w5d25bbm9lw2ib8:latest/test_connective_metrics.table.json", "path": "media/table/test_connective_metrics_254_4adb2c37a7e6f838f1a9.table.json", "ncols": 6, "nrows": 3}, "Exclude_counts": {"_type": "table-file", "sha256": "14b17048af7d70db18371f6d087e4493b63d0c540484cbe27bc06c81be6115b0", "size": 74, "artifact_path": "wandb-client-artifact://f8iynagb28rxcna38jmakry6rbxi5y4yeh2ab2ic92qcs6ojsnflh5c6i5kiid2328so9ad3oq96yq8uc7cz69kvukyblhxxd4yslv1fuhu38dbt5b5eguox52lk2706/Exclude_counts.table.json", "_latest_artifact_path": "wandb-client-artifact://z5w6fkyd3e83ry3y5q4ldqz1lexiwzxbixylm6plojh78o3p8p1e510m8c6ujgofk5u6ttkl6k450fb5x4cmhpbo0e9c4psc604c9mtcee5kk5hc16tbe40xw3pdbrb7:latest/Exclude_counts.table.json", "path": "media/table/Exclude_counts_255_14b17048af7d70db1837.table.json", "ncols": 2, "nrows": 1}, "_wandb": {"runtime": 1834}}