{"train/loss": 0.0019, "train/grad_norm": 0.005019227042794228, "train/learning_rate": 0.0, "train/epoch": 30.0, "train/global_step": 5010, "_timestamp": 1721586245.1973436, "_runtime": 2188.3671414852142, "_step": 626, "test/loss": 1.4692052602767944, "test/accuracy": 0.8035714285714286, "test/precision": 0.8212590898428337, "test/recall": 0.8035714285714286, "test/f1": 0.7927256729012176, "test/runtime": 1.8762, "test/samples_per_second": 89.543, "test/steps_per_second": 11.193, "epoch": 30.0, "train/f1": 0.9985124737933727, "train/accuracy": 0.998501872659176, "train/precision": 0.998546592878305, "train/recall": 0.998501872659176, "val/f1": 0.8223711828069376, "val/accuracy": 0.8323353293413174, "val/precision": 0.8290074185666721, "val/recall": 0.8323353293413174, "val/loss": 1.361609935760498, "eval/loss": 0.970514714717865, "eval/accuracy": 0.8622754491017964, "eval/precision": 0.8692638935204652, "eval/recall": 0.8622754491017964, "eval/f1": 0.8626712960633356, "eval/runtime": 1.8628, "eval/samples_per_second": 89.649, "eval/steps_per_second": 11.273, "train_runtime": 2180.5354, "train_samples_per_second": 18.367, "train_steps_per_second": 2.298, "total_flos": 1.05378816056832e+16, "train_loss": 0.08614709789653498, "label_metrics": {"_type": "table-file", "sha256": "c0464ab0c5f412285c7573062ed2ef1ef5865f2ef91e3d7c3e6736875636cb3c", "size": 496, "artifact_path": "wandb-client-artifact://0debb5wgfgdsedgqwqq9we16bjk6fjgvbigvdh5wjoxen0g12yesdwoes2str0f6t1bvvcfcp2sgaimj9vf8wxho1rfk1ybf1763vuvgdt9uy2hmqt9ihpjtbi5r5e2z/label_metrics.table.json", "_latest_artifact_path": "wandb-client-artifact://59u3jfjwwmpdy8te607ztya5nbxubz8x5pzhu6kt0vc9jkybtu6unod8zcx5p9a4916rv7zfbalb9z0v9f1d24z07gkkscakosavfn48ma5o65z5pe4vjebuc9getvbr:latest/label_metrics.table.json", "path": "media/table/label_metrics_624_c0464ab0c5f412285c75.table.json", "ncols": 5, "nrows": 5}, "test_predictions": {"_type": "table-file", "sha256": "9fa0279085b5d5cc56daddc0c5ed99265b3798e0c07543794058eedca68c46cd", "size": 47469, "artifact_path": "wandb-client-artifact://2rgs8us7rx4zzh6kltcmlzwf9d0vkd24ekkziyq9lkr9xc59wxzk8i2fgof8ivsckizitczgozh00xm0p1ml5g8ghuhvy8e8mi7xks31nosu7nfk2qu1ed9v2mzo124g/test_predictions.table.json", "_latest_artifact_path": "wandb-client-artifact://5zkq581y6ay3hqpym0o1kw9na6bc9tcqtfwxm2y7ttedjy5alhlovb65z9jq40761j1m83it11j0cn8lat64auk4khk200oqqsxo3jq0lm6bin4lgtpqo2pm8b62xpx4:latest/test_predictions.table.json", "path": "media/table/test_predictions_625_9fa0279085b5d5cc56da.table.json", "ncols": 6, "nrows": 168}, "test-metrics": {"_type": "table-file", "sha256": "50f1f7db5f6feabb958ba151051d7271e4f0db42fa1b7dccd87bbf6b41d4abb4", "size": 195, "artifact_path": "wandb-client-artifact://2h61p9rcfl4k00f2gu179e3cu4enibuc82fhblotc5ew79c0nhygbpg0yyb7mvl8wj4crnezobhjlaj9lynxcu6txhsuynspm17bumssw6scnwvizbi0bbmff9234821/test-metrics.table.json", "_latest_artifact_path": "wandb-client-artifact://d7rzqcfnohuz3dctx73aco72f3qg7oaz46fmjvkrc1n1iofmr2wl6qy19o1o4808a0ggye0vfdcrregq7nuz83d6r5j69err4ni6a8el0dm72e4xr8g4r7al0uwgtrzd:latest/test-metrics.table.json", "path": "media/table/test-metrics_626_50f1f7db5f6feabb958b.table.json", "ncols": 5, "nrows": 1}, "_wandb": {"runtime": 2196}}