{"train/loss": 0.1436, "train/grad_norm": 0.012033251114189625, "train/learning_rate": 3.52549889135255e-05, "train/epoch": 11.0, "train/global_step": 1837, "_timestamp": 1736721319.471657, "_runtime": 794.311882019043, "_step": 234, "test/loss": 0.9652308225631714, "test/accuracy": 0.8452380952380952, "test/precision": 0.7468595041322315, "test/recall": 0.6545001098659635, "test/f1": 0.6723615464994775, "test/runtime": 1.8745, "test/samples_per_second": 89.623, "test/steps_per_second": 11.203, "epoch": 11.0, "train/f1": 0.9775911498091971, "train/accuracy": 0.9940074906367041, "train/precision": 0.9984158415841584, "train/recall": 0.9587295426286252, "val/f1": 0.7809062980030722, "val/accuracy": 0.8802395209580839, "val/precision": 0.7895833333333333, "val/recall": 0.7870833333333334, "val/loss": 0.8222671151161194, "eval/loss": 0.6171760559082031, "eval/accuracy": 0.9161676646706587, "eval/precision": 0.8997200746467608, "eval/recall": 0.89625, "eval/f1": 0.890798919844563, "eval/runtime": 1.8616, "eval/samples_per_second": 89.708, "eval/steps_per_second": 11.281, "train_runtime": 786.6543, "train_samples_per_second": 50.912, "train_steps_per_second": 6.369, "total_flos": 3863889922083840.0, "train_loss": 0.24757698379461052, "label_metrics": {"_type": "table-file", "sha256": "3b957e794cabf251e0830cc7166e9ee49e48a1e433485080379326b07284a02f", "size": 573, "artifact_path": "wandb-client-artifact://w7y3xqxqvj2jmensv9e1s67awehgu52o9r28k9jd823jme0goox6qfn7ca6ori2kxyxq0rggj20agqb3hukn2upekd92n9h4m0aum7h79371b0yvmdkas520fp9jv5u1/label_metrics.table.json", "_latest_artifact_path": "wandb-client-artifact://x3ind7m9wnvuzij1a0zhw7s3sga7be7xp56irf8gcz3ccjzzm34ursn441b4k1zx08p5njnlm2eo9e55fd1jvph3xczrw1h096aeqd8m06140mzh7u78oua0z9symc9o:latest/label_metrics.table.json", "path": "media/table/label_metrics_230_3b957e794cabf251e083.table.json", "ncols": 6, "nrows": 5}, "test_predictions": {"_type": "table-file", "sha256": "ebd495c2a4609b9e5106b8de94755cd76fd53b852c3586ce3dc9aa8dd76d6765", "size": 90459, "artifact_path": "wandb-client-artifact://u6g7iud6p7ooxhlf7zsu43bk1mxqeyb5tg6x9dk74fr4fnnr2z5kx4mnylh4k9qfd3oljisxul8w4bsx087ba1skhd5mc80eciutwfhy6cqddmpgar5zuw1n71nz2gq1/test_predictions.table.json", "_latest_artifact_path": "wandb-client-artifact://w0xxj3itqpqoat2vkx5wpjbvim5rlu22bhnxy6xh4sn6t9qn91s1g99gujxee546zea00m7u4kdfvl7hhrwi51aohbk9tlew8cvzifp8faafetbhwz7vafoax7xq1scr:latest/test_predictions.table.json", "path": "media/table/test_predictions_231_ebd495c2a4609b9e5106.table.json", "ncols": 8, "nrows": 168}, "test-metrics": {"_type": "table-file", "sha256": "5660b01f634621488e0004acd83101141f15ebebe9d37fcac061f1cda1733932", "size": 194, "artifact_path": "wandb-client-artifact://irg4r05n9j91esmguawwvhlyrc4tz6o7ly17r54ky1h1xt2deboyyucxc1fsfccmaib7ur7pkfdkt5ynobj94ycvwa4hsm9wqzzgjnia1apvzojggdf4zuosvwq2rusk/test-metrics.table.json", "_latest_artifact_path": "wandb-client-artifact://gd50g7eedq9mnrr42fmqii9rsp1jz50v0klnna958frbjwxeyymz8r7ueth6iawn2c5mree1ii395ugwu762n4rf2y1h477s81rodcgj0y50a3pn1etcsjm9ms9gvt9r:latest/test-metrics.table.json", "path": "media/table/test-metrics_232_5660b01f634621488e00.table.json", "ncols": 5, "nrows": 1}, "test_connective_metrics": {"_type": "table-file", "sha256": "b34ad4093b1636f2370953f541999788dacea00ba3d87f3e2be549b62b541ee7", "size": 405, "artifact_path": "wandb-client-artifact://p2g6gqhjohflli1bnsyriq25uo91apo9rb6atn7a9bkdxi2kpth0b5w2gpan5jya46r9j42dv0ts9pkurgwtqe7b7k7q7ylfn2gm12nsfheyd12ye56i4yb9jmnz6oe8/test_connective_metrics.table.json", "_latest_artifact_path": "wandb-client-artifact://kbct1qaprk98mlq4ekk69kut1kxrss7e2ltbg84cgjzgpu6xykzuvw6igkgcmyucyzwa2zdok2aguhbxpftmm5mjs2o1diugcne11c33lshlvzerakvn18svfk1ncs7n:latest/test_connective_metrics.table.json", "path": "media/table/test_connective_metrics_233_b34ad4093b1636f23709.table.json", "ncols": 6, "nrows": 3}, "Exclude_counts": {"_type": "table-file", "sha256": "082fcc874914d75958d68e780085931cf5c17034575e8b060f4acd16accf2d9e", "size": 71, "artifact_path": "wandb-client-artifact://guk1jyvz5trhvntk4gxp38orho1n27kxkw8rri0u766zbezv2x7jlno7mdlvi2nlqebgusg6kig96ygoe8bfe4cfr9t0ucz6djs1f964no1m2yf3wwm21p28phf8fgxo/Exclude_counts.table.json", "_latest_artifact_path": "wandb-client-artifact://km6ys38qr4upojr9kttgp8p0tuqh66zymkfqxnuxgq5758a4qxkl2vh774eitfy20gtfjwh63qnf0y1vnj77j7s823n7yrsvpb9ka902ackd80pqy0z3mavm1fmlr1y1:latest/Exclude_counts.table.json", "path": "media/table/Exclude_counts_234_082fcc874914d75958d6.table.json", "ncols": 2, "nrows": 1}, "_wandb": {"runtime": 802}}