{"train/loss": 0.2151, "train/grad_norm": 1.6026691198349, "train/learning_rate": 3.8913525498891355e-05, "train/epoch": 9.0, "train/global_step": 1503, "_timestamp": 1739197419.8058357, "_runtime": 650.0016906261444, "_step": 194, "test/loss": 1.2002546787261963, "test/accuracy": 0.7857142857142857, "test/precision": 0.7662377622377623, "test/recall": 0.5542012744451769, "test/f1": 0.5397007418584181, "test/runtime": 1.8762, "test/samples_per_second": 89.544, "test/steps_per_second": 11.193, "epoch": 9.0, "train/f1": 0.9557679051766715, "train/accuracy": 0.9932584269662922, "train/precision": 0.947466378066378, "train/recall": 0.9652457369764956, "val/f1": 0.6586967418546366, "val/accuracy": 0.8622754491017964, "val/precision": 0.8212727272727273, "val/recall": 0.5991666666666667, "val/loss": 0.841553270816803, "eval/loss": 0.7663368582725525, "eval/accuracy": 0.8502994011976048, "eval/precision": 0.835928903935675, "eval/recall": 0.6191666666666666, "eval/f1": 0.6637837837837839, "eval/runtime": 1.8698, "eval/samples_per_second": 89.314, "eval/steps_per_second": 11.231, "train_runtime": 642.462, "train_samples_per_second": 62.338, "train_steps_per_second": 7.798, "total_flos": 3161364481704960.0, "train_loss": 0.2944001072295213, "label_metrics": {"_type": "table-file", "sha256": "f83d1ab66744815f2f2ebc7bfab07724934ccc5573e359bead3b5db4331355e7", "size": 637, "artifact_path": "wandb-client-artifact://97ncvds6xieju12xzrexfsoywqm356okzc9aiwzzk7ulhra38etxrh8j1p0lf18r36pku3ysz18xx1jfyuhy0kiof00ibfw3su4auwchnd5f0kvypx5o8udxydyuct05/label_metrics.table.json", "_latest_artifact_path": "wandb-client-artifact://uoj415j0n5dfdjpn07p14pl0qe9a0zxgql0qjn2cybqsusqnnh2lg04wxiazwavlrqkxl5xdw33kr44aboozhb0x8656xubsoi4e9dyrlzkisx2alf6gof48nq0k16k6:latest/label_metrics.table.json", "path": "media/table/label_metrics_189_f83d1ab66744815f2f2e.table.json", "ncols": 6, "nrows": 5}, "test_predictions": {"_type": "table-file", "sha256": "a01ae72a0d544a38522b3d66411af5ce24210603ec05b7d6bdda7758d9dc596c", "size": 87142, "artifact_path": "wandb-client-artifact://mcc82ld9ocuq7li0awwqbqubc7jrxcijqexkaen8jajm76gb0rfambt6fsx3qnd9covxql5u4vrpsw1we52gwn2cwflm167cp92wipaai7mvoz90f0raqryfybrwlmgv/test_predictions.table.json", "_latest_artifact_path": "wandb-client-artifact://wypppsr12gvqsu63s6wgu8lzbkydfbder6q6mui5ezxrxzkujmqws0e3kl1syfoklota2162ek4cozpfq4ka9a8kkegy7o1x81diyrs9gqjnm91gy6t08wamszg3eqfc:latest/test_predictions.table.json", "path": "media/table/test_predictions_190_a01ae72a0d544a38522b.table.json", "ncols": 8, "nrows": 168}, "test-metrics": {"_type": "table-file", "sha256": "55de4fb2fee0b7a655c0445e303785af33a79ca5d5152e8666c09b2618811ab6", "size": 203, "artifact_path": "wandb-client-artifact://x08yz98ijy58jkj797ynu5uize2swzooq6fvuse1mecote2c822csfcw8gdmrmnywq3iv4zqufqzbbvk8244cld9m69q9fhqesyyh2thrlmm0fh3lj9ra3tqtmwwvvbk/test-metrics.table.json", "_latest_artifact_path": "wandb-client-artifact://67t93g19fbr6obn3grgt2yg163kh6pmtz7iay8dqvqg5ibzjznrvsg1uq3svmi3aeiave6fpc6l5y4a2hbb93boafiv95wt58inxt78176fydps3mfd8h7u9fvzfv1ah:latest/test-metrics.table.json", "path": "media/table/test-metrics_191_55de4fb2fee0b7a655c0.table.json", "ncols": 5, "nrows": 1}, "test_connective_metrics": {"_type": "table-file", "sha256": "a42e72443634f6a5c4daa48339a10b030d83e126262892cf0404fef982b8455c", "size": 449, "artifact_path": "wandb-client-artifact://bieupegxh6pyan7n251n6qkos229mb1iv780ohwbhnc06gsl91yzv4glgdoegfdl4lkln0dy0b7j9uymphdsy89al67a7bxgbpwnjvbu9bvrr1xaq1ez9jgg8634kbw8/test_connective_metrics.table.json", "_latest_artifact_path": "wandb-client-artifact://4y31pxka88dmsiin6843nw85pnt5bhva02ce80rmbfza12y98hqmtordooc0gglcbt9vetu55knumz7d9onda21yh9wmbqvyrajtrd20qp9r6hcgpun2y897lv1qp8vj:latest/test_connective_metrics.table.json", "path": "media/table/test_connective_metrics_192_a42e72443634f6a5c4da.table.json", "ncols": 6, "nrows": 3}, "Exclude_counts": {"_type": "table-file", "sha256": "ef52b237b8fb84fe8f03bdad3c5f8451ff086bce62bb1cbf03795a0e9e806bb3", "size": 81, "artifact_path": "wandb-client-artifact://uuy9j2jhvnqinsgmtqg1z9xbk4ee8gf1kd8d5v69zwwrkgeer41o15p0ru1yykl7xmmdi0wzzn1byqoi7nz6e1f6mxusflwtphqckj2qn2kuthtosp53enco255h2gp0/Exclude_counts.table.json", "_latest_artifact_path": "wandb-client-artifact://u7u0kyzzmk6eq3bw3b6xxd55hmqoz1pb79gre5uac9h9oasbwzsjsxx0gcqmzmb02r96ja2sb9y7opog45r3rgp1g9nw6c75pa3dn7b0n856uuy1736gtu8v9wp0ep2d:latest/Exclude_counts.table.json", "path": "media/table/Exclude_counts_193_ef52b237b8fb84fe8f03.table.json", "ncols": 2, "nrows": 1}, "_wandb": {"runtime": 659}}