{"train/loss": 0.1239, "train/grad_norm": 0.05577890947461128, "train/learning_rate": 3.52549889135255e-05, "train/epoch": 11.0, "train/global_step": 1837, "_timestamp": 1735978167.6293497, "_runtime": 801.9393277168274, "_step": 233, "test/loss": 0.8902241587638855, "test/accuracy": 0.8630952380952381, "test/precision": 0.8599755201958384, "test/recall": 0.7886068995825093, "test/f1": 0.7972698412698412, "test/runtime": 1.8709, "test/samples_per_second": 89.795, "test/steps_per_second": 11.224, "epoch": 11.0, "train/f1": 0.9772781347376519, "train/accuracy": 0.9932584269662922, "train/precision": 0.987370164082493, "train/recall": 0.9690902105457398, "val/f1": 0.6787949515905948, "val/accuracy": 0.8982035928143712, "val/precision": 0.8058496900826446, "val/recall": 0.7462500000000001, "val/loss": 0.6597128510475159, "eval/loss": 0.5334659218788147, "eval/accuracy": 0.9161676646706587, "eval/precision": 0.8337535014005603, "eval/recall": 0.83375, "eval/f1": 0.826812295096814, "eval/runtime": 1.8583, "eval/samples_per_second": 89.868, "eval/steps_per_second": 11.301, "train_runtime": 794.0535, "train_samples_per_second": 50.437, "train_steps_per_second": 6.309, "total_flos": 3863889922083840.0, "train_loss": 0.2510467285840941, "label_metrics": {"_type": "table-file", "sha256": "9d78c4f0ba7be1f3c97147b572b1a72ba6f3485c838ba87c9974e80306ba4080", "size": 501, "artifact_path": "wandb-client-artifact://7i6gpxxgmo4prks71qfvklujug2xzyhzuet4ec0zq4bs4bpjjn527pzujb4lbc58d3pquls9ofx7iehxkdtvg2uplds7znwj4obcunqnrp7basti24exhraia2j7f7nb/label_metrics.table.json", "_latest_artifact_path": "wandb-client-artifact://f7i2qmppnxh7vyuzbncohcv5u0xlgsuukvndbxi7e7xsjmn65jkyf194fx5cqpd7tduk3x8hqrgszh0x3l4f9dz26rqumotmd8x5rmgnhdtr6x0eqbn3x56ckpn08881:latest/label_metrics.table.json", "path": "media/table/label_metrics_230_9d78c4f0ba7be1f3c971.table.json", "ncols": 5, "nrows": 5}, "test_predictions": {"_type": "table-file", "sha256": "14f7e6d6cd3fa73c864b3734d7114ea03cba68906817f6867147533bcb3774f9", "size": 88292, "artifact_path": "wandb-client-artifact://l2v4au8bt6csd76aez703cun6afwjooruetcl1veyp0xxzubemdjhvhxmqc8v15l6gl4z5rnig4hnhycqqiynwrl948smivsqd2dipfht6a0chp15yugitr6db330iae/test_predictions.table.json", "_latest_artifact_path": "wandb-client-artifact://x0u0kig8rxc2ieg4krkmk9qr0xxo1ux3keprhfxqw5ig47gcf6r3inyddba25ald5hjv63t025foyqj8suqm0sm5h2c7j0q4rqilb63y0ur39xbbotohby3tlbkztemx:latest/test_predictions.table.json", "path": "media/table/test_predictions_231_14f7e6d6cd3fa73c864b.table.json", "ncols": 7, "nrows": 168}, "test-metrics": {"_type": "table-file", "sha256": "5136d23ec4f083c318c36809e3064a2674d8816af7ba2c1312adbcf19d783cc1", "size": 196, "artifact_path": "wandb-client-artifact://tq66ef1kadpl5f6ylfnz53pfe7kvwe439d7xv9eslo3zrvsf5n6grcodm3q8z7m8gbkwj48g2znwvp3tfli5lai1pdwl0wu9jv8sf9yvqlxsvosa3tq3sdnera2pvle4/test-metrics.table.json", "_latest_artifact_path": "wandb-client-artifact://ph6k88jiqrnkjz7xmgw01ts7e2ew7z0umqs5w1pkkfodch9kc3cbv0tdy0f8aqq18jr1dmmu429f30uhd5xyli1hejegkqw8k0nu49kr7l35muatk08f3poxstrb3dvw:latest/test-metrics.table.json", "path": "media/table/test-metrics_232_5136d23ec4f083c318c3.table.json", "ncols": 5, "nrows": 1}, "test_connective_metrics": {"_type": "table-file", "sha256": "ef69a54f182ae3fea6479dc56f24830c259ae826d24db70949298fbacad1c7ce", "size": 428, "artifact_path": "wandb-client-artifact://o2xcgo0vmby0hejrzmis9rztj74w17i2opvnk5pqs7ifjv66ycohm8lc9yeqgbawcmt9dhd9dvdzxl7al083vz7m7cmmpyrbia5jwr118tzkrjb1ja9xt9vs676b3pg5/test_connective_metrics.table.json", "_latest_artifact_path": "wandb-client-artifact://fvopp8kgjevotqk6mlwyy70lty0quziiwggijjyndy2we39y0pcnwjse223d3fsexfhe2b8pk7xbmdunak57z3nrwbuqaqs76af8hgto6fwe61ee3wu5vbly0l4uj4jb:latest/test_connective_metrics.table.json", "path": "media/table/test_connective_metrics_233_ef69a54f182ae3fea647.table.json", "ncols": 6, "nrows": 3}, "_wandb": {"runtime": 808}}