{"train/loss": 0.1203, "train/grad_norm": 0.19467321038246155, "train/learning_rate": 4.445676274944568e-05, "train/epoch": 6.0, "train/global_step": 1002, "_timestamp": 1739918565.8642583, "_runtime": 919.7059893608093, "_step": 132, "test/loss": 0.673686683177948, "test/accuracy": 0.7857142857142857, "test/precision": 0.5697287839020122, "test/recall": 0.3598659635245001, "test/f1": 0.3489517018928784, "test/runtime": 4.4294, "test/samples_per_second": 37.928, "test/steps_per_second": 4.741, "epoch": 6.0, "train/f1": 0.5006020465377068, "train/accuracy": 0.8943820224719101, "train/precision": 0.8302995391705069, "train/recall": 0.503732247170142, "val/f1": 0.3629558846950151, "val/accuracy": 0.7365269461077845, "val/precision": 0.5973748473748474, "val/recall": 0.4091666666666667, "val/loss": 1.3685176372528076, "eval/loss": 0.7553943991661072, "eval/accuracy": 0.7844311377245509, "eval/precision": 0.6206432560521083, "eval/recall": 0.4958333333333333, "eval/f1": 0.41099254159495124, "eval/runtime": 4.4023, "eval/samples_per_second": 37.935, "eval/steps_per_second": 4.77, "train_runtime": 906.9289, "train_samples_per_second": 44.16, "train_steps_per_second": 5.524, "total_flos": 2107614117058560.0, "train_loss": 0.623752206682921, "label_metrics": {"_type": "table-file", "sha256": "fb2e952de23e835418c035196628ba1d58608694ffa26b4020f7a4bd359ad461", "size": 660, "artifact_path": "wandb-client-artifact://3nry8qyfbgxww8v9crqk0is021xpoihatm2yhbs3t5etf16aeiy1k1te4155d6aupgzxc1k9qcuk8fnikwhvglczjqkqgnmn7aptek43p05vj6rhwzqfhvor9k0f8ko5/label_metrics.table.json", "_latest_artifact_path": "wandb-client-artifact://ag5yds8w2x2rxawcywuxjof4779pxxenpwosv93ylhd7sg55caifro5ug06msx1b7ziysu3n32kuc9xbh4wxlg36nzkxka2bkjcer0qbe3m9t1uuieamalqdgi5uanx9:latest/label_metrics.table.json", "path": "media/table/label_metrics_127_fb2e952de23e835418c0.table.json", "ncols": 6, "nrows": 5}, "test_predictions": {"_type": "table-file", "sha256": "d21fc92ca15b9a2962e9491563b6e47d04d6a07fe562e5e674b197dcc95095bb", "size": 91292, "artifact_path": "wandb-client-artifact://gbyts9qg55w8fnd9n2tmn6i082nd75zyusarplykqhzssg3x3ij0objyj8ercjd9f8qizq7phv79fqbwb1n6h77ntpbap1dakok75hhewjc509p9a0lih8wv6n8yhc3e/test_predictions.table.json", "_latest_artifact_path": "wandb-client-artifact://2cxdrlw6pab5idlyr0qa6ce2rs3j6ff7yvoi6xuyco0ahuv7tljbumfx2vnzh1ahru5rn1htu7f4sh7lna25zzet6dtjetp27nnwerz60r6kfxacwov7zasunvu0mox6:latest/test_predictions.table.json", "path": "media/table/test_predictions_128_d21fc92ca15b9a2962e9.table.json", "ncols": 8, "nrows": 168}, "test-metrics": {"_type": "table-file", "sha256": "3dea2dc17c574b0fdee08d6268b681975e198cb20e3ec4c604c444c8d0f9af33", "size": 215, "artifact_path": "wandb-client-artifact://k8to8w4pqbk75bfoabfc7ki15x0n8ojrnqe0hrpr2d36hseg2wrsoo1inrerohps2144j37q4wg7b0141gpxmxco46qpmnt3ay2l09ppzg7osm0q80zy20ysdz96b4aa/test-metrics.table.json", "_latest_artifact_path": "wandb-client-artifact://o2spv1l37ei13lmufh526sqrlmwlb0vky3fk1mzhz6qcsnbvfg2mhrlsyaxjnyj1w9ok70yggefhyq49e13po5ikmzipbvdrq20fr5zicfxaprcdfr3ochpwdp5kz39a:latest/test-metrics.table.json", "path": "media/table/test-metrics_129_3dea2dc17c574b0fdee0.table.json", "ncols": 5, "nrows": 1}, "test_connective_metrics": {"_type": "table-file", "sha256": "f617be4ea2075274441d72e2c36568cbe58c86696f36e32572d328cd523e4d27", "size": 469, "artifact_path": "wandb-client-artifact://31zyy7dlj4my0oc00knfmdcvrw7yj0v5bb6ywfdkqwhuam4qceb1c5mj2lzbk8teh88zn32env1wjir5xad6v0mhawvwparm2geerchdkmhgf326aepc2a5rxj8yqkrm/test_connective_metrics.table.json", "_latest_artifact_path": "wandb-client-artifact://0uyen2gpkx7vy3jrsi9hrpxh9ldu63wxbn5km4vqdpe83y0n6nd14dd7gmdpms44xcmi3tuwt72bqsz8pndld9qeszmgyuw1o6hjhmbm5iobyj5r3ovssobs090o3imp:latest/test_connective_metrics.table.json", "path": "media/table/test_connective_metrics_130_f617be4ea2075274441d.table.json", "ncols": 6, "nrows": 3}, "Exclude_counts": {"_type": "table-file", "sha256": "83103ea35ea937c5aafb1fde568b44549369be67e2f5e61e6a3b2ec01d6ce634", "size": 94, "artifact_path": "wandb-client-artifact://krc26pmnlyhc1q1vuwiagzpzj43w97c3fqrn4ymrjo1motrm8fssu1dpwew7ryal0lpkoac722rlb96pynvo5kbdz9lodoced3a1gv5igmdmaq4nnovfkrqp2vclrrwn/Exclude_counts.table.json", "_latest_artifact_path": "wandb-client-artifact://8fy3xqk6xzz3sllzzs2906ccmp030ne5327jdkizeluyftevhc6mzit0q82pcfdalz4gkpbnodnr3dlkz25ro2dz8v9qfj7upn6ky7ajqln8dqsf0zuqursnguej2tcg:latest/Exclude_counts.table.json", "path": "media/table/Exclude_counts_131_83103ea35ea937c5aafb.table.json", "ncols": 2, "nrows": 1}, "_wandb": {"runtime": 927}}