{"train/loss": 0.001, "train/grad_norm": 0.013102512806653976, "train/learning_rate": 4.0798226164079826e-05, "train/epoch": 8.0, "train/global_step": 1336, "_timestamp": 1742990337.2694645, "_runtime": 579.2822904586792, "_step": 173, "test/loss": 0.7690767645835876, "test/accuracy": 0.8571428571428571, "test/precision": 0.9256097560975609, "test/recall": 0.6763019116677653, "test/f1": 0.762970362970363, "test/runtime": 1.8761, "test/samples_per_second": 89.549, "test/steps_per_second": 11.194, "epoch": 8.0, "train/f1": 0.9068785425678723, "train/accuracy": 0.9895131086142323, "train/precision": 0.9538672438672439, "train/recall": 0.87472396270067, "val/f1": 0.5625167336010709, "val/accuracy": 0.8562874251497006, "val/precision": 0.6962015503875969, "val/recall": 0.5770833333333334, "val/loss": 0.7212815284729004, "eval/loss": 0.457306444644928, "eval/accuracy": 0.8982035928143712, "eval/precision": 0.8980620155038761, "eval/recall": 0.82, "eval/f1": 0.8355708548479633, "eval/runtime": 1.8637, "eval/samples_per_second": 89.605, "eval/steps_per_second": 11.268, "train_runtime": 571.915, "train_samples_per_second": 70.028, "train_steps_per_second": 8.76, "total_flos": 2810101761515520.0, "train_loss": 0.32802304004257665, "label_metrics": {"_type": "table-file", "sha256": "1237612df3ee110f3d12272bffe8a0a112bf2c96326a9dea1519426d199a0135", "size": 613, "artifact_path": "wandb-client-artifact://gv9cuom6y243lp5l05us4rsh433pg8hqnc8o2rtar6n9t2zs1qcuitmgnmapiarqisqlixrahnrar5so6w6yhp3kpmkls2aqg1j2t4d3psl3k3cf04fm174mtunnjwd5/label_metrics.table.json", "_latest_artifact_path": "wandb-client-artifact://qb6g0x6z21z2fvtf2jpcsb7qs07ecqqpaa7453dg53xhsmmpkhp7267mwlvaweyv6ygyyokkoyga3ltgobce5t7pg1yz2f631w332ok78hxh8oaje3fdf0lxvmp583mc:latest/label_metrics.table.json", "path": "media/table/label_metrics_168_1237612df3ee110f3d12.table.json", "ncols": 6, "nrows": 5}, "test_predictions": {"_type": "table-file", "sha256": "21c51fc808cdb279a79cb749af82ca1b4f1c7d24c75aba596a3d44849d9a1ba3", "size": 90981, "artifact_path": "wandb-client-artifact://99exj8sv673e6h15lya2bsonqvo4iwu3ox6hockcagy5c50q90kv1ar1xbxwgxd3m0nuv10mwxca3d4fjvvyci51u0nlgcao2ygruo7ni0xx93zv0gj5p8stxgfzxm0g/test_predictions.table.json", "_latest_artifact_path": "wandb-client-artifact://9pa8nznuhr2e1xo9yn2z0lnu5dewz0nl19tjbkmgyb2ve3tdja0grenox6uqwptwabr9844vfjgdgpe918utkd8zl2qu93xrqdq8rkmhr0igkbev83wl0z4f14rsgdyk:latest/test_predictions.table.json", "path": "media/table/test_predictions_169_21c51fc808cdb279a79c.table.json", "ncols": 8, "nrows": 168}, "test-metrics": {"_type": "table-file", "sha256": "013b71b86ed49096a2bca59a83059129a6c37bdc77828c6440883a3adebd44f3", "size": 195, "artifact_path": "wandb-client-artifact://kd7diucbp9za96asps3zylllgefka1bxmg8mo4ey9re1mujhs2pmd40tkrigcsutrdsdn607u3hmeco2oiuniw6v18njqr7b2xuq28gpfqwfhbsnweublxv0zgo7hu9k/test-metrics.table.json", "_latest_artifact_path": "wandb-client-artifact://7lsjponygprlagmiqx91r2350mqqc4lic4zzedadijyrtzok0b9vsop1t65u3xwqitzr08i98c02bodo7xldszlu0qu4rzlw5cpzgif846ze2h1rgi8dqg7fn0vkvtpf:latest/test-metrics.table.json", "path": "media/table/test-metrics_170_013b71b86ed49096a2bc.table.json", "ncols": 5, "nrows": 1}, "test_connective_metrics": {"_type": "table-file", "sha256": "ea56d997f2f8b2576f08052b63ad47a147307636698b5a2bb69b8c159497c2a0", "size": 440, "artifact_path": "wandb-client-artifact://hs9riepstqkmbusoae0ly8gaaszt3hf8xv4k23n8sjb36xf8dfcc4tqp0e995bu8o4fjoeforf8qquwn9pdoiqjh04wds48fylpdanxbt9jpujfuqqbkz3t646v53zun/test_connective_metrics.table.json", "_latest_artifact_path": "wandb-client-artifact://hakpfgxqmlu2ackin65juvof1w3pxiqj6pp3q4yrpt16h5xszmwol3mgwg5x8ypuo1ty0xoksx34flph3b9mruo32u22q8s4knbzp94knil5eheajcpa6ptoxgjadc6z:latest/test_connective_metrics.table.json", "path": "media/table/test_connective_metrics_171_ea56d997f2f8b2576f08.table.json", "ncols": 6, "nrows": 3}, "Exclude_counts": {"_type": "table-file", "sha256": "1b351f34479cdfe9bb187a7d7913779d5623e98ab90b705bfa6a94767059f967", "size": 72, "artifact_path": "wandb-client-artifact://twq6ou8kffbow0w7u3umfumy4tcg7tuu48jfmnu48pmgunj0oavh0d41gmns52wd42n9dion7t6ngx3tra1o54yupty4128x9uhsxhtsssh68euosd72qs0chd66hglb/Exclude_counts.table.json", "_latest_artifact_path": "wandb-client-artifact://wjp3grnbfkaba683lt171pwxbxfg4ta4oyj7qn4c7rl6guuz4i1srqfx5s8dfjlbsmej7amqj7x3va9ynauiux3ecp5fuaypptvoqfe9bjnimyyjq7gbfscdhuqm5fnb:latest/Exclude_counts.table.json", "path": "media/table/Exclude_counts_172_1b351f34479cdfe9bb18.table.json", "ncols": 2, "nrows": 1}, "_wandb": {"runtime": 586}}