{"train/loss": 0.0033, "train/grad_norm": 0.020866556093096733, "train/learning_rate": 4.0798226164079826e-05, "train/epoch": 8.0, "train/global_step": 1336, "_timestamp": 1739701554.6149418, "_runtime": 1225.5906658172607, "_step": 173, "test/loss": 0.8062253594398499, "test/accuracy": 0.8273809523809523, "test/precision": 0.6419895678092399, "test/recall": 0.4847440123049879, "test/f1": 0.4959689794024558, "test/runtime": 4.4404, "test/samples_per_second": 37.834, "test/steps_per_second": 4.729, "epoch": 8.0, "train/f1": 0.7669819929744255, "train/accuracy": 0.9842696629213483, "train/precision": 0.9553176333091731, "train/recall": 0.7698121772384257, "val/f1": 0.614843476879072, "val/accuracy": 0.8622754491017964, "val/precision": 0.7740599244505494, "val/recall": 0.6666666666666667, "val/loss": 0.6757861971855164, "eval/loss": 0.6086408495903015, "eval/accuracy": 0.8922155688622755, "eval/precision": 0.8612071172555044, "eval/recall": 0.6933333333333334, "eval/f1": 0.683855981416957, "eval/runtime": 4.4067, "eval/samples_per_second": 37.897, "eval/steps_per_second": 4.766, "train_runtime": 1212.3077, "train_samples_per_second": 33.036, "train_steps_per_second": 4.133, "total_flos": 2810152156078080.0, "train_loss": 0.376080699142314, "label_metrics": {"_type": "table-file", "sha256": "b8a907afb9a848b6af49b404944cece5d644bf41589096b77a2e914ed80cb245", "size": 602, "artifact_path": "wandb-client-artifact://o1gsg1kswp97as7i3y5ieogd6fmslzl5flau9x0sofs9xrhz6tnnsrnaznwaawnzdlkj0plz3l7t0xrfv1izadiykih46zc49mqk0vaw8w857g7wlldxz99s309rfugb/label_metrics.table.json", "_latest_artifact_path": "wandb-client-artifact://686w3motfepjj9gxpfmr0jjbhwdmkg9itu75flcdujuc6zx04edvy3ziq5wqasfm8msai0dnz43xue4le15jfayck1dxosmpb8dwbqwd9crbc9svnu8uch10q545gjbu:latest/label_metrics.table.json", "path": "media/table/label_metrics_168_b8a907afb9a848b6af49.table.json", "ncols": 6, "nrows": 5}, "test_predictions": {"_type": "table-file", "sha256": "3efe7702cf47b821d215fc2c3fe4663860169d87811536372605bea2dd41c289", "size": 89206, "artifact_path": "wandb-client-artifact://t65fvndrf1h0opahz9debstgjkq326iunc4x4ksbfd2ugtzi78sgnvzxov577olwq3gq87akv5xwygfhcbcitu5xm9ox4n0kuh17r0o6hbqrj0nubtmrn2lyxiuejfyz/test_predictions.table.json", "_latest_artifact_path": "wandb-client-artifact://cupvtrkne58ptxdrlu3lh25ch1274z09ztmqcorsc0lgerc1ynlsepxgq4rcnwcpx7gkmb61adj327be01wysj9u32b7avk5jmmlcw8j5llf3d6h6xw9zjju10gwclwa:latest/test_predictions.table.json", "path": "media/table/test_predictions_169_3efe7702cf47b821d215.table.json", "ncols": 8, "nrows": 168}, "test-metrics": {"_type": "table-file", "sha256": "84394206263306c5b29943bc4593a7c09faf1452cd2ac4136968cab7ec17b3b6", "size": 200, "artifact_path": "wandb-client-artifact://yi6ip7ce43i3qxhhtjgzt5f8am2ejoalwal9jwu88513l3dv0f35vor7vtssl8xpp93aalaj3x2awsilxek3djan7ruscxpl3fse6x82l8v504ajwz2rbfkft6tnj5lt/test-metrics.table.json", "_latest_artifact_path": "wandb-client-artifact://mfe2fdungb6u9twnhzxrvd3rkdw5dctut95fy82nsboxwlvn68xwk4uxkooggkoun7f821vkvsixuqyzpg72kzqo9gpvlpaluyoz6dds84o33x5cbos6jtfscsx8r8oe:latest/test-metrics.table.json", "path": "media/table/test-metrics_170_84394206263306c5b299.table.json", "ncols": 5, "nrows": 1}, "test_connective_metrics": {"_type": "table-file", "sha256": "5eedcc888ca89ce08cad89c66acba9c8ecd92a00b1d35b42b76165209822403a", "size": 454, "artifact_path": "wandb-client-artifact://7ujb09opma53dc38c5dm0mfxq0wnxilrorvd34kafrua37zye6wo1huf8ku5saz0ndv4jkjkku9jiusviee0haqy0mb4ggygqed41jbhrjb0m4xs0eg8gio4j11c8hex/test_connective_metrics.table.json", "_latest_artifact_path": "wandb-client-artifact://cd8u0dobxf51f0ne5pnzn6qpfr5ay72y96zd1ixqi7wiz70py994i9etcipe4c1ny64dg4zroi80q64zff30oax8eidtdguo0juj8thv2s48i7g4qhztvvsamcxoln2k:latest/test_connective_metrics.table.json", "path": "media/table/test_connective_metrics_171_5eedcc888ca89ce08cad.table.json", "ncols": 6, "nrows": 3}, "Exclude_counts": {"_type": "table-file", "sha256": "1315d459f2edbaf5a26cf162c57611f734e37385686ca35ad763b16ff92f0e5b", "size": 77, "artifact_path": "wandb-client-artifact://po44vwd1ndfzmnr40vd7yh0t9i3vsr136hbh16e1jaf4s38t0azmqphji364r18ux0ohwuwf8v9qlphhp9elah42hzfvds3whhianwo8nc9swjh0a44mczwz030o2vbe/Exclude_counts.table.json", "_latest_artifact_path": "wandb-client-artifact://540xm5pvhvc6wj2t0psaxdouom460sq7l0o99j8h5py7co1qoib7i0jcr8zkp9pahjn7819u56gu7dp2gx6b9mh7mn0nswglgqymm3852cfoi97s25v6gjtd97528u17:latest/Exclude_counts.table.json", "path": "media/table/Exclude_counts_172_1315d459f2edbaf5a26c.table.json", "ncols": 2, "nrows": 1}, "_wandb": {"runtime": 1232}}