{"train/loss": 0.0006, "train/grad_norm": 0.0043107895180583, "train/learning_rate": 1.2468827930174563e-07, "train/epoch": 15.0, "train/global_step": 2505, "_timestamp": 1735635452.3124835, "_runtime": 1075.3013174533844, "_step": 316, "test/loss": 1.7647501230239868, "test/accuracy": 0.7619047619047619, "test/precision": 0.5848051948051947, "test/recall": 0.547237969676994, "test/f1": 0.5332081697673094, "test/runtime": 1.8573, "test/samples_per_second": 90.456, "test/steps_per_second": 11.307, "epoch": 15.0, "train/f1": 0.9962121809908442, "train/accuracy": 0.9977528089887641, "train/precision": 0.9931166087371363, "train/recall": 0.9994011976047904, "val/f1": 0.6324723541826403, "val/accuracy": 0.844311377245509, "val/precision": 0.6451636904761904, "val/recall": 0.6916666666666667, "val/loss": 1.0631533861160278, "eval/loss": 0.9675990343093872, "eval/accuracy": 0.8502994011976048, "eval/precision": 0.6859213250517598, "eval/recall": 0.7462500000000001, "eval/f1": 0.6890022172949003, "eval/runtime": 1.8461, "eval/samples_per_second": 90.463, "eval/steps_per_second": 11.376, "train_runtime": 1067.8566, "train_samples_per_second": 18.753, "train_steps_per_second": 2.346, "total_flos": 5268940802841600.0, "train_loss": 0.14576160840178, "label_metrics": {"_type": "table-file", "sha256": "56e705cefa6785e6dc879744ba8778cd7853763a2fce54f21a767709798bcb7f", "size": 480, "artifact_path": "wandb-client-artifact://zbg1no5o8ya7i3h72qm0eqoiqajp01zxee59kp3nj13p07tjexs0307visj56ignovspwpi9aqveu6o89cvxym6dk3oy47fwkcpqdk10wn29lz8lvonx3774aki6ywxc/label_metrics.table.json", "_latest_artifact_path": "wandb-client-artifact://er42qiwrv950b2rk3rfnwi3q0wq8x6d9y5pmnjyavxa9472k1lkyvg6ywc3f43ir3firg4vizj83fzckai08v3lec2zwfuk2o4htudqx89wqrhfk58edgicx02iw6of5:latest/label_metrics.table.json", "path": "media/table/label_metrics_313_56e705cefa6785e6dc87.table.json", "ncols": 5, "nrows": 5}, "test_predictions": {"_type": "table-file", "sha256": "1f7ffc266a3f9c7c756dd912a9da4cfc3da3574b77ffa443ddae442d46e0ac61", "size": 50993, "artifact_path": "wandb-client-artifact://pnz07wg7sdrrlxw9m0pemhhra5fqq599rc3aeinet2fzbcmrf8lvqpcj2avi59wt5czqnz41q8bhzdxaiawdmicyr7vc6ycc02g4cnc8nf244et44ed13hr95rdeyerk/test_predictions.table.json", "_latest_artifact_path": "wandb-client-artifact://k4dycm6gm80t4ixwidp5sy5y8onn0c848ona41pygre5w0apucp8u3b6xv20gbmbwo7440tpw9f461e06lsln76wrdhu20x2bae4ch7fgy84p3pqevwrq69vih1k9dj4:latest/test_predictions.table.json", "path": "media/table/test_predictions_314_1f7ffc266a3f9c7c756d.table.json", "ncols": 7, "nrows": 168}, "test-metrics": {"_type": "table-file", "sha256": "abff932430939078cf1b8b93710d20c03fbfbd10aca7c0de858a832c42c73b40", "size": 194, "artifact_path": "wandb-client-artifact://qoxwxvmulnda5b9nqt3vjfj8uzorpqn3kpdc7vudzxcvlya7kqohccu4lxm52h113yom2lck0pmgl4lk1zx3kiulf3gfbchlhzln1433z3qpdha4ckgvcbsmkep4g81w/test-metrics.table.json", "_latest_artifact_path": "wandb-client-artifact://vgc9kkvhp7516t4wwkops0ga1atgcmjlnatikewomjm02pbwq1nd2wf8ywc14thsme1x891k5fa4wxr5xbjsm29r8rikaddl1sh9bddjkrnvos055u4vmiz6hkmklo6g:latest/test-metrics.table.json", "path": "media/table/test-metrics_315_abff932430939078cf1b.table.json", "ncols": 5, "nrows": 1}, "test_connective_metrics": {"_type": "table-file", "sha256": "dc775d0b30b67b6bbf69b67259f996d69ba9ab0894b16d8d4510faf4c3288b6a", "size": 398, "artifact_path": "wandb-client-artifact://m4wi58iphae5ywp0o8redhcswo6costgmu8m5hmbt5z67j2ae0m9cie8b47yugy6vvwq2crfde01m82ptque0l0rbiae869d0tpfv998sbo4g86whbsvrhpgdn0x86to/test_connective_metrics.table.json", "_latest_artifact_path": "wandb-client-artifact://upa02nz772dumexa0e05t0gznnay2ozhd3jpehwggoehvy7btuldjb1bvoce0und8s08g38g078ayppooq0pkoa4pssj6nea699y76dlosn7kzh3sv78vc47yh60zg3u:latest/test_connective_metrics.table.json", "path": "media/table/test_connective_metrics_316_dc775d0b30b67b6bbf69.table.json", "ncols": 6, "nrows": 3}, "_wandb": {"runtime": 1081}}