{"train/loss": 0.0013, "train/grad_norm": 1.741515040397644, "train/learning_rate": 3.7028824833702884e-05, "train/epoch": 10.0, "train/global_step": 1670, "_timestamp": 1736809268.8345172, "_runtime": 726.9141962528229, "_step": 214, "test/loss": 0.7717093229293823, "test/accuracy": 0.8630952380952381, "test/precision": 0.7821187584345479, "test/recall": 0.7206526038233354, "test/f1": 0.7457518517067052, "test/runtime": 1.8808, "test/samples_per_second": 89.322, "test/steps_per_second": 11.165, "epoch": 10.0, "train/f1": 0.9786014207747342, "train/accuracy": 0.9932584269662922, "train/precision": 0.9754572770965002, "train/recall": 0.9833303410318187, "val/f1": 0.890798919844563, "val/accuracy": 0.9161676646706587, "val/precision": 0.8997200746467608, "val/recall": 0.89625, "val/loss": 0.6674559116363525, "eval/loss": 0.4745308756828308, "eval/accuracy": 0.9281437125748503, "eval/precision": 0.9149777777777779, "eval/recall": 0.8949999999999999, "eval/f1": 0.896589415427188, "eval/runtime": 1.8662, "eval/samples_per_second": 89.484, "eval/steps_per_second": 11.253, "train_runtime": 719.5453, "train_samples_per_second": 55.66, "train_steps_per_second": 6.963, "total_flos": 3512627201894400.0, "train_loss": 0.26525098853605145, "label_metrics": {"_type": "table-file", "sha256": "57ecc20e8c95a9ef58d007c35592e334c5d2ef425d9d5c771d3bcb47e2e25fad", "size": 606, "artifact_path": "wandb-client-artifact://0r8wbman5wz9oyvsggockdih5jqiu2aw8an6qb64p8ieir6xrf34bcw6ixv0xitpbdv88zmnpq4ezwsgaph55bhr06hctojbywjppmdr5ohnh4tbo5lnnw04wx91k8af/label_metrics.table.json", "_latest_artifact_path": "wandb-client-artifact://r6f4a6xb428isocxygpxq4qdhnhr8fmyu92iwtdclpt24seinic83keswodoc8panzvc3oiobapmvx4e4ntzyqof529lmqp7tq8aepokewj96z3fmu3mh9bkhm7ja7rx:latest/label_metrics.table.json", "path": "media/table/label_metrics_210_57ecc20e8c95a9ef58d0.table.json", "ncols": 6, "nrows": 5}, "test_predictions": {"_type": "table-file", "sha256": "a369f2b10c98a075292c96164b3b9aa7973fa43a84cd152a30c47c502ef543ef", "size": 89116, "artifact_path": "wandb-client-artifact://5eyylwpelg5zc6nu5qihshled5x7rcejy391x39cfax5zklisr6umxj6z5vt4z8pfd85aahez7msm0rd66s56ldyliccg796mrvyo78u0mf3zn1zap3t6x96qcdkx029/test_predictions.table.json", "_latest_artifact_path": "wandb-client-artifact://ujvdqljn0ncdkzwud1qa1rk16upcb1f03ucaivflul8plj7szv3zjemhsm98nq7k8zvkfyokwciogoirjklk2vk79kk9oqyba9124hwrlk2bjvld9fporfp1mjr23g3x:latest/test_predictions.table.json", "path": "media/table/test_predictions_211_a369f2b10c98a075292c.table.json", "ncols": 8, "nrows": 168}, "test-metrics": {"_type": "table-file", "sha256": "5cf1e37b5d35497c56af9769725bd6813b0e2b16f47c8828f629115e6d6f3995", "size": 203, "artifact_path": "wandb-client-artifact://tflqr29g6mxnw3km7lv0giohjbbts12nptmmkqkq3aumsv4wj6h56iyl2adrcsstelesr4plvos5blxy22qrtdcncyrqax2upgihhlvmq89v6g84a1pes2h3htf3wv0c/test-metrics.table.json", "_latest_artifact_path": "wandb-client-artifact://vwxhj6ralx7sb50882fl0lujcffd3k47oq091cy8g1fsb53bk0cxjxiz071bkw367i9z36dgieqb5bmk0ewlqb8utlio6a100w1siijx834w662tc2efkh7nh8wax4bw:latest/test-metrics.table.json", "path": "media/table/test-metrics_212_5cf1e37b5d35497c56af.table.json", "ncols": 5, "nrows": 1}, "test_connective_metrics": {"_type": "table-file", "sha256": "fd71bbd3947968320d53352da89e048924a37ecfe1c9ae4190c7911c0517899d", "size": 461, "artifact_path": "wandb-client-artifact://olwocn2orze2tudechvr92oh5ne27p878bbqi3ew3y6omu6s2fqaex115pwfieuoz08sga69lw3ff6idy4j3yrujzq5935dduybipxore8oduhe3zyargkut1p6zugtz/test_connective_metrics.table.json", "_latest_artifact_path": "wandb-client-artifact://ktb7gia1yxcdubj5gbays7yr7xviygqkyeswobsg651rnabouf94k1e80em5o97o8qhwat3r98rnmnauiny1malcssbh8eesx5tswyy5j0rsayddkqjol8en53x67m6v:latest/test_connective_metrics.table.json", "path": "media/table/test_connective_metrics_213_fd71bbd3947968320d53.table.json", "ncols": 6, "nrows": 3}, "Exclude_counts": {"_type": "table-file", "sha256": "547cae2440c483556c6bc9f26fe482e70b5ab8e6358db48cca1b14065bf1a37d", "size": 81, "artifact_path": "wandb-client-artifact://m2ge7av8b1fg0872dvgohtfhxjbfic7q5e7gqk3mu8nly4gglry2vsmdv23hwptl9zpjdwqtp0x4lbabo9j9xxniega2pe46ah1gel80nb0b13kto6lspldjwkho1t5p/Exclude_counts.table.json", "_latest_artifact_path": "wandb-client-artifact://d40ndvt49vxssbw931hme3c9kn1zo79bmyxklq4a9xrg6b4yd21v0hmtybepe3v5j15l7ieozwin2g6nddew5oud2zhc1nlzoflu45yuy0csn5vbk44fmjk620xkzqua:latest/Exclude_counts.table.json", "path": "media/table/Exclude_counts_214_547cae2440c483556c6b.table.json", "ncols": 2, "nrows": 1}, "_wandb": {"runtime": 734}}