{"train/loss": 0.0744, "train/grad_norm": 0.006577990483492613, "train/learning_rate": 3.337028824833703e-05, "train/epoch": 12.0, "train/global_step": 2004, "_timestamp": 1743009500.9047422, "_runtime": 863.0214462280273, "_step": 256, "test/loss": 1.5596184730529785, "test/accuracy": 0.7559523809523809, "test/precision": 0.5729392446633825, "test/recall": 0.5364667106130521, "test/f1": 0.5446122161944947, "test/runtime": 1.8741, "test/samples_per_second": 89.644, "test/steps_per_second": 11.205, "epoch": 12.0, "train/f1": 0.9775911498091971, "train/accuracy": 0.9940074906367041, "train/precision": 0.9984158415841584, "train/recall": 0.9587295426286252, "val/f1": 0.5303448235644015, "val/accuracy": 0.8023952095808383, "val/precision": 0.6920970266040688, "val/recall": 0.5533333333333333, "val/loss": 1.3898210525512695, "eval/loss": 1.362789511680603, "eval/accuracy": 0.8023952095808383, "eval/precision": 0.6341970121381887, "eval/recall": 0.56875, "eval/f1": 0.5819732142857142, "eval/runtime": 1.8601, "eval/samples_per_second": 89.778, "eval/steps_per_second": 11.289, "train_runtime": 854.9781, "train_samples_per_second": 46.843, "train_steps_per_second": 5.86, "total_flos": 4215152642273280.0, "train_loss": 0.31345597200572933, "label_metrics": {"_type": "table-file", "sha256": "3af0bedcd89c05ddbf3c37e2bac5665e806f66146362acdf1f804d754c46699b", "size": 615, "artifact_path": "wandb-client-artifact://spfd4by7mxuotcch3ab7zwyh1ljauurc0pyw4vzgx0otmd3oxjhxwvnc8nhztrefg5s2ww6x891ab2ylm4oepnvn3o664k9wqkb27b83yg408ka9yqzfstpdjfudzxmd/label_metrics.table.json", "_latest_artifact_path": "wandb-client-artifact://df7fnt1pu1m08dxriu21g0ajiubnp66d9fgv46p87ra6bqt3mxsg6edciqj9da99o3gj31q95qxms8agxan4w4w1foemdpo75j8pi1vyg5f477lhubp3wlgl6nsazcli:latest/label_metrics.table.json", "path": "media/table/label_metrics_251_3af0bedcd89c05ddbf3c.table.json", "ncols": 6, "nrows": 5}, "test_predictions": {"_type": "table-file", "sha256": "adec1321ff3b1fcb534736c4ebee61e9a4bae23e61abab1b9a8b073c32d8386b", "size": 53021, "artifact_path": "wandb-client-artifact://e617iehy127qu2k67ut53rifod2evzf60g2y83xy44wtzf1fvesvqx7qbmvhdp73uopnne2pjdlk0p7qtchsnwrsw6vgm1c87n9vdusowzu7uve09b5468cmjcqkj464/test_predictions.table.json", "_latest_artifact_path": "wandb-client-artifact://2r1lqhuc4wqon8jsxq91x6z861hb7mm2vq6sqe5kaagshs8wb8hf8sq8sk2koptsqqq1l8g3jal1fmbwboisha8fbi1ha4yoqdfv8xv4peeh5ljoxe1aqciox6mmbgj6:latest/test_predictions.table.json", "path": "media/table/test_predictions_252_adec1321ff3b1fcb5347.table.json", "ncols": 8, "nrows": 168}, "test-metrics": {"_type": "table-file", "sha256": "3cd3cb0626c01bcf8a95934a14437fbb73c4d28369ea0b2e7e2a524e94eda59e", "size": 205, "artifact_path": "wandb-client-artifact://qh90b6syix8y48nvrfstl8f5sxym0xhih0a6sgzqv0kgeekrnpf369p9yjqynxga9cnt89ua3nrsvmki5zxig8o6fj32oyfm4dxpkzwyfojwq3fazfa9448wojvht2yq/test-metrics.table.json", "_latest_artifact_path": "wandb-client-artifact://7bkmaodk1s37oyxcs6yaubqs628797wm8ibk6l9y1m0l64b5obhwrngwjy67gr7c17i95wwafzj8npiz7vmpnbcul3wsbptlouf1yfnnt0674qdj3y64jiiflrx45c4a:latest/test-metrics.table.json", "path": "media/table/test-metrics_253_3cd3cb0626c01bcf8a95.table.json", "ncols": 5, "nrows": 1}, "test_connective_metrics": {"_type": "table-file", "sha256": "c1801bbb02e9202f9a1b1056f6b80bd453e5abe3e36b959c6d59d1c32d3fe8c1", "size": 462, "artifact_path": "wandb-client-artifact://7qyu9u3frguflf1ldnvddhui974v00pq2r2rx2fi0su0u9w3bbu358eurqcrmxqe2xd811q3nnlcah5uammkc4rthhevtnt5wuqz8xfawr7l7b49mn2jkgtshtolnvs9/test_connective_metrics.table.json", "_latest_artifact_path": "wandb-client-artifact://fgslwmqjaqtxwl98t2et8w22iqys9rae7yqzp111aaa0lo261l4kotyxgdfqw4o0wzso9jshdyrqh6rb9r2eal45q9w2ia2s1nbnamnm5t7de6hsk90e9sb6qu1kefqk:latest/test_connective_metrics.table.json", "path": "media/table/test_connective_metrics_254_c1801bbb02e9202f9a1b.table.json", "ncols": 6, "nrows": 3}, "Exclude_counts": {"_type": "table-file", "sha256": "e0904507c7a3e3f62f0831416757fbded3c24349ee8ce39d59ff399ee82bffe7", "size": 84, "artifact_path": "wandb-client-artifact://rfu7fnooud0fe850id5dp2v86ij8jno9xgsio907ibgg9ypec2uutss1hy2q3oeuloqpgd07n6c40embn1i4l6uvlwi4b6395ygr7ykqseo5jr78g5g9voowk3r1oz8w/Exclude_counts.table.json", "_latest_artifact_path": "wandb-client-artifact://m396mwszgd7ljrtif72sjrtsvns7x2srciev68zn7nq1v2yxreczmh7be0g1w0ugpz1x7dmdp8gbilcg740rlav80f8byowcy87cxnbkmcov77qjzl8soxolk6xqp4vx:latest/Exclude_counts.table.json", "path": "media/table/Exclude_counts_255_e0904507c7a3e3f62f08.table.json", "ncols": 2, "nrows": 1}, "_wandb": {"runtime": 871}}