epoch,loss,accuracy,precision,recall,f1
,0.0652601069319034,0.2574850299401197,0.184818442427138,0.2304166666666666,0.1232575757575757
0.0,0.05758795052945257,0.5688622754491018,0.17823529411764705,0.16291666666666665,0.1576858108108108
