{"train/loss": 0.0918, "train/grad_norm": 0.014262278564274311, "train/learning_rate": 3.148558758314856e-05, "train/epoch": 13.0, "train/global_step": 2171, "_timestamp": 1739730410.0782514, "_runtime": 1977.2211034297943, "_step": 277, "test/loss": 1.1167773008346558, "test/accuracy": 0.8511904761904762, "test/precision": 0.8997459349593496, "test/recall": 0.5342562074269391, "test/f1": 0.5934114665821982, "test/runtime": 4.4202, "test/samples_per_second": 38.007, "test/steps_per_second": 4.751, "epoch": 13.0, "train/f1": 0.9430117864073584, "train/accuracy": 0.9925093632958801, "train/precision": 0.9857090923316825, "train/recall": 0.9178541505556282, "val/f1": 0.5895542973286876, "val/accuracy": 0.8383233532934131, "val/precision": 0.7612847222222222, "val/recall": 0.57625, "val/loss": 1.0838598012924194, "eval/loss": 0.8659164309501648, "eval/accuracy": 0.8622754491017964, "eval/precision": 0.8893970189701896, "eval/recall": 0.6570833333333332, "eval/f1": 0.6751485019458876, "eval/runtime": 4.3923, "eval/samples_per_second": 38.021, "eval/steps_per_second": 4.781, "train_runtime": 1964.5773, "train_samples_per_second": 20.386, "train_steps_per_second": 2.55, "total_flos": 4566497253626880.0, "train_loss": 0.30198520360208225, "label_metrics": {"_type": "table-file", "sha256": "b43f6457301f6f795dd7fe8a29d88410e777daad122a3525c04c24c92d1489d2", "size": 566, "artifact_path": "wandb-client-artifact://huaa3va9iav957ekw9bjwugwvopcioo867wbggb2vdhvws8wxbnf4wnfjw8q8lzn7u2vz9f342eyp1dsnyrz3qas6eqjmc1qntdfsah48a76buxvdnax545mgpkkyl5u/label_metrics.table.json", "_latest_artifact_path": "wandb-client-artifact://raz6yx1efwhciif112y58flmkc4ke58tab6ssi9kntdesxdufpb9d08yo0qas87pp2u927fa2tltj5aks9kwnncddtilmsjqgzl252ej0wwhmg1f2ineat33ga3rdcd1:latest/label_metrics.table.json", "path": "media/table/label_metrics_272_b43f6457301f6f795dd7.table.json", "ncols": 6, "nrows": 5}, "test_predictions": {"_type": "table-file", "sha256": "94d85bc1e7a2c646df5de0f2b2998194ec388649d625a0106657e6f8074b6801", "size": 88085, "artifact_path": "wandb-client-artifact://pjhbg2vpydcgl7koxdwchuyeyqjqlffbsetqb5slh69jjew0i4qnv765rqyzqish6cyj5rv62e5h4qxw5onkw1pjz592pyavbghqnqmc8az6e027db05yz34xgodcvc9/test_predictions.table.json", "_latest_artifact_path": "wandb-client-artifact://yrc4hzu08z6i1yv7osfqmf5gg40bkunonpewq6677spw52a6c601jjlodpm60mfvp7oims2s9oznoj4zbrave9sx4oxds5c6qfs35opy3caotysfczr5opvmnuku3vh1:latest/test_predictions.table.json", "path": "media/table/test_predictions_273_94d85bc1e7a2c646df5d.table.json", "ncols": 8, "nrows": 168}, "test-metrics": {"_type": "table-file", "sha256": "da64b9682bafb06cb2f48fc083d27815ec7501422fcb1e8e25b480d7af54e272", "size": 190, "artifact_path": "wandb-client-artifact://lgqg8fe1rcwsk3s29xlzo9tope6gftbpzo1l41fk33j7yz6crimpjlsqlkz7snmy1jrr828zoue9d0ads5jqhof6a55v8cvd73ik4lqxh940cuci8ia6ieuieke3usjm/test-metrics.table.json", "_latest_artifact_path": "wandb-client-artifact://7a47xkc0khqtzp72kpmd7j611jsmy9yn8r3pc4lrptpdri0iqvpy7isd6hvaljz6jnbog7ixwja21lg6ju9n83q0srlyuui2jgcd673k7h3dlvnc72bbaozdxmxkgrl0:latest/test-metrics.table.json", "path": "media/table/test-metrics_274_da64b9682bafb06cb2f4.table.json", "ncols": 5, "nrows": 1}, "test_connective_metrics": {"_type": "table-file", "sha256": "d9a640198482a8ad2e15692e00e0403eaf382d85652235417d2cdb42b5bc5a5e", "size": 423, "artifact_path": "wandb-client-artifact://quv376pvqlv98agky22g50mst71bpgb9lclxutdmxx2o4v7t56x4on5ndvvolxet5e81etgc2s35j4xn5s2mdhqzrz1m37q3xjs1klvx8nmk8jdx180ac86gw4ymtn89/test_connective_metrics.table.json", "_latest_artifact_path": "wandb-client-artifact://993rng5g9z8hvbsjr3qjygg76sjvo8frg3hxeh17mhfo23a5qllr83pdqlytb14l6t4ss2pr50mmwvm9rk25rtujvgx7138acym0gga5cu65hiqtki2ovqmmemrh3167:latest/test_connective_metrics.table.json", "path": "media/table/test_connective_metrics_275_d9a640198482a8ad2e15.table.json", "ncols": 6, "nrows": 3}, "Exclude_counts": {"_type": "table-file", "sha256": "3a3e16eee488be4d9705c81c282778d2e17c222f184cef71ed7ae945012d1110", "size": 66, "artifact_path": "wandb-client-artifact://cxdz7r3ef6n7fltsnlh4mu5gcq9d3ue17r7j7zghd2fdulsn6r5tf08xhvxmtrvcrqhu0u2ulz0zwcotmsif5hpt00fulmqdmiifusoi8ctr7np246lyvxyi1oplcgiv/Exclude_counts.table.json", "_latest_artifact_path": "wandb-client-artifact://ptw89cp7a11q5hjc46uf5i1c3eltbkta1c7v3prlk1zsbync1dt4sv5yjqg2kh5gein95cde32a9mc4xt7xkyt3kwyl9hp1wjehn446sz182rovtuso3qnnio803sd0e:latest/Exclude_counts.table.json", "path": "media/table/Exclude_counts_276_3a3e16eee488be4d9705.table.json", "ncols": 2, "nrows": 1}, "_wandb": {"runtime": 1984}}