{"train/loss": 0.1315, "train/grad_norm": 40.836544036865234, "train/learning_rate": 3.7028824833702884e-05, "train/epoch": 10.0, "train/global_step": 1670, "_timestamp": 1739664795.570792, "_runtime": 1527.5730290412903, "_step": 215, "test/loss": 0.9723013043403625, "test/accuracy": 0.7738095238095238, "test/precision": 0.7412329272794389, "test/recall": 0.5249483629971434, "test/f1": 0.47901895206243034, "test/runtime": 4.4221, "test/samples_per_second": 37.991, "test/steps_per_second": 4.749, "epoch": 10.0, "train/f1": 0.7624672660928065, "train/accuracy": 0.9737827715355806, "train/precision": 0.9508087614268745, "train/recall": 0.7653689173724333, "val/f1": 0.5177310924369748, "val/accuracy": 0.7904191616766467, "val/precision": 0.7196759259259259, "val/recall": 0.5029166666666667, "val/loss": 1.0393377542495728, "eval/loss": 0.8734217882156372, "eval/accuracy": 0.7964071856287425, "eval/precision": 0.6882233796296297, "eval/recall": 0.5791666666666666, "eval/f1": 0.5616203233617121, "eval/runtime": 4.4048, "eval/samples_per_second": 37.913, "eval/steps_per_second": 4.768, "train_runtime": 1514.9197, "train_samples_per_second": 26.437, "train_steps_per_second": 3.307, "total_flos": 3512690195097600.0, "train_loss": 0.5041058051996602, "label_metrics": {"_type": "table-file", "sha256": "f4ee6a92aa0cf61e9415afe6ecdc22ebe1905d189b49a1ce50ab5d66028a4a32", "size": 657, "artifact_path": "wandb-client-artifact://qjy2q57pkt5qb3g5zasm3fbi5a2r1qod2y9mxepi91ee9l3bmm1xtq028li3oiy7kval2mibhdwsx3d21u8xcz6d46ytutugh0nx9m7ezc9s77htm9hie1g76n9uf1bu/label_metrics.table.json", "_latest_artifact_path": "wandb-client-artifact://1j2mxd5s6m0lp943l3gnjcdie1j3vh9ay8z2js8wacqvb6z1vy2w2cybet4juqcbfhvlkb2vgjl0bk3igq987a8rzi9jodbht21jmx6d8pazqji5668bpjxiz99lbnv3:latest/label_metrics.table.json", "path": "media/table/label_metrics_210_f4ee6a92aa0cf61e9415.table.json", "ncols": 6, "nrows": 5}, "test_predictions": {"_type": "table-file", "sha256": "75a22af74721ad98fe1d016479755b10c2f7441a3eefdca0e54637b2651d2c4b", "size": 53015, "artifact_path": "wandb-client-artifact://9byseja88by1ejkwkr9xqoyx4ygi386rre5evoat4rr4jes6z04trtb8gd5cc1wfjjbxvlwz2e6ugudhd10zq7ahli29w2xgql0sj02pl6s3dizr9y4a6v8pfbq37bta/test_predictions.table.json", "_latest_artifact_path": "wandb-client-artifact://rpn2gv65qibm6zmbjzlidu9wjsuoeisynk2rhygc1tfacu6n5llgkgmbhq4hq64goy83kkftstv7xv296hspu9blhjwdsmafwmynpidfpmy0bur6xkn5tami54ew6sz8:latest/test_predictions.table.json", "path": "media/table/test_predictions_211_75a22af74721ad98fe1d.table.json", "ncols": 8, "nrows": 168}, "test-metrics": {"_type": "table-file", "sha256": "fc8fd1ba128b07456f86519c8bb56067a9c287b23155816c455d1f018b5979bc", "size": 206, "artifact_path": "wandb-client-artifact://uovec8heyyiauc9fqop006euak2qevfgw75jmkvgau4mlxjwey9acavguz4im04ti49jwit9korrykmuuksnobnlvo07vb7a2o6cbv7qz7iy9nxy08w039l9jta6vk4a/test-metrics.table.json", "_latest_artifact_path": "wandb-client-artifact://xknie6nishlithm8p0ddvbevsdb9z7widk7p62ueegii6fv8wgjidm4r62119lnw55l1tj7575wtxf0unp36b0m4t79dqaaqki8kjg6kkhhq34uob2cc5636mdz7ed6e:latest/test-metrics.table.json", "path": "media/table/test-metrics_212_fc8fd1ba128b07456f86.table.json", "ncols": 5, "nrows": 1}, "test_connective_metrics": {"_type": "table-file", "sha256": "18ee335741ad4ffc9b7b01c91d7bc42c9534d813df5015044d34bd4dea3ae4f8", "size": 438, "artifact_path": "wandb-client-artifact://4vfgptz5oktuj5jkv4738pfri8amb13rlvb3uqmmshvud2dcrl6x9nzjcokxgoezbasq5t1hgusua0cpol24lt6pbs9awfpiz8ymfg3mhnyzith7g6b44i4kfu0549d1/test_connective_metrics.table.json", "_latest_artifact_path": "wandb-client-artifact://floua5ctwwmo3deeacyp2q6sle1udoj5cbaah7078mz1nwgqhmnzzpgt4w5m5v49wgxyjnhhkg2t8vth2xxo4wibpetstykrnzprmq6h0kk8vfcbizc205xcxhby0guw:latest/test_connective_metrics.table.json", "path": "media/table/test_connective_metrics_213_18ee335741ad4ffc9b7b.table.json", "ncols": 6, "nrows": 3}, "Exclude_counts": {"_type": "table-file", "sha256": "e0904507c7a3e3f62f0831416757fbded3c24349ee8ce39d59ff399ee82bffe7", "size": 84, "artifact_path": "wandb-client-artifact://t9wxycx9vhx3lj899mmcc1z15spk3t0wrfzb2s75ervv3vkhzjdjsyfwd77afghqw7tnd03kkeyw3208kk7qf4z1nu2f5e6hraz53xl5bklgv731ipc7rjntzibzb58r/Exclude_counts.table.json", "_latest_artifact_path": "wandb-client-artifact://dgt02r8onokbv67me78y7e6igyk0oemmkcbjw3g883y3rdhk7imrky5s2bcq6pouxmdibrj4hdpl9rofkd9xqawpsfb4miir1mdj19wa5qdw7sp6ywz262aju10i01xp:latest/Exclude_counts.table.json", "path": "media/table/Exclude_counts_214_e0904507c7a3e3f62f08.table.json", "ncols": 2, "nrows": 1}, "_wandb": {"runtime": 1536}}