{"train/loss": 0.1026, "train/grad_norm": 0.20632696151733398, "train/learning_rate": 2.971175166297118e-05, "train/epoch": 14.0, "train/global_step": 2338, "_timestamp": 1739905262.3937922, "_runtime": 2130.729392051697, "_step": 297, "test/loss": 1.0836527347564697, "test/accuracy": 0.7380952380952381, "test/precision": 0.594700460829493, "test/recall": 0.39978686003076247, "test/f1": 0.42331840238895113, "test/runtime": 4.428, "test/samples_per_second": 37.94, "test/steps_per_second": 4.743, "epoch": 14.0, "train/f1": 0.7479470662463144, "train/accuracy": 0.9610486891385768, "train/precision": 0.9203237586461499, "train/recall": 0.7612638741068121, "val/f1": 0.5669299951385514, "val/accuracy": 0.8143712574850299, "val/precision": 0.8240551001821493, "val/recall": 0.5420833333333333, "val/loss": 0.820551335811615, "eval/loss": 0.7405239343643188, "eval/accuracy": 0.8263473053892215, "eval/precision": 0.8223308270676691, "eval/recall": 0.5641666666666667, "eval/f1": 0.6016448235212538, "eval/runtime": 4.4012, "eval/samples_per_second": 37.944, "eval/steps_per_second": 4.771, "train_runtime": 2117.8493, "train_samples_per_second": 18.911, "train_steps_per_second": 2.366, "total_flos": 4917766273136640.0, "train_loss": 0.4713383140193794, "label_metrics": {"_type": "table-file", "sha256": "ae30aea1e1061c073728188704367ab73f90b3836aabf72d806881c58bf98f95", "size": 664, "artifact_path": "wandb-client-artifact://1mm9o5mz5mnf50xms2gwg0ieiuthtuwvx2b4tnabi8f3weozszqhzwmv1c2lxwn1buz4qzwondxypvc7jydwrtjom923l3nxxy0zae6ap3uba2zig8rkep2ztw0452qn/label_metrics.table.json", "_latest_artifact_path": "wandb-client-artifact://ixciglgy1oeyr6cp7z48m81mfl2z1h3m0pd9c8fsbqql8n6btav53ly1nk96zao0t2mntsbhsel4ub1butha8grrgcs13svat7655fjfpqww86iu6c9hbcl0iw4fn7mw:latest/label_metrics.table.json", "path": "media/table/label_metrics_292_ae30aea1e1061c073728.table.json", "ncols": 6, "nrows": 5}, "test_predictions": {"_type": "table-file", "sha256": "825eac62bfd9a32ec532f0c4fec1f25e65b4b65dff2d49a9cfc7762723dc15a7", "size": 139865, "artifact_path": "wandb-client-artifact://07korh8q4imordzk9cmmej95f40j9bk88tf0zarjejb5yubtibsi1qhcw9cvtb6e1y9yvsnremwtm1fzmh4480skcipujrvuwe74nbf3royckqp6bmqqbjm8hpdqgckc/test_predictions.table.json", "_latest_artifact_path": "wandb-client-artifact://k2ivlw6727vkfe5k2lw3nzyh3rhydremyf9hil7fu8tmq0sf9wisqj7835v9876aug62v9jgog0bvz3n86k8vhjix9af5w03slt7mtbxmjtafiewf5v14d43skba7s1g:latest/test_predictions.table.json", "path": "media/table/test_predictions_293_825eac62bfd9a32ec532.table.json", "ncols": 8, "nrows": 168}, "test-metrics": {"_type": "table-file", "sha256": "3ace6807f8490fbe78cb231692a6c7ab974267ebdc13570649812a027e381347", "size": 215, "artifact_path": "wandb-client-artifact://7e0w9cnvnqw2msgq45vomg8qcn2fkws5rfthjwrtlvz9flw0ao21fvnzdeav4u4barb1k0skoaimj1pri2wpi0lsge0rrosgjx8s5t4hf4kd3m50yryjs9g41ertrcvo/test-metrics.table.json", "_latest_artifact_path": "wandb-client-artifact://6njfrslv0i73h84oeikwj7dxa4dyzmhaxt56olifbdsnjzslyg02976wdkqvv1swg6fqv4g608a2p6luir05nru1jg2ni6zuu3lqwsihgfd75p7h2kgixp322zamkcyw:latest/test-metrics.table.json", "path": "media/table/test-metrics_294_3ace6807f8490fbe78cb.table.json", "ncols": 5, "nrows": 1}, "test_connective_metrics": {"_type": "table-file", "sha256": "8866c0a115473c11e08338913b8561509fa83e63e0bf54e8cf01df29ca86612a", "size": 482, "artifact_path": "wandb-client-artifact://ypl17vxhc4puq0vwsa575h4itj95v2d8etafyz4mmozocaixp0b24ku9zmu3vy4d1827qotay6xdu1gabs117hdu49h2fxecfsrcaza4ky3e1ons603qhmydjo3kc2qe/test_connective_metrics.table.json", "_latest_artifact_path": "wandb-client-artifact://7lrq4aoawuqpy0babhdunurlgttuj0z0vryulcy8agodqoqwqjsb36az8sm05nh9oc37u6razkw26iy5xe1ld62wpccc5d81lomr7qzglipd09ghrw0cmwjwy4xjo2z3:latest/test_connective_metrics.table.json", "path": "media/table/test_connective_metrics_295_8866c0a115473c11e083.table.json", "ncols": 6, "nrows": 3}, "Exclude_counts": {"_type": "table-file", "sha256": "c34a277c71c512b8edf166c56baf83d9cf5f1d112b0d9e9e2b7fd47129239695", "size": 93, "artifact_path": "wandb-client-artifact://qdcvu1w6uks0iz8bkimzuc8pdhlfkk7cz0cp0n11jnoy2zz13aqjdcnge7b5r3y49lzm0ivkvy528hw1u5tlpbtgl0vbmwskib7lg6s6hm040ay8t65uqpp2y9240138/Exclude_counts.table.json", "_latest_artifact_path": "wandb-client-artifact://uk5tx8p6tx94ttz0z9lugkysy53xaj0heml5se8f4b16s8h6x026ti1zue9b59emqz673fnypui80vgeuz0o987i40ofixferb3kuzmr9dh12s8fuh13yf3k3rdxf00j:latest/Exclude_counts.table.json", "path": "media/table/Exclude_counts_296_c34a277c71c512b8edf1.table.json", "ncols": 2, "nrows": 1}, "_wandb": {"runtime": 2139}}