{"test/loss": 1.5552756786346436, "test/accuracy": 0.2, "test/precision": 0.16666666666666666, "test/recall": 0.25, "test/f1": 0.15, "test/runtime": 0.1139, "test/samples_per_second": 87.834, "test/steps_per_second": 17.567, "_timestamp": 1735375988.9470735, "_runtime": 27.003381490707397, "_step": 10, "epoch": 1.0, "train/f1": 0.0, "train/accuracy": 0.0, "train/precision": 0.0, "train/recall": 0.0, "val/f1": 0.2708333333333333, "val/accuracy": 0.3, "val/precision": 0.48333333333333334, "val/recall": 0.3958333333333333, "train/loss": null, "val/loss": null, "eval/loss": 1.558083176612854, "eval/accuracy": 0.3, "eval/precision": 0.48333333333333334, "eval/recall": 0.3958333333333333, "eval/f1": 0.2708333333333333, "eval/runtime": 0.1135, "eval/samples_per_second": 88.119, "eval/steps_per_second": 17.624, "train/epoch": 1.0, "train/global_step": 2, "train_runtime": 23.3102, "train_samples_per_second": 0.429, "train_steps_per_second": 0.086, "total_flos": 2631181424640.0, "train_loss": 1.6949068307876587, "label_metrics": {"_type": "table-file", "sha256": "f755eb23c7af24399637187149c6a650a531758dda997e6bc9beb38b127c7dd5", "size": 313, "artifact_path": "wandb-client-artifact://sll4qea2vf5u3iv9hef6ue6nz1uypf57vefu5yh54bezavue7dah7cab6fx2jqjk30am4f6w4arco91a07v1qpveoq8unq4e9v74nydqyfjqbgqawdkx2sn2uq7o6zp4/label_metrics.table.json", "_latest_artifact_path": "wandb-client-artifact://z5ljpqabq67r7h5tbvd7uaf9ac9xb6c388zekhj44x0cm90h8uni91ky3sq95eyf24pmzp0kmad3a1o6ev6fldwm1jdd8ycyochmze30zzkr03w1uwxxu37o093p2vpi:latest/label_metrics.table.json", "path": "media/table/label_metrics_7_f755eb23c7af24399637.table.json", "ncols": 5, "nrows": 4}, "test_predictions": {"_type": "table-file", "sha256": "7fc14bc535e486e1d4c17b29a20dd45831879377d1b1de242030d0534302da8c", "size": 4779, "artifact_path": "wandb-client-artifact://t5ys3py0k2p2uq1lna43ua9vwjms5vsbyvr1yv527mwepkkhmjykhd6cw0l4cddrjprf89zfp7q6fo42yf2swypmcvgy2zw7tldl1j780790u8excvp76skmv72ev5z3/test_predictions.table.json", "_latest_artifact_path": "wandb-client-artifact://278e6vkitot8d1nsbb0a4kqvimrux2k1x0devkf55cd9cre1i2004u2qnp2sfqju1ged6hp46wyliymqisrxmwcagnj89dv9w6rzv9htd4x9s6gjv90cj4n4mgpdueau:latest/test_predictions.table.json", "path": "media/table/test_predictions_8_7fc14bc535e486e1d4c1.table.json", "ncols": 7, "nrows": 10}, "test-metrics": {"_type": "table-file", "sha256": "95ee70160f63d9b580def854faae8dab751e0fb6b170bb4fc67cc1029f1612ec", "size": 152, "artifact_path": "wandb-client-artifact://tq380v6jozabb89w1vgjaambrdx5f4pgiws7scj63uoqqfhp6d3zud2dsv416u7q59017bqu8ynai963alghyqm4b40nmkshjc25a7z5tmug67gkg3aou4foi9y3wza0/test-metrics.table.json", "_latest_artifact_path": "wandb-client-artifact://om0zinxrf2csovcqbr8mkmta4dxhre8t6ka12s6uvfb1ddz0ri2kfgp7lsigyqwokkmizjfpsct8vzg5f519vuqf8kc2l2p656hq9o5jel01c261p0zf5uuqr39c6agk:latest/test-metrics.table.json", "path": "media/table/test-metrics_9_95ee70160f63d9b580de.table.json", "ncols": 5, "nrows": 1}, "test_connective_metrics": {"_type": "table-file", "sha256": "39189f718472ed79041f44461e44ba02d29f210aa7ca6ecfd5cfee768a0ce293", "size": 173, "artifact_path": "wandb-client-artifact://n0xyalbkpllwb1o3o0e6zrkf7wqjnjpd4w5xkrrk03g5jmq3y5ewp8156f38r65acnejgszwdz5m5r5ralxqofx7wb05sjqofuyz91twys9g8601bjhlukjv23xbtyoz/test_connective_metrics.table.json", "_latest_artifact_path": "wandb-client-artifact://3y2eejmj1v9gnt4i78vdzrowtiwjcpjnm4z9ke4malhcu7sndeuqd9havuboknqxnhnjvfvh72mj6xtb89bdbpc1ilij8iwul1z03hv4dhsjb8l4x4vafbcru08i5pwi:latest/test_connective_metrics.table.json", "path": "media/table/test_connective_metrics_10_39189f718472ed79041f.table.json", "ncols": 6, "nrows": 1}, "_wandb": {"runtime": 33}}