{"train/loss": 0.4597, "train/grad_norm": 0.5576580762863159, "train/learning_rate": 3.7028824833702884e-05, "train/epoch": 10.0, "train/global_step": 1670, "_timestamp": 1738578552.6835046, "_runtime": 728.9760136604309, "_step": 214, "test/loss": 0.9016865491867065, "test/accuracy": 0.6785714285714286, "test/precision": 0.7007575757575758, "test/recall": 0.25128982641177766, "test/f1": 0.25552777930730686, "test/runtime": 1.8875, "test/samples_per_second": 89.005, "test/steps_per_second": 11.126, "epoch": 10.0, "train/f1": 0.5350520379464282, "train/accuracy": 0.8644194756554308, "train/precision": 0.7676283737448031, "train/recall": 0.49895323578068185, "val/f1": 0.3154960127591706, "val/accuracy": 0.7365269461077845, "val/precision": 0.4819892473118279, "val/recall": 0.30291666666666667, "val/loss": 0.7725688219070435, "eval/loss": 0.7009980082511902, "eval/accuracy": 0.7844311377245509, "eval/precision": 0.5815217391304348, "eval/recall": 0.40875000000000006, "eval/f1": 0.4296542389565645, "eval/runtime": 1.8787, "eval/samples_per_second": 88.893, "eval/steps_per_second": 11.178, "train_runtime": 720.7963, "train_samples_per_second": 55.564, "train_steps_per_second": 6.951, "total_flos": 3512627201894400.0, "train_loss": 0.6717191346391232, "label_metrics": {"_type": "table-file", "sha256": "bbd3c542c8ede983c0bf3bf3683fcd2ca55585fafa1a161107a304bf7238ad9b", "size": 629, "artifact_path": "wandb-client-artifact://ijn7dv72cqckkau731fs9j8jwv4zjk1wehetp9j6y3y1b9eq81ullk1cfoy2iagpnzhdzwwmb2k2k0tztjihh0bua1omt68ivyc91qnuyikmllay5y8pf5cmf03p52k1/label_metrics.table.json", "_latest_artifact_path": "wandb-client-artifact://04t32nglr22jsjpb3d82ovepc3fjyhwvl8aqu4flisd1xp76wsiepzev6hqk6buxq5qkhkxosw9vfzk9lk8okpm5i6ert2oqdchednvdb4wls21bc6ob4zfejifqczmu:latest/label_metrics.table.json", "path": "media/table/label_metrics_210_bbd3c542c8ede983c0bf.table.json", "ncols": 6, "nrows": 5}, "test_predictions": {"_type": "table-file", "sha256": "f9e3b5cc93603465546f97849bca98bb6cb0568f1a6d05ecf701893374167333", "size": 138237, "artifact_path": "wandb-client-artifact://f2781e9u0tyfoajwau8su37qqu6loswf2dr9tozm68spfwxtqs73t0dtnoby014shta8raa9r3w6sngifptzcxxuojn1gsyjduk8uns8352ig851uqk52chwkc8mqmfw/test_predictions.table.json", "_latest_artifact_path": "wandb-client-artifact://7p5wu0cd2xwdjmamhvlbtlo3y9dv9oasfn9o8ntju76q46tjqbdgfs4p61u7nlocfdiopbznf8d2z3bryok1fedti2g285dv9bfp3bfuu3ireiuvar8mup2ct4dk43qg:latest/test_predictions.table.json", "path": "media/table/test_predictions_211_f9e3b5cc93603465546f.table.json", "ncols": 8, "nrows": 168}, "test-metrics": {"_type": "table-file", "sha256": "b456c51a47be176804c390d2e898c87bff1328001e0bc4cdcb86eb0af70873bc", "size": 212, "artifact_path": "wandb-client-artifact://thyjijtlbnxc27ym0oo5q3hktub6m5bvvlbyl4l568j8f87lnejol5wm23ow6tfekm7cr1lteyx4psy6vj5y2308egmo2d02n4b2vsw3zpr6jfk27mrsvhvkqxk8o1aa/test-metrics.table.json", "_latest_artifact_path": "wandb-client-artifact://gie7qlu3eajwmaxougmiu2lb7xzw923kxkqefbb5wn33m73ep1snwiibqtatgb471qn84od7ir0rhcxb1lkpntr1eqv6tfp03000eyb6gvx1h42hiawjgt02dho1n61g:latest/test-metrics.table.json", "path": "media/table/test-metrics_212_b456c51a47be176804c3.table.json", "ncols": 5, "nrows": 1}, "test_connective_metrics": {"_type": "table-file", "sha256": "183d9cb242194aa78106ae166e7d6a1b49bd706357e56efed737d7c38fcc0f0b", "size": 472, "artifact_path": "wandb-client-artifact://jed1pm0d8tq4wsm7xbp9oawpumh04ol5e2o66r89tzlwdbe1yftbibf57ywbf2sqb3jf7h31lv6tesel72y2ggp3joh5cjgex36m6lifgvgiom18300x3930uux1ak5e/test_connective_metrics.table.json", "_latest_artifact_path": "wandb-client-artifact://ycg6eb2l1rkw5t7z44yr7eo4ns2bungsrsj5xsuh5f5oiqh7rzlib2py2f9z3q6svpctpcufrcds3jgl07732y46hu1o7bk3z5gw6ink4ov4elgt39nxe1dpcw8sbx9t:latest/test_connective_metrics.table.json", "path": "media/table/test_connective_metrics_213_183d9cb242194aa78106.table.json", "ncols": 6, "nrows": 3}, "Exclude_counts": {"_type": "table-file", "sha256": "b29489d20e57d05bb6aec67be60a99d8dcef8e432ded61216e66508bd510be58", "size": 90, "artifact_path": "wandb-client-artifact://nyuqi0milgc50i8dse0vqs8bjrczs12a3d4dpopqguu9t55n7jtf2ziedzxs0ui7c0vvyn39n104ofkxc8ro928r95a84u4d6f0t7ebh71sppb1ls51c8vm9e59gah2k/Exclude_counts.table.json", "_latest_artifact_path": "wandb-client-artifact://r326osr610s2jxjvhvljr9wb09y8mgpr5mvzbnp2f1qgisczduxd4pdm6d1p94nz11qe8mx0id39naoa1co1dhed5h0tqymngp7sjes0oy84ubhsqpfjlvqxt895htwg:latest/Exclude_counts.table.json", "path": "media/table/Exclude_counts_214_b29489d20e57d05bb6ae.table.json", "ncols": 2, "nrows": 1}, "_wandb": {"runtime": 737}}