{"train/loss": 0.0003, "train/grad_norm": 0.002884491113945842, "train/learning_rate": 3.8913525498891355e-05, "train/epoch": 9.0, "train/global_step": 1503, "_timestamp": 1736707715.1605895, "_runtime": 644.3726484775543, "_step": 193, "test/loss": 1.071846604347229, "test/accuracy": 0.8333333333333334, "test/precision": 0.6969458128078818, "test/recall": 0.6416677653263019, "test/f1": 0.646088004822182, "test/runtime": 1.8537, "test/samples_per_second": 90.631, "test/steps_per_second": 11.329, "epoch": 9.0, "train/f1": 0.9988789392192088, "train/accuracy": 0.998501872659176, "train/precision": 0.999601593625498, "train/recall": 0.998165137614679, "val/f1": 0.594468943651823, "val/accuracy": 0.8023952095808383, "val/precision": 0.7770294182702941, "val/recall": 0.5358333333333334, "val/loss": 1.423007845878601, "eval/loss": 1.2099759578704834, "eval/accuracy": 0.7904191616766467, "eval/precision": 0.7722390508645715, "eval/recall": 0.5716666666666667, "eval/f1": 0.6429207358619123, "eval/runtime": 1.8431, "eval/samples_per_second": 90.609, "eval/steps_per_second": 11.394, "train_runtime": 637.0422, "train_samples_per_second": 62.869, "train_steps_per_second": 7.864, "total_flos": 3161364481704960.0, "train_loss": 0.27516001862838135, "label_metrics": {"_type": "table-file", "sha256": "8abbde7f318bef764699285c50a9901676dd66c1de0f534b796fa4d7b8e7cf92", "size": 562, "artifact_path": "wandb-client-artifact://ozjxr83m68b0joy0rd4rotxdo4t9zox60ccqo6qw3c9yqsocxgtzsw1ia3fc6atqzle6ez3jnychdkosjz1wdq1phwsgfvcy0ete0xl3p4mewdi0f64v7ygrusmr08os/label_metrics.table.json", "_latest_artifact_path": "wandb-client-artifact://yn8jyklge5425w6nrm9kncml8qbth3ovuykfdzogjv2hc996jntoddbvtjuxd5u3q6gq4eeu4i7kuebdrdqeppi74frx1cl9gvo7xqkzsowo9y7phccs57psrjze79n1:latest/label_metrics.table.json", "path": "media/table/label_metrics_189_8abbde7f318bef764699.table.json", "ncols": 6, "nrows": 5}, "test_predictions": {"_type": "table-file", "sha256": "27b88e29a9d5e05dd45cae17607c8e049a44b2e2dd6e40a7aca9029fd9780b07", "size": 55196, "artifact_path": "wandb-client-artifact://ke80onu5agxmyfss1afjogrrc4uiqa41xl6bcclr7uvicoioxgnjgpdwc5pef1ewprpocbd64f0tq5tkqeommkvobunfns51fb9v5bqq6qmx49ju18m3d2k056edcw2j/test_predictions.table.json", "_latest_artifact_path": "wandb-client-artifact://kxvljf8w4it08tq5ef677h4xlwk3dtz53jp5i2iu85ih7zrxf630auquf4wlfhk25ufe3tzrwxnfkjgfnn412bnjl76i5idm3l6i8g4o6l8z0yyzeqqe78xao3xonyn2:latest/test_predictions.table.json", "path": "media/table/test_predictions_190_27b88e29a9d5e05dd45c.table.json", "ncols": 8, "nrows": 168}, "test-metrics": {"_type": "table-file", "sha256": "f8e94a262428cc6853c52d1a50ba340ee7927d6ad74121b642f6c52d20aaf74c", "size": 194, "artifact_path": "wandb-client-artifact://hxsdie1xudy5ol2tgqetwm7lr3sr4gsqd81wgp8jla0v1m5uh8hn0uzbxmrt14tj4tgpp4ru80guya9b2suc6kk197tvnoi2h78327evhsgi9oxqhlvmavkyiwfc6npr/test-metrics.table.json", "_latest_artifact_path": "wandb-client-artifact://3efkxmrd7qz2sna5s26hzsd1wfew6pfatmvvu7p6pos6ot71uha344c7t9dfhfmhgcm4qangc6d71m8bxicg5brbg2vjq3mhycyfxh9zj1t5zfiflxystku7yunxxaai:latest/test-metrics.table.json", "path": "media/table/test-metrics_191_f8e94a262428cc6853c5.table.json", "ncols": 5, "nrows": 1}, "test_connective_metrics": {"_type": "table-file", "sha256": "4cec72ca4f980e3daac17e373586c5d772b1ac7509ed8f151550c8d4d8d6a6d3", "size": 437, "artifact_path": "wandb-client-artifact://02e11k8flr2zxbk4unil632e7jzq7v3zfu55horeby3wvv71fz84oj3bd2l3fjafl01kh22vw4xn8xn0l67lxrhfulomdqv8r2q9mek90nue8wfidifyywfxehr6x2fg/test_connective_metrics.table.json", "_latest_artifact_path": "wandb-client-artifact://7zk1uc8tm66e5iuziv5qaru4f4r8rtglgqpx0vcraffw3q80ngcdoy9w74jzue2p5xec5be8ic4i113u9cdkgwdh236i4z2ymoibpypm5urwh2frz13c9foa9d54lbw3:latest/test_connective_metrics.table.json", "path": "media/table/test_connective_metrics_192_4cec72ca4f980e3daac1.table.json", "ncols": 6, "nrows": 3}, "Exclude_counts": {"_type": "table-file", "sha256": "1f0d06d48839b9ae3561b5aa2af5ae36957124ba92ec2076d20ea5c56a172744", "size": 75, "artifact_path": "wandb-client-artifact://6f8b2zkwxk0turerv5vvafnd90pawhtt3mmic6q1lngvnjb3czk2hlxjthkklpv2boe6jqvhnlnho0q6uit8prt492s3xk24rwd8xyk31y82x94rda5a5shzvja3w5ht/Exclude_counts.table.json", "_latest_artifact_path": "wandb-client-artifact://du6z2z39ni3xetpamow60q69ahg3by0kjne8opo6sh3m1ajz881s49gbqikoi5cczkk720epf6oijcq0azgq09yap5uawht4wqqbkaxedeiwheyon76awikip8jhhh95:latest/Exclude_counts.table.json", "path": "media/table/Exclude_counts_193_1f0d06d48839b9ae3561.table.json", "ncols": 2, "nrows": 1}, "_wandb": {"runtime": 652}}