{"train/loss": 0.0012, "train/grad_norm": 0.05849654972553253, "train/learning_rate": 3.7028824833702884e-05, "train/epoch": 10.0, "train/global_step": 1670, "_timestamp": 1739612176.9262202, "_runtime": 1527.7752730846405, "_step": 215, "test/loss": 1.198609709739685, "test/accuracy": 0.8273809523809523, "test/precision": 0.760217472815898, "test/recall": 0.6019116677653263, "test/f1": 0.5795033823806202, "test/runtime": 4.4276, "test/samples_per_second": 37.944, "test/steps_per_second": 4.743, "epoch": 10.0, "train/f1": 0.9315664728525321, "train/accuracy": 0.9917602996254682, "train/precision": 0.9516509667107277, "train/recall": 0.9176545497572253, "val/f1": 0.5498263888888889, "val/accuracy": 0.8502994011976048, "val/precision": 0.5791666666666667, "val/recall": 0.5754166666666667, "val/loss": 0.9807732105255127, "eval/loss": 1.0182656049728394, "eval/accuracy": 0.8622754491017964, "eval/precision": 0.7888992537313433, "eval/recall": 0.6716666666666666, "eval/f1": 0.6339036947304664, "eval/runtime": 4.3997, "eval/samples_per_second": 37.957, "eval/steps_per_second": 4.773, "train_runtime": 1515.1087, "train_samples_per_second": 26.434, "train_steps_per_second": 3.307, "total_flos": 3512690195097600.0, "train_loss": 0.34407510084272946, "label_metrics": {"_type": "table-file", "sha256": "f147c245f5e0568d3663f9a4beb86b3cfbc80d2c5804ebfa81cb1d2b6386b3a5", "size": 588, "artifact_path": "wandb-client-artifact://i8t8ubmxsqv6d5ez1qp2car24m5rp174ygml2fwja2v4ph6fogdj0osjeuzdixnmy9xohzdefytqgst8wkp6okwu3ail06cky1glfo0q9wng4vbfrb8jtcdhywv3fmu6/label_metrics.table.json", "_latest_artifact_path": "wandb-client-artifact://xzcqzs73pu1lf8ukukrt7po0beq48zsufmet4qvwd9lq8p692zpsy7b0jzyi1qw9jp90qwtvxpzsw1b0p4st588xbd6u7y4loekvedpsww2dyvhjhsu9jlflkukrqfwt:latest/label_metrics.table.json", "path": "media/table/label_metrics_210_f147c245f5e0568d3663.table.json", "ncols": 6, "nrows": 5}, "test_predictions": {"_type": "table-file", "sha256": "0893a3b037e944e22cc95049b22aafbc52efa5a4ef24642be5f18b9e35a52197", "size": 90399, "artifact_path": "wandb-client-artifact://v7f3eargbad136b0cwz2fv8duk8zvy0pan8adstlu9p8nf1awpzwn1v8n9wnh5yeozaz3icfqsaq2f7s250qi3th84husedaqyzhbnd4adad7x25mg393rjb3i165l1t/test_predictions.table.json", "_latest_artifact_path": "wandb-client-artifact://e2h311qytyebfbacf1awoifxk83m3jz794ldfrn3hlijrtufs1bb80ub5sv4zxpz19jqb0l5ef0p1uv6zhropyj95d7byplg4gqfv4qpvtfz0ie0gk5gbxeh6vw4jsyo:latest/test_predictions.table.json", "path": "media/table/test_predictions_211_0893a3b037e944e22cc9.table.json", "ncols": 8, "nrows": 168}, "test-metrics": {"_type": "table-file", "sha256": "c10040d949d57ead43795312b4217bb2ec527d97d28339c5451c267b977cffb2", "size": 193, "artifact_path": "wandb-client-artifact://fkta68gj3cq2wwcv6x4b43b9amo41evjj8qoa3p9kb827oncnqyc7pheu6zult524rrv8o4qhoymtw0x2hckxlalws6wqz4kin897eoe7zw72tbx7dcmtuviryxhqhed/test-metrics.table.json", "_latest_artifact_path": "wandb-client-artifact://5lgwwl788f4ih8bea37svka9m57ddbzowl476loz166q6i82lgk4pitdgiv6tejihnz1ae0chwetn5cy48z6f4b7tsrn80wtimlvehiq1893sosfg6g1gwgfmv09qf44:latest/test-metrics.table.json", "path": "media/table/test-metrics_212_c10040d949d57ead4379.table.json", "ncols": 5, "nrows": 1}, "test_connective_metrics": {"_type": "table-file", "sha256": "4618d68a41b8d8b115861bf8a9b186a65a378ef9faee37d73be198761b877138", "size": 418, "artifact_path": "wandb-client-artifact://anu9j6r7raql3m349vyyt3r9slmnevoq5hlr966yhuix77msks1o6ln92r454xr54t3uqubv4p42uftvvaslyf858uubsnhybv3lqb92xp6nihnuvonm94omebpzhctj/test_connective_metrics.table.json", "_latest_artifact_path": "wandb-client-artifact://rkb8mc1n2ngjw1989uhi07c6c26puyr9lgtgnz1pttw8r068mbawk9axczrhh6vyjnavk7nop7r2v55d0b23bgwuk3nbx2pbl7qs9jydmxooxlqght1aayh64kz0eghd:latest/test_connective_metrics.table.json", "path": "media/table/test_connective_metrics_213_4618d68a41b8d8b11586.table.json", "ncols": 6, "nrows": 3}, "Exclude_counts": {"_type": "table-file", "sha256": "082fcc874914d75958d68e780085931cf5c17034575e8b060f4acd16accf2d9e", "size": 71, "artifact_path": "wandb-client-artifact://8lsp0nivf0xwno0npgt1ix1qo9ulgizn48w3w2lip4ra2bk06sptpj1ka5l4q481syq11b29xm2nir7alwchkpgx69yg0p1soxqg7jph2smet8a598gdz4fzc5x58ksr/Exclude_counts.table.json", "_latest_artifact_path": "wandb-client-artifact://gbd3jgw8369ky36npg9vjxowa5qai8gs2b75gqclagjv30z305k15blss4azxtpgr253bld63zssqvkpxfynig74cdsfze51sb8hexugkru7hx7uj3gzi57ox9upsg5g:latest/Exclude_counts.table.json", "path": "media/table/Exclude_counts_214_082fcc874914d75958d6.table.json", "ncols": 2, "nrows": 1}, "_wandb": {"runtime": 1535}}