{"train/loss": 0.7038, "train/grad_norm": 6.5758795738220215, "train/learning_rate": 1.6000000000000003e-05, "train/epoch": 1.0, "train/global_step": 167, "_timestamp": 1736414707.9610271, "_runtime": 95.53109812736511, "_step": 27, "test/loss": 0.7181649804115295, "test/accuracy": 0.7202380952380952, "test/precision": 0.7426799007444169, "test/recall": 0.24878048780487805, "test/f1": 0.24099136730715678, "test/runtime": 1.8641, "test/samples_per_second": 90.122, "test/steps_per_second": 11.265, "epoch": 1.0, "train/f1": 0.2652029599827574, "train/accuracy": 0.797003745318352, "train/precision": 0.7702088215747316, "train/recall": 0.26118771631049825, "val/f1": 0.2311984558694508, "val/accuracy": 0.7544910179640718, "val/precision": 0.7130801687763713, "val/recall": 0.2375, "val/loss": null, "eval/loss": 0.6992608308792114, "eval/accuracy": 0.7544910179640718, "eval/precision": 0.7130801687763713, "eval/recall": 0.2375, "eval/f1": 0.2311984558694508, "eval/runtime": 1.8496, "eval/samples_per_second": 90.291, "eval/steps_per_second": 11.354, "train_runtime": 88.1218, "train_samples_per_second": 15.149, "train_steps_per_second": 1.895, "total_flos": 351262720189440.0, "train_loss": 0.9580464049013789, "label_metrics": {"_type": "table-file", "sha256": "ba5882b82ea5c7d2db50614f825bf93fc85b6880cecf01ed4a6758d113f5847e", "size": 522, "artifact_path": "wandb-client-artifact://nqy4onjtekd6r6gmfi6w2xujioc5itoe2r8uk6byi40op9qt8apwra9bvjmqri3h83ijn0hjch27geed66ullbm6dscvvbf3ie2ttqfmbnmjh4c4vaqvzhrpojnmrl71/label_metrics.table.json", "_latest_artifact_path": "wandb-client-artifact://kk5fdnmrlcr26n6blj9wrbwrmyzyh2hg3lxlbirbuy49psdb3h42beliehkzl8k4rqvw5q1mwyflgtpiv9q2k47pwdpc0c3bge1w39an7d9g038ydhrl1qxdebqouod5:latest/label_metrics.table.json", "path": "media/table/label_metrics_23_ba5882b82ea5c7d2db50.table.json", "ncols": 5, "nrows": 5}, "test_predictions": {"_type": "table-file", "sha256": "bb3186788152d10ca940edb59dbd1b05402c65df3ff45b709ce5cf25e453d75b", "size": 86439, "artifact_path": "wandb-client-artifact://69o84q93s8a3dx09nrauyyzik0za3ufdu6b91d6s2y0kl92sm7ngii4ehr5l6vzjo5ns7k9z8oayxlzxhiqk4j34sg3kbqegv68dajl92wirnwdentvggwaokq1zbyyn/test_predictions.table.json", "_latest_artifact_path": "wandb-client-artifact://ibqmnpez6qcn9669h71np1ew682hckvrqiji3t4zqkqtqv22lqifn464bm515pl8u5o9xvilw9gj2nm0vjn69d50iihedb7zgr51owo8kv99oum3aas8okwflu4t4pgv:latest/test_predictions.table.json", "path": "media/table/test_predictions_24_bb3186788152d10ca940.table.json", "ncols": 7, "nrows": 168}, "test-metrics": {"_type": "table-file", "sha256": "a60408cbe619f05350c93cc3f00fe13819ae5153aaee00ef932c8e6920b7c1de", "size": 214, "artifact_path": "wandb-client-artifact://g8oyeqsrkr9wlgmyh6arz977zvjfgopq8nof7frbcktcv3eqbf9l1g3w5tp8dxtz23a99v7l39zaj59rzdjou7c54yx2taftbianuna0m1u46iftma33caxhqohdym8k/test-metrics.table.json", "_latest_artifact_path": "wandb-client-artifact://0kgberhjt6sv85himq8u506lir1nu6mff6wpk6dw4xa55b4kcp01cgitvojcq8nd0wxhztkd08dvlgux3qw0dnzy3dsd1iujmdu0cfo96sn77prjp15j9kscu3eci6hu:latest/test-metrics.table.json", "path": "media/table/test-metrics_25_a60408cbe619f05350c9.table.json", "ncols": 5, "nrows": 1}, "test_connective_metrics": {"_type": "table-file", "sha256": "59238c4c3becacb59bc1bcdf28a4e79cf7da15faec7c0f099600604a83008d5b", "size": 447, "artifact_path": "wandb-client-artifact://1h7etp0v2vafevc6rm4fusm4uzldjsrnf1q5aw6adwm5ra4axm0ueiq7maiqw9dvc2jd6n89xdsdgpii718rqwrcv23svbd5p3bori7kiw6khjjdi9wmaj2gjsz1g8z1/test_connective_metrics.table.json", "_latest_artifact_path": "wandb-client-artifact://vwjria0em6228dftesxd877ab28lb31in4635en5f5keeh8vzsds98lnzqwams8trbhyt0k1s635uidbzv3z1aelj32u1vhm2ybn31ur3rfhxhzev109hx39djewtpwl:latest/test_connective_metrics.table.json", "path": "media/table/test_connective_metrics_26_59238c4c3becacb59bc1.table.json", "ncols": 6, "nrows": 3}, "Exclude_counts": {"_type": "table-file", "sha256": "25a1c51bc7d78f8f0c485181ff588729b74bed10d613faf3814f153d95fa71a3", "size": 90, "artifact_path": "wandb-client-artifact://vlmpobohf7qrfinfhy3eo12vyd6iyex8i8tk5ptabbvyyskq8dfqnbrsjnzq3idhmw9d75yt9pen2y42df8nauyzpypv0ftw55cu1ftapfxo2senlv8ei4hyn6ulggno/Exclude_counts.table.json", "_latest_artifact_path": "wandb-client-artifact://7c7ziixx34ce2k36ki981ax0z5bhmgjjbif3g9lavnr4t78fno4qpthb1ipelsdppidn236oxpokwb04p1cax58of8w08edmqlb97vlnpcxljo7kf3wcpmxr2mgurh93:latest/Exclude_counts.table.json", "path": "media/table/Exclude_counts_27_25a1c51bc7d78f8f0c48.table.json", "ncols": 2, "nrows": 1}, "_wandb": {"runtime": 103}}