{"test/loss": 1.3693491220474243, "test/accuracy": 0.5, "test/precision": 0.5333333333333333, "test/recall": 0.5, "test/f1": 0.38095238095238093, "test/runtime": 0.1147, "test/samples_per_second": 87.192, "test/steps_per_second": 17.438, "_timestamp": 1721572422.2849183, "_runtime": 56.10267519950867, "_step": 131, "epoch": 30.0, "train/f1": 0.6246153846153847, "train/accuracy": 0.7, "train/precision": 0.765625, "train/recall": 0.7, "val/f1": 0.2, "val/accuracy": 0.3, "val/precision": 0.4, "val/recall": 0.3, "train/loss": 1.1185, "val/loss": 1.673604965209961, "eval/loss": 1.6398370265960693, "eval/accuracy": 0.2, "eval/precision": 0.2, "eval/recall": 0.2, "eval/f1": 0.06666666666666667, "eval/runtime": 0.1142, "eval/samples_per_second": 87.541, "eval/steps_per_second": 17.508, "train/epoch": 30.0, "train/global_step": 60, "train/grad_norm": 18.62431526184082, "train/learning_rate": 6e-06, "train_runtime": 52.4988, "train_samples_per_second": 5.714, "train_steps_per_second": 1.143, "total_flos": 78935442739200.0, "train_loss": 1.4495418230692545, "label_metrics": {"_type": "table-file", "sha256": "661398b90a0027a57309c47d3fc0c0e8a134d1c28aaecb20e385ff75482cf145", "size": 367, "artifact_path": "wandb-client-artifact://vatlh316038i17ig3ywwsvs7m3509xzfyepx75y9o2z7bypzb9cyho4q1l5cnxh7voq54pw8rkitt9counggpd2qn1wxjxg0zcclq838zhkign9zkzs84h5z27z7ultn/label_metrics.table.json", "_latest_artifact_path": "wandb-client-artifact://57zoez9yw7fildcmes528cc40bzuwhp1m30ag9erle9xgmziiv4o04rkhxun952kzku868x81kc2w4ayhd4taz2u8pdtxhtefrtwifzovkh7g954yycxv0yrvumhjsy0:latest/label_metrics.table.json", "path": "media/table/label_metrics_129_661398b90a0027a57309.table.json", "ncols": 5, "nrows": 4}, "test_predictions": {"_type": "table-file", "sha256": "4bbd292036b90f11457698e6e04d856167d3f2aff39098b13b6527ecf0180c0f", "size": 4611, "artifact_path": "wandb-client-artifact://ub7xt4z0sxquszvndb5updhnjs7mzew4jtyk8hmwixc3eizgm88kngcqq87ao7tma5bvwgh2f3xkq99rwek8rj5xr8qsn0gcqjpn2a6sf2teo04561pzus2bf2dy77vt/test_predictions.table.json", "_latest_artifact_path": "wandb-client-artifact://a0cpzmrcj2n7trrqxi6vfye7cwt3k1oug9ow2yo1jvhk0vdq4894hv4r7oi73ylwzyiiw5catap6qq8ny6gpstic4bsv4xy6os4o9quar5mgj2p95xtpqc4ewjw13ydp:latest/test_predictions.table.json", "path": "media/table/test_predictions_130_4bbd292036b90f114576.table.json", "ncols": 6, "nrows": 10}, "test-metrics": {"_type": "table-file", "sha256": "83bda2563a564308c66988ace3971e42967c55caf03e64be67f87aafa4c4fd70", "size": 176, "artifact_path": "wandb-client-artifact://jsenocszutfzmllw7ceet0g2cojii4xmcpyhtciqaep6g5xj3251uu80z0740eq5hmwjbmg6z6ob933rb5fafsnwb211lotuusyxi8dfie9ipqa6vk0vre95n8gyy7vd/test-metrics.table.json", "_latest_artifact_path": "wandb-client-artifact://ww2vk8t9pz3l22q2nie88jwbcbocbmvzf4hes2ayfnjrqw94ycm7h57mjmbie0kqttzhxxzp31m0oqwrd56w1bilr98vigijuf03xly81mrn4sbjerwb88obld6udco4:latest/test-metrics.table.json", "path": "media/table/test-metrics_131_83bda2563a564308c669.table.json", "ncols": 5, "nrows": 1}, "_wandb": {"runtime": 60}}