{"train/loss": 0.1613, "train/grad_norm": 0.0776163786649704, "train/learning_rate": 3.337028824833703e-05, "train/epoch": 12.0, "train/global_step": 2004, "_timestamp": 1739663254.007702, "_runtime": 1824.3064181804657, "_step": 256, "test/loss": 1.1475251913070679, "test/accuracy": 0.7559523809523809, "test/precision": 0.7387522943612072, "test/recall": 0.5192836739178203, "test/f1": 0.4796856906534326, "test/runtime": 4.4186, "test/samples_per_second": 38.021, "test/steps_per_second": 4.753, "epoch": 12.0, "train/f1": 0.8452112581874017, "train/accuracy": 0.9722846441947566, "train/precision": 0.8651640263563717, "train/recall": 0.8621451058966854, "val/f1": 0.5428193384223918, "val/accuracy": 0.8143712574850299, "val/precision": 0.7910798122065728, "val/recall": 0.505, "val/loss": 0.9262628555297852, "eval/loss": 0.8035772442817688, "eval/accuracy": 0.8383233532934131, "eval/precision": 0.7775735294117647, "eval/recall": 0.61375, "eval/f1": 0.5853766025641025, "eval/runtime": 4.3933, "eval/samples_per_second": 38.013, "eval/steps_per_second": 4.78, "train_runtime": 1811.5874, "train_samples_per_second": 22.108, "train_steps_per_second": 2.766, "total_flos": 4215228234117120.0, "train_loss": 0.44989213201323314, "label_metrics": {"_type": "table-file", "sha256": "989275670b0c4c43ca6065d127d98fb77521a86ca5d7f480557d4b267cba33e2", "size": 659, "artifact_path": "wandb-client-artifact://0lcvmw8nwu79gfmxt6upkm1wxzei912ddp2gq5fk1edktq0snqwtbbk0mvc1lcw35kize9nre2onwvfpknlmr3r2rmuur41wgbpe1dduxdkhery3hkh907iqdiaoe621/label_metrics.table.json", "_latest_artifact_path": "wandb-client-artifact://kkycfsxnjcnal0s5faf50y5pnug7d6qacz8n9ik066z0vwzkkddkjqkyy6l0olvj6ulng31zn64wl98yd18h2fpwbojq4w7xvz3rkp61okb4kd63eu1g73cbyrzkq4jl:latest/label_metrics.table.json", "path": "media/table/label_metrics_251_989275670b0c4c43ca60.table.json", "ncols": 6, "nrows": 5}, "test_predictions": {"_type": "table-file", "sha256": "8eb97bf6d4dc3c9c1f64e6f1d833bc684bb4a9ffb32f450ae823d6264d97faae", "size": 52955, "artifact_path": "wandb-client-artifact://cm9lz7cm892lh3p0r3980hmru6d8twe22qfjb80p1exsg1ps58ickvt2xnncia69j18r2ozs94nfztbqgbsjseaeuw9b6sqqppchvlwxiv2z1642zo5szwgc2wtqwp1d/test_predictions.table.json", "_latest_artifact_path": "wandb-client-artifact://dmcnv8h6sjwlk5iyg3ekio4ukxmho9bno5e6r2pu4rhiiv34eo4qutr4py8r4avtm5wn31tx1se072o5w9ahttydjfhxpi4k98uhgb8ghmlbm43z5xp13pw10dlpvsbg:latest/test_predictions.table.json", "path": "media/table/test_predictions_252_8eb97bf6d4dc3c9c1f64.table.json", "ncols": 8, "nrows": 168}, "test-metrics": {"_type": "table-file", "sha256": "67e3d41afaf6bc1aeb8b4d1c6a795801aef767ab45bba3410cd47b9e4f2496e5", "size": 205, "artifact_path": "wandb-client-artifact://fwq6iu4h3vr2c1epo92drcak1f84jrkz6n8qo1iypk8m4fxbjofnpaj673ngosr9pi6o6s9plag0xbjl1s758jjl208t6gmreuj0nz1sjrfpoivd4e04gx5ydaq3aeoc/test-metrics.table.json", "_latest_artifact_path": "wandb-client-artifact://dmeqtkw72xoc69sha32yz7i625g4w4itajumvl5m5vqsyr5ktko6u5e6h7wj4cbno5y5bc0qrih6sao5h7ah0mp4dsquffb8q5l16sg8h7hkdmfflkldwkcjctqgar7m:latest/test-metrics.table.json", "path": "media/table/test-metrics_253_67e3d41afaf6bc1aeb8b.table.json", "ncols": 5, "nrows": 1}, "test_connective_metrics": {"_type": "table-file", "sha256": "f302662ec1ddaeec71f86ca343a350417d3d2751941b7b8fffb8f361e3ae60fd", "size": 453, "artifact_path": "wandb-client-artifact://bquv5d9mv22ft5r78rez50gdj6jwjdmfqjmqqeft98kn7evw2swai0jvssz61pwqgsplmkf1i48j3cj6beso4ruzebb85fauhi6x6064p1xi3ecff6a8qfau6bm9htfi/test_connective_metrics.table.json", "_latest_artifact_path": "wandb-client-artifact://9oki669ggg9olrk3thq6wlj1z9g968bzozp271hns4diwh2x79pj9f00ttkaqv6qovb3cm0m8118hu84fwcm4thkouonhyxvdleh2bghic54r79fmyykx0yg52olcncw:latest/test_connective_metrics.table.json", "path": "media/table/test_connective_metrics_254_f302662ec1ddaeec71f8.table.json", "ncols": 6, "nrows": 3}, "Exclude_counts": {"_type": "table-file", "sha256": "e0904507c7a3e3f62f0831416757fbded3c24349ee8ce39d59ff399ee82bffe7", "size": 84, "artifact_path": "wandb-client-artifact://ryydpdsddt5jfyjewycp2857011zc8z67ix5n9ei9mrhqwui5xqp1q9u7rjgfl20zdik55gyf8lhoy8k7daiqy2jzo7ggrt7s2k5u04pcex5jagm3z0lrftkszpoafnr/Exclude_counts.table.json", "_latest_artifact_path": "wandb-client-artifact://4ygmzwlqfctzhga57bgo7j6y0inzm0mefvcox8mbpk25db30wuagg2g1qhq67e831dxzxs9zfof72sbxcxuyielxvlt6xlaovthxluihif37q783xvxsqo62qg96a0vq:latest/Exclude_counts.table.json", "path": "media/table/Exclude_counts_255_e0904507c7a3e3f62f08.table.json", "ncols": 2, "nrows": 1}, "_wandb": {"runtime": 1832}}