{"train/loss": 0.4094, "train/grad_norm": 22.453466415405273, "train/learning_rate": 2.971175166297118e-05, "train/epoch": 14.0, "train/global_step": 2338, "_timestamp": 1738575358.3093474, "_runtime": 1024.6585144996643, "_step": 296, "test/loss": 0.9407398700714111, "test/accuracy": 0.6964285714285714, "test/precision": 0.5607142857142857, "test/recall": 0.2659239727532411, "test/f1": 0.27594684200261893, "test/runtime": 1.8945, "test/samples_per_second": 88.679, "test/steps_per_second": 11.085, "epoch": 14.0, "train/f1": 0.6578701308351722, "train/accuracy": 0.9273408239700375, "train/precision": 0.8987213130649407, "train/recall": 0.6174494201434816, "val/f1": 0.47561168757060174, "val/accuracy": 0.7604790419161677, "val/precision": 0.6253546099290781, "val/recall": 0.49041666666666667, "val/loss": 0.8062387108802795, "eval/loss": 0.6750494241714478, "eval/accuracy": 0.7904191616766467, "eval/precision": 0.6730273752012883, "eval/recall": 0.48, "eval/f1": 0.5026228673287496, "eval/runtime": 1.8819, "eval/samples_per_second": 88.74, "eval/steps_per_second": 11.159, "train_runtime": 1017.1792, "train_samples_per_second": 39.374, "train_steps_per_second": 4.925, "total_flos": 4917678082652160.0, "train_loss": 0.624826461714083, "label_metrics": {"_type": "table-file", "sha256": "8be16b71b8aefd4a6e5307c06845730c7af0155edd0916acae8779eef3b32dae", "size": 626, "artifact_path": "wandb-client-artifact://cklys9p8s9a8ws6nefz0l3kyfc8cyrhe5judjez9l150ty5joui0gba3nna0dzrovp995n1i3fk2srs9o9lbgoiewa7ezq6m89fghifvbihlesbh4h9y0p1a6ddxebrk/label_metrics.table.json", "_latest_artifact_path": "wandb-client-artifact://vbkgbxwb40dqlbuocc9ya7es2x4vdp5oqt1wqosrwazl380udgg7wsg6vizb139m9g61hbxz0t3bdntwhgmvipxpurmzqp3b6bxbpo6ic8snc1ititrndlfu3xiqy1xr:latest/label_metrics.table.json", "path": "media/table/label_metrics_292_8be16b71b8aefd4a6e53.table.json", "ncols": 6, "nrows": 5}, "test_predictions": {"_type": "table-file", "sha256": "bd614a4b0b62c4e623d0ba5c90034c32bd041835f697b42258a8dc24f322c199", "size": 138201, "artifact_path": "wandb-client-artifact://hmfuey8a082srtia9vkhixsrh6eu68q7037c6m23gbpxlhdcfjg7lxq0vrgsnavxebydgkhny0m9xuc40mlsp2hdflw1i70tlkjpsfhs2n315b8vomb1zb1wui4rec2a/test_predictions.table.json", "_latest_artifact_path": "wandb-client-artifact://0nyif3p9k2z6x04k7gcm6jgvzyxht3x6vyj2mnut2l7ydrzxmu7hhwvdmveczji9q47p6vs7cpszdsxn6qytgm1jwrqqactnk001br8shzqfj32wbeu4owoyidrv0lxq:latest/test_predictions.table.json", "path": "media/table/test_predictions_293_bd614a4b0b62c4e623d0.table.json", "ncols": 8, "nrows": 168}, "test-metrics": {"_type": "table-file", "sha256": "03636894dc2f5cd0ea3603667061224d878b12edf8488a685135bb0e391883e3", "size": 211, "artifact_path": "wandb-client-artifact://ba3vmcaxxkkizwqg4qwaz8y2azghakz22e4p5rc2uojx26b9o95vhwqschwypytr39puf6w0rcm1pi9dnfn65m1zbvaghdxyai2yo7ai3r9cfpuvmrbufiidg0ls27dj/test-metrics.table.json", "_latest_artifact_path": "wandb-client-artifact://y0lhe20pprgb90606606qzgz7desk2bj5pbnfipmus4ci51nyvogxdnlgmzq6g6r3kh38esua2qlo6pgfo8q22yq284vht8ihd7shicc2k24gogrztwol254awirxtp1:latest/test-metrics.table.json", "path": "media/table/test-metrics_294_03636894dc2f5cd0ea36.table.json", "ncols": 5, "nrows": 1}, "test_connective_metrics": {"_type": "table-file", "sha256": "cd657ba923f662365a50ca38d79ff12ec5fc18b5172e1d9e93cba3bedbdf0434", "size": 471, "artifact_path": "wandb-client-artifact://33hg0bnpuaavvq80la59bu05wekwzbyikz7x6fcmjetafbrpmhsi4xj0vswarfya5q01r97p29lytv2nb8er0b8lp2zjer6xodvemqz0zpwsig84bn3vfu4qifdjic7i/test_connective_metrics.table.json", "_latest_artifact_path": "wandb-client-artifact://8q2f30rb3xdbe5tu8abyn826kauk7fs924zlavfhh7uzf70rr26zdexs3i4ic5690maek9scbo4fauei0z8g1dpsfho8pfnlcn45qbip2cswcf2pedeaie47v44qn7vr:latest/test_connective_metrics.table.json", "path": "media/table/test_connective_metrics_295_cd657ba923f662365a50.table.json", "ncols": 6, "nrows": 3}, "Exclude_counts": {"_type": "table-file", "sha256": "b29489d20e57d05bb6aec67be60a99d8dcef8e432ded61216e66508bd510be58", "size": 90, "artifact_path": "wandb-client-artifact://rkv7zoileowdq4ka17ejh3ok2j79a0adcgetvsfyz0pwrqfxpikvxkj5rr7y3mr4i5ppwr0eonod5xuku4bvgrza7zh4hmjhltb5cyg0ejj5tzponf6pjwicyo2let2b/Exclude_counts.table.json", "_latest_artifact_path": "wandb-client-artifact://0wo008b5tqwx1fmyse6v1in623z28fu7msk7g5c8nlha86ue6n8y2pyezpo6ubzhjwj71o9xg9ywfd9vv1la20gpssvosujlqo6u5i6asx2uywt0m6r4711r7unkc0g2:latest/Exclude_counts.table.json", "path": "media/table/Exclude_counts_296_b29489d20e57d05bb6ae.table.json", "ncols": 2, "nrows": 1}, "_wandb": {"runtime": 1032}}