,cfg.experiment_type,label,test/precision,test/recall,test/f1,test/acc
0,former-only,逆接・譲歩,0.7575757575757576,0.6097560975609756,0.6756756756756757,0.6756756756756757
1,former-only,同時進行,0.8617886178861789,0.954954954954955,0.905982905982906,0.905982905982906
2,former-only,時間,0.6666666666666666,1.0,0.8,0.8
3,former-only,場所,0.75,0.75,0.75,0.75
4,former-only,その他,1.0,0.5,0.6666666666666666,0.6666666666666666
