{"train/loss": 0.0521, "train/grad_norm": 0.3474308252334595, "train/learning_rate": 3.7028824833702884e-05, "train/epoch": 10.0, "train/global_step": 1670, "_timestamp": 1735972681.6974905, "_runtime": 1247.8510274887085, "_step": 213, "test/loss": 1.5136923789978027, "test/accuracy": 0.7440476190476191, "test/precision": 0.5910113339145597, "test/recall": 0.5295429575917381, "test/f1": 0.5411456628477904, "test/runtime": 1.8682, "test/samples_per_second": 89.924, "test/steps_per_second": 11.24, "epoch": 10.0, "train/f1": 0.9692305686470339, "train/accuracy": 0.9880149812734083, "train/precision": 0.9862437477268253, "train/recall": 0.9542614146643702, "val/f1": 0.5023786295005807, "val/accuracy": 0.7604790419161677, "val/precision": 0.6080586080586081, "val/recall": 0.5754166666666667, "val/loss": 1.2620869874954224, "eval/loss": 1.1002861261367798, "eval/accuracy": 0.8143712574850299, "eval/precision": 0.737732835591133, "eval/recall": 0.57875, "eval/f1": 0.5327133310898515, "eval/runtime": 1.8566, "eval/samples_per_second": 89.949, "eval/steps_per_second": 11.311, "train_runtime": 1166.7272, "train_samples_per_second": 34.327, "train_steps_per_second": 4.294, "total_flos": 3512627201894400.0, "train_loss": 0.4086791202135964, "label_metrics": {"_type": "table-file", "sha256": "948f5975799c116e4612a49502c233399c29fbacc2f9f2390b1879fa39a6b97e", "size": 531, "artifact_path": "wandb-client-artifact://vtxy9olx31xog1fw4w3w2tl15lulrsy1zscz39el6t46kxrlkkddldwyepb4y834ruo2qwguzeubnyxs1cgh490uzhel6qsbkgv9nhoueb03oduwo29jn1rkpiq4zc2i/label_metrics.table.json", "_latest_artifact_path": "wandb-client-artifact://a4qj28n6evtpm7zi56t04pnknspfw5jazwpuqdqaive5xwuxd893l76ls73o52kldtn65svql292suiweem50m4tzzgr4oc6exdvfzn1jlxzyjgumnxaf1uqzxi66rix:latest/label_metrics.table.json", "path": "media/table/label_metrics_210_948f5975799c116e4612.table.json", "ncols": 5, "nrows": 5}, "test_predictions": {"_type": "table-file", "sha256": "ee33ad76f3eaec4a281f5a6effd30cedbaae7f5ec5fac2f3bed81b1933421c86", "size": 88304, "artifact_path": "wandb-client-artifact://i7awijl73rzi9t59cixv0stg6g0cqlon1cgixl66n8ukdszjg3a3i3x77gtxp34vrmlbegqbe2gvu46h8cjwznvuhv2ghzc1kjz2zi7e7bnss8knfdw6cb6ftixzcb36/test_predictions.table.json", "_latest_artifact_path": "wandb-client-artifact://tep17jzjtmnf72qwc98mdched3so8439msnzx6zxnjypu4lizx2bxaqm0vpglyrrfssexs2h28yi7t61y2d09ioq6c2ehohgoz8ld81hlb5trss3qi6uombxpkwv1ft4:latest/test_predictions.table.json", "path": "media/table/test_predictions_211_ee33ad76f3eaec4a281f.table.json", "ncols": 7, "nrows": 168}, "test-metrics": {"_type": "table-file", "sha256": "4416c45b1766e704ca0f015282fc945b63d4803fafcf233c750db319c963487b", "size": 205, "artifact_path": "wandb-client-artifact://xlnqvi338iz3ek5uxfm4fp03b8axhbwy3xyd5fgv2q7q1o2d02515bpgnwnluv8ioq8m4un67mhbzspzli4sbyvmzlhg7jg6pd1mau14mng27ov2reau7qted358g7i6/test-metrics.table.json", "_latest_artifact_path": "wandb-client-artifact://iedbxxzdiw0t0n8bx3ebgpdnvbk4iu1bcqoey5pebjsb8dgkiar86ci3ch8zopxpbwcr1k8xoa27r8wo49137xl865n5274h2509ktb4e2aleaka188jqht3n04806kc:latest/test-metrics.table.json", "path": "media/table/test-metrics_212_4416c45b1766e704ca0f.table.json", "ncols": 5, "nrows": 1}, "test_connective_metrics": {"_type": "table-file", "sha256": "62cb603ff2b844d6de5d4f2aad99c18d3839deba3defa1465e6c5d2e443e7140", "size": 443, "artifact_path": "wandb-client-artifact://4b739n2daa75kyge04wesr8zitynef9ot3sgy6m8urrwem9cvhoh4zwbd96wxiv771fli8wc0v2pruss38ghts4ot4wc7s6a50ses99ap5qzig9itzftfbkd976edf7o/test_connective_metrics.table.json", "_latest_artifact_path": "wandb-client-artifact://5nsuz1k497669xiuklb03lgcwht3y1dc7g6a2ufztjgyt737xl4hoyi8sm6huqsf709dvu3o4xmjjq0h40g43pcksier6flx8pjih1fv90zbeparlxu90reg9k7r8q76:latest/test_connective_metrics.table.json", "path": "media/table/test_connective_metrics_213_62cb603ff2b844d6de5d.table.json", "ncols": 6, "nrows": 3}, "_wandb": {"runtime": 1254}}