{"train/loss": 0.0523, "train/grad_norm": 1.3493196964263916, "train/learning_rate": 3.7028824833702884e-05, "train/epoch": 10.0, "train/global_step": 1670, "_timestamp": 1739572612.4058201, "_runtime": 1521.2724912166595, "_step": 215, "test/loss": 1.6004389524459839, "test/accuracy": 0.7559523809523809, "test/precision": 0.6696105072463768, "test/recall": 0.49825313117996045, "test/f1": 0.47568695835975483, "test/runtime": 4.4184, "test/samples_per_second": 38.022, "test/steps_per_second": 4.753, "epoch": 10.0, "train/f1": 0.8904989743498636, "train/accuracy": 0.9872659176029962, "train/precision": 0.9826591060053987, "train/recall": 0.8553528581510234, "val/f1": 0.5201543384152079, "val/accuracy": 0.8023952095808383, "val/precision": 0.721031746031746, "val/recall": 0.4570833333333333, "val/loss": 1.2718732357025146, "eval/loss": 1.205187201499939, "eval/accuracy": 0.8143712574850299, "eval/precision": 0.751231527093596, "eval/recall": 0.5625, "eval/f1": 0.54303683737646, "eval/runtime": 4.3914, "eval/samples_per_second": 38.029, "eval/steps_per_second": 4.782, "train_runtime": 1508.5737, "train_samples_per_second": 26.548, "train_steps_per_second": 3.321, "total_flos": 3512690195097600.0, "train_loss": 0.39400602992189054, "label_metrics": {"_type": "table-file", "sha256": "4b5ed42af7fdb990fb8b3b8e864052a1f399a1393db755627ba0a36a9c111941", "size": 542, "artifact_path": "wandb-client-artifact://y4mjowik7aqnrft4nc3i0veefzx03ijzxw9wpbvftcimh8gp0224xfqkvhdgbzkhfi406h1mp8spjn3xqrirsyvqbiqttlxmaily9j4nyp3viyt5jfi44uohrrqop7ku/label_metrics.table.json", "_latest_artifact_path": "wandb-client-artifact://jg2x5zn5heoeaklrbr96wt9m8qrb6vmrf57utr682l2qv7s6krqfn81vvxikfprbmwv216ib1kfkaalppy50weourq9iqilb0oy1hsetjsshxqngqf0hpusljdg9qcqd:latest/label_metrics.table.json", "path": "media/table/label_metrics_210_4b5ed42af7fdb990fb8b.table.json", "ncols": 6, "nrows": 5}, "test_predictions": {"_type": "table-file", "sha256": "6cfb18b7701b70386edcaa7a89363a86de76b4b3abbf6135108e289270dfbbf2", "size": 55112, "artifact_path": "wandb-client-artifact://xjct5ai9dwz10bunq3q9mzywnsxqdi3il42dqm55ujgkv9frbqwanjx8rei8aq86zknhocn8ols2dugfwnl3rk3pxokjk6rslmsnp464szn4qmjkr616fcrhl6opzeqe/test_predictions.table.json", "_latest_artifact_path": "wandb-client-artifact://vct6gonqk8rirq767pz1tw3u9cex9sruv4pt6vj6jj7gat2977n9cnaajrps2cdhb8fm3zkm9ybglfeln675fri1ld41zpz7e2mn27m2gw0gkh6ammljep72p8skopvt:latest/test_predictions.table.json", "path": "media/table/test_predictions_211_6cfb18b7701b70386edc.table.json", "ncols": 8, "nrows": 168}, "test-metrics": {"_type": "table-file", "sha256": "2636144f0b1f147310959b776d95e70793cd28fe7ad0d8ddcfce09bec12d0c26", "size": 197, "artifact_path": "wandb-client-artifact://tvvviuuwybhks0dlzd1tuiggj6a1oc8wa7ycvnpdtu94pihxq044o3vbbibspk9xmye83nlscoxv7917oldz6jfy0884pjvmbood1jnhr1ek3xli5688m45w1zf1l4b5/test-metrics.table.json", "_latest_artifact_path": "wandb-client-artifact://0kogh4gp53yz13minyad8y7y8exdao2v0614sxgao936j9iudthtfgexsrl9l023hkdan0upn5ewnwnh56fh9deyvopayo5hedhpy94l6c2m3iuy6oltbsn4x9jr8pxc:latest/test-metrics.table.json", "path": "media/table/test-metrics_212_2636144f0b1f14731095.table.json", "ncols": 5, "nrows": 1}, "test_connective_metrics": {"_type": "table-file", "sha256": "abf6e4be2abb539c23ef1d785e6e6df22440780e27fb7f9ff98c908f6aef395b", "size": 413, "artifact_path": "wandb-client-artifact://kfj5wi1g7k2g5hiqc0dfaj1dldvt749mbjsstsgy26l72na2i9d7f46yoxc7i9a7ibfs231d3ca8u7ozmetqqedyp1k2qpo2ysdpqo9lbllaz5kku6vq1xrgzqc1qdgg/test_connective_metrics.table.json", "_latest_artifact_path": "wandb-client-artifact://s5v5k6ay38v4coqy70m0s4u8idncrjh4cz16li6irg1mlvzx5hmzy42klmtybozb2k73uarxbvgyq38z5ymqxa4urr9xm6l85pb69zrzblcln6slueglo2cfl7t587j9:latest/test_connective_metrics.table.json", "path": "media/table/test_connective_metrics_213_abf6e4be2abb539c23ef.table.json", "ncols": 6, "nrows": 3}, "Exclude_counts": {"_type": "table-file", "sha256": "fa22c4da7120bb2d050f2b48bfbb63b94fd3760be735d6d12002cc9214cc8ce6", "size": 74, "artifact_path": "wandb-client-artifact://v11zyk4lysf9pb8726vuhjavow21sksyzp09qs05oqc956wmw21jxuwpl1kfreuvhiixigl9bmwgoxqp1rcxv5x7qwbo3bjs50wbqilprzviut9bvvui4orc74bqnxbg/Exclude_counts.table.json", "_latest_artifact_path": "wandb-client-artifact://nhbrn93h6sgwt7xa8zhr64umxdgux2l5qslhdrmvl3621d4w7ec0gse1atkgbqdk3kkocrvmms4rlhx9qphua55qix2vfidhvfwgzycd6am7kg0vlf9t1nktps8pjgnv:latest/Exclude_counts.table.json", "path": "media/table/Exclude_counts_214_fa22c4da7120bb2d050f.table.json", "ncols": 2, "nrows": 1}, "_wandb": {"runtime": 1529}}