{"train/loss": 0.0708, "train/grad_norm": 0.005646071396768093, "train/learning_rate": 3.7028824833702884e-05, "train/epoch": 10.0, "train/global_step": 1670, "_timestamp": 1739184216.1404045, "_runtime": 718.1791985034943, "_step": 215, "test/loss": 1.2880147695541382, "test/accuracy": 0.8392857142857143, "test/precision": 0.8072062084257207, "test/recall": 0.7629422105031861, "test/f1": 0.7596650496650497, "test/runtime": 1.8643, "test/samples_per_second": 90.116, "test/steps_per_second": 11.264, "epoch": 10.0, "train/f1": 0.999440479261616, "train/accuracy": 0.9992509363295881, "train/precision": 0.9998005982053838, "train/recall": 0.9990825688073395, "val/f1": 0.6195236013986014, "val/accuracy": 0.8083832335329342, "val/precision": 0.818081841432225, "val/recall": 0.5420833333333334, "val/loss": 1.423295021057129, "eval/loss": 1.4030969142913818, "eval/accuracy": 0.8143712574850299, "eval/precision": 0.8466567164179104, "eval/recall": 0.5966666666666667, "eval/f1": 0.6835667909932311, "eval/runtime": 1.8523, "eval/samples_per_second": 90.16, "eval/steps_per_second": 11.337, "train_runtime": 710.5391, "train_samples_per_second": 56.366, "train_steps_per_second": 7.051, "total_flos": 3512627201894400.0, "train_loss": 0.26803554050445916, "label_metrics": {"_type": "table-file", "sha256": "9ed2c1a9d0ed8bd1748f9eef3c867273435a9191802286a6b599e9098065b3ef", "size": 578, "artifact_path": "wandb-client-artifact://crxc12bpil8ook9v6b38ms9wk70xhfe2w1aox1406kv9cbwu9w07jbcdcqdw0qcsj2352p4vqklu8t63jwams1z58j1rat1vve4x0aliz0pd17nwvfnm6km6xjj9octf/label_metrics.table.json", "_latest_artifact_path": "wandb-client-artifact://8a2cu89p5i1e705s85lk6fwumt9icm1a63jo4wewlmvtmw6gh505ulcb84jd5agvusl0zahdhl96rhtdw3v1h7jf0rbak0xcbwtj56c1lbu8y1y9by8nql4pz2d3iibh:latest/label_metrics.table.json", "path": "media/table/label_metrics_210_9ed2c1a9d0ed8bd1748f.table.json", "ncols": 6, "nrows": 5}, "test_predictions": {"_type": "table-file", "sha256": "e582d5b7df2db8da4abfd4793255ff7dd308726a3e3c03c54724e24ddf169c54", "size": 55232, "artifact_path": "wandb-client-artifact://r2996o7raariaj7kadtptrmdu1s429c5gv40yq6mvop4m65cv08kat5plel07nch3nxvfg99l407o5upunncvopuuwaijg68uyqa3h75bel04xytqgsmncy34pdycu4b/test_predictions.table.json", "_latest_artifact_path": "wandb-client-artifact://dzc43m1rchx7mdvmls7ok0vpokmbhlsar40gzf2g2c6573dnz9xklv2apug3a9s3zyajggwo0nnhlhftndwurvs9njdb80dzf4xn3bo9poby4dqrq2cma1gfi4fgf12k:latest/test_predictions.table.json", "path": "media/table/test_predictions_211_e582d5b7df2db8da4abf.table.json", "ncols": 8, "nrows": 168}, "test-metrics": {"_type": "table-file", "sha256": "318a6621f39725c71299dc858034074fb2ac1f53eaba1db89293bd9f72fbb667", "size": 195, "artifact_path": "wandb-client-artifact://t9dnuub23r37ip3ikchd1io6qfxumgl96hzmdn0kcjooyejv6i81wwozmktgj5cxr4d6c2nfktoievp1v6lm1ibhe55tig6te3zsd68tho1m6w6p4g52d1g9hf9u3v7i/test-metrics.table.json", "_latest_artifact_path": "wandb-client-artifact://bl9wek1czuyi0yacy8rmkedvwa24bct0sqw5gi1q6vebx9ai5067hn9abxk2xn6jzo0qvgggleluy9awaap7rwaaxzcx3rfpde47hq7svuhhbc2dyhal9vc8ffs0kjn6:latest/test-metrics.table.json", "path": "media/table/test-metrics_212_318a6621f39725c71299.table.json", "ncols": 5, "nrows": 1}, "test_connective_metrics": {"_type": "table-file", "sha256": "87940d16a978ebc68e786e04b0459ac15aee396d886ce313b4d759fbdefffcaa", "size": 425, "artifact_path": "wandb-client-artifact://slf8785ar3wq4kbdsjpilihqm5b8rlileuo03t4tibyf9xvzxy8lh2h77ow5sbcrwij6oqmvswx9ox6mludu8nmktxnbkqp6a7449w8ceiqtqaxu0lkjqpdlqjcef1eg/test_connective_metrics.table.json", "_latest_artifact_path": "wandb-client-artifact://cafrjllsavxao0lyketoth4codpvzvaxaws2y05m0dcqfb6khcayru9thgli6huhrrlk1et88xa1j2ftuzef10s0atpyfrm9imu3exse63lxmgheradejvapa4yz4eh2:latest/test_connective_metrics.table.json", "path": "media/table/test_connective_metrics_213_87940d16a978ebc68e78.table.json", "ncols": 6, "nrows": 3}, "Exclude_counts": {"_type": "table-file", "sha256": "fa22c4da7120bb2d050f2b48bfbb63b94fd3760be735d6d12002cc9214cc8ce6", "size": 74, "artifact_path": "wandb-client-artifact://fliaveltmsv70xewce12ofd3n41b87n7r3kjxqdl7ea8lx7rx8n0z68hqyctbph62c7qz8to1ygp7jlrbepqq3vjbttsyuaz3lsmhcoybm7szpf3sgcjkkz62vcn5jjf/Exclude_counts.table.json", "_latest_artifact_path": "wandb-client-artifact://yvh3qx0cmxvki3f3ki4xfiwvux862bq83ad3f3c1yd9o1kh4nw2j4uk619q5gjk0cwl8sk5cnxs3vpinp3co4mon5erhkb7shmnh9x45zasa3dulhnv6d1etmzjf0xyw:latest/Exclude_counts.table.json", "path": "media/table/Exclude_counts_214_fa22c4da7120bb2d050f.table.json", "ncols": 2, "nrows": 1}, "_wandb": {"runtime": 726}}