{"test/loss": 1.593775987625122, "test/accuracy": 0.1, "test/precision": 0.08333333333333333, "test/recall": 0.0625, "test/f1": 0.05, "test/runtime": 0.2472, "test/samples_per_second": 40.46, "test/steps_per_second": 8.092, "_timestamp": 1735973296.6508992, "_runtime": 29.526713132858276, "_step": 38, "epoch": 4.0, "train/f1": 0.08888888888888888, "train/accuracy": 0.2, "train/precision": 0.16666666666666666, "train/recall": 0.1, "val/f1": 0.05, "val/accuracy": 0.1, "val/precision": 0.041666666666666664, "val/recall": 0.125, "train/loss": null, "val/loss": 1.7818822860717773, "eval/loss": 1.784044861793518, "eval/accuracy": 0.1, "eval/precision": 0.05555555555555555, "eval/recall": 0.125, "eval/f1": 0.05, "eval/runtime": 0.296, "eval/samples_per_second": 33.783, "eval/steps_per_second": 6.757, "train/epoch": 4.0, "train/global_step": 8, "train_runtime": 12.0481, "train_samples_per_second": 24.9, "train_steps_per_second": 4.98, "total_flos": 10524725698560.0, "train_loss": 1.5337830781936646, "label_metrics": {"_type": "table-file", "sha256": "7eb6bf8f6c8e35e070af63291a33b640f5c72189a01da563651cbc80be633b44", "size": 303, "artifact_path": "wandb-client-artifact://mnuao0z55sfjlts0lte6pr3ly0hpyzley3adgeek0rs82njipltc9is64qmo69rfddcmjww9wnshufwi2gnt4n7r1rp2jtfopgztw70a8tmi8h2wzlv4gab47k05akyr/label_metrics.table.json", "_latest_artifact_path": "wandb-client-artifact://q3gjte7gfiwzq809d8w4yva8k2kykdw4wg9b6vcc9o5uwuwkr89tow6aem1mxkl0rpn4x5b8eprucoffz43pjtam6ht2nr29q2vuedys11mqgxj61nkbpkkaqgba3a0x:latest/label_metrics.table.json", "path": "media/table/label_metrics_35_7eb6bf8f6c8e35e070af.table.json", "ncols": 5, "nrows": 4}, "test_predictions": {"_type": "table-file", "sha256": "0012401458a296f73a08033363431bd52692d6332f7ff32164cd056cf05d41c9", "size": 3711, "artifact_path": "wandb-client-artifact://z371vfd1cl5zrs57ghgytk03f8vqm30vo5qozkui0iym8xlxwn2u8xkiyticbnnwwza8q2vgtwpebr3bwqaav1vhy0xtilktjjxwgyilwznxof2xf7gtd7557oba9gbu/test_predictions.table.json", "_latest_artifact_path": "wandb-client-artifact://g1htsmkad0d9bhecul9e2ho2af3ycb61og84iq4mmvploshe4292mrhff80zp0lf0i3urhepf0hzwwc8oybf00ld5pdkd5tggayggmi7fst2bqaefo1vq4beu2842m03:latest/test_predictions.table.json", "path": "media/table/test_predictions_36_0012401458a296f73a08.table.json", "ncols": 7, "nrows": 10}, "test-metrics": {"_type": "table-file", "sha256": "a3a086e48b7f8a5d36f8838cf23f143fbaf7d212b184ffcec3a09131a0762d79", "size": 155, "artifact_path": "wandb-client-artifact://o699yrbgogkmolpapotay7in5parlfetzegf1cmxdad3tm8cll4d2ajbjkiv8jkdoeqv4yxv1156e1gmw30yq5xk1k5mxmcidzj1reteknwmi16cua87484hwbydg9of/test-metrics.table.json", "_latest_artifact_path": "wandb-client-artifact://w7oinvzi1nx578md7of3wmnxllaec7spmfctl7ymfwii8yputcxwka2wltl0fjtn64mstycnyvb5hhein4rnnzjkpguzy96gf7trerfrxb6l7gq096pc4hgxq3ekosq7:latest/test-metrics.table.json", "path": "media/table/test-metrics_37_a3a086e48b7f8a5d36f8.table.json", "ncols": 5, "nrows": 1}, "test_connective_metrics": {"_type": "table-file", "sha256": "8a35b9e4073bb4e2ec04ed9c66c6a0a2a6064f3371e7990a72a5ea188288f705", "size": 176, "artifact_path": "wandb-client-artifact://1a7fdtiufa7vz8k1tmw1tswsfwrx9qh2zl7xbu14m42xumvfot42b4pebmwrqpcd2chst46do8mk8whssc4ae3n8lo603amtksmuus5foehcud38xqxyc69svrcpq2xl/test_connective_metrics.table.json", "_latest_artifact_path": "wandb-client-artifact://12ra6ynj2514j18eprhwmup19x4afb2ghr01w4mrb27nlf8iiiuxvfrqaw7j2ja36p4dj3qsrrnj9z148ux5xsmp42rtzr7pbbnld3h5jb25hb58fxwvdtzamv7465xq:latest/test_connective_metrics.table.json", "path": "media/table/test_connective_metrics_38_8a35b9e4073bb4e2ec04.table.json", "ncols": 6, "nrows": 1}, "_wandb": {"runtime": 35}}