,cfg.experiment_type,label,test/precision,test/recall,test/f1,test/acc
0,exclude_negation,逆接・譲歩,0.8333333333333334,0.6097560975609756,0.704225352112676,0.704225352112676
1,exclude_negation,同時進行,0.8650793650793651,0.9819819819819819,0.919831223628692,0.919831223628692
2,exclude_negation,時間,0.6666666666666666,1.0,0.8,0.8
3,exclude_negation,場所,1.0,0.75,0.8571428571428571,0.8571428571428571
4,exclude_negation,その他,1.0,0.6,0.75,0.75
