epoch,loss,accuracy,precision,recall,f1
,"tensor(0.0103, device='cuda:0')",0.08333333333333333,0.04320063066614111,0.22666666666666666,0.06252623780713669
