epoch,loss,accuracy,precision,recall,f1
,"tensor(0.0134, device='cuda:0')",0.12574850299401197,0.2409090909090909,0.14844444444444443,0.07241246633320508
