{"train/loss": 0.0002, "train/grad_norm": 0.0023026231210678816, "train/learning_rate": 3.148558758314856e-05, "train/epoch": 13.0, "train/global_step": 2171, "_timestamp": 1736705594.039172, "_runtime": 929.1970558166504, "_step": 276, "test/loss": 1.389726996421814, "test/accuracy": 0.8214285714285714, "test/precision": 0.7837022397891963, "test/recall": 0.7390793232256646, "test/f1": 0.7248405349794238, "test/runtime": 1.8544, "test/samples_per_second": 90.594, "test/steps_per_second": 11.324, "epoch": 13.0, "train/f1": 0.9988789392192088, "train/accuracy": 0.998501872659176, "train/precision": 0.999601593625498, "train/recall": 0.998165137614679, "val/f1": 0.631217334449428, "val/accuracy": 0.8083832335329342, "val/precision": 0.7647887323943662, "val/recall": 0.5720833333333333, "val/loss": 2.0836009979248047, "eval/loss": 1.316332221031189, "eval/accuracy": 0.8383233532934131, "eval/precision": 0.8474599542334096, "eval/recall": 0.6470833333333333, "eval/f1": 0.7227786713970025, "eval/runtime": 1.8434, "eval/samples_per_second": 90.594, "eval/steps_per_second": 11.392, "train_runtime": 921.6104, "train_samples_per_second": 43.457, "train_steps_per_second": 5.436, "total_flos": 4566415362462720.0, "train_loss": 0.24160933328342235, "label_metrics": {"_type": "table-file", "sha256": "9256ce14b1d175a1ea0b6cc29471e07716705b2609a19e4b978d841711991a84", "size": 584, "artifact_path": "wandb-client-artifact://uioz74wb9f6zc4f2yemxvy4t1io9832w68xvzecko06l3d3w4brw61th19tkeaa1r5lpov5zakv5t60cs8zvm8w7lxuen81xdsqk1yorpq1p9kuh0fuczl7ku7g35f5t/label_metrics.table.json", "_latest_artifact_path": "wandb-client-artifact://e6a7igtzo4n04s2w2sbay38he88nudfiyn6f0qn0tg631h0l7dqzoqzvlzcssng918nr0ktyjrga7tnvjw4pa6d16ho83buifm5hhsswn134oqelhvulzt6z2nb0nk55:latest/label_metrics.table.json", "path": "media/table/label_metrics_272_9256ce14b1d175a1ea0b.table.json", "ncols": 6, "nrows": 5}, "test_predictions": {"_type": "table-file", "sha256": "2f830873d55d561b3c0daa74c95a80457e75c3cb3a07cce584b7f6dc5fd0462c", "size": 55160, "artifact_path": "wandb-client-artifact://3poybru3hz8qk2eyn4iojwlb1ackcnbyotp7z0et1l9n5p7nmub84348o5qwh236ej1vh457xsito1qk7t248wtl21svqoxxaz6ceacng3ydz5n35ccibwtxy44n7n7b/test_predictions.table.json", "_latest_artifact_path": "wandb-client-artifact://e6asawcuf4n9lukd0q09ck1kxrx7y0sa6ckqacg929ciiyd5y06ccgjccdo8u9tpcqtmraqyeag2kbanrnqhnbrsjtfbjnregae0vd5sv5unq7mc5cinwneleoqbkpb7:latest/test_predictions.table.json", "path": "media/table/test_predictions_273_2f830873d55d561b3c0d.table.json", "ncols": 8, "nrows": 168}, "test-metrics": {"_type": "table-file", "sha256": "93c2cef2c8d5ef34a135401b7d6ef334d38da28c69875d23e77c2f3891bcfe1e", "size": 195, "artifact_path": "wandb-client-artifact://xaql55x3lvsvr0lcfc9ralmxyv7q63idyqoohpf7hhwf42idhjg92k8qf4swyd466ox45n0wfbsrfq41ynnnvxyp2kfdla7xngthqp8mr6j68r8nlmdjtks9tmhwhggg/test-metrics.table.json", "_latest_artifact_path": "wandb-client-artifact://hvm3kfsrjq460xxjv79eop78uel1tuyhgnjvntoxqa9wbqvr58fs89bnd80kvieep427yg8mooobtefky3r9trn0cg4l7uvo5vbon6e2q394jhapxdzbeth3zlggjr2w:latest/test-metrics.table.json", "path": "media/table/test-metrics_274_93c2cef2c8d5ef34a135.table.json", "ncols": 5, "nrows": 1}, "test_connective_metrics": {"_type": "table-file", "sha256": "e22fc675d090c3ed28d9a9c0dd5beb53c84474b0c4e1397ff095cb70363120f8", "size": 422, "artifact_path": "wandb-client-artifact://dfrp71w2cgc63sqgvrn4qjai0rk40zzszca9vs0d406f2zl8qu3lecqumcn9xoozwohr7sgiimp2o4xegyg6wqp4q9kuzqez26vifm49jbam6ty0sh74xvfkog4y0ihe/test_connective_metrics.table.json", "_latest_artifact_path": "wandb-client-artifact://szrm3zjkeax6t6s89f4zdl3oocx8vf6tdt5v708rsmalpfiib8l8s7kbfgqojjk57p2r2b75a0qwkdrpoyrzqwgulubrysy1d16jzmm3wt9h1xft2lla3z0d25nnvrhg:latest/test_connective_metrics.table.json", "path": "media/table/test_connective_metrics_275_e22fc675d090c3ed28d9.table.json", "ncols": 6, "nrows": 3}, "Exclude_counts": {"_type": "table-file", "sha256": "1f0d06d48839b9ae3561b5aa2af5ae36957124ba92ec2076d20ea5c56a172744", "size": 75, "artifact_path": "wandb-client-artifact://eb085e0nqqid2oqhvf9m6dhl9xyzyz8m24oiesniuriesxau7792ofidgixt9qw0zpg0wiryf3eqiab9urxnf694sx17c94b215xgvg3qxjr431ag23kiuvco2mxhioa/Exclude_counts.table.json", "_latest_artifact_path": "wandb-client-artifact://597o228nfsx8asfg5jlguxkrc9vr0lrlyilfugl6c5kpldr44npxsq093j2kb7m305stmnusyc5qqrd5pgp5u4l8xycdsi26q6fmtawbpwlsfq9parl8k8gvbori8z0f:latest/Exclude_counts.table.json", "path": "media/table/Exclude_counts_276_1f0d06d48839b9ae3561.table.json", "ncols": 2, "nrows": 1}, "_wandb": {"runtime": 938}}