{"train/loss": 0.6579, "train/grad_norm": 9.147696495056152, "train/learning_rate": 1.6000000000000003e-05, "train/epoch": 1.0, "train/global_step": 167, "_timestamp": 1736407167.4493666, "_runtime": 80.52174353599548, "_step": 27, "test/loss": 0.6850842237472534, "test/accuracy": 0.7559523809523809, "test/precision": 0.698537378114843, "test/recall": 0.27804878048780485, "test/f1": 0.2710164592059466, "test/runtime": 1.8726, "test/samples_per_second": 89.716, "test/steps_per_second": 11.214, "epoch": 1.0, "train/f1": 0.27631043528116456, "train/accuracy": 0.8104868913857678, "train/precision": 0.7189226273210021, "train/recall": 0.27698364738413084, "val/f1": 0.2744095038434661, "val/accuracy": 0.7844311377245509, "val/precision": 0.7023510971786834, "val/recall": 0.2779166666666667, "val/loss": null, "eval/loss": 0.7010223865509033, "eval/accuracy": 0.7844311377245509, "eval/precision": 0.7023510971786834, "eval/recall": 0.2779166666666667, "eval/f1": 0.2744095038434661, "eval/runtime": 1.8577, "eval/samples_per_second": 89.898, "eval/steps_per_second": 11.304, "train_runtime": 73.4969, "train_samples_per_second": 18.164, "train_steps_per_second": 2.272, "total_flos": 351262720189440.0, "train_loss": 0.9678484208569555, "label_metrics": {"_type": "table-file", "sha256": "6e9482a1f0cc83f50b831d3fdf2d453c2966d5fd237b2a931218e08f2eedcc09", "size": 431, "artifact_path": "wandb-client-artifact://0r6a6g8e4lf5gaqj22ndahs2d19ql3uu57gufb0ayizryas9l4a8fqeliuge8ipb8q8xgvqhrpt2bi140iu6jtasu7m001ygvou92ljbxjil64fo55sh4n7gfkfctm6f/label_metrics.table.json", "_latest_artifact_path": "wandb-client-artifact://i9lokfhb0zjzax6csyuia4mlcgzt8xdyxpm96yxkijhikd0dbldznvse6nx5jlibphga6fm33t6di04lapd5sbwm2ngkjncmsk7fqwtk7kz5p2bypajdq3akbnjokibg:latest/label_metrics.table.json", "path": "media/table/label_metrics_23_6e9482a1f0cc83f50b83.table.json", "ncols": 5, "nrows": 5}, "test_predictions": {"_type": "table-file", "sha256": "37ed733b0df5d76daa4814408265f0506ef02066a9df9af73b14291abf113151", "size": 88136, "artifact_path": "wandb-client-artifact://anps4620m9opm4pjlbianty7o16jfolls75g6lcyjtivpct1r670ox2d0j72502pjlh529o5qpz0uosy6jw8miqxk1nermrrj99f2akckdp5k7ktnap9qcw3z5coyfxm/test_predictions.table.json", "_latest_artifact_path": "wandb-client-artifact://4ybqxqkhmadiu0og10bjz1681vm9wex8050l1snsdtuyno704vudjw7ouvibnggc0twsz32m61pw7p2p5bj3jssln8zse0ahfn5bloqw8fwb56xcu5r4enhx88pijx5c:latest/test_predictions.table.json", "path": "media/table/test_predictions_24_37ed733b0df5d76daa48.table.json", "ncols": 7, "nrows": 168}, "test-metrics": {"_type": "table-file", "sha256": "09d83c35477fd23a5a54a1a73fb3bf184bbcf6e48ba2a5a816f893168bec5594", "size": 194, "artifact_path": "wandb-client-artifact://7cutxib6vep5q5rpf4jodqpn7d37hhqix3iax63bqxmip0y3qqs4nr97lsbcwqntyg59fzb4bc6rygxeju5qxls9bv6exjdfzjprd4vkxkz18m3dsa6u2i3q4mu0cpjg/test-metrics.table.json", "_latest_artifact_path": "wandb-client-artifact://b85xiaeowifvqe745xuzyv7v4xl9gfueyccdo74mchi1kzz41z3v30g5wyoff0p0oy196t1lj8pl0fd1ccjjh0wps2wqitkxnx65nrdnikmbd5gddcws8zx0lvgzd37x:latest/test-metrics.table.json", "path": "media/table/test-metrics_25_09d83c35477fd23a5a54.table.json", "ncols": 5, "nrows": 1}, "test_connective_metrics": {"_type": "table-file", "sha256": "c831b17e015331cf36ba1bce9ac10864f0b4b9113e5bf82ad2e5e264434dd646", "size": 393, "artifact_path": "wandb-client-artifact://valy6it87tr7a7r4clccqsqvcqczoqzhxjun1i2b4c3ctyat1k8sbdyrnkiw3jrxj2wa2lo0g3wtd9mvcum5ydph6d14i5fnm1cijyte7ba8irmfdk1xgr7f5jff5bsj/test_connective_metrics.table.json", "_latest_artifact_path": "wandb-client-artifact://r221zawlzd1cam64th88svbb683edo9htqjy3wqftu2syzjfdw4dhwpzoqc9pqj76ihh6fe0jbq395lp6f5l7t2c13fpb7lq2biiy5anm0ox18iyh86rrinbbmb8q2g6:latest/test_connective_metrics.table.json", "path": "media/table/test_connective_metrics_26_c831b17e015331cf36ba.table.json", "ncols": 6, "nrows": 3}, "exclude_count": 16, "_wandb": {"runtime": 87}}