{"train/loss": 0.1613, "train/grad_norm": 0.0776163786649704, "train/learning_rate": 3.337028824833703e-05, "train/epoch": 12.0, "train/global_step": 2004, "_timestamp": 1739828530.9118962, "_runtime": 1834.694987297058, "_step": 256, "test/loss": 1.1475251913070679, "test/accuracy": 0.7559523809523809, "test/precision": 0.7387522943612072, "test/recall": 0.5192836739178203, "test/f1": 0.4796856906534326, "test/runtime": 4.4223, "test/samples_per_second": 37.989, "test/steps_per_second": 4.749, "epoch": 12.0, "train/f1": 0.8452112581874017, "train/accuracy": 0.9722846441947566, "train/precision": 0.8651640263563717, "train/recall": 0.8621451058966854, "val/f1": 0.5428193384223918, "val/accuracy": 0.8143712574850299, "val/precision": 0.7910798122065728, "val/recall": 0.505, "val/loss": 0.9262628555297852, "eval/loss": 0.8035772442817688, "eval/accuracy": 0.8383233532934131, "eval/precision": 0.7775735294117647, "eval/recall": 0.61375, "eval/f1": 0.5853766025641025, "eval/runtime": 4.3967, "eval/samples_per_second": 37.983, "eval/steps_per_second": 4.776, "train_runtime": 1822.0355, "train_samples_per_second": 21.981, "train_steps_per_second": 2.75, "total_flos": 4215228234117120.0, "train_loss": 0.44989213201323314, "label_metrics": {"_type": "table-file", "sha256": "989275670b0c4c43ca6065d127d98fb77521a86ca5d7f480557d4b267cba33e2", "size": 659, "artifact_path": "wandb-client-artifact://nz6icc6q65nwwu0rvwdkgyqcasyc1umekbj1vyylk7zobunnvog9bpndu2vgvmg1uts31ycuatj0tt2enxdel3y1eqlyhatew7oybhn9mo3jyib0iwbj70ppnx83wjud/label_metrics.table.json", "_latest_artifact_path": "wandb-client-artifact://de3xmsirc1cknwk2gd1zqjoxkh6nqkub3ejmvs8fcyinm5nvbfv0sgx5sx6xgatkka73lta362pmhpix7fozjifdk4w1cihiduf1dipkj6uryrf00nb90ysglndy4phs:latest/label_metrics.table.json", "path": "media/table/label_metrics_251_989275670b0c4c43ca60.table.json", "ncols": 6, "nrows": 5}, "test_predictions": {"_type": "table-file", "sha256": "8eb97bf6d4dc3c9c1f64e6f1d833bc684bb4a9ffb32f450ae823d6264d97faae", "size": 52955, "artifact_path": "wandb-client-artifact://05c33nvkhawt7lbf7ktp8frtej840hvyu7fs5n9zphnlb0egiz4bj5qzjvlcbx5dhnf94qwvseteyddykr3da44t4vgta80n5hplxfj11vlgdgfqphy0lnqp6vohzgk9/test_predictions.table.json", "_latest_artifact_path": "wandb-client-artifact://b59rvmmi05ctlq79swn7xkejgb6rgz55s423jmw1in24wz44m2jhlbuz4i1xbi2flgfc3fljsfd0yj1u7wr66r0cfy3i1rn5cr0ya2u8exld8x39kqwg8jrgbh74fvva:latest/test_predictions.table.json", "path": "media/table/test_predictions_252_8eb97bf6d4dc3c9c1f64.table.json", "ncols": 8, "nrows": 168}, "test-metrics": {"_type": "table-file", "sha256": "67e3d41afaf6bc1aeb8b4d1c6a795801aef767ab45bba3410cd47b9e4f2496e5", "size": 205, "artifact_path": "wandb-client-artifact://08go3am3rjk6dwjd0feaf4gssmqtkeoaimrrrklu5q9jyxg7394r3zyez89equl0svktfyyy5gjrjpnmq6vovmah9bamg67wjhu2w15kbpry7pf468384nedm63wpxno/test-metrics.table.json", "_latest_artifact_path": "wandb-client-artifact://xtipbeliwin9oqcqbml5xdr6ynuepebdmr6bjb8wua62drz90cwfvnr9506dgni233np923lze4ipbkmhclo5ftbmxy34g0gb4ii0kscwbvtbmk2bfandhplzy88yy5h:latest/test-metrics.table.json", "path": "media/table/test-metrics_253_67e3d41afaf6bc1aeb8b.table.json", "ncols": 5, "nrows": 1}, "test_connective_metrics": {"_type": "table-file", "sha256": "f302662ec1ddaeec71f86ca343a350417d3d2751941b7b8fffb8f361e3ae60fd", "size": 453, "artifact_path": "wandb-client-artifact://to3iwzxct5ffy3ow4rssdbl0esnch8qlze8zrnodkjttudpoiol89pc2qzcv1p40vxvzqzuy1wpfzp9vmfjkg6xmiqtdfdu3uc2x4usmpxpbpk4xvs1ukrrjmr9f4xpb/test_connective_metrics.table.json", "_latest_artifact_path": "wandb-client-artifact://3c9asa5eh8kiim17qoogdhvhqfcob2k3x9ehx3nigfp0kh8vl5sqxyui6gl2wqc1n0o6ovsjfqpugbwwfs5npe5dsn9htegcxntysjysnm3rw7138dh4tztae02qkwhu:latest/test_connective_metrics.table.json", "path": "media/table/test_connective_metrics_254_f302662ec1ddaeec71f8.table.json", "ncols": 6, "nrows": 3}, "Exclude_counts": {"_type": "table-file", "sha256": "e0904507c7a3e3f62f0831416757fbded3c24349ee8ce39d59ff399ee82bffe7", "size": 84, "artifact_path": "wandb-client-artifact://oho1kty1vv1c3naqr8cz590djpyngka3l3brmm5o0pi3n3qi4oh0gojmdswfxtknisv2r0t47hyoy7v1td8x8n06sq50w5imqfv3jgcheolo5spi3jmc4dzvckfi5lbb/Exclude_counts.table.json", "_latest_artifact_path": "wandb-client-artifact://o2ml98bx3pueimy117gxb5khlu964a163ll0in140absi14zxgusprbt4qfd7y252qgqh2uucozsalr2z4086au9ke1rwg9pni302jzeor36hoyscv3ec1ivs6q88s6l:latest/Exclude_counts.table.json", "path": "media/table/Exclude_counts_255_e0904507c7a3e3f62f08.table.json", "ncols": 2, "nrows": 1}, "_wandb": {"runtime": 1843}}