{"train/loss": 0.5655, "train/grad_norm": 4.352736473083496, "train/learning_rate": 3.8913525498891355e-05, "train/epoch": 9.0, "train/global_step": 1503, "_timestamp": 1739892439.4286404, "_runtime": 1384.644463300705, "_step": 194, "test/loss": 0.8031389117240906, "test/accuracy": 0.75, "test/precision": 0.6653596403596403, "test/recall": 0.5051768842012744, "test/f1": 0.44016020573789494, "test/runtime": 4.4453, "test/samples_per_second": 37.793, "test/steps_per_second": 4.724, "epoch": 9.0, "train/f1": 0.5408800921592913, "train/accuracy": 0.8441947565543071, "train/precision": 0.7908524115423418, "train/recall": 0.5197507434973787, "val/f1": 0.4112916234589239, "val/accuracy": 0.7964071856287425, "val/precision": 0.6038752913752914, "val/recall": 0.44416666666666665, "val/loss": 0.8141091465950012, "eval/loss": 0.5255135893821716, "eval/accuracy": 0.8323353293413174, "eval/precision": 0.7780797101449275, "eval/recall": 0.6358333333333334, "eval/f1": 0.5464008859357696, "eval/runtime": 4.4078, "eval/samples_per_second": 37.888, "eval/steps_per_second": 4.764, "train_runtime": 1371.8385, "train_samples_per_second": 29.194, "train_steps_per_second": 3.652, "total_flos": 3161421175587840.0, "train_loss": 0.6829181994427385, "label_metrics": {"_type": "table-file", "sha256": "55418dd012edc2d6770ddfae9cc8aefbcb941abefd921c5c3806fead0fc1cea7", "size": 709, "artifact_path": "wandb-client-artifact://q3vmh5eukt90p4p63dgetu04tn3tt7meounsowp9cb423jv5g7n18nkj5gyql3az3audt4ftwvausz9162oefgg2gtqu6f2rdlnm32pyxq0iijb0tbvvi3rnpqr9p4iy/label_metrics.table.json", "_latest_artifact_path": "wandb-client-artifact://m5o51a1f7s46f94fqienp3lfcs8xnuhx021jzbhhvt2wth38aqgusf8nd0fjvkzr5ud5pwpwcv5xk9zqf36z4u4c7atq6wi3b3vh6qeqvibmq06xo45wybploiub3qwe:latest/label_metrics.table.json", "path": "media/table/label_metrics_189_55418dd012edc2d6770d.table.json", "ncols": 6, "nrows": 5}, "test_predictions": {"_type": "table-file", "sha256": "0668a7e267c684153f73400511ac3f4f13de09e14cd8f287b37df1c73fd2f360", "size": 139655, "artifact_path": "wandb-client-artifact://jyy0aca19o4sz1zjonqvf06wn71ux04wqn70742tbimo711sw7f623h89pienvqnkyiew1u9wpa9jdiunveqj941ots49brk75cvwnuzea4hj817pfv46mtv6cu2kqse/test_predictions.table.json", "_latest_artifact_path": "wandb-client-artifact://8rbo2fpltyokg8o5sgc4zdwzy96txmd7erpzlnn1p2o9y497fi2gxuu75wft306be8wxo3t0pwy1ewx826q9s8rsux4zqs2vrdditycji7lmit640yy0bsrw0pop3wlr:latest/test_predictions.table.json", "path": "media/table/test_predictions_190_0668a7e267c684153f73.table.json", "ncols": 8, "nrows": 168}, "test-metrics": {"_type": "table-file", "sha256": "f46ad46b48ea1599cc6db5a1f0633def3f394a5d333429253d54deb089475693", "size": 201, "artifact_path": "wandb-client-artifact://3chpvrajukw01cz6a05r92drjqpijxsxlgf1wp0dslwe46mryj1hspcgejhk7kt7x5w0y7l896lv1x786hnucyclv44cv7j3gvnuuv9n8j98qbxujfw9wz6ht92ef8he/test-metrics.table.json", "_latest_artifact_path": "wandb-client-artifact://pnaa5b9tykc5rtbfmvpq2vp7obl95eert9qourxq0oubyl6k48zojz3pewregn73kozbq1duis795h3h05fec2dvuxma2ubvnr0q318ifq862jw0pen24uxvj2u29mqx:latest/test-metrics.table.json", "path": "media/table/test-metrics_191_f46ad46b48ea1599cc6d.table.json", "ncols": 5, "nrows": 1}, "test_connective_metrics": {"_type": "table-file", "sha256": "be558ef98837a94bd722a91bcf72285ed73a0608cb48dcafbca04f78e24c1964", "size": 483, "artifact_path": "wandb-client-artifact://w73vnfodchglujxtxtvg8chntclodc8hev0d9ncon9mpkynzoimok7pqnhfat538g1xjm4uvxn6je8r3rr1j6meigtsravxby53ue7si4mwspvoz3dm0yqk4hsexc6gl/test_connective_metrics.table.json", "_latest_artifact_path": "wandb-client-artifact://kcmtfbq0wpng67daj9v5dmn03rtpttylpsqyndxgzw0uf6393fx3fxhml7uueapx04uz3s5uxzaaj5hcab8d1l8fy9zqpgrmt1phxi0ju1kz85pa9da80vhkqmwzga3z:latest/test_connective_metrics.table.json", "path": "media/table/test_connective_metrics_192_be558ef98837a94bd722.table.json", "ncols": 6, "nrows": 3}, "Exclude_counts": {"_type": "table-file", "sha256": "c34a277c71c512b8edf166c56baf83d9cf5f1d112b0d9e9e2b7fd47129239695", "size": 93, "artifact_path": "wandb-client-artifact://ygg4at0ovc9i6w9s8rv5f7ssn91wk8t4oeylnthnco2jr2a0mht3oawm3ogeo1dcrv1b3aveimn0ucbydhqohwljeeojh96svvqqi9mwbcn2o9qb4ymqvixqvg4qz7eh/Exclude_counts.table.json", "_latest_artifact_path": "wandb-client-artifact://fotlt3wtbaojwjfvqc2yv2e09nyxmfl9csq763yo1e8skb5wt10tqte53nr0p9g6czspv7z769iyouie7790ixn7h2tyjmtoubc5280wzf0nqhcy7o8x2410fk8pevyw:latest/Exclude_counts.table.json", "path": "media/table/Exclude_counts_193_c34a277c71c512b8edf1.table.json", "ncols": 2, "nrows": 1}, "_wandb": {"runtime": 1393}}