{"valid/epoch": 19, "valid/loss": 0.03026260123281422, "valid/accuracy": 0.718562874251497, "valid/precision": 0.1437125748502994, "valid/recall": 0.2, "valid/f1": 0.1672473867595819, "_timestamp": 1714663907.3233547, "_runtime": 545.4577357769012, "_step": 61, "test/epoch": 19, "test/loss": 0.04097793215797061, "test/accuracy": 0.6607142857142857, "test/precision": 0.13214285714285715, "test/recall": 0.2, "test/f1": 0.15913978494623657, "trains/epoch": 19, "trains/loss": 0.0035245471232839293, "trains/accuracy": 0.750561797752809, "trains/precision": 0.1501123595505618, "trains/recall": 0.2, "trains/f1": 0.17150192554557125, "_wandb": {"runtime": 544}}