{"valid/epoch": 99, "valid/loss": 0.030370297189244253, "valid/accuracy": 0.718562874251497, "valid/precision": 0.1437125748502994, "valid/recall": 0.2, "valid/f1": 0.1672473867595819, "_timestamp": 1714397825.1232965, "_runtime": 1288.2318835258484, "_step": 201, "test/epoch": 99, "test/loss": 0.04115053585597447, "test/accuracy": 0.6607142857142857, "test/precision": 0.13214285714285715, "test/recall": 0.2, "test/f1": 0.15913978494623657, "_wandb": {"runtime": 1288}}