{"train/loss": 0.0004, "train/grad_norm": 0.0024327405262738466, "train/learning_rate": 3.148558758314856e-05, "train/epoch": 13.0, "train/global_step": 2171, "_timestamp": 1736718313.8756688, "_runtime": 927.5443346500397, "_step": 276, "test/loss": 1.9261599779129028, "test/accuracy": 0.7619047619047619, "test/precision": 0.6680778588807785, "test/recall": 0.6195275763568447, "test/f1": 0.616331150456787, "test/runtime": 1.8551, "test/samples_per_second": 90.56, "test/steps_per_second": 11.32, "epoch": 13.0, "train/f1": 0.9951888717295487, "train/accuracy": 0.9977528089887641, "train/precision": 0.9911764705882353, "train/recall": 0.9994011976047904, "val/f1": 0.7091486563237975, "val/accuracy": 0.844311377245509, "val/precision": 0.7045618789521229, "val/recall": 0.7537499999999999, "val/loss": 1.0236397981643677, "eval/loss": 1.0206621885299683, "eval/accuracy": 0.8682634730538922, "eval/precision": 0.7843762845849802, "eval/recall": 0.8025, "eval/f1": 0.7521192591869282, "eval/runtime": 1.8415, "eval/samples_per_second": 90.687, "eval/steps_per_second": 11.404, "train_runtime": 919.7014, "train_samples_per_second": 43.547, "train_steps_per_second": 5.447, "total_flos": 4566415362462720.0, "train_loss": 0.18200075813216934, "label_metrics": {"_type": "table-file", "sha256": "0f58f14dfc663e714ec6f254ec1ba4c14b0189da496e05d82d1d9b427e58b923", "size": 592, "artifact_path": "wandb-client-artifact://i0l744rt4a55wnax0cwpcwcihahppmzlqp1jm41tbym8hfg52gnwxo43yrrj4h8ph9qvyrha2agt0rr85t0lil21qwzrjt8c7kj8jwtlnpmcslw7jsob5p0z3i59ayeo/label_metrics.table.json", "_latest_artifact_path": "wandb-client-artifact://ohkprntpdqrrw58z5nl41fssgf5v5rljszn8447k8l4pb3wfc70tuw9usfrmsrhf6ans5runuo95ky9swnfj4vo8x158pcdvmqm83ua06sk92tx195wvfibodt3aao1g:latest/label_metrics.table.json", "path": "media/table/label_metrics_272_0f58f14dfc663e714ec6.table.json", "ncols": 6, "nrows": 5}, "test_predictions": {"_type": "table-file", "sha256": "edde276991846de77723601448a8b233dea044e33686bb516466d23e5836f177", "size": 53502, "artifact_path": "wandb-client-artifact://nkgeex0o6wdsnwxnlg7a4z0d62ihqb9b7s1lag0k7bequza3ra0kblqmx157bm6q4au1c54f2qqvknk7mbzq6zfqmn2ttmarltxpx1xtmutsqjk5qdnzpsjsluus4y6g/test_predictions.table.json", "_latest_artifact_path": "wandb-client-artifact://w2bxfemtguwcbxig5qsh9jm7eaakjph362py1ebwjlwn7fue2nd96l4m25v0d7lrhaxuch6wxing1f7eqmtxsol7eees3sq2zi1dg7il2uxcsoydfmn8cz0lxu3zpktr:latest/test_predictions.table.json", "path": "media/table/test_predictions_273_edde276991846de77723.table.json", "ncols": 8, "nrows": 168}, "test-metrics": {"_type": "table-file", "sha256": "701e9ca850d9cdaec885bd75e600600b24e04508f9a34a119bce6259033597a6", "size": 194, "artifact_path": "wandb-client-artifact://mzn7jyn4pzwi0iioe78yov7zgs0sizo919qpsh5kb3f6e16r1aajp9zvidapk1yewechslfiwmzpi8gnketj6z4vkffginn2db34onqbxl71uicgqc3id2sih6r4stn4/test-metrics.table.json", "_latest_artifact_path": "wandb-client-artifact://l7wwjtd3y18cd8xyeahpx1ysrw17dqh6wd39218ll687zozajb2v8al1lopm40yew070b868i6q7jmx5xxpb4vis30asda0g84i3fc6bgxe8oiobgbi2e106kqqwh6bt:latest/test-metrics.table.json", "path": "media/table/test-metrics_274_701e9ca850d9cdaec885.table.json", "ncols": 5, "nrows": 1}, "test_connective_metrics": {"_type": "table-file", "sha256": "4a9b86112379bccf7a8d111a2061e1a2e9a66e823ee806428541f4c95b12583e", "size": 384, "artifact_path": "wandb-client-artifact://uod4cq2hnsqhnrb8reapwsvaccdarua0u0q0deqzd8hvrbqfyq9yndm5t75jc6ihzwjeyseokpdram6nfa2ubkpwvq60ofhdw0sp7ifztv81eytm5nzjf8vfi1r8a8cb/test_connective_metrics.table.json", "_latest_artifact_path": "wandb-client-artifact://2gflnnl62ifo6dks7mkq2gyveu7v4gukz13105wu48py9aw8v9un1jss2ubbhmvsqanepubwdns3p70r1mlqblfxw4yaxkpe3w6f92cvm3siwafw0pcrpwjtmp81947g:latest/test_connective_metrics.table.json", "path": "media/table/test_connective_metrics_275_4a9b86112379bccf7a8d.table.json", "ncols": 6, "nrows": 3}, "Exclude_counts": {"_type": "table-file", "sha256": "1a3d918c3f53b28b05bc7e06d7cc4103e58474eb9b0eaf7e5c9ed70b55818bea", "size": 75, "artifact_path": "wandb-client-artifact://ezfefth241dqjbu9q39tn4lh1swd2h643lhgluude8rhaav89yx76qmxl0ije5j9ozjgtfcwj724ohklvhesl073tentg777jewe35yqoj6ctri664je8kxy9vib8l93/Exclude_counts.table.json", "_latest_artifact_path": "wandb-client-artifact://l0snh1o81hy4yhmpuqh622v22aoexpog2xianwb81x5ylfsbspuye2ougfnja878q49szkchc987frz516vxkir81l2t72tlb5p0kwtif3vkrc82ae80r45ui27kv3vj:latest/Exclude_counts.table.json", "path": "media/table/Exclude_counts_276_1a3d918c3f53b28b05bc.table.json", "ncols": 2, "nrows": 1}, "_wandb": {"runtime": 936}}