{"train/loss": 0.0656, "train/grad_norm": 0.02111034095287323, "train/learning_rate": 4.26829268292683e-05, "train/epoch": 7.0, "train/global_step": 1169, "_timestamp": 1739619449.3784845, "_runtime": 1082.473664522171, "_step": 152, "test/loss": 0.5029830932617188, "test/accuracy": 0.8333333333333334, "test/precision": 0.7870069974554708, "test/recall": 0.5857591738079544, "test/f1": 0.5937839937839937, "test/runtime": 4.4265, "test/samples_per_second": 37.953, "test/steps_per_second": 4.744, "epoch": 7.0, "train/f1": 0.7768305469904855, "train/accuracy": 0.9872659176029962, "train/precision": 0.9667971607544196, "train/recall": 0.780453018753299, "val/f1": 0.6364172335600907, "val/accuracy": 0.8982035928143712, "val/precision": 0.764357142857143, "val/recall": 0.6720833333333334, "val/loss": 0.622911810874939, "eval/loss": 0.41990312933921814, "eval/accuracy": 0.8562874251497006, "eval/precision": 0.8187047101449275, "eval/recall": 0.6795833333333333, "eval/f1": 0.6428294573643412, "eval/runtime": 4.3984, "eval/samples_per_second": 37.969, "eval/steps_per_second": 4.775, "train_runtime": 1069.3908, "train_samples_per_second": 37.451, "train_steps_per_second": 4.685, "total_flos": 2458883136568320.0, "train_loss": 0.4393436921325451, "label_metrics": {"_type": "table-file", "sha256": "0ac0b06361ee060231c8064dc9c715fc2e4355f3392dc91673f9d9154d5e18b3", "size": 599, "artifact_path": "wandb-client-artifact://63axon6u37mhm866thw43vtmf8k7idtwmq0tyvq05t9df2wspx53a7yt919sla5bbrudgomqljb7w4izhhb84qf2tlal8xy67oeof6uahdo5l4f7srixowo82k309oy1/label_metrics.table.json", "_latest_artifact_path": "wandb-client-artifact://xu77yw0nxhcs8aji7rodeb4drqvml4r2a6uzjunvjcrip1jqvue4zfprc4owuz9s3jh0juthnci82vssr5knpzc9uxxkr2qti4o7l9aqv74f847e9h9au4lvjak992yp:latest/label_metrics.table.json", "path": "media/table/label_metrics_147_0ac0b06361ee060231c8.table.json", "ncols": 6, "nrows": 5}, "test_predictions": {"_type": "table-file", "sha256": "9bacdb73f77cf125387155602e6112aaf4b8bd0d16f9528beee293e45221917e", "size": 90879, "artifact_path": "wandb-client-artifact://ogu70qsqv0rfve7wqy09xylc25xte1y0dedcc384ijmeombhsoknp1wywtbh9usg1xaik6fxi7c4bxlh5gtau2tl801gcm784tbnwu726uun7xnqv87p0dkgzi2weqfe/test_predictions.table.json", "_latest_artifact_path": "wandb-client-artifact://pk1vyhp4snya1g5vtjp4v4xn96a9hvfdl2yimfq5yeumbvj9okgqcc7j54pkhp7h86jmrd2fwpycxw29azejk3jadw8dm7lsahyas45q9te4ctf5vytu31jktudod59g:latest/test_predictions.table.json", "path": "media/table/test_predictions_148_9bacdb73f77cf1253871.table.json", "ncols": 8, "nrows": 168}, "test-metrics": {"_type": "table-file", "sha256": "f61c4a1971778ecbaa7a909389ff3300c1893c29d5d3e4a35a12f86e6f1f8d8f", "size": 196, "artifact_path": "wandb-client-artifact://m4urmtr69pl6vrj19cty01rvnj8kco2v41t013rwip8ued7p0k8b5qahrkqbn9y6qvwz3fzh6hzn5rthchuoboj5eebf08elznmkfmgmfbqx9rr48ndavr7jp5b5a5an/test-metrics.table.json", "_latest_artifact_path": "wandb-client-artifact://sa2sju0z1xw92h82wzwytsi06dnotvlxqqjl8m2if4d5qhjzbamxl37k5tt18fe09vf0gx0i7556seyd85pvzhf5nb4m9bq245zw9livg880w30n9vwcjh8re2144pig:latest/test-metrics.table.json", "path": "media/table/test-metrics_149_f61c4a1971778ecbaa7a.table.json", "ncols": 5, "nrows": 1}, "test_connective_metrics": {"_type": "table-file", "sha256": "31c04abc3a97b8fbd0b0f6fa22eec0c322338295e8710e740b217fc58b37b0f0", "size": 440, "artifact_path": "wandb-client-artifact://s47uo6ijj5g71bzyshobse24pge4t5cmhe4i15cmihb76tt9f6ae1kzzf22edaoz287o21pt74i53aslvql89oyjv1qzjhwmbwm897rgupfxhwwxvy8yh3sqsam9t6vz/test_connective_metrics.table.json", "_latest_artifact_path": "wandb-client-artifact://smx4o52p8vlaud4vyz501bv1g9fmvdhtx70ke2tya7223ylq4q0un4xbddadbjswou11yjenik26mbtcknhqggul5ofkp1ka6614w6l8mtzoz00ye88zga13xx50hlaq:latest/test_connective_metrics.table.json", "path": "media/table/test_connective_metrics_150_31c04abc3a97b8fbd0b0.table.json", "ncols": 6, "nrows": 3}, "Exclude_counts": {"_type": "table-file", "sha256": "1b351f34479cdfe9bb187a7d7913779d5623e98ab90b705bfa6a94767059f967", "size": 72, "artifact_path": "wandb-client-artifact://z6tqd6tx9f6ukx2my5yrqtzhpdoydq3qhicyhzazq5mvawr4gn4okbtcukbemeo3fgmjy2yk9ncmt9poosrxcv4dedzv4n74j0g9ss4rj9z7dcqtwdtbht44ay12tu84/Exclude_counts.table.json", "_latest_artifact_path": "wandb-client-artifact://spu1na6bhb3suk1w2xnpbzm1b2u40uua3zkmaotvvnphfouil9ytsedkio4twya0xy5711wdueqqzye0d75t58idmpstppaxc2w2oya5kww7kxqd4p6t8yyduu3p58na:latest/Exclude_counts.table.json", "path": "media/table/Exclude_counts_151_1b351f34479cdfe9bb18.table.json", "ncols": 2, "nrows": 1}, "_wandb": {"runtime": 1091}}