{"train/loss": 0.1672, "train/grad_norm": 0.016250979155302048, "train/learning_rate": 3.52549889135255e-05, "train/epoch": 11.0, "train/global_step": 1837, "_timestamp": 1738587547.1785774, "_runtime": 798.8318605422974, "_step": 234, "test/loss": 1.3806407451629639, "test/accuracy": 0.7619047619047619, "test/precision": 0.783508036338225, "test/recall": 0.5508327840035158, "test/f1": 0.5950937530360438, "test/runtime": 1.8904, "test/samples_per_second": 88.872, "test/steps_per_second": 11.109, "epoch": 11.0, "train/f1": 0.9777065025555134, "train/accuracy": 0.9940074906367041, "train/precision": 0.9938492063492064, "train/recall": 0.9632918465921267, "val/f1": 0.5277838827838829, "val/accuracy": 0.7964071856287425, "val/precision": 0.6514112903225807, "val/recall": 0.6158333333333333, "val/loss": 1.3581221103668213, "eval/loss": 1.1956052780151367, "eval/accuracy": 0.7784431137724551, "eval/precision": 0.8016704459561602, "eval/recall": 0.6929166666666667, "eval/f1": 0.6860564711441903, "eval/runtime": 1.8744, "eval/samples_per_second": 89.096, "eval/steps_per_second": 11.204, "train_runtime": 791.0536, "train_samples_per_second": 50.629, "train_steps_per_second": 6.333, "total_flos": 3863889922083840.0, "train_loss": 0.29585310825890476, "label_metrics": {"_type": "table-file", "sha256": "c6e0f9907cfb36e51dd2431c277f63ed5a9cf646470e2de9c97779cf69f0c85f", "size": 692, "artifact_path": "wandb-client-artifact://xkx479s9zyfopskrq3xpi5gpe2rtv436azb3w1aet0m6927z0j3ivto7zmpa8skq8ozkk75f6fmh6maksitoa90rq8bp7w6zyxz0b4du370rezdk1hrh5deyq6cmkydj/label_metrics.table.json", "_latest_artifact_path": "wandb-client-artifact://wbdxcboivr9vonl2u8ubr9qvcmsiqwhdybm3jyhatjig0kwtgi7od7qpappd1s1ah3co9y04u9n5wirn238454ki31zn4le4lkq0osxv5ba3qfd0tejtplptxfnw08rx:latest/label_metrics.table.json", "path": "media/table/label_metrics_230_c6e0f9907cfb36e51dd2.table.json", "ncols": 6, "nrows": 5}, "test_predictions": {"_type": "table-file", "sha256": "6cb93eef9eaafea069d3ae956e86df3c718deb7c1c78bfea4be81b9053c246b7", "size": 91382, "artifact_path": "wandb-client-artifact://l0x7ocliyczs20mo7wuyz3cvdqhdje7cj5yslflkmnxkn9zqnojy51xvrarnmzmwh1rkb3zwxdsv0s4h0gtdlizwk4ga6jrbqyo1806jcu72lbe0a2dlj6jfkzcg69po/test_predictions.table.json", "_latest_artifact_path": "wandb-client-artifact://uztazc5u8qwgehdnrbssxvirbntaczslb1xvk23jzmu5yj7tlqo8puy21h4w7hxlyeoza07xajdxaqwokin3nhktoaovkngvyufh0nf57zgdfa264l3d9jy5ungvqbwm:latest/test_predictions.table.json", "path": "media/table/test_predictions_231_6cb93eef9eaafea069d3.table.json", "ncols": 8, "nrows": 168}, "test-metrics": {"_type": "table-file", "sha256": "6a2c145267d71115cdf47a44f7096d44f3c4c5fc173bed08d0da329527cc3974", "size": 214, "artifact_path": "wandb-client-artifact://lms1shfm7bap0foissoabjynvcwk65cgx4sux7ovobzujgfutbkrqrl87bxq9qtp7m4vvxxp7y0o4k212yrht54ga3qzhtpkb76r1l9o9twf6tu1oliqhdgzluxlz3u4/test-metrics.table.json", "_latest_artifact_path": "wandb-client-artifact://w3dq7kuursn46sarxg1c8wsknfd0xc2avc1jlwcmyd6t29m24g38gpeskre85fgomruekg5s0y9dmyqp5cndmp7axinq0leo785j3vhktbn67h3odga3l6617bghkn0e:latest/test-metrics.table.json", "path": "media/table/test-metrics_232_6a2c145267d71115cdf4.table.json", "ncols": 5, "nrows": 1}, "test_connective_metrics": {"_type": "table-file", "sha256": "2b99108c826a0e62cd4855b2588b2693c84510a9fcf8b75bc0cff7caabef25de", "size": 440, "artifact_path": "wandb-client-artifact://inww35g9vtg3xyim9x7oo4jrycwthhk3ts5j3zbx1oex1p4k1dyjm293uemta8z7cqns2t67ut6pxgtmfg375blu33t23588mmnczt0kk2384x1bebn1fyphj9ndectg/test_connective_metrics.table.json", "_latest_artifact_path": "wandb-client-artifact://l1y5iqihdod1to9zmbnb0hprdqmpgw5n15p5ynou61x0466sroj3casse4h5fy25i053ay3gvtwy0jeymsuycuz84wrepj8k7y1r11b915uzrgbuaysjwrl7e7x2vals:latest/test_connective_metrics.table.json", "path": "media/table/test_connective_metrics_233_2b99108c826a0e62cd48.table.json", "ncols": 6, "nrows": 3}, "Exclude_counts": {"_type": "table-file", "sha256": "83103ea35ea937c5aafb1fde568b44549369be67e2f5e61e6a3b2ec01d6ce634", "size": 94, "artifact_path": "wandb-client-artifact://yfeqpesajeqkf0os4xo8kerdeq3vkptdh8ghutl4ou4wt8k4kng2gzxhly9ie77m4seeca5ad03ybalupjl2l0kg8f0pi21i4yq6ano0lxd3pr45ht6almlvsqo2nqho/Exclude_counts.table.json", "_latest_artifact_path": "wandb-client-artifact://gal7u517rrnkf2bksjy3ybokdcinu0f3rkn4rrl2c5cprdnts09fow99x6zagldkq526d3ux3e9r1mpjo9nfnqn7qcibj4ul687wzwgiv26repm0659b3878vovi5uap:latest/Exclude_counts.table.json", "path": "media/table/Exclude_counts_234_83103ea35ea937c5aafb.table.json", "ncols": 2, "nrows": 1}, "_wandb": {"runtime": 806}}