{"epoch": 14, "valid/loss": 0.04152305468827665, "valid/accuracy": 0.8323353293413174, "valid/precision": 0.563408521303258, "valid/recall": 0.575, "valid/f1": 0.5514617876882028, "_timestamp": 1714959165.863795, "_runtime": 360.2370021343231, "_step": 32, "trains/loss": 1.5155869720971094e-05, "trains/accuracy": 0.9940074906367041, "trains/precision": 0.9749468994562017, "trains/recall": 0.9849656026187368, "trains/f1": 0.9791743881764743, "best-epoch": 7, "test/loss": 0.001783348974727449, "test/accuracy": 0.8452380952380952, "test/precision": 0.6306499999999999, "test/recall": 0.5683476159085915, "test/f1": 0.5750653974150607, "save_directory(best f1 for valid)": "./models/cl-tohoku_bert-base-japanese-v3_2024-05-06 10:26:50.994092+09:00", "_wandb": {"runtime": 357}}