{"test/loss": 1.6217012405395508, "test/accuracy": 0.2, "test/precision": 0.2, "test/recall": 0.25, "test/f1": 0.08333333333333333, "test/runtime": 0.1133, "test/samples_per_second": 88.233, "test/steps_per_second": 17.647, "_timestamp": 1735284118.8280227, "_runtime": 19.0672287940979, "_step": 10, "epoch": 1.0, "train/f1": 0.09090909090909091, "train/accuracy": 0.2, "train/precision": 0.08333333333333333, "train/recall": 0.16666666666666666, "val/f1": 0.08333333333333333, "val/accuracy": 0.2, "val/precision": 0.1111111111111111, "val/recall": 0.16666666666666666, "train/loss": null, "val/loss": null, "eval/loss": 1.5475443601608276, "eval/accuracy": 0.2, "eval/precision": 0.1111111111111111, "eval/recall": 0.16666666666666666, "eval/f1": 0.08333333333333333, "eval/runtime": 0.1134, "eval/samples_per_second": 88.165, "eval/steps_per_second": 17.633, "train/epoch": 1.0, "train/global_step": 2, "train_runtime": 15.2893, "train_samples_per_second": 0.654, "train_steps_per_second": 0.131, "total_flos": 2631181424640.0, "train_loss": 1.6083528995513916, "label_metrics": {"_type": "table-file", "sha256": "c986908e0440f2d1ba7f784afb7d05c2eb78cb70e795e4c0df778b36a72e386c", "size": 311, "artifact_path": "wandb-client-artifact://xa8it2ppw9ho2rzoc1h4nm7ax6ifomkvohgra4vatgurronsvmk1grhvpjcp0vqi103cdklfsbsorxapvi03f3rqq7c44iuoywopfyowwcmqg1ga94gwg3u4sp2mo73p/label_metrics.table.json", "_latest_artifact_path": "wandb-client-artifact://pxx6i0ezn05wgm7nzshx8dr3ihpp8zipr2ddaofa56zd2vw1d5urz3mhkdf6ztln2bztf6fin7rbda5ahule00qghu897n2m0ijiuk2qcv1ch6xdobekbuk5wm5m6dr6:latest/label_metrics.table.json", "path": "media/table/label_metrics_7_c986908e0440f2d1ba7f.table.json", "ncols": 5, "nrows": 4}, "test_predictions": {"_type": "table-file", "sha256": "503615764e3e4d926a4802e24eac48fa82e0152055b57828f2c7d59503e25f40", "size": 4935, "artifact_path": "wandb-client-artifact://ai7a8220g2j7cwb0i8qa3dug2rhxm6p9bn4rdwpdja5lkocuz30f7ct5lqfzj8rc11b33yvbf92um5fiw8tlfqx7mu1pqpfztx3zl6clhs9lmnso5hys03f9j2d23e7q/test_predictions.table.json", "_latest_artifact_path": "wandb-client-artifact://heb3i3gwqtdculbhv4bdj6pht8lj3qhuchf3pkatzs6ylnom9j3cfslp6b2guhwwupnkjvwdck6bom5aujccj0eq2zwb29aq2ht2gda9od5wmdbym4049omc43vjc8ue:latest/test_predictions.table.json", "path": "media/table/test_predictions_8_503615764e3e4d926a48.table.json", "ncols": 7, "nrows": 10}, "test-metrics": {"_type": "table-file", "sha256": "e391a00fcaa686b6f33b02a3127321661dc48a625a010bab9a263c6c6388698f", "size": 151, "artifact_path": "wandb-client-artifact://639bucg8mu7pasut5romxzmk2mxnk7nrtes59kextrptezvyjjwhyiznin5erx9y7yd0ijzq5c6sqxhz3adqh71ma3b33di1pwq8t1zu76u15ng8kbb3eoe6eyh6yqso/test-metrics.table.json", "_latest_artifact_path": "wandb-client-artifact://cvo3u8bncgr9mw8qw8bu5n56apzktw5t0w7b2o4ljf6w561tkmxjjv5059l6tkrhgydpe789rex4mrp0ti5kng8czrcmtncvsbfy87fev9u6mr0s6usvpb6ts2zkir09:latest/test-metrics.table.json", "path": "media/table/test-metrics_9_e391a00fcaa686b6f33b.table.json", "ncols": 5, "nrows": 1}, "test_connective_metrics": {"_type": "table-file", "sha256": "cb8b859202747b1a25a99ee960947f9fb3cbdadbfc425fd6b0e868df601b0fb0", "size": 172, "artifact_path": "wandb-client-artifact://085l7xi7ql1pidsml6fftsmt1yheld01pos5pqgrnrnh48flui6phajdfyouo77dq8h35nm5nliphfk42onjretsnykr9lissonm8p5o45qylpsijynizmx4gaw3fs0r/test_connective_metrics.table.json", "_latest_artifact_path": "wandb-client-artifact://q8qw83k4vg2t4hy3j3soscbmq8h83d77cr9aq1c5j3688dsscvq483zoiffo31p5okljxjliyd31st0eoynze83s0il6cfp9xa5gueu4giz7xje3kg2319qi9lf59agb:latest/test_connective_metrics.table.json", "path": "media/table/test_connective_metrics_10_cb8b859202747b1a25a9.table.json", "ncols": 6, "nrows": 1}, "_wandb": {"runtime": 26}}