{"train/loss": 0.0021, "train/grad_norm": 0.03651213273406029, "train/learning_rate": 0.0, "train/epoch": 10.0, "train/global_step": 840, "_timestamp": 1719717117.6454034, "_runtime": 541.8897783756256, "_step": 106, "epoch": 10.0, "train_f1": 0.9932259695005993, "train_accuracy": 0.9932584269662922, "train_precision": 0.9932740098986564, "train_recall": 0.9932584269662922, "val_f1": 0.8047603958286874, "val_accuracy": 0.8263473053892215, "val_precision": 0.809804235810617, "val_recall": 0.8263473053892215, "eval/loss": 0.5618571639060974, "eval/accuracy": 0.7844311377245509, "eval/precision": 0.7774217798169893, "eval/recall": 0.7844311377245509, "eval/f1": 0.7734141643371963, "eval/runtime": 1.3612, "eval/samples_per_second": 122.683, "eval/steps_per_second": 8.081, "train_runtime": 510.3519, "train_samples_per_second": 26.158, "train_steps_per_second": 1.646, "total_flos": 878156800473600.0, "train_loss": 0.37649709090280037, "test_accuracy": 0.7797619047619048, "test_precision": 0.7737050960735171, "test_recall": 0.7797619047619048, "test_f1": 0.7519746678878687, "_wandb": {"runtime": 537}}