{"train/loss": 0.1037, "train/grad_norm": 0.07083839178085327, "train/learning_rate": 4.26829268292683e-05, "train/epoch": 7.0, "train/global_step": 1169, "_timestamp": 1739867744.9443567, "_runtime": 1071.7880747318268, "_step": 152, "test/loss": 0.5936383605003357, "test/accuracy": 0.7916666666666666, "test/precision": 0.7245927898718543, "test/recall": 0.45830806416172265, "test/f1": 0.49548459383753507, "test/runtime": 4.4344, "test/samples_per_second": 37.885, "test/steps_per_second": 4.736, "epoch": 7.0, "train/f1": 0.764956061434741, "train/accuracy": 0.9827715355805243, "train/precision": 0.9445664824095801, "train/recall": 0.7766274125808268, "val/f1": 0.5700797241973713, "val/accuracy": 0.8502994011976048, "val/precision": 0.7726851851851853, "val/recall": 0.5425, "val/loss": 0.9952436685562134, "eval/loss": 0.6228337287902832, "eval/accuracy": 0.8323353293413174, "eval/precision": 0.8384503761408333, "eval/recall": 0.5841666666666667, "eval/f1": 0.6195588913029166, "eval/runtime": 4.4068, "eval/samples_per_second": 37.896, "eval/steps_per_second": 4.765, "train_runtime": 1059.064, "train_samples_per_second": 37.816, "train_steps_per_second": 4.731, "total_flos": 2458883136568320.0, "train_loss": 0.4927721717757379, "label_metrics": {"_type": "table-file", "sha256": "992065d5180a865301d8b9ca02a4ab214b0174164eedb32129c2130202bbe0d3", "size": 639, "artifact_path": "wandb-client-artifact://1r9hwg5mp2tcvradr1hkl8tfhfrnl0spinoj2hw0as6fwegv035xj87vnb0iwe3cb151fv4gseluwc53jg5uq1gwxyo0bp57i82ylplibmsjhvfuxs121r60fltl6tqk/label_metrics.table.json", "_latest_artifact_path": "wandb-client-artifact://ytlp9mtzxkg7e0btaro7zz7y1hm2lva30c8bmqy0duds1i33q8q4j2ater9xrmwgr7gao7v088dmtet7t4i1tlmivtqi694ie41e8j4wqrq4psg18tfcpph89kl5004c:latest/label_metrics.table.json", "path": "media/table/label_metrics_147_992065d5180a865301d8.table.json", "ncols": 6, "nrows": 5}, "test_predictions": {"_type": "table-file", "sha256": "6b94651e87b2f823c700597c1bce4dd4903f38bedcd1e130eafc69f100e0c4cf", "size": 88246, "artifact_path": "wandb-client-artifact://rjxk9hngajjgrsx2pvina6xwhb9gca54prk60zfs9v4cu562hw0becw8ak5p9divv7f2v0d1mtuooy8y6q55dere9e7snsl4vs2me5pypokqpo72swtaf4cxjhem9iuf/test_predictions.table.json", "_latest_artifact_path": "wandb-client-artifact://rh2enqig36aavfib969ngl5a4iitu0o9na8tz9zjs826grk1wlkggg2v5w8z9o5239pgcfww1bm2keeg3ljuo02bwv5pt12cvn3dqh0ysy1p59xxgv50bjmwy6bvtgve:latest/test_predictions.table.json", "path": "media/table/test_predictions_148_6b94651e87b2f823c700.table.json", "ncols": 8, "nrows": 168}, "test-metrics": {"_type": "table-file", "sha256": "7e9bd865e6d9770f4a4c768ba3ff355b47b08d012eba73425d545218b893677d", "size": 203, "artifact_path": "wandb-client-artifact://ll5i07i53et0g0buzzj7o6cxwn503mzuct7pmx0p8f0ymwdhrl9km186wwcimgfxqofyyaqkspeulltgiryltaqlyo6e7r3i6bcpneg45e7ee7g7tlh24506826ls2tj/test-metrics.table.json", "_latest_artifact_path": "wandb-client-artifact://rxlcqyi2po683f18xq9j9kbpq1c7b2hobemumzidksdbzb5zfymr4f924xy4bxiluvl5cw2inpfivb1elf6mucz6l0q2lmqbpux6p00imj43gk1erx9qrw26oa2930i1:latest/test-metrics.table.json", "path": "media/table/test-metrics_149_7e9bd865e6d9770f4a4c.table.json", "ncols": 5, "nrows": 1}, "test_connective_metrics": {"_type": "table-file", "sha256": "cce4bafc8a9f14ad39f24c2c6f12c398d79cb08fc399a16b33ca31d63e4bc4ba", "size": 425, "artifact_path": "wandb-client-artifact://t4ivdcz9pcnia22q1dxj07k9nlpwmtfe5gapybkfd78ype2q1dhl4szk0ruqtbbt68zso7u5ixk1mqcm5ayy7krkldi747ajsr13gvpvbrv2e5ss0ipk5rpkcnduv0j5/test_connective_metrics.table.json", "_latest_artifact_path": "wandb-client-artifact://ua14mhwr6utgm2fca0pbk7e1g8zj3jo3cajtt21ae6rmxm39r1d0uvvvlusbycxl4sv444wom5m1l3e4cczsu0vngjyfnlq9ddz7ff7lrx915f3x7wgago1vbxnm0755:latest/test_connective_metrics.table.json", "path": "media/table/test_connective_metrics_150_cce4bafc8a9f14ad39f2.table.json", "ncols": 6, "nrows": 3}, "Exclude_counts": {"_type": "table-file", "sha256": "77258b7129a4391441f72a7439756a1d881e220753ec917f090c57798cc106a7", "size": 79, "artifact_path": "wandb-client-artifact://64lmetiz6zivju3dnjny3hmlizpapwtlbbj5n47thmexer3b5yp4yg5s1szggbg4ggim7pi58qc7zxb0rzxlrc2kehde8wiyfalxh50pxhv2cr99m9jixso233vrsgp7/Exclude_counts.table.json", "_latest_artifact_path": "wandb-client-artifact://rx52e5tmylppfq9a6s032ck1jcq3rbpkpfhz216sxw952idlxvdyoxoon6k1n72zqhugqbtxn8a8mlmrfgec5y1r03r7rup99rkrvdezufbxm1tf8f52f4wah02or01s:latest/Exclude_counts.table.json", "path": "media/table/Exclude_counts_151_77258b7129a4391441f7.table.json", "ncols": 2, "nrows": 1}, "_wandb": {"runtime": 1079}}