epoch,loss,accuracy,precision,recall,f1
,0.0652247545961848,0.2574850299401197,0.184818442427138,0.2304166666666666,0.1232575757575757
0.0,0.03241394701118241,0.7964071856287425,0.2872080488681279,0.33625,0.3074582402383232
