epoch,loss,accuracy,precision,recall,f1
0,0.0016502825731641792,0.797752808988764,0.27394562192250055,0.3152245966782032,0.2918522748905387
