{"train/loss": 0.1495, "train/grad_norm": 0.06856875121593475, "train/learning_rate": 3.52549889135255e-05, "train/epoch": 11.0, "train/global_step": 1837, "_timestamp": 1736724350.0963602, "_runtime": 806.510112285614, "_step": 234, "test/loss": 1.3671051263809204, "test/accuracy": 0.8214285714285714, "test/precision": 0.8537648468998583, "test/recall": 0.7542012744451768, "test/f1": 0.7726170960187354, "test/runtime": 1.8752, "test/samples_per_second": 89.593, "test/steps_per_second": 11.199, "epoch": 11.0, "train/f1": 0.9775911498091971, "train/accuracy": 0.9940074906367041, "train/precision": 0.9984158415841584, "train/recall": 0.9587295426286252, "val/f1": 0.8181248301476582, "val/accuracy": 0.8862275449101796, "val/precision": 0.8731782945736434, "val/recall": 0.7766666666666666, "val/loss": 0.8752321004867554, "eval/loss": 0.787208616733551, "eval/accuracy": 0.8982035928143712, "eval/precision": 0.9651851851851851, "eval/recall": 0.8545833333333335, "eval/f1": 0.8940952380952382, "eval/runtime": 1.8614, "eval/samples_per_second": 89.719, "eval/steps_per_second": 11.282, "train_runtime": 794.5346, "train_samples_per_second": 50.407, "train_steps_per_second": 6.306, "total_flos": 3863889922083840.0, "train_loss": 0.2608434259812928, "label_metrics": {"_type": "table-file", "sha256": "3b9436a8223aeb4a3481783598f66de8712b044d7a10f3a5c502b4dd38a7e02a", "size": 551, "artifact_path": "wandb-client-artifact://rb8vp7mklmc37li4ck4ppx8vx64w6iy3jt624qa7zfp27qwcc3sx8a8lb8cr7svp41v9fvp2y1v6tycq26664gkixsy1f0w9xafdaxz5s88miobhqulekxf3rcgm7a80/label_metrics.table.json", "_latest_artifact_path": "wandb-client-artifact://erlp80yaguasm3qygims7i6t71lsrr1dtw2fh35wkghq5v41dm1ylg02qtvwek5tjynve52t5ojmlkar9x7dyfgcy0jmofb0efh97dq7s1ndzdeiliu39zgnk7zz0vnl:latest/label_metrics.table.json", "path": "media/table/label_metrics_230_3b9436a8223aeb4a3481.table.json", "ncols": 6, "nrows": 5}, "test_predictions": {"_type": "table-file", "sha256": "64827af00bc208e6c16b06f6156f5f8952f8bd57b0318b3c8cc58f703b4228e2", "size": 90381, "artifact_path": "wandb-client-artifact://fs0hkkyqatsrm4von29zpp802yg7cofufuwpri1k6v35n4us6fln8kd94jz5t39bb8x0ztjiojnsh82nhr3v6osjaic6p0pel2d92eh7qg72oh775b0j168bjfziiesp/test_predictions.table.json", "_latest_artifact_path": "wandb-client-artifact://ywqfqi0am6zt3j3rf167d666owsv0bmhj849zhhgtsqbomjduy4dphe6ou6p6uozesodoacyps74gw2p88tgxergykb1tw7zwl20u8n5qzgj6us9qsp9xmbl0qbfsw4c:latest/test_predictions.table.json", "path": "media/table/test_predictions_231_64827af00bc208e6c16b.table.json", "ncols": 8, "nrows": 168}, "test-metrics": {"_type": "table-file", "sha256": "faa15a808d376db174b3ab38192567768c81e5eccad355e5179cf242e0e1b9c0", "size": 194, "artifact_path": "wandb-client-artifact://j8zuppdbqw7rsn4k38cy0zaujx2uoyfjkqs5dcprkwd0m198ya8ujdo4f4ttjwj10bl88k6wnz7xy4be8xitb9rhevsvt6swt809ey0ckcacuagwzwcq762gavq72gix/test-metrics.table.json", "_latest_artifact_path": "wandb-client-artifact://ur13cbewkgfrqu446ovw72m97i99h2bob70ewzx0w25nm60ugkn3x9hgjqzy8d1i9wrmtvbbdx0zuzv99cwstafyeuleyem0mnusl3eqypuksm2rimlpuq2v8zlgejxi:latest/test-metrics.table.json", "path": "media/table/test-metrics_232_faa15a808d376db174b3.table.json", "ncols": 5, "nrows": 1}, "test_connective_metrics": {"_type": "table-file", "sha256": "a263f2a98edec64bfefab731f06ce649361b1ae0353aecef2ac147f5b44a908d", "size": 433, "artifact_path": "wandb-client-artifact://c9b2tnownniamhckoffah94uchoje2zbhpabjpty36mcecpo7j3nomwu43s36jaddflchlbv0mgkm3ih8u5g8v1fettusr5l80qxlu0liurs4dd0b9u0zx5lt6zf8kgh/test_connective_metrics.table.json", "_latest_artifact_path": "wandb-client-artifact://vzja7t8y15x6ycujg7nxo59qspna9nk4ukh2kbu8k5ntu1os9sfk75yfbvl0rbu5bx65qewxj0vhnfr0a5q9sixn2whu9nzcw6h44q2y45t1upxfcrd7bzwe8z03o5ax:latest/test_connective_metrics.table.json", "path": "media/table/test_connective_metrics_233_a263f2a98edec64bfefa.table.json", "ncols": 6, "nrows": 3}, "Exclude_counts": {"_type": "table-file", "sha256": "082fcc874914d75958d68e780085931cf5c17034575e8b060f4acd16accf2d9e", "size": 71, "artifact_path": "wandb-client-artifact://9lamoxoycfzruslzu0csinblussozbtsfw9e5jxwkhm7ddlobkiqu9dyz0znf3qgnhozmgpwkzfy9k7wcwlbgvwi9cm1jqn7gfrce20n3gxnvtpj5to1o86ol70ub7ck/Exclude_counts.table.json", "_latest_artifact_path": "wandb-client-artifact://qfrk83s5rrt1qql816wkofytxfn2l1y9rjifxoxro4owcb52qq9r817xvxlmhwiww70vzougqzaj009ai29i601od362pkm2p05419axxq6o8t7407bvigh8oymgukgu:latest/Exclude_counts.table.json", "path": "media/table/Exclude_counts_234_082fcc874914d75958d6.table.json", "ncols": 2, "nrows": 1}, "_wandb": {"runtime": 814}}