{"train/loss": 0.0437, "train/grad_norm": 0.008558192290365696, "train/learning_rate": 2.7827050997782704e-05, "train/epoch": 15.0, "train/global_step": 2505, "_timestamp": 1739948096.6496112, "_runtime": 2283.305393218994, "_step": 318, "test/loss": 1.5006808042526245, "test/accuracy": 0.7976190476190477, "test/precision": 0.743046415723436, "test/recall": 0.5370336189848386, "test/f1": 0.5933841915660099, "test/runtime": 4.4347, "test/samples_per_second": 37.883, "test/steps_per_second": 4.735, "epoch": 15.0, "train/f1": 0.9770336843910272, "train/accuracy": 0.9932584269662922, "train/precision": 0.9974840389978565, "train/recall": 0.958529941830222, "val/f1": 0.5759715380405035, "val/accuracy": 0.8323353293413174, "val/precision": 0.7562645687645688, "val/recall": 0.55625, "val/loss": 1.5312422513961792, "eval/loss": 1.3662196397781372, "eval/accuracy": 0.8143712574850299, "eval/precision": 0.857421875, "eval/recall": 0.5558333333333334, "eval/f1": 0.60537841191067, "eval/runtime": 4.4063, "eval/samples_per_second": 37.9, "eval/steps_per_second": 4.766, "train_runtime": 2270.6051, "train_samples_per_second": 17.638, "train_steps_per_second": 2.206, "total_flos": 5269035292646400.0, "train_loss": 0.24091839239190885, "label_metrics": {"_type": "table-file", "sha256": "6b5036d3ee65f169def2a5de87f3b227c7497264ec87bdebc7d5a4dbe4b4f4b2", "size": 616, "artifact_path": "wandb-client-artifact://sm0kmfrkccsoxztbp9x16fftzmvygq8usz0363x0npjrlk0uqj07brvc59825r8nbnqykf69t9nrv19h6jv9re2id4b9j47j6vrmnrdhm7tr8zkek8dothph7e3dqpz9/label_metrics.table.json", "_latest_artifact_path": "wandb-client-artifact://lxpwp8u5w9rsunb6bh13seelxsghnppcxc5xekdj3v7d4ag2k8iwq1h97gy82t3ukj9spjhs6ioceabwkk1fpspqs9neslaqsjyj36v6otwcqzpxz5dmx0nax2r3q7j9:latest/label_metrics.table.json", "path": "media/table/label_metrics_313_6b5036d3ee65f169def2.table.json", "ncols": 6, "nrows": 5}, "test_predictions": {"_type": "table-file", "sha256": "941ae9171c1ce9e4d109faa640c11593b9fc8e61e0aaaa38e11cdb226b59f9f1", "size": 87238, "artifact_path": "wandb-client-artifact://1787ds515jg4qfjks2ys56rb9hvpvhojn5pf71kp5liuo80jutxtmn3t8flff086wwp9ln44x94ok3itt0mkoqxngeadregki23hrq4mnvilry167hfbjvrebgpkz9sa/test_predictions.table.json", "_latest_artifact_path": "wandb-client-artifact://j8mknd3ke8dkaasak230fjdgoub60j1ive88gaszgjp1a3lgzgldcmhwpk480dmcw8g3ys0cguo1v4p3a7ge9iocc07jq5dg6rus3k35ybxg7lur2ahi9ihuxsf06nu4:latest/test_predictions.table.json", "path": "media/table/test_predictions_314_941ae9171c1ce9e4d109.table.json", "ncols": 8, "nrows": 168}, "test-metrics": {"_type": "table-file", "sha256": "e6c1936c2baf8bdac27b89c021a041fb0e45b25cba771a5a131eaecddf520c8d", "size": 202, "artifact_path": "wandb-client-artifact://im660vzwg99d1xz9hnogfpiff6axkld7y1o40s9igavg012ot3paxsvpfy1vhutciqd80e25zhpqbskhdwhs4vo77q61s6zpygbw4eyxyii5samikfe6w2dptdzs0tcv/test-metrics.table.json", "_latest_artifact_path": "wandb-client-artifact://slx5hxw42b35n8coe4r0q972pbj64nx02ipr427iewode80g45xvywwcp8rf1q3x93olrwkwoi82vp11nfgssrkpscgcrshjwdq4zftiwwsadxwbndbzqt43f3v62usw:latest/test-metrics.table.json", "path": "media/table/test-metrics_315_e6c1936c2baf8bdac27b.table.json", "ncols": 5, "nrows": 1}, "test_connective_metrics": {"_type": "table-file", "sha256": "a8f0b63d39996207904b1a91b3cf6ce05471434f79c072dd43f807c2ff785c53", "size": 462, "artifact_path": "wandb-client-artifact://d8tz43voo6sz28z9lz094x46j8pjm5coycjsq2b9snxky0a4ls4x3ufcdux1rqgwg2rlk159vvtnhtpoiftfylvducebpn0d3gl2ndhmplnu5h3f7fcy2rrn3i473wz2/test_connective_metrics.table.json", "_latest_artifact_path": "wandb-client-artifact://v1bcviurvp29s75x2um8unky4fauoyuytohiqvaewyte42c3mkjcn7ybla2pacnyrr5m9tdbe2hc2ocunxkzy4kqk81lvzgoeh32ko1fml1an30990q6r40tvwaw30t9:latest/test_connective_metrics.table.json", "path": "media/table/test_connective_metrics_316_a8f0b63d39996207904b.table.json", "ncols": 6, "nrows": 3}, "Exclude_counts": {"_type": "table-file", "sha256": "ef52b237b8fb84fe8f03bdad3c5f8451ff086bce62bb1cbf03795a0e9e806bb3", "size": 81, "artifact_path": "wandb-client-artifact://s861bh4ig7mxws61j0lhgku1ulzz5pazvudao9tmp3ufulajw1afhmkoi3ehzn8zbe36wnkmtuha9mpl0pum1j7dy6er2l0ssnm4bi0js0jo8dff5f9om2pe9ws5uqy9/Exclude_counts.table.json", "_latest_artifact_path": "wandb-client-artifact://ep3ly0dou70mhmjks08ugfz8y5wq224d08rdih8ku43dgm3gbvbx6jde2c8k4nf1sk6n4nzlztstvnqslyuipicnwjs4qulagh3cnutsduh59gka5ibwrjaobzv9p5lu:latest/Exclude_counts.table.json", "path": "media/table/Exclude_counts_317_ef52b237b8fb84fe8f03.table.json", "ncols": 2, "nrows": 1}, "_wandb": {"runtime": 2290}}