{"test/loss": 1.5926576852798462, "test/accuracy": 0.3, "test/precision": 0.16666666666666666, "test/recall": 0.1875, "test/f1": 0.11538461538461539, "test/runtime": 0.1144, "test/samples_per_second": 87.388, "test/steps_per_second": 17.478, "_timestamp": 1735268866.1913517, "_runtime": 6.565515756607056, "_step": 9, "epoch": 1.0, "train/f1": 0.18666666666666668, "train/accuracy": 0.4, "train/precision": 0.23333333333333334, "train/recall": 0.23333333333333334, "val/f1": 0.21428571428571427, "val/accuracy": 0.3, "val/precision": 0.2333333333333333, "val/recall": 0.29166666666666663, "train/loss": null, "val/loss": null, "eval/loss": 1.6653106212615967, "eval/accuracy": 0.3, "eval/precision": 0.2333333333333333, "eval/recall": 0.29166666666666663, "eval/f1": 0.21428571428571427, "eval/runtime": 0.112, "eval/samples_per_second": 89.285, "eval/steps_per_second": 17.857, "train/epoch": 1.0, "train/global_step": 2, "train_runtime": 2.9919, "train_samples_per_second": 3.342, "train_steps_per_second": 0.668, "total_flos": 2631181424640.0, "train_loss": 1.4753409624099731, "label_metrics": {"_type": "table-file", "sha256": "51081c118c811c00edb149dffa65cc7d835b61d9dfb09d4ade83b0502fc0ebbc", "size": 328, "artifact_path": "wandb-client-artifact://tg78qht4ga0ibqi2xs2q4mepcod61ojjky5b0k316173jovdcd6x34l8snbjgkdsi559yv6fhgvsdus3n92e9h4ne2t3nqw6ohzk474sf82yw3xocmj17dzo47buikun/label_metrics.table.json", "_latest_artifact_path": "wandb-client-artifact://0qb9xfaw7nfbplgo2yfhjtbqisyxqwfvbmcjjw9i2go3zofypyw0qhoq2lmzhplcc3abr4pmzw3jitu5ledw35auq445cf519fgfh7205frtbpn2nzn1alrg8uzg78n2:latest/label_metrics.table.json", "path": "media/table/label_metrics_7_51081c118c811c00edb1.table.json", "ncols": 5, "nrows": 4}, "test_predictions": {"_type": "table-file", "sha256": "c1f2876d9fc8b3bad316dfc37e13fb7623d24680daf2a7e83a7a72af17005b04", "size": 4773, "artifact_path": "wandb-client-artifact://f6oqns6psn8vn8n8ebybyuum8mhn2rd9quzn5fqsf0tpf2adkw81hideklneuhoybb77kgop8kejbpg7bbd5vc6wzo9i0qffigf9o360cyr3yfixzptj19t5avs8in07/test_predictions.table.json", "_latest_artifact_path": "wandb-client-artifact://ytxk2vxofdhr6iswvb9uu57jnm8fm222j5tr7isjd7w978lxywxwnd5y56tadko370rnqm1s2qym9d95ly5uridmt7ddp8n7ndwz0mn5iigc8odyls8icxl2dh82wryh:latest/test_predictions.table.json", "path": "media/table/test_predictions_8_c1f2876d9fc8b3bad316.table.json", "ncols": 7, "nrows": 10}, "test-metrics": {"_type": "table-file", "sha256": "9635a5376431f0e778ad20e1f10974a538c054bcbf85daaf27cf84021b40831d", "size": 169, "artifact_path": "wandb-client-artifact://omwx6jnwvoizdaykt8pb6yha4hp79itv1g9960pcm3s2o5123v6zwknr8nkzzuic7e2n4kh51tjmj1040ytr446rwarlzpzwk7faxf756495wry6vv7jm0p1k4th4kig/test-metrics.table.json", "_latest_artifact_path": "wandb-client-artifact://hxjfow9knbrglaxbukk4v360cornr8t1qvz8hzfnrgitnxqec8sk2x1m4dd70kj9i0mqqjxl2qeaggpo7eq31svhl691lhpcty00n8k9czofur6k8fevn0wlslnjwkts:latest/test-metrics.table.json", "path": "media/table/test-metrics_9_9635a5376431f0e778ad.table.json", "ncols": 5, "nrows": 1}, "_wandb": {"runtime": 5}}