{"train/loss": 0.0069, "train/grad_norm": 0.11441633850336075, "train/learning_rate": 2.971175166297118e-05, "train/epoch": 14.0, "train/global_step": 2338, "_timestamp": 1739954272.5426502, "_runtime": 2132.904982328415, "_step": 297, "test/loss": 1.2094223499298096, "test/accuracy": 0.8273809523809523, "test/precision": 0.7674708377518558, "test/recall": 0.5903691496374424, "test/f1": 0.587116339304986, "test/runtime": 4.4406, "test/samples_per_second": 37.832, "test/steps_per_second": 4.729, "epoch": 14.0, "train/f1": 0.977816451678214, "train/accuracy": 0.9940074906367041, "train/precision": 0.9897162479667451, "train/recall": 0.9678541505556282, "val/f1": 0.7139613254962092, "val/accuracy": 0.8622754491017964, "val/precision": 0.8169082125603865, "val/recall": 0.6566666666666666, "val/loss": 1.0166701078414917, "eval/loss": 0.8097882270812988, "eval/accuracy": 0.8802395209580839, "eval/precision": 0.876300437530384, "eval/recall": 0.7866666666666667, "eval/f1": 0.8075371378275943, "eval/runtime": 4.4112, "eval/samples_per_second": 37.858, "eval/steps_per_second": 4.761, "train_runtime": 2120.2909, "train_samples_per_second": 18.889, "train_steps_per_second": 2.363, "total_flos": 4917766273136640.0, "train_loss": 0.25299459419934633, "label_metrics": {"_type": "table-file", "sha256": "45fdb1ab93591ab8363c7fdbdcb1fe772a7ce9428f65e3f5e41aa040ce2bd6a7", "size": 619, "artifact_path": "wandb-client-artifact://nvm2gcnizoeu53bokyhfh4xfzqde9tu69se5odickwe3ro2dxjf0be2oojnas2f7k2xebslcaneage396fho8d49jfqt2q7gqhd467sqi0aooo6pj99afs9x1ckqvlmo/label_metrics.table.json", "_latest_artifact_path": "wandb-client-artifact://nvcybf9297wbjzgrh5vz6dg8k2alyhjggdarcpl8n3f4drdh73f4o3ftny9k7ey4z65poqqthmd1ut4f5dl62jtt02hnrnd8oshq7yz8jh6c6cn7kxrr3mcok61whxqw:latest/label_metrics.table.json", "path": "media/table/label_metrics_292_45fdb1ab93591ab8363c.table.json", "ncols": 6, "nrows": 5}, "test_predictions": {"_type": "table-file", "sha256": "0b8ae60b358b4fa406e3fc82ff6ccf257d8c8b4e095db4b168fc974cf8f0e335", "size": 92956, "artifact_path": "wandb-client-artifact://lvphah7g3gvlpb2ut7nqnjhlrurdq5q6ebkcse7kpofn6lcd8ug3vn3re2pzb6gut8dztjad0dkdiz6b3my3u8klsh6y74apwv1ravj47372pq16ihcf7itqd5yilrma/test_predictions.table.json", "_latest_artifact_path": "wandb-client-artifact://x43z4r34l7tmf100ypc3e34hpypnzttslbznfmd1hmphmir84lon286q840wr6oeksbf9frazua054timkkk7u7hhojx6crzcenjkwlbg255xzuehyusalgsj6scf8ug:latest/test_predictions.table.json", "path": "media/table/test_predictions_293_0b8ae60b358b4fa406e3.table.json", "ncols": 8, "nrows": 168}, "test-metrics": {"_type": "table-file", "sha256": "b15d7a105dfa4b23768ae852e322af7689269efced686f3ef2044e9967d4d9a8", "size": 211, "artifact_path": "wandb-client-artifact://bnjinsp9ozm65m7ow4ujiypvmw4a6qknppjo0jop0uu4ammk5e73wxbllbefc8fuxs6xe3hpdza202ho7nnltdfz0abmbgen6f51poyylo8hakfizssqpxugc5ju9ky7/test-metrics.table.json", "_latest_artifact_path": "wandb-client-artifact://4172u9as0x6go3tcnrjl5a000bdsopdf01phxvwthgqpepe3zy8y8qufugranpkrjzjdlp3d6x6lxqws66z2qjqe59cjfxhfriqb28uhkqc3lwdo9jgob03wjsrj7zlw:latest/test-metrics.table.json", "path": "media/table/test-metrics_294_b15d7a105dfa4b23768a.table.json", "ncols": 5, "nrows": 1}, "test_connective_metrics": {"_type": "table-file", "sha256": "eea1fc7bc8d26c9a1e747aa56648605a77fefcdf496df782f179d9ead7b71e71", "size": 489, "artifact_path": "wandb-client-artifact://joui9icrpkt4006abwdqhl7joa6ibhptrto0z4gulh1gp780rs1bka5fd7cf4tmngh05wxfwgcr87athl62fwo185md0tlq257bbbycjntnuhpb4jej289rm7j0u5w42/test_connective_metrics.table.json", "_latest_artifact_path": "wandb-client-artifact://ocjtwqxgw612so3ihp5nlm35wm8hjbb6i8lojkky0ifd7shdln9rws1osyt9lanrp4la1spjgbaaa3ibbyhbsm0ixwcuu7a7k8k48j73wg5v6lxq5a0l0s3pivcrou17:latest/test_connective_metrics.table.json", "path": "media/table/test_connective_metrics_295_eea1fc7bc8d26c9a1e74.table.json", "ncols": 6, "nrows": 3}, "Exclude_counts": {"_type": "table-file", "sha256": "25a1c51bc7d78f8f0c485181ff588729b74bed10d613faf3814f153d95fa71a3", "size": 90, "artifact_path": "wandb-client-artifact://ltcq0hq14btm5x79mvp45q2nuppu02f7gwl1ooc1pxt8foh7j2b6r3aiyphpx2ohz1b5ez9k7b1qvyci2cz42juyuejrkn4dxw63ou6ap7j0z8h2cjj0m0n67ht8ktuj/Exclude_counts.table.json", "_latest_artifact_path": "wandb-client-artifact://jprfjc59u2r47lga8eq324wksjzclfrvwavem7z61kytolzddrcb34ixazy5rnfg3gl8a4d228bi45u49voqcog61b0a0bc76rjv2q684dnhpc0nkahjkuy774o53oo6:latest/Exclude_counts.table.json", "path": "media/table/Exclude_counts_296_25a1c51bc7d78f8f0c48.table.json", "ncols": 2, "nrows": 1}, "_wandb": {"runtime": 2140}}