{"train/loss": 0.0125, "train/grad_norm": 0.026031101122498512, "train/learning_rate": 4.26829268292683e-05, "train/epoch": 7.0, "train/global_step": 1169, "_timestamp": 1738588598.769454, "_runtime": 511.85139298439026, "_step": 151, "test/loss": 0.7333425879478455, "test/accuracy": 0.7797619047619048, "test/precision": 0.6462121212121212, "test/recall": 0.4723994726433752, "test/f1": 0.47413632119514465, "test/runtime": 1.8817, "test/samples_per_second": 89.281, "test/steps_per_second": 11.16, "epoch": 7.0, "train/f1": 0.8828713443538344, "train/accuracy": 0.9880149812734083, "train/precision": 0.9604683163117679, "train/recall": 0.8656140858720104, "val/f1": 0.4426349650349651, "val/accuracy": 0.7784431137724551, "val/precision": 0.6009615384615384, "val/recall": 0.5225, "val/loss": 1.2759464979171753, "eval/loss": 0.7488028407096863, "eval/accuracy": 0.7904191616766467, "eval/precision": 0.7304478609625669, "eval/recall": 0.5445833333333333, "eval/f1": 0.5152830387205387, "eval/runtime": 1.8704, "eval/samples_per_second": 89.288, "eval/steps_per_second": 11.228, "train_runtime": 504.4165, "train_samples_per_second": 79.399, "train_steps_per_second": 9.932, "total_flos": 2458839041326080.0, "train_loss": 0.439824966336955, "label_metrics": {"_type": "table-file", "sha256": "f0c8109301bf8776635def9eb2048d20b63136789e3f154f4c8c04d96a412277", "size": 693, "artifact_path": "wandb-client-artifact://wkkmwuwhwzjxym3mvlbz5lyh0oiiqewbh5metutrsidetfcyks1wh36wf9p6rg2eprkcnd25xamxbrr0b4fpn45mivbbhhh2wqv93pcowg2gxse1qyunbn5cel7h3bht/label_metrics.table.json", "_latest_artifact_path": "wandb-client-artifact://728olbojosl566fa8flv34piyzx540mep5qkqzfs6nfhv3zha27ofvkygxufom576c08e9k6kp9wg1y4hokf2hmp1gkxg1mdvmy16ezcb4x0cqvrufujo4smwy8ggpvx:latest/label_metrics.table.json", "path": "media/table/label_metrics_147_f0c8109301bf8776635d.table.json", "ncols": 6, "nrows": 5}, "test_predictions": {"_type": "table-file", "sha256": "4bc52217d5112664abf4397ee6c0824f8055f6e389d4fbfd56f10e5f63bff026", "size": 91214, "artifact_path": "wandb-client-artifact://rzooqgawgpyka2a0s9fd7xyzwymzkskfeqkn2wizyv40wmxv3iwi0czfcrr7lwtol89x4ijts4r45znoei8howicekvh72iolv24r5p4ayzl0yxvyf3qq18e999m6ryp/test_predictions.table.json", "_latest_artifact_path": "wandb-client-artifact://sfbkiiviur0dgmsf6kag73wg5f2svzibpeexba25knwqtyiclhqg809irjuga0lyff4t1uoszu2mmesndfciqev2flu32uxfxdswpq7okufh4xtd5v3emtj02jh4a9s8:latest/test_predictions.table.json", "path": "media/table/test_predictions_148_4bc52217d5112664abf4.table.json", "ncols": 8, "nrows": 168}, "test-metrics": {"_type": "table-file", "sha256": "af8da8778ddb608fb658be946889e04eca8e96b92baddd0bbbb4049c1b8644fd", "size": 216, "artifact_path": "wandb-client-artifact://r1gyovf4j762wz8qrsmj0a9rsvjd621q1hemrmy11qcsil82kaw4rbpmmpu7zyqi1s0iryker9lcnbqtc90cw0ntibundqooz7c5wluivon3az4dj37ekdrali2tcd2n/test-metrics.table.json", "_latest_artifact_path": "wandb-client-artifact://eqy024y7kvmiri1q2uz3m815m9i3vyaxzn7002ktmdmtyl9ejcucf0u9ukp1u1rwjk5oawi8oqe4agyc2mbudc63syhjp7s9th47405wenz6wg3nqekpd3kqu2n196nn:latest/test-metrics.table.json", "path": "media/table/test-metrics_149_af8da8778ddb608fb658.table.json", "ncols": 5, "nrows": 1}, "test_connective_metrics": {"_type": "table-file", "sha256": "d052c01f86761b82b70690a194d3024c395ab9e03d6d5d97d3651b43f2a0769f", "size": 485, "artifact_path": "wandb-client-artifact://5ehkep8kp6glgokwoermu886qgw300xb1kwlsas5t64f02typn8g3fkjqaxiwwu58fwf7hgk3hyflaurpkaz3h0awbavs28j3plvyxmmpvc48ctnbk4io6zgce5bohgy/test_connective_metrics.table.json", "_latest_artifact_path": "wandb-client-artifact://6wold5z9hx13v778xnnkbfipl0qiiufz88npqb25sgp36qmbw3qepepu4ujm6v94v4blaxewesatlovsi4uw344aqhup4ihlnvsij72ihurgyt1dwdrxfgeuyi5vm3nx:latest/test_connective_metrics.table.json", "path": "media/table/test_connective_metrics_150_d052c01f86761b82b706.table.json", "ncols": 6, "nrows": 3}, "Exclude_counts": {"_type": "table-file", "sha256": "83103ea35ea937c5aafb1fde568b44549369be67e2f5e61e6a3b2ec01d6ce634", "size": 94, "artifact_path": "wandb-client-artifact://a7yrq0f3q7q0y8dzpf6ckw739do7yp843lrhj84o42w7vzwm5bpg6d7wdotqg3iqf9p0h1hkwg282zic7aeign175i1whkm28w0qaorla1n76y6pi4i24t9ton53iane/Exclude_counts.table.json", "_latest_artifact_path": "wandb-client-artifact://c8a3q9lw4hkkyh3frx8k1mmwsfuxxepc22xqreumepb3vef60ctfe7zg2x1b4dh5uskqask1vnhzgpoviddaz05qo5gm7hdytk7a92n84dx69ayt5b1665zf8t7fify2:latest/Exclude_counts.table.json", "path": "media/table/Exclude_counts_151_83103ea35ea937c5aafb.table.json", "ncols": 2, "nrows": 1}, "_wandb": {"runtime": 520}}