{"test/loss": 1.609195351600647, "test/accuracy": 0.3, "test/precision": 0.2888888888888889, "test/recall": 0.25, "test/f1": 0.21428571428571427, "test/runtime": 0.1211, "test/samples_per_second": 82.605, "test/steps_per_second": 16.521, "_timestamp": 1735223286.7442, "_runtime": 5.390161991119385, "_step": 6, "epoch": 1.0, "train/f1": 0.19444444444444442, "train/accuracy": 0.3, "train/precision": 0.2333333333333333, "train/recall": 0.35, "val/f1": 0.1875, "val/accuracy": 0.2, "val/precision": 0.3888888888888889, "val/recall": 0.20833333333333331, "train/loss": null, "val/loss": null, "eval/loss": 1.5234724283218384, "eval/accuracy": 0.2, "eval/precision": 0.3888888888888889, "eval/recall": 0.20833333333333331, "eval/f1": 0.1875, "eval/runtime": 0.1125, "eval/samples_per_second": 88.857, "eval/steps_per_second": 17.771, "train/epoch": 1.0, "train/global_step": 2, "train_runtime": 2.9783, "train_samples_per_second": 3.358, "train_steps_per_second": 0.672, "total_flos": 2631181424640.0, "train_loss": 1.4135105609893799, "_wandb": {"runtime": 4}}