{"train/loss": 0.1763, "train/grad_norm": 0.02475188858807087, "train/learning_rate": 4.26829268292683e-05, "train/epoch": 7.0, "train/global_step": 1169, "_timestamp": 1736706113.6144674, "_runtime": 503.0134074687958, "_step": 151, "test/loss": 0.911811113357544, "test/accuracy": 0.8095238095238095, "test/precision": 0.7983991943884993, "test/recall": 0.747780707536805, "test/f1": 0.7678999323867479, "test/runtime": 1.8528, "test/samples_per_second": 90.674, "test/steps_per_second": 11.334, "epoch": 7.0, "train/f1": 0.9854499836036819, "train/accuracy": 0.9977528089887641, "train/precision": 0.9986837652181071, "train/recall": 0.9738829680089364, "val/f1": 0.5170386904761904, "val/accuracy": 0.7964071856287425, "val/precision": 0.7181372549019608, "val/recall": 0.49041666666666667, "val/loss": 1.189556360244751, "eval/loss": 0.9766286611557007, "eval/accuracy": 0.7904191616766467, "eval/precision": 0.6749375, "eval/recall": 0.5720833333333333, "eval/f1": 0.5505867346938775, "eval/runtime": 1.8445, "eval/samples_per_second": 90.538, "eval/steps_per_second": 11.385, "train_runtime": 495.7171, "train_samples_per_second": 80.792, "train_steps_per_second": 10.107, "total_flos": 2458839041326080.0, "train_loss": 0.3593991768524095, "label_metrics": {"_type": "table-file", "sha256": "24380809c171fc14ed1b73251700c8d3b160c2d087b4e64d568c624af7da8a80", "size": 581, "artifact_path": "wandb-client-artifact://ajd0whaaquv3axugeuek71ttyy87blq17bxw4nmibe7jngoi95aa8jxrem5j878cugcwatj4vrk9vh6xbeevc6ayamqgh7u1ijrolhhza67cmrymxe8fs2iwjie1i7tw/label_metrics.table.json", "_latest_artifact_path": "wandb-client-artifact://h422m0wsbbex8geeak9i1oypn0phgjjxq0f78xgdy945vrrrf21oavfsw3yzaezq0msudojcmk5qzcudkg2sz88mssya6dtjmm3siegdur0128jrdhclbtyfwdl45h0o:latest/label_metrics.table.json", "path": "media/table/label_metrics_147_24380809c171fc14ed1b.table.json", "ncols": 6, "nrows": 5}, "test_predictions": {"_type": "table-file", "sha256": "5174185203ebb4206f64430b04042ccc31ad78d6cba28da0f2389f19b8ea1e3d", "size": 55238, "artifact_path": "wandb-client-artifact://tfqmbx94gekvwkgrxy8d0llob09tsyjdra803sfq6k049yqcyzaxsa7nkbnb6te8rczw3uhhjk5orl5ysmvaxexu174wqi5rr887nnp9w6v8m3qycz3xub299pp0wztl/test_predictions.table.json", "_latest_artifact_path": "wandb-client-artifact://bbx1l3twctk7az0jbx57vk8tpw90tsfxm43mj1ku9hvllow6t3xtsbj415kldkyil69dn6f114miibxpoazzikz1kklg5ef7j833i7amtf2schq0ud0teqd3grznjdgk:latest/test_predictions.table.json", "path": "media/table/test_predictions_148_5174185203ebb4206f64.table.json", "ncols": 8, "nrows": 168}, "test-metrics": {"_type": "table-file", "sha256": "4fd15d9c31032744704a7b5afe4a045707e844cf6f21aaee1024cfa43524ab2d", "size": 194, "artifact_path": "wandb-client-artifact://48w9axpdzpx2pl07s93mqgxcmavmx1v0tqapgey7258eqza3s4q5mq88qqcv6x2slaji31f59ohldo6ao7ofatf517iulyow6vdpb6ys6ltcxuomnvipcdvggr88zj9v/test-metrics.table.json", "_latest_artifact_path": "wandb-client-artifact://a8dy2rbksgh3ahex0hq2py52caii5chy17vg6pb2fddtwqoee09fk5l1u8txpr69vsnfp1408dmky8nrhlccauoij5ig1q5t5gu5l3qnzh3x6ar8989d1von1d7hrche:latest/test-metrics.table.json", "path": "media/table/test-metrics_149_4fd15d9c31032744704a.table.json", "ncols": 5, "nrows": 1}, "test_connective_metrics": {"_type": "table-file", "sha256": "1b17c1d8232330a098a9165040948a1a56011e93de7262f59ca0ee71020d211b", "size": 425, "artifact_path": "wandb-client-artifact://xbfw8cb4wzzjvdgf4jgi1nhfu85jd9ylhhrnvqhu1apbg3iild3hs064200qu56u7of3bz8vcu7yuuwmt6ikmf94mgmug6f1l7f55bmjhy70tawxcopydxpdcpkcvjcm/test_connective_metrics.table.json", "_latest_artifact_path": "wandb-client-artifact://s4acx4y1b5da8gcj0agt2hfkv2wknn2eyrbk10ptma01k284bviu1hnbq8fmfak7gt3p016yp09qr6zt3r7ci5cb69p2gg12gwwweo4h706um6m4xl0n5lm4fgs4u2g5:latest/test_connective_metrics.table.json", "path": "media/table/test_connective_metrics_150_1b17c1d8232330a098a9.table.json", "ncols": 6, "nrows": 3}, "Exclude_counts": {"_type": "table-file", "sha256": "1f0d06d48839b9ae3561b5aa2af5ae36957124ba92ec2076d20ea5c56a172744", "size": 75, "artifact_path": "wandb-client-artifact://p9a6x4v84mb8kmfo95rzb2nfusrkosauru02y9v40e5k670ad5xqx2beiljmfc4cdrzctbpwq34kcagl9s1sapdg19nhgfsxd64u44d7dps96ft7uje56iu1o0cdg7ic/Exclude_counts.table.json", "_latest_artifact_path": "wandb-client-artifact://yssd1bfiom64hz78chuumq2zjhmpatm6vb7frjbgxp6v4lcqgy0ya6xkuobnvklz7h5bzt9z12chn5fj94jue26ufssw0v2gt4pc11ni9gltdn16n15csvjqgp3jhihf:latest/Exclude_counts.table.json", "path": "media/table/Exclude_counts_151_1f0d06d48839b9ae3561.table.json", "ncols": 2, "nrows": 1}, "_wandb": {"runtime": 510}}