{"train/loss": 0.1084, "train/grad_norm": 0.005234375596046448, "train/learning_rate": 3.8913525498891355e-05, "train/epoch": 9.0, "train/global_step": 1503, "_timestamp": 1736701949.235164, "_runtime": 647.119057893753, "_step": 193, "test/loss": 0.9176838994026184, "test/accuracy": 0.8511904761904762, "test/precision": 0.9016053511705685, "test/recall": 0.7739573720061524, "test/f1": 0.8064976583921768, "test/runtime": 1.8653, "test/samples_per_second": 90.067, "test/steps_per_second": 11.258, "epoch": 9.0, "train/f1": 0.9770336843910272, "train/accuracy": 0.9932584269662922, "train/precision": 0.9974840389978565, "train/recall": 0.958529941830222, "val/f1": 0.8044829131652662, "val/accuracy": 0.8862275449101796, "val/precision": 0.9161111111111111, "val/recall": 0.7470833333333333, "val/loss": 0.8842623829841614, "eval/loss": 0.6011992692947388, "eval/accuracy": 0.8922155688622755, "eval/precision": 0.8865008291873963, "eval/recall": 0.8045833333333334, "eval/f1": 0.806734908136483, "eval/runtime": 1.8536, "eval/samples_per_second": 90.097, "eval/steps_per_second": 11.33, "train_runtime": 639.7234, "train_samples_per_second": 62.605, "train_steps_per_second": 7.832, "total_flos": 3161364481704960.0, "train_loss": 0.28487540084113633, "label_metrics": {"_type": "table-file", "sha256": "92e3c07fcb6d1cff988e6b9653b39e6b5e7dcfb2fc960681ebb407d0d5e56753", "size": 571, "artifact_path": "wandb-client-artifact://cfvlfn45r1lap51nnviujotjt0y8q2e5h512s012u3lsbtkz2otbwopwp9dkagr7luav6sncq5d6f2f8oh41w2rr6ptkulxymlsg5ip364t7maflvvweqs988h3i7vjy/label_metrics.table.json", "_latest_artifact_path": "wandb-client-artifact://ny96tpbwce6kcwgqbf2vw98d17ow0b7v9kf9ipjnhoize2edrdgzr3v0wfab5lp9up6qsxojm2es71vq1rlwc3of8euppnsueen96x270yi34bzkhf92lbnbaoknhonk:latest/label_metrics.table.json", "path": "media/table/label_metrics_189_92e3c07fcb6d1cff988e.table.json", "ncols": 6, "nrows": 5}, "test_predictions": {"_type": "table-file", "sha256": "08b1c57bb14aec9d8829c2c9e6e7146388890a787b7f23b226d2077dae1355ba", "size": 87905, "artifact_path": "wandb-client-artifact://hnsy6e2g9a6gugm15ddh8hwe7yrbvoyrcjbt4p9h8tvt21twn8j2a1dankkwhyujrc2n5sqjb7yq0jdtq14nh3x7c47o3pz2ix03l3lbo26jufttgqyet6aytcppgkox/test_predictions.table.json", "_latest_artifact_path": "wandb-client-artifact://8bfbp27vtvq005c1g35z9hjwk40m5zag7cp124x92n8pxkp54pytxile25bozsp56v5b1rfucmhumj7vr6322uskc6q7xw4eknh0c020h4r1z68xstd9ikzlam4jqkcb:latest/test_predictions.table.json", "path": "media/table/test_predictions_190_08b1c57bb14aec9d8829.table.json", "ncols": 8, "nrows": 168}, "test-metrics": {"_type": "table-file", "sha256": "eb22e9efa73b4fe7fc62455278e921aa7f399bbb85fef1b616efe0fbfb3f2ba3", "size": 190, "artifact_path": "wandb-client-artifact://i1so0wzlddl0arp5tfnaheuyyfq2ms79i8rucjex5rxk38wzr1cke7exgb7wonnl5l0pn6vz2u9t2vwdbyumgxn2oy1zizf496jo125cjxq6twi218f7guh60jq6qw12/test-metrics.table.json", "_latest_artifact_path": "wandb-client-artifact://s86esf7ometulll2bzfhlej3vxnhhr6g8vfsxibg6hpmhgfzxewijbrmrah9mufc84jl6r24qxtnpekxxrm8ebn2njiznuznuwgdtv85yy5i27wpueh2lhb1zlv6aj0q:latest/test-metrics.table.json", "path": "media/table/test-metrics_191_eb22e9efa73b4fe7fc62.table.json", "ncols": 5, "nrows": 1}, "test_connective_metrics": {"_type": "table-file", "sha256": "d384f4dde0619dd95e49cc895d8fc3cd01389654c696c25194e6ab6083cd1ae8", "size": 374, "artifact_path": "wandb-client-artifact://1iifwdd5ms64yxodvudqh150hgi6k6o7dbyaqofehaxjn9saih2f8uzbwhryvnhzq90zntf4menek8wt5yxsqbo1kd30lk9s892v70z75mlu82ki4qokylqkledikq9d/test_connective_metrics.table.json", "_latest_artifact_path": "wandb-client-artifact://sz3py52hby0t0bj3f45n72thviamuyq3pwdmr51ciiajlfb6zrzk7nb3cpgxqfhdm4drhm7qej39loa3r30r40c389clbg6urnj1fjgoq52f47cnwxmqcjtfmu9fnhd1:latest/test_connective_metrics.table.json", "path": "media/table/test_connective_metrics_192_d384f4dde0619dd95e49.table.json", "ncols": 6, "nrows": 3}, "Exclude_counts": {"_type": "table-file", "sha256": "3a3e16eee488be4d9705c81c282778d2e17c222f184cef71ed7ae945012d1110", "size": 66, "artifact_path": "wandb-client-artifact://7jpzp3nxclyzgcijyjimyp72anlrr0xblynuryb22ghntgq91mo4ymszopcbt52j2h9sga8kimtslj9ziclmdivsom4r3bhre6tgg1sizt1byh00qffudqo0isirotv1/Exclude_counts.table.json", "_latest_artifact_path": "wandb-client-artifact://uj8pcxabcuv26za1dk53lhxmc2qt47ayq20d7p0usfw9w3kbnidj38i7yqaq4rgo5jbsssvgg799go9x01ykkrz4tfdnbw0wpzusxujk7odcodlyu9gou19njmjvrcth:latest/Exclude_counts.table.json", "path": "media/table/Exclude_counts_193_3a3e16eee488be4d9705.table.json", "ncols": 2, "nrows": 1}, "_wandb": {"runtime": 655}}