{"train/loss": 0.026, "train/grad_norm": 0.02848643623292446, "train/learning_rate": 3.148558758314856e-05, "train/epoch": 13.0, "train/global_step": 2171, "_timestamp": 1743001931.052448, "_runtime": 934.4752929210663, "_step": 277, "test/loss": 1.439404845237732, "test/accuracy": 0.7678571428571429, "test/precision": 0.5307317073170731, "test/recall": 0.5669940672379697, "test/f1": 0.5247051540009287, "test/runtime": 1.8712, "test/samples_per_second": 89.783, "test/steps_per_second": 11.223, "epoch": 13.0, "train/f1": 0.9777065025555134, "train/accuracy": 0.9940074906367041, "train/precision": 0.9938492063492064, "train/recall": 0.9632918465921267, "val/f1": 0.4774193548387097, "val/accuracy": 0.7724550898203593, "val/precision": 0.5090178571428571, "val/recall": 0.4854166666666666, "val/loss": 1.6468827724456787, "eval/loss": 1.8194550275802612, "eval/accuracy": 0.7305389221556886, "eval/precision": 0.5555534724826063, "eval/recall": 0.5037499999999999, "eval/f1": 0.49290285688144736, "eval/runtime": 1.8662, "eval/samples_per_second": 89.489, "eval/steps_per_second": 11.253, "train_runtime": 926.975, "train_samples_per_second": 43.205, "train_steps_per_second": 5.405, "total_flos": 4566415362462720.0, "train_loss": 0.2450956321089616, "label_metrics": {"_type": "table-file", "sha256": "dfac3b8fb14c253399dbb3032e013a09ede021b8f473425340504e2a87d88443", "size": 666, "artifact_path": "wandb-client-artifact://8wqpkuxen9deuujfoz4uk2a50h94wx9geu3vnvqrasjtk3gzv8p3iz7fwwy00hytffrr5k5xzrtfzq33iw2vsb97hcwayj2i5lmxyiwp73rhngign40aq5llgit8aljh/label_metrics.table.json", "_latest_artifact_path": "wandb-client-artifact://xpb1kxwifful4o6zldvwzwbg21c9219ku69tke9zflket7r8xkxrdey43p9b1t0xivxovpgk9m0nre6a6zktbaysck0j4m328t98597kndybkp085m14ppqk9pq0cq5x:latest/label_metrics.table.json", "path": "media/table/label_metrics_272_dfac3b8fb14c253399db.table.json", "ncols": 6, "nrows": 5}, "test_predictions": {"_type": "table-file", "sha256": "6615c8884ced767e10cc95d4813d138e071243817dca8d70705f299ad1021232", "size": 62174, "artifact_path": "wandb-client-artifact://zupz1yt310lt6m6kizj1bxz9zif337yoyou3igvoroisg1xddvgmqsci92fsiz8n4yesizkksqr29oghnfm29hgl5qqa6bkfcjfx3vmvpcypryz6n3i2rt6jxvh5hulw/test_predictions.table.json", "_latest_artifact_path": "wandb-client-artifact://yp3wbwc1x5txpqji2dj3yd9z5jsy4qk27gkscc7qn9xe4s6jerqwp5f0i3jdz2l0q7ymbz376suno1qqz1g3cua4szdf3fy85um3e9vmldtszsu8dmdmf6oxqbpyl95e:latest/test_predictions.table.json", "path": "media/table/test_predictions_273_6615c8884ced767e10cc.table.json", "ncols": 8, "nrows": 168}, "test-metrics": {"_type": "table-file", "sha256": "44f1db81526d9efe297d6011239acfb576d9ab718adecd9893a34329083b10e0", "size": 206, "artifact_path": "wandb-client-artifact://s20lyu686trugv8mepht0vo54mcej4yiguci49fh1i1xka1r23pl03s21w3ac6h3uh8trut201xkm2gnnuk23m3betr49qp4c2dcfrarsfms6zoj0msewcxrgd6eb4av/test-metrics.table.json", "_latest_artifact_path": "wandb-client-artifact://3hk9aazq5luvgn47w9j170rdzksdyzibdt89yka6v9vsyqeyxxaxhjyd9z27jkuygsgx3j8mrg2fl0451lkmc6046h2v7tfv7r4ayw00iyb9m4neytycih5dpqicqnuc:latest/test-metrics.table.json", "path": "media/table/test-metrics_274_44f1db81526d9efe297d.table.json", "ncols": 5, "nrows": 1}, "test_connective_metrics": {"_type": "table-file", "sha256": "63ef9e0f865dd5a6303b546bd3f0d878088a614ab23049c3fedcdde55b3e8c28", "size": 431, "artifact_path": "wandb-client-artifact://wdmu7gt2luyse75dva0ei7bdwyow274dsd22ld43etwqstw9if46z6tdremkm0whv1rwhum6dqopwzr8bm4jbcm7lnhzri8d1mpcgv637skqtyxck8cz1hhvu3ywp88z/test_connective_metrics.table.json", "_latest_artifact_path": "wandb-client-artifact://4bpqc38n4v73cj7a8l275e5egamdmlqpgszg3qy2hlwp1tmy9o7lqogtx4mbmlh9pcj53n1o6qliv5edh2cpjim3867u8jl45sm06ffliutiyzfwtmyvvsfpupe0sibu:latest/test_connective_metrics.table.json", "path": "media/table/test_connective_metrics_275_63ef9e0f865dd5a6303b.table.json", "ncols": 6, "nrows": 3}, "Exclude_counts": {"_type": "table-file", "sha256": "92504b126567f736cbedb8586a5e833f3c5632191cd4c7ca2291163d6a06ccb8", "size": 85, "artifact_path": "wandb-client-artifact://8ydsj7h9hq6bbo08sgxhjx4nv0zn8yewzl9gmlyt6r280pzfdwxg0p2k45o10ri78xiwjwu6uxce3thadjark5o7wyf5b2qv2kx8w20upmyhkvguszpjvklukti6hn41/Exclude_counts.table.json", "_latest_artifact_path": "wandb-client-artifact://7rnhpedrvok79f9e19fd4a2qlz4cu9u9rs2cum53we938jvsn9b2q5npiprp5jc7u5n82w8gfb1b5m6xbsrivscx7mkd713nx35i4g89y05n0l2007cz3z300mkf3b7y:latest/Exclude_counts.table.json", "path": "media/table/Exclude_counts_276_92504b126567f736cbed.table.json", "ncols": 2, "nrows": 1}, "_wandb": {"runtime": 942}}