{"train/loss": 0.0191, "train/grad_norm": 0.005475746002048254, "train/learning_rate": 2.971175166297118e-05, "train/epoch": 14.0, "train/global_step": 2338, "_timestamp": 1743054638.3751228, "_runtime": 1010.9927868843079, "_step": 297, "test/loss": 1.0044280290603638, "test/accuracy": 0.8273809523809523, "test/precision": 0.6435916542473918, "test/recall": 0.5947440123049879, "test/f1": 0.5997785032119796, "test/runtime": 1.884, "test/samples_per_second": 89.171, "test/steps_per_second": 11.146, "epoch": 14.0, "train/f1": 0.977148937342337, "train/accuracy": 0.9932584269662922, "train/precision": 0.9929175945568177, "train/recall": 0.9630922457937234, "val/f1": 0.5947866275139002, "val/accuracy": 0.8682634730538922, "val/precision": 0.7467088922006955, "val/recall": 0.6216666666666667, "val/loss": 0.919193685054779, "eval/loss": 0.6471192836761475, "eval/accuracy": 0.8922155688622755, "eval/precision": 0.770789081885856, "eval/recall": 0.7225, "eval/f1": 0.729311804100415, "eval/runtime": 1.8699, "eval/samples_per_second": 89.31, "eval/steps_per_second": 11.231, "train_runtime": 1003.6127, "train_samples_per_second": 39.906, "train_steps_per_second": 4.992, "total_flos": 4917678082652160.0, "train_loss": 0.18557682587232177, "label_metrics": {"_type": "table-file", "sha256": "de5e4c83d740c7e6662a35ebe4e06e06e04789395e5e353caa0bff7c318652f2", "size": 662, "artifact_path": "wandb-client-artifact://d09wm2gmyqzsur9mh38o4k0g36pi6umc0lrp48lpcx9h2fdxnsxoze8wpcl906ltht5hlgrn0vyaor4q1byyvhuwuklanyvgs2cka5p0pr07280b9la79fsqoqgr23fm/label_metrics.table.json", "_latest_artifact_path": "wandb-client-artifact://2z55q59lbneq4fbxquhw3uhqj2a39tzq5gefkvezqu05u8g775l0ljbyh39s1bbqfyr3yhdtesbjsyr7c8z5k9k5dwgzvmapavdkke662m83qp2yyiletfc6m3li06p4:latest/label_metrics.table.json", "path": "media/table/label_metrics_292_de5e4c83d740c7e6662a.table.json", "ncols": 6, "nrows": 5}, "test_predictions": {"_type": "table-file", "sha256": "d75d90696c2691dc907a98b8fa5c48ee56497694a333e0a5fe10664d76abbe21", "size": 87220, "artifact_path": "wandb-client-artifact://oypk3ima611ab32y4f98lsomw7betfjgk3cugp11iirmyj7lm3o6ke6kk8cl7c5nffwb0wckw9q5q518t81iov0e114s00sjw006mz81ijopmvj4jqnp10cfjm14cffp/test_predictions.table.json", "_latest_artifact_path": "wandb-client-artifact://oz12lwatccgrh0u0htar3jwdp5ug9k9pjroifyz4elu2rhogfp9poh4b1jtyuw4ty7gnucufkgaq64fxopgehhe43izdrd7jv02qije49j97fxtxi0cmg5xcf352kuwf:latest/test_predictions.table.json", "path": "media/table/test_predictions_293_d75d90696c2691dc907a.table.json", "ncols": 8, "nrows": 168}, "test-metrics": {"_type": "table-file", "sha256": "e25f03bc9c5211188dac8333023ac77bfaa70d43edc7ec34d1c1c05e0a6e986c", "size": 203, "artifact_path": "wandb-client-artifact://qs47ltehlwsglfs17opcy9z82w9uvblz1zjvebpt0e5r2v2gyukfjbkufgrtym2y6cgh55icf1ih6lvluts0o7xnd26u7feif7tfhji4q3ri3ba49hd90q3nfhtd5d95/test-metrics.table.json", "_latest_artifact_path": "wandb-client-artifact://0tdx7j54s72p8o4g6tag5a3w41zhd1q2l02oe7905ywexm14gky5t8x42ja434mn84cz03p0vsq482etodw0xp0gwgg4dve2o9feyh73um2ea0o65m3b0sykq248k6vb:latest/test-metrics.table.json", "path": "media/table/test-metrics_294_e25f03bc9c5211188dac.table.json", "ncols": 5, "nrows": 1}, "test_connective_metrics": {"_type": "table-file", "sha256": "544b9fd521f3b0020d0f7dfb72ad6b7ec7472c2af17147204e274a2dfebf4a2c", "size": 444, "artifact_path": "wandb-client-artifact://615z9znolgpxzamapcgx8x056yr515iabcsuyvc56vw0lw0mx362noawob3l19ie2jj2fqv8wmi3zxfpx2pfqawje4fozx9cpjzeakh2hyc08ohkwqy4346qijqjei79/test_connective_metrics.table.json", "_latest_artifact_path": "wandb-client-artifact://prz3jft3cg8er964fdhlcvjd0tl8xyc6mm3girbimuqs326vwfk9t5hecodoo67k2c4tgw0wt3o61808bwwiujtgk69aspca8hqriu70xv4ndjafgrudd3vv1pj9qbf3:latest/test_connective_metrics.table.json", "path": "media/table/test_connective_metrics_295_544b9fd521f3b0020d0f.table.json", "ncols": 6, "nrows": 3}, "Exclude_counts": {"_type": "table-file", "sha256": "ef52b237b8fb84fe8f03bdad3c5f8451ff086bce62bb1cbf03795a0e9e806bb3", "size": 81, "artifact_path": "wandb-client-artifact://31gq469fy0n7c6ur842j12yhpimbc3op9qhq044yqqz1bkmlrxlttjvdvbic1i9zz8acnltz57435zg2g53k2fr21ytf0az9wj6x5rcmwnhus6eikxxxhorlx78stvko/Exclude_counts.table.json", "_latest_artifact_path": "wandb-client-artifact://98y4mhq2amjauiiiz0sr6x9l9shexa33ig0ik7tr62nnylv0xvnvuprj6kt5nflyd4ruy2k8457ry7wzjgqxfnzigmp45z9loj1kgq3gky6u4nrpo1k154e86cg4761g:latest/Exclude_counts.table.json", "path": "media/table/Exclude_counts_296_ef52b237b8fb84fe8f03.table.json", "ncols": 2, "nrows": 1}, "_wandb": {"runtime": 1020}}