{"train/loss": 0.0003, "train/grad_norm": 0.007255932316184044, "train/learning_rate": 3.337028824833703e-05, "train/epoch": 12.0, "train/global_step": 2004, "_timestamp": 1743055520.9649217, "_runtime": 867.0374987125397, "_step": 256, "test/loss": 1.0181933641433716, "test/accuracy": 0.8273809523809523, "test/precision": 0.7699296857833443, "test/recall": 0.5345001098659635, "test/f1": 0.5603418803418804, "test/runtime": 1.8812, "test/samples_per_second": 89.307, "test/steps_per_second": 11.163, "epoch": 12.0, "train/f1": 0.9776065551549546, "train/accuracy": 0.9940074906367041, "train/precision": 0.996972294672333, "train/recall": 0.96016520341714, "val/f1": 0.578432922576145, "val/accuracy": 0.8622754491017964, "val/precision": 0.7538093421960699, "val/recall": 0.5695833333333333, "val/loss": 0.9404428601264954, "eval/loss": 0.8180663585662842, "eval/accuracy": 0.8682634730538922, "eval/precision": 0.892883870967742, "eval/recall": 0.6629166666666667, "eval/f1": 0.7277891156462585, "eval/runtime": 1.8702, "eval/samples_per_second": 89.297, "eval/steps_per_second": 11.229, "train_runtime": 859.7398, "train_samples_per_second": 46.584, "train_steps_per_second": 5.827, "total_flos": 4215152642273280.0, "train_loss": 0.22177996264696037, "label_metrics": {"_type": "table-file", "sha256": "17c0d909e98886686076e7a19a18404f7d9313059feaed04b3d54f79ffd03593", "size": 635, "artifact_path": "wandb-client-artifact://ybsvg601zwa09ihge2bqobq78g8w9eaaxhmyfwf6tumn19glu4ezv2bcyr9aj7umqv7wns0sav3wh7bahdhl1o1csnczhsrgrmv5hdlegcy4yie8y1dqj4r5usx070qa/label_metrics.table.json", "_latest_artifact_path": "wandb-client-artifact://2z0r46beblh79s8ezn8gorvjzs8sb0qjaobuc9hu1r9u5r3htbdgbgaod0e33b9qjd1kwfbz4mzd6dhavrjaskkv02tfl41t5bbed5dacs300xc11e5r2ahx9a9sty0e:latest/label_metrics.table.json", "path": "media/table/label_metrics_251_17c0d909e98886686076.table.json", "ncols": 6, "nrows": 5}, "test_predictions": {"_type": "table-file", "sha256": "3d0899c6903300079caf134e008c9b1de0bc4cd5404c2652b8799c3ca14da4d6", "size": 87286, "artifact_path": "wandb-client-artifact://v8eqmmey6z7unhlvl9lzxdjocll32c4ur7u05904f41ziwfdbf29zef1v6coy1zc0ll9zo8aohfrp7torjzotzk3kh21e4erfd4o9ng1rqlrdhs5laqma6qsb75ch176/test_predictions.table.json", "_latest_artifact_path": "wandb-client-artifact://0kxw5mtpsykrrgqnr6qym863lvbj06zq5jdrrd83zg13p28fezfxmi3m729ojym63c6k6egqc3j44rlhtznduhpma1kk953zxgvuuya0sf9xue7tf91wrorr4uqor5f8:latest/test_predictions.table.json", "path": "media/table/test_predictions_252_3d0899c6903300079caf.table.json", "ncols": 8, "nrows": 168}, "test-metrics": {"_type": "table-file", "sha256": "7386ed963e77983e9c65af1badf026c6a06ab146deb3047c4a437a76d1d8608e", "size": 203, "artifact_path": "wandb-client-artifact://qkxmu5joobqwfbcx1hj80623gbspavh7gvx1x6db8behwo2d07n39biytwl1xvba6tl8p0ry9137cbmgtdhcd2m720ubwm9ljtit41s9oxo8h7o68zpr99f4908qvn9z/test-metrics.table.json", "_latest_artifact_path": "wandb-client-artifact://4lxh0egeh4dvml1dynckwn285hc62mm5ylgx8fez2xkqd8dz75uzz5gjnf7yhkew7t766mrj301sfrcvlw2svzyb4v94l0a5kukb2ywz1ou4ulsbxusu64h9qo1q9ha4:latest/test-metrics.table.json", "path": "media/table/test-metrics_253_7386ed963e77983e9c65.table.json", "ncols": 5, "nrows": 1}, "test_connective_metrics": {"_type": "table-file", "sha256": "a0cd261b89478829cc30fff039e641ad46cae248f504f7ff1c4ce24e4940a8a8", "size": 429, "artifact_path": "wandb-client-artifact://40ka6e1qfckmf40q4oi60txqcnkbeccerd3mii7ogbf4f9m3ocqeyye5f3nanm7xewxckrrbvqs7gx6k8e9tickf2g5rm58mu6vqssvjhmqhhprf29ihb645y8l5koan/test_connective_metrics.table.json", "_latest_artifact_path": "wandb-client-artifact://13hmip3cp8vcppvzgmzag0ljxjlif3q0q0szzrfgxjze551yygaparmwf154usr5h1efljbfaepq8lhk60gu8n6g7z8yks43hho2turvjk9l2ggei56wjtjjqh7yw7bf:latest/test_connective_metrics.table.json", "path": "media/table/test_connective_metrics_254_a0cd261b89478829cc30.table.json", "ncols": 6, "nrows": 3}, "Exclude_counts": {"_type": "table-file", "sha256": "ef52b237b8fb84fe8f03bdad3c5f8451ff086bce62bb1cbf03795a0e9e806bb3", "size": 81, "artifact_path": "wandb-client-artifact://y1beb1ig7o63eg0qqvjk8d9msepr8b2te226of5xnxp9pm1bevxbz9v4s7dtu8wq020uerwayssmdjwjkhkdfbgo2niw162d7i1xb4pb596mtorg8cadn8e1coqvz8cx/Exclude_counts.table.json", "_latest_artifact_path": "wandb-client-artifact://8ddgsk2iv1wopmsa3coytq129tlikquvhs8erhmo1ztmb3km3wmiodyajy99qb50drsn0g9b69s72twirwwvo4xrm91mj2g7t2w96efldsau1ce8drimy0fl7ubox2yn:latest/Exclude_counts.table.json", "path": "media/table/Exclude_counts_255_ef52b237b8fb84fe8f03.table.json", "ncols": 2, "nrows": 1}, "_wandb": {"runtime": 874}}