{"train/loss": 0.0003, "train/grad_norm": 0.009150714613497257, "train/learning_rate": 2.971175166297118e-05, "train/epoch": 14.0, "train/global_step": 2338, "_timestamp": 1739722858.7462406, "_runtime": 2129.2000164985657, "_step": 297, "test/loss": 0.9833993315696716, "test/accuracy": 0.8392857142857143, "test/precision": 0.6489184826472962, "test/recall": 0.6408965062623599, "test/f1": 0.6388447100283459, "test/runtime": 4.4241, "test/samples_per_second": 37.974, "test/steps_per_second": 4.747, "epoch": 14.0, "train/f1": 0.9778241911282549, "train/accuracy": 0.9940074906367041, "train/precision": 0.9889871490469101, "train/recall": 0.9685719809498856, "val/f1": 0.7395434080194926, "val/accuracy": 0.8802395209580839, "val/precision": 0.7808836996336996, "val/recall": 0.7079166666666666, "val/loss": 0.9267499446868896, "eval/loss": 0.9393677115440369, "eval/accuracy": 0.8562874251497006, "eval/precision": 0.7436205128205128, "eval/recall": 0.7404166666666666, "eval/f1": 0.7400340825985567, "eval/runtime": 4.3985, "eval/samples_per_second": 37.967, "eval/steps_per_second": 4.774, "train_runtime": 2116.4285, "train_samples_per_second": 18.923, "train_steps_per_second": 2.367, "total_flos": 4917766273136640.0, "train_loss": 0.2676930495147841, "label_metrics": {"_type": "table-file", "sha256": "e4700edbd21a8280d06ba1af4b6631f729052445ff5520a947c7cd68109a3f14", "size": 553, "artifact_path": "wandb-client-artifact://oe8jg10u6wp76pyog10z6s0ts7v3mlvhpoy8n5fi3pwjpafu836ubl3ya4rzvtvscfbdpltfe8judyhyedt545uk2wwm84e0xfj3xrfurcpleqms2vc0ny3g9rraoy2z/label_metrics.table.json", "_latest_artifact_path": "wandb-client-artifact://f2xmimzkjsd7ibjdmtx80in2yuv4zqwq5oidfo0dv1ptopd65anoqeiltah1sti2cay2ffm0s0o59bp30j2d7nl2vaiywaxatlsgw3co6osmr1exix1igh7olcwlm2gc:latest/label_metrics.table.json", "path": "media/table/label_metrics_292_e4700edbd21a8280d06b.table.json", "ncols": 6, "nrows": 5}, "test_predictions": {"_type": "table-file", "sha256": "91250d4e0e322375c681747c11fef9e52366f69de8f849026ab8b3003f84bfc7", "size": 87971, "artifact_path": "wandb-client-artifact://nqx98qxyt9qjbhvajsrv1xpbz6p8m8gzl0fcdcbl44ta3b5tetaxjqwu7iw7abciwrr185bs7vyff7tnnjjrppp9h3xpv4aitdvwou4sogujfgvy4skxsc52l0u928te/test_predictions.table.json", "_latest_artifact_path": "wandb-client-artifact://iemzgiutlril9p5b4f6n063sghsdlribemqonu69hu48i483t6soouqccp1s8zkwcs7ua22pcyzapcdsv6zu8hnvp3sfwji7aallk8451gl8xik5zw5i1kedq2mv9hhm:latest/test_predictions.table.json", "path": "media/table/test_predictions_293_91250d4e0e322375c681.table.json", "ncols": 8, "nrows": 168}, "test-metrics": {"_type": "table-file", "sha256": "9c04b991fb01c81ec816c6fb1f42dcb1703306070369b75db174372fe9290296", "size": 190, "artifact_path": "wandb-client-artifact://wcg19yxac3256scpab0i1zkj4lt14eok1eajszr9f8yui1fpanf9j3nxblpiamz9oez1h4x9mx4idoefracjivwziq7s3qczw2iv4l0nhq7e2cv80ua3ff5fufp2556e/test-metrics.table.json", "_latest_artifact_path": "wandb-client-artifact://pyub66o72cvpj8pinks8bs5z49y5kz9e8gre3pjfywnwju6sn8y4w312pl94xgyky06zmaz2smu4uh4wb19c5vjqdc0ohhg6exx1i2ftpfcvh6hdc8cyr0o9mm4mpmu2:latest/test-metrics.table.json", "path": "media/table/test-metrics_294_9c04b991fb01c81ec816.table.json", "ncols": 5, "nrows": 1}, "test_connective_metrics": {"_type": "table-file", "sha256": "fea732fa32e7849b5c8d0dfaefc9635e344dde9f9402f077b5e263b08a9bd8a6", "size": 409, "artifact_path": "wandb-client-artifact://qzn3s51nn1lj8320m57fjb8l1urktn5g6qzhex88axz76ee3bnje0dxtvhn0e31b0vlm9rsiauh4yelk5lkkg9hhsxi1tl6fbdix14ahbej6rq002prg8leqi098rsjd/test_connective_metrics.table.json", "_latest_artifact_path": "wandb-client-artifact://i5zzrbyrzwcnpa5kbk4k6akqchtdf7hr5oh1y4lcsurevj5hxuhk44589l188cofhy4gl5dk3m2mk00b89l0585ogw9j9ta6y0509l6hhree03tkmv4e94e2ngpzulu3:latest/test_connective_metrics.table.json", "path": "media/table/test_connective_metrics_295_fea732fa32e7849b5c8d.table.json", "ncols": 6, "nrows": 3}, "Exclude_counts": {"_type": "table-file", "sha256": "3a3e16eee488be4d9705c81c282778d2e17c222f184cef71ed7ae945012d1110", "size": 66, "artifact_path": "wandb-client-artifact://kk99916w25nkjxdwuysjj5vg1g5h7n6j57zwcdlv5r0r9x4lrhefj6s9sqsupi2pg9fyi3udkfrtytd2szumdlofbp3ca2b246edlpmdxqz6l33wmbqzg6i5aq0q4wjs/Exclude_counts.table.json", "_latest_artifact_path": "wandb-client-artifact://28ktn37ejk7t0bcp01o1gqoz9d0nldvyt1f053mzlksk38f7xmh1buzbpkkyrvklr5av4kiz8565ex6q48eu46vsi7ho010pntpw3ui0ewlciz9qkpltqbvpo3ra29mi:latest/Exclude_counts.table.json", "path": "media/table/Exclude_counts_296_3a3e16eee488be4d9705.table.json", "ncols": 2, "nrows": 1}, "_wandb": {"runtime": 2136}}