{"train/loss": 0.0027, "train/grad_norm": 0.3536112606525421, "train/learning_rate": 4.0798226164079826e-05, "train/epoch": 8.0, "train/global_step": 1336, "_timestamp": 1739609548.8938544, "_runtime": 1222.1746273040771, "_step": 173, "test/loss": 0.7057783007621765, "test/accuracy": 0.8392857142857143, "test/precision": 0.7400014867677669, "test/recall": 0.5757745550428478, "test/f1": 0.570178265435852, "test/runtime": 4.4279, "test/samples_per_second": 37.941, "test/steps_per_second": 4.743, "epoch": 8.0, "train/f1": 0.7766900460195075, "train/accuracy": 0.9865168539325843, "train/precision": 0.7698244208417286, "train/recall": 0.783848570627673, "val/f1": 0.6172693005723858, "val/accuracy": 0.8622754491017964, "val/precision": 0.6072562083585705, "val/recall": 0.64375, "val/loss": 0.8486812114715576, "eval/loss": 0.7133908867835999, "eval/accuracy": 0.8562874251497006, "eval/precision": 0.7459159039071063, "eval/recall": 0.7162499999999999, "eval/f1": 0.639134325929542, "eval/runtime": 4.4015, "eval/samples_per_second": 37.942, "eval/steps_per_second": 4.771, "train_runtime": 1209.3935, "train_samples_per_second": 33.116, "train_steps_per_second": 4.143, "total_flos": 2810152156078080.0, "train_loss": 0.41129176025027914, "label_metrics": {"_type": "table-file", "sha256": "986e5be24b4072cb64f190dbe0b38d1ffd8ad57c80e88d2f11e54007b75a8020", "size": 547, "artifact_path": "wandb-client-artifact://7upy8ox5cnio9hnjdfnzx6n8ucucu114adgksbit7dgqbqs7hb54qpw0jpne90ao1bkghwb7svy60p9dhnskf1lx8cfdqtkdrec53rlbquxjl9tbcr1qiq797wyeablu/label_metrics.table.json", "_latest_artifact_path": "wandb-client-artifact://662wo02tedfshlwaokehibpk3klj1waz55afuxbxl4l98zin84hodg3xbx9g041g2myg9673uxxhiai183av0ue7q3s40zyd1ggabif572f307gu7ukz0ayidhe7fuf4:latest/label_metrics.table.json", "path": "media/table/label_metrics_168_986e5be24b4072cb64f1.table.json", "ncols": 6, "nrows": 5}, "test_predictions": {"_type": "table-file", "sha256": "bfb43d0d0400919fdfbbab09a99f63dd1322200f9a59299caff23a0bc37db004", "size": 90471, "artifact_path": "wandb-client-artifact://q7r5tujnva5ve8uxk98s6v398eycrliqr599s7697z1i8s975jbiemrobr89o2j0wvwuuizxkpi8g4gw7zkim25ldrdooz5qnh8g1vhgw246hc668mjcc94wa2i6o5a7/test_predictions.table.json", "_latest_artifact_path": "wandb-client-artifact://owfbpwl64bpkpai7g3drg3jdemo6bnnsxo3352i4ig8fvh2jizp79x4kiyty8620216ma59ooew2ubdwj8y7gobt1w7ogj9l6cxy13z7keja2hmkc5u2e7chkaydoj1a:latest/test_predictions.table.json", "path": "media/table/test_predictions_169_bfb43d0d0400919fdfbb.table.json", "ncols": 8, "nrows": 168}, "test-metrics": {"_type": "table-file", "sha256": "b144c91453a6a7f1944dbf1d7ef2e92d52a52800c078864786951a2faab6efca", "size": 193, "artifact_path": "wandb-client-artifact://81ya4v2tf296z65ftllf9bu1h95v8ivsxu722giwzi8wjlfdjxaz2o9igms9swtf18mvzwzsmsl196wruh1rxk8tmsp71tcs62ndmxe28w6q8u5yhzws0k03mk1usuku/test-metrics.table.json", "_latest_artifact_path": "wandb-client-artifact://m5t9y8xz2jf0s48pq7yh78rzajda6wy64ryf6xjt1u0v6uk23ieorc3w3wunukf0oakv89aj6jo52hz42nhsbdoes48j4vb132w210ylwnqyt3rka1xxfe7qvicey2nv:latest/test-metrics.table.json", "path": "media/table/test-metrics_170_b144c91453a6a7f1944d.table.json", "ncols": 5, "nrows": 1}, "test_connective_metrics": {"_type": "table-file", "sha256": "7878fbe9c9a833ffa85894a477bcf5bd2017832792829d1eeaa42cd537177e5d", "size": 416, "artifact_path": "wandb-client-artifact://4omkzamsaov5se816spk0zw392u8z66mwd8oealzj8t6jme2eegkethfgun1yc4hqpd997zfla85j2mf8nnhqkv5o2isszak2t55yxilx21rtllypsav4qjwxe4p3st2/test_connective_metrics.table.json", "_latest_artifact_path": "wandb-client-artifact://usescsze8tny0xa3rc0b6gazno6cvlfv6ya9u3y0e263xvfjlmmup7kbaoalfng7zvg7e2pjudvdwwvixygsawufzt7c5r1eseybh8anvs4vntxcty6tym7tx3et7cjs:latest/test_connective_metrics.table.json", "path": "media/table/test_connective_metrics_171_7878fbe9c9a833ffa858.table.json", "ncols": 6, "nrows": 3}, "Exclude_counts": {"_type": "table-file", "sha256": "082fcc874914d75958d68e780085931cf5c17034575e8b060f4acd16accf2d9e", "size": 71, "artifact_path": "wandb-client-artifact://kp98ei2ftvcy3g3dk4d7wy1b8v3orga6veuw67im7kofw9540uvkdep7rr991exeymt337kl2wq7dcxuraq4b2m7iz8v0kc62qjh85lh24le5m6ado9sfphxtgvzyaki/Exclude_counts.table.json", "_latest_artifact_path": "wandb-client-artifact://g58ekbyf366c0sidzt95u045r33l2psphggt4uyq9z3g9vqo7z36s3r3b8sinb84ecmq4mg3sm29zpu58iaa12kzetd7l42j6t0nipt53q5m9yok3s1labp16253ipx6:latest/Exclude_counts.table.json", "path": "media/table/Exclude_counts_172_082fcc874914d75958d6.table.json", "ncols": 2, "nrows": 1}, "_wandb": {"runtime": 1230}}