{"train/loss": 0.0006, "train/grad_norm": 0.011876694858074188, "train/learning_rate": 4.0798226164079826e-05, "train/epoch": 8.0, "train/global_step": 1336, "_timestamp": 1743016311.0242486, "_runtime": 580.0246376991272, "_step": 173, "test/loss": 0.7110505104064941, "test/accuracy": 0.8511904761904762, "test/precision": 0.6766666666666666, "test/recall": 0.6126983080641617, "test/f1": 0.638515406162465, "test/runtime": 1.8802, "test/samples_per_second": 89.351, "test/steps_per_second": 11.169, "epoch": 8.0, "train/f1": 0.966131872282336, "train/accuracy": 0.9902621722846442, "train/precision": 0.9967005670469937, "train/recall": 0.939482322782603, "val/f1": 0.7378605330412559, "val/accuracy": 0.8802395209580839, "val/precision": 0.8450623525446579, "val/recall": 0.7620833333333333, "val/loss": 0.7759152054786682, "eval/loss": 0.5314611792564392, "eval/accuracy": 0.8922155688622755, "eval/precision": 0.8704807692307692, "eval/recall": 0.7808333333333334, "eval/f1": 0.7935828168864876, "eval/runtime": 1.8686, "eval/samples_per_second": 89.37, "eval/steps_per_second": 11.238, "train_runtime": 572.5604, "train_samples_per_second": 69.949, "train_steps_per_second": 8.75, "total_flos": 2810101761515520.0, "train_loss": 0.3220054401652218, "label_metrics": {"_type": "table-file", "sha256": "514e785b9a042699465662ef11cfe82e723f579ad3268a5127013665c305e066", "size": 581, "artifact_path": "wandb-client-artifact://7v1bcwhbb3ljlhwz2qd39aow3lfdfgs4f0k6esmaimqddkwi8unodwnp8ewtv6ida7c11u2etzie4p2rbvcj3jl74ndkooqo78nr0hgd0obd1aly0nqbprk0fuk1a5na/label_metrics.table.json", "_latest_artifact_path": "wandb-client-artifact://20x4esordokrqxtviqeksnwb5gvur89qh07rtd562w2u8khyc0w93dwljbtlbeihk4zo5obhpfg9cr2el9imktyz6b56y5tmpvhbqc52mv0mk4akgwqru1tazkyyuaw8:latest/label_metrics.table.json", "path": "media/table/label_metrics_168_514e785b9a0426994656.table.json", "ncols": 6, "nrows": 5}, "test_predictions": {"_type": "table-file", "sha256": "9e2ed2809e60d6c51b0008dcf378ab64a9c9f79e6dd50b3cfbb3ec57b10c42d9", "size": 88216, "artifact_path": "wandb-client-artifact://8tmyxm1iax6yfnyumyv90r1mw838tmj0dis6aso4pnzs8yrj3ug8lx6euh5sv3f3j8fm82rzolggxbqqno450weukuax2b24hwhjs01e84mryu5kzxg2sikcrdmik6kt/test_predictions.table.json", "_latest_artifact_path": "wandb-client-artifact://tr79duz7x8wxl0sc6i8qt29nrssphdqbyl13kn2w3jn92h5aw1wq0347g64bi9af4eucp53q7udsn4bb91z1tm1w6pmxvmi2j0jqrdmphq898i4rcrrypzp9frh808cm:latest/test_predictions.table.json", "path": "media/table/test_predictions_169_9e2ed2809e60d6c51b00.table.json", "ncols": 8, "nrows": 168}, "test-metrics": {"_type": "table-file", "sha256": "cc7f1fe8ef84b257300a39eee5aae379176ab0032866838b55235d22ad74fe90", "size": 200, "artifact_path": "wandb-client-artifact://9134zs2wb4obpgwinq9msykza1mt8ck6y8ny3l5cuuz5ilpofj6nh2xlyapzk3j4xov1wa951pfpwy7tji9teenqi08sl7urx5m6606eh5yv1u7fpt2zhnc2zoxxof8a/test-metrics.table.json", "_latest_artifact_path": "wandb-client-artifact://q3c8uh6451vozyvym0g06a2omi38ylneh5p45v0uthw5zvkqjlh8mg09j3emt9kj1c07vyl06drmv82wf1yhiedui5ll33it1xxtc8lpyb5nk22pw7g9no9inbnlfu5a:latest/test-metrics.table.json", "path": "media/table/test-metrics_170_cc7f1fe8ef84b257300a.table.json", "ncols": 5, "nrows": 1}, "test_connective_metrics": {"_type": "table-file", "sha256": "fbab77d7c8a3134fb6364395db0441fb0e41ba38d879ff1a98a3164fce5ff3ce", "size": 442, "artifact_path": "wandb-client-artifact://l1s8kt3exww8hdp63eegseuvbb47u6selrgwvld9d56tz4sdmqtvm1j9z420jnvy3i0a7wc3o1985u7r5ii8w9y957ls65cd3vy60l3ofvhe9wohkoqsugxbqjzlpwe0/test_connective_metrics.table.json", "_latest_artifact_path": "wandb-client-artifact://slk8yw3nv95e8h3wppw9eb6azccfv7fvj7msjnppq1t9e08r0t0kfjhfs2t1fk6awouvc0oly8fvrl9jc4jx4osgfwggwxbgimvunz1y130uf4pori6ak44g34zthrhg:latest/test_connective_metrics.table.json", "path": "media/table/test_connective_metrics_171_fbab77d7c8a3134fb636.table.json", "ncols": 6, "nrows": 3}, "Exclude_counts": {"_type": "table-file", "sha256": "77258b7129a4391441f72a7439756a1d881e220753ec917f090c57798cc106a7", "size": 79, "artifact_path": "wandb-client-artifact://53yvkotyuj76tpd1h1kwx0ssintko2zazptdgi93nglhnelvj71jzw9o9pyak6pqp6evs4sdukceapvlkxehds78sitr10upnx2kjq12u9c3k63d45t7f5dubvx4upx4/Exclude_counts.table.json", "_latest_artifact_path": "wandb-client-artifact://7unmg2gwz9f7vjlzvje33y4dqdv2rnrrmxrxejz7as13svcp1nfm70zqm2dba45ge1tbvom0gmqtkrwqi4mevjh7o8o8vk26cflxqcyabp4n728akqw2s3dll6pfx0qy:latest/Exclude_counts.table.json", "path": "media/table/Exclude_counts_172_77258b7129a4391441f7.table.json", "ncols": 2, "nrows": 1}, "_wandb": {"runtime": 588}}