{"train/loss": 0.0844, "train/grad_norm": 41.661617279052734, "train/learning_rate": 4.0798226164079826e-05, "train/epoch": 8.0, "train/global_step": 1336, "_timestamp": 1736634554.484519, "_runtime": 578.7503719329834, "_step": 172, "test/loss": 0.9230733513832092, "test/accuracy": 0.8392857142857143, "test/precision": 0.7673063820122644, "test/recall": 0.59089650626236, "test/f1": 0.5955800380352809, "test/runtime": 1.8503, "test/samples_per_second": 90.794, "test/steps_per_second": 11.349, "epoch": 8.0, "train/f1": 0.9988829680089364, "train/accuracy": 0.998501872659176, "train/precision": 0.9988829680089364, "train/recall": 0.9988829680089364, "val/f1": 0.6741394072171438, "val/accuracy": 0.8502994011976048, "val/precision": 0.7449533045977011, "val/recall": 0.6341666666666665, "val/loss": 1.186753511428833, "eval/loss": 0.7807343006134033, "eval/accuracy": 0.844311377245509, "eval/precision": 0.8382417582417583, "eval/recall": 0.6233333333333333, "eval/f1": 0.7013743589743591, "eval/runtime": 1.8385, "eval/samples_per_second": 90.834, "eval/steps_per_second": 11.422, "train_runtime": 571.2233, "train_samples_per_second": 70.113, "train_steps_per_second": 8.771, "total_flos": 2810101761515520.0, "train_loss": 0.3206446803823911, "label_metrics": {"_type": "table-file", "sha256": "ec815cf14e50484f1e03c75b50e7d796e732d22c0863e48cfc29c4699918417c", "size": 496, "artifact_path": "wandb-client-artifact://808es3xx4cz9eby25von56wzdesieblz1gbnevtssyai0hljoao3j8662x5w1mmjx8zhyrqajwvs35s3ponnpgy3n8qymqzilwll1ilq6435ykumx1lprt03w0w0062y/label_metrics.table.json", "_latest_artifact_path": "wandb-client-artifact://5wckno7hv95b776tbxcp6cyx1gsogy9tcfld2023iictrntz9z7co1pdocuiwe6wo2e66q8edxbuoxf17holc8js4574t9ke2n3ig2w7uaps7mf0lelddl30ybsqus5f:latest/label_metrics.table.json", "path": "media/table/label_metrics_168_ec815cf14e50484f1e03.table.json", "ncols": 5, "nrows": 5}, "test_predictions": {"_type": "table-file", "sha256": "190b1b52bd17d91b91af43f02f5fa3b3c3e75510b02688f4cdf1597e8aabcff1", "size": 55268, "artifact_path": "wandb-client-artifact://kdcx8d7mjzidxv8mlcr051nlvvkant0ox9anx0vyup9xtq58x2fvnxg0jnuuklav0z90h893gzl8hd86ows5mflm6mvs9ck0yinabcy561b9l8de1eqjj0f7guiz7xfs/test_predictions.table.json", "_latest_artifact_path": "wandb-client-artifact://1ehqiyrv6qwfttcith41c51lajduiwjftmiguu6mjhrtdcq5eqyzu8ip6wibjtcgusdh1k2d7ttv8b4rj33bn3dsybjhcsmbsaqpqyohlplss8z1nt99dyyoq8yyzvbu:latest/test_predictions.table.json", "path": "media/table/test_predictions_169_190b1b52bd17d91b91af.table.json", "ncols": 8, "nrows": 168}, "test-metrics": {"_type": "table-file", "sha256": "329151f7b92fc4758271d842748513ee7990ee977f9018f4dd507c95d26b8609", "size": 193, "artifact_path": "wandb-client-artifact://wul9s5h911aeh2v563sw0nl6xahidp02s67bzb5rjo4modd8n5gz5zzacvc3ts5fmoc72cs4ahgz7cj156lh3z7jarr7sex8ydcnfe208rozqh2b5r3tt8iboo6nqzrc/test-metrics.table.json", "_latest_artifact_path": "wandb-client-artifact://df3bhu0kgvy3i5e3rsyqehnlinur3is2ky4hr7kwbpw8a59mlpih3evzn3jc6z8r54ulw2a4gbcreowu9l4m8ip79f6rw0n9icxib0lk3h8kg0smhytx1t22xplgizzw:latest/test-metrics.table.json", "path": "media/table/test-metrics_170_329151f7b92fc4758271.table.json", "ncols": 5, "nrows": 1}, "test_connective_metrics": {"_type": "table-file", "sha256": "867f1953ddff72583e6e296f2d38ce14fd4ef5351f4946c8fcd9d64d88257142", "size": 425, "artifact_path": "wandb-client-artifact://sjk6pymztixp43m8grg7pfwstxio3l1rkbnro9yidpjuulynr7s9kb7t020zg5hoo5k82236zdz6f43pn1jttgosfdbfdtsf08brg8l77wf3k322e4l6r5efswiltndh/test_connective_metrics.table.json", "_latest_artifact_path": "wandb-client-artifact://p6api3v1957a1g5bw9kyodb1t07don79xgsuece1a3etem0x768izzppv3zgcjkt1qwgeqngjwanybo4bby9ugpawh58i2jx66xrvopvzqny66a4o08troxwm7tnlovm:latest/test_connective_metrics.table.json", "path": "media/table/test_connective_metrics_171_867f1953ddff72583e6e.table.json", "ncols": 6, "nrows": 3}, "Exclude_counts": {"_type": "table-file", "sha256": "1f0d06d48839b9ae3561b5aa2af5ae36957124ba92ec2076d20ea5c56a172744", "size": 75, "artifact_path": "wandb-client-artifact://okqwg45bzdekqb1ftf3uuyq10w4rp95qcyywijz27yvunuru8gev9188y5smyuzgxke6gql5zu7c3wxrmpq8rrmfx3j0tk7w21ndpeq1zysqaa1749wdxpf08hcj33ik/Exclude_counts.table.json", "_latest_artifact_path": "wandb-client-artifact://kzte38sx4kevuu70cbjdycibnmsk64neq80c1bhyy0mh2pzc5ou06latmooe7gke3hbacfw17uhr6x7jrcrjfexn587zbbq0ln1hyyg3ajd08rpaqv79dhey83tjoqdt:latest/Exclude_counts.table.json", "path": "media/table/Exclude_counts_172_1f0d06d48839b9ae3561.table.json", "ncols": 2, "nrows": 1}, "_wandb": {"runtime": 586}}