,cfg.experiment_type,label,test/precision,test/recall,test/f1,test/acc
0,latter-only,逆接・譲歩,0.7037037037037037,0.4634146341463415,0.5588235294117647,0.5588235294117647
1,latter-only,同時進行,0.8062015503875969,0.9369369369369369,0.8666666666666667,0.8666666666666667
2,latter-only,時間,0.5,1.0,0.6666666666666666,0.6666666666666666
3,latter-only,場所,0.75,0.75,0.75,0.75
4,latter-only,その他,1.0,0.4,0.5714285714285714,0.5714285714285714
