{"train/loss": 0.0774, "train/grad_norm": 0.013487724587321281, "train/learning_rate": 3.7028824833702884e-05, "train/epoch": 10.0, "train/global_step": 1670, "_timestamp": 1739021932.2290013, "_runtime": 1515.1544752120972, "_step": 207, "test/loss": 1.2546292543411255, "test/accuracy": 0.8203592814371258, "test/precision": 0.7608465608465608, "test/recall": 0.5520833333333334, "test/f1": 0.6145520849849373, "test/runtime": 1.8459, "test/samples_per_second": 90.469, "test/steps_per_second": 11.376, "epoch": 10.0, "train/f1": 0.9864626960063761, "train/accuracy": 0.997003745318352, "train/precision": 0.9757512937595129, "train/recall": 0.9984837664121299, "val/f1": 0.6145520849849373, "val/accuracy": 0.8203592814371258, "val/precision": 0.7608465608465608, "val/recall": 0.5520833333333334, "val/loss": 1.3462836742401123, "eval/loss": 1.2546292543411255, "eval/accuracy": 0.8203592814371258, "eval/precision": 0.7608465608465608, "eval/recall": 0.5520833333333334, "eval/f1": 0.6145520849849373, "eval/runtime": 1.8457, "eval/samples_per_second": 90.48, "eval/steps_per_second": 11.378, "train_runtime": 1513.0844, "train_samples_per_second": 26.469, "train_steps_per_second": 3.311, "total_flos": 3512627201894400.0, "train_loss": 0.26766118275944123, "_wandb": {"runtime": 1514}}