{"train/loss": 0.4519, "train/grad_norm": 3.379243850708008, "train/learning_rate": 3.8913525498891355e-05, "train/epoch": 9.0, "train/global_step": 1503, "_timestamp": 1739891037.7377436, "_runtime": 1384.5336446762085, "_step": 194, "test/loss": 0.9014069437980652, "test/accuracy": 0.7797619047619048, "test/precision": 0.6840632603406326, "test/recall": 0.46649088112502746, "test/f1": 0.48311152241612315, "test/runtime": 4.4336, "test/samples_per_second": 37.892, "test/steps_per_second": 4.737, "epoch": 9.0, "train/f1": 0.6954016750540657, "train/accuracy": 0.9235955056179775, "train/precision": 0.8766197107212444, "train/recall": 0.696662587719007, "val/f1": 0.5384177704648293, "val/accuracy": 0.8383233532934131, "val/precision": 0.6675213675213675, "val/recall": 0.5954166666666667, "val/loss": 0.6022273898124695, "eval/loss": 0.675814688205719, "eval/accuracy": 0.8383233532934131, "eval/precision": 0.7476190476190476, "eval/recall": 0.5583333333333333, "eval/f1": 0.547060504507313, "eval/runtime": 4.4069, "eval/samples_per_second": 37.895, "eval/steps_per_second": 4.765, "train_runtime": 1371.7742, "train_samples_per_second": 29.196, "train_steps_per_second": 3.652, "total_flos": 3161421175587840.0, "train_loss": 0.5769142792055152, "label_metrics": {"_type": "table-file", "sha256": "775b0a8d478f60a39c1621b1808be51a8a49ffbcd059ad12460e266121d7efb8", "size": 663, "artifact_path": "wandb-client-artifact://t4usg2e5pveo7e2ql3a1o470izkuxhb568lp2dm32948v9u6tpr0fo13fjczlvwixinctkc2xkuo6lit9mz2sxn7zsmptvf9l23ghau3xjc6s3fme1qthf0l7k1m67tt/label_metrics.table.json", "_latest_artifact_path": "wandb-client-artifact://ge0h5bsy4glmd1nmon3f2jx88hoj651hspx180pdlbo510cd9w63orzn0kcc2n1ztyxddeodc6zdiptttty72xa6r9yjv1uyawt2l22jd3mbe0c8nbmyu1qc35vqk4gi:latest/label_metrics.table.json", "path": "media/table/label_metrics_189_775b0a8d478f60a39c16.table.json", "ncols": 6, "nrows": 5}, "test_predictions": {"_type": "table-file", "sha256": "8897e13882c64b713219b5ea101d3e0592719d9701f26c22aa9345a65c526938", "size": 139757, "artifact_path": "wandb-client-artifact://gucvld8yyzke8eoglmirpiueddzyphpmvw3v65uvceok0h5zzn1r1m5p99u61wmb6s7kadol0ui7ir0j18wgh7xhx5aam04msfyj6u8axual4zav2ogsva48edv1rxno/test_predictions.table.json", "_latest_artifact_path": "wandb-client-artifact://wu33l2c7sbo8ypoghcnuu6lq32ptq5xidi61jg4ad6ogcquwdn39kl1aevzogg5o63199evnsy41bsx5ny1q6ykwfknb5uir7bc4x71i0xzuphj98oxwnxqgg2umvnuj:latest/test_predictions.table.json", "path": "media/table/test_predictions_190_8897e13882c64b713219.table.json", "ncols": 8, "nrows": 168}, "test-metrics": {"_type": "table-file", "sha256": "4060d4f6695340a0e89973f744e101a54873f941a169da9563865d334be723ae", "size": 216, "artifact_path": "wandb-client-artifact://odcbj5ni99634hi2dlwz5mtd4409y1yry9db8fy242lpagq9e8ao7ls8szqvpjjbbnxee0y4w4m63nk5ql8fdw738wypd4ze17upz7j3g15cs7vdjb7w9dnsd8dm404c/test-metrics.table.json", "_latest_artifact_path": "wandb-client-artifact://wtvfo2q7xio7x8c376dxewp4qx2gne9ww9zqmxb1yhsnspgwg0ylp1ux4f4u2uqj7fyj2vy405q73l4cxo08e1znby3t93o5o3xtf18mvskh084v59hbnt1p6wz17ne7:latest/test-metrics.table.json", "path": "media/table/test-metrics_191_4060d4f6695340a0e899.table.json", "ncols": 5, "nrows": 1}, "test_connective_metrics": {"_type": "table-file", "sha256": "d78b480098a4eca3255e0e4faa597404d7ab20b509f98ee5cb9ee98cfe577f18", "size": 495, "artifact_path": "wandb-client-artifact://n6vpjmoo9augj0i1398uwpysuc4ams4gvgfkdoxrg8w47zgu99oxcs4csy45r512te34cvm53fvxd7cdyjtgibyginf9t5jautwnm8eg9ud78mdhsghfofzby7u761zy/test_connective_metrics.table.json", "_latest_artifact_path": "wandb-client-artifact://p1wg4fde6i4q5tuof4t33cwb0mjdmurwj8fskjcdjb1dgacx2zstvfzs0ywg0h0dmfglefqs6tpqqqmtlxvjvhgyfn6frwdb6e2rp75glkoi4g3pe6jyc41is14vxbaq:latest/test_connective_metrics.table.json", "path": "media/table/test_connective_metrics_192_d78b480098a4eca3255e.table.json", "ncols": 6, "nrows": 3}, "Exclude_counts": {"_type": "table-file", "sha256": "c34a277c71c512b8edf166c56baf83d9cf5f1d112b0d9e9e2b7fd47129239695", "size": 93, "artifact_path": "wandb-client-artifact://zhn760hchftoeqlafqo2pbe0i7hcltsxi7o62jvkg80fslvkk0wzj7dlm776v5rl5kz3mypd8mbeyghiyzdmuhdxqcosweikcyrk6ydmh12hsc43rxb8q3kqbna3b1ef/Exclude_counts.table.json", "_latest_artifact_path": "wandb-client-artifact://2hbig61w0tr8g966rdc335hdfahma2xh5nfn95q6gqtonykof4a6ot2xtc6ak3xsawxbfujj44p4o7e85ak8gj4yc1us4i6nmjw7f1qgqxkv9d98vjv5ilpn7wdtv17e:latest/Exclude_counts.table.json", "path": "media/table/Exclude_counts_193_c34a277c71c512b8edf1.table.json", "ncols": 2, "nrows": 1}, "_wandb": {"runtime": 1394}}