{"train/loss": 0.0004, "train/grad_norm": 0.007636054418981075, "train/learning_rate": 3.7028824833702884e-05, "train/epoch": 10.0, "train/global_step": 1670, "_timestamp": 1736756049.887591, "_runtime": 723.1436059474945, "_step": 214, "test/loss": 1.296788215637207, "test/accuracy": 0.7797619047619048, "test/precision": 0.769899785254116, "test/recall": 0.6567501647989453, "test/f1": 0.6309423327070386, "test/runtime": 1.8784, "test/samples_per_second": 89.436, "test/steps_per_second": 11.179, "epoch": 10.0, "train/f1": 0.9776065551549546, "train/accuracy": 0.9940074906367041, "train/precision": 0.996972294672333, "train/recall": 0.96016520341714, "val/f1": 0.7306041784302654, "val/accuracy": 0.8203592814371258, "val/precision": 0.8003595946387708, "val/recall": 0.7070833333333333, "val/loss": 1.198612093925476, "eval/loss": 1.0707435607910156, "eval/accuracy": 0.8383233532934131, "eval/precision": 0.8691176470588236, "eval/recall": 0.7354166666666667, "eval/f1": 0.7712625915750915, "eval/runtime": 1.8653, "eval/samples_per_second": 89.529, "eval/steps_per_second": 11.258, "train_runtime": 715.2494, "train_samples_per_second": 55.994, "train_steps_per_second": 7.005, "total_flos": 3512627201894400.0, "train_loss": 0.2767251687001682, "label_metrics": {"_type": "table-file", "sha256": "489711ea40e0c8a110670992f01e39fae0d236067143750e0380257b4e27649d", "size": 608, "artifact_path": "wandb-client-artifact://97ed4rrlxkzx56hm70n462rgi9r20j63r44ig31vu027qiew5km9mcm0v0fmnkecivaw3hrrpfrwg0wulrdmtzgcdm0pylczswfrduany7gjls0522a7dtefgob4libn/label_metrics.table.json", "_latest_artifact_path": "wandb-client-artifact://dznfgux1mnklqkj3frjj8ibm8tne0ic7fn31pjw5s6vhjgvh5wcgm44ffnokuix6mp3xvzgut74nr5bat4uxotayc2lrv8g01wy9ixv5k6kxt6pg5935tnhom8hepfyp:latest/label_metrics.table.json", "path": "media/table/label_metrics_210_489711ea40e0c8a11067.table.json", "ncols": 6, "nrows": 5}, "test_predictions": {"_type": "table-file", "sha256": "f5359f2f622c527267bfde116af37fc2c22119fe53e2efb6156db07609ad2085", "size": 75016, "artifact_path": "wandb-client-artifact://febnkg9obxhnqnefqemo1ar89jn7xddh7rpgievlukxi6a409wqxcz4j2uc64uo3tifaunlqj005hrjanws5g9d69f8i67c1etjcct0bd1sra4rwlr5oqy9oo0f6q8ll/test_predictions.table.json", "_latest_artifact_path": "wandb-client-artifact://kokb1czh9sqsxny9bt2u05w5d0hxhj5utq97iw70izwgh5o2454ut749ucajn0zmzle9tk8ueuq1bnjnvs7gaxt4jmqig1hssi7x36tl875mc7kxs1yipqjsbhhq8d57:latest/test_predictions.table.json", "path": "media/table/test_predictions_211_f5359f2f622c527267bf.table.json", "ncols": 8, "nrows": 168}, "test-metrics": {"_type": "table-file", "sha256": "f02a1347325686c986d5fb1fecb7f8a44ac49c460b37928caa7d6801e4a99758", "size": 199, "artifact_path": "wandb-client-artifact://m1tcdunto5sh345e0sf1wtzyb3fx0388n5mx57rvqfdh5x74l5loizsyqgjx9lzd85byz9ehgt472wclpckzavzk9sdjccu86wi7iva3lyg3fmd7vfrbf6kzbv4zndj9/test-metrics.table.json", "_latest_artifact_path": "wandb-client-artifact://s43tfy7epxownqq7fokvef2osv9kivkjpz9y4mgv9ofw7y4q55431kidqdmizs4sbw6cw496e2vrot9qe6im6d0pwltjyc8xwlmpjhd2ny9unckbf8jqvvjgyqf411aw:latest/test-metrics.table.json", "path": "media/table/test-metrics_212_f02a1347325686c986d5.table.json", "ncols": 5, "nrows": 1}, "test_connective_metrics": {"_type": "table-file", "sha256": "1070384bd59e27e1f4b918f818cc697fbb749455357ad0a746c3c4bd72973c3a", "size": 412, "artifact_path": "wandb-client-artifact://i0b5desduyd0m9ji1q6eu8at2vkgu3d6afmvfvvldzavp9q5lo2n5vu1efh3opemd29hw2tczknymew0690iky3cfwo46ok4bxfvd1ti7ijalwlmqtry5p40z202jiwp/test_connective_metrics.table.json", "_latest_artifact_path": "wandb-client-artifact://8shgjthjzthgfulq294r02pmq3ng0i6gm42pc300w85e6vsquhutgxnz0l9u7egd7uz4bg3u1eiknnjc41kig7pp9xsdpm5s6s7yn2hkbl8sa9s9bk7yusxzcuewsgzp:latest/test_connective_metrics.table.json", "path": "media/table/test_connective_metrics_213_1070384bd59e27e1f4b9.table.json", "ncols": 6, "nrows": 3}, "Exclude_counts": {"_type": "table-file", "sha256": "e1c9680c5dbf27c108a9c47e201f13cfb20008c24fc3198b33ecbe61bb69d2a1", "size": 79, "artifact_path": "wandb-client-artifact://l10llj1a4tzx9o34644utkdqou9he9izwcled09nwyiptssfnowqmxpr3kdvh0xzcgolz4cdci3cbjot1p3b6q4bfpo0jo4ifn6vfrrgjt6ijhidy8mf06iii94la37c/Exclude_counts.table.json", "_latest_artifact_path": "wandb-client-artifact://q84y5j63vlhk0hye48brw599bhvsdvom6keatx9agel00qmw3otlt2wqpzcdk7rj1m7hznb7tonlrrx0xgfuawcxp2o4k70yso7yuv8c8d3k2gipnrhragqjsl2g9fnv:latest/Exclude_counts.table.json", "path": "media/table/Exclude_counts_214_e1c9680c5dbf27c108a9.table.json", "ncols": 2, "nrows": 1}, "_wandb": {"runtime": 732}}