{"train/loss": 0.0026, "train/grad_norm": 0.004575550556182861, "train/learning_rate": 2.971175166297118e-05, "train/epoch": 14.0, "train/global_step": 2338, "_timestamp": 1742963609.0672338, "_runtime": 1009.745983839035, "_step": 297, "test/loss": 1.0170108079910278, "test/accuracy": 0.8452380952380952, "test/precision": 0.8458452116988703, "test/recall": 0.6996220610854758, "test/f1": 0.7165201165201165, "test/runtime": 1.8788, "test/samples_per_second": 89.418, "test/steps_per_second": 11.177, "epoch": 14.0, "train/f1": 0.9778241911282549, "train/accuracy": 0.9940074906367041, "train/precision": 0.9889871490469101, "train/recall": 0.9685719809498856, "val/f1": 0.801299116203649, "val/accuracy": 0.9041916167664671, "val/precision": 0.8471555797891674, "val/recall": 0.7816666666666666, "val/loss": 0.6452038288116455, "eval/loss": 0.584615170955658, "eval/accuracy": 0.9221556886227545, "eval/precision": 0.8958004718570948, "eval/recall": 0.8608333333333335, "eval/f1": 0.8592598967297762, "eval/runtime": 1.8674, "eval/samples_per_second": 89.43, "eval/steps_per_second": 11.246, "train_runtime": 1002.2075, "train_samples_per_second": 39.962, "train_steps_per_second": 4.999, "total_flos": 4917678082652160.0, "train_loss": 0.2013047770295297, "label_metrics": {"_type": "table-file", "sha256": "8188bd97a2a30f1f64524d209172a54e561c470199d724e38427b0b961cef089", "size": 611, "artifact_path": "wandb-client-artifact://m9pqfxqwpql0zut4kdma0feagghz3j50otm3obp6prsdxl1fenltw1zuaxmc39hjswe93x8ejx8ft2m9nacu93xpbct29j8kibf2i2qmg5g8mfw545eq5y6910drrfen/label_metrics.table.json", "_latest_artifact_path": "wandb-client-artifact://pkjgdtcfy4z1ajp7vfrc7ctjjbrf7a3qfrm1akzdory8etjlqeu3wziy4qrs0x2x4tgqyopt3n5ish9660ri0r9tonk50yh7jqghf6y41ke0m3dpjwz56t615eaxfvzr:latest/label_metrics.table.json", "path": "media/table/label_metrics_292_8188bd97a2a30f1f6452.table.json", "ncols": 6, "nrows": 5}, "test_predictions": {"_type": "table-file", "sha256": "0a7fcba5f83c99aa66a11e994d711dc100dc63a28a219e434d11a60286fcaaed", "size": 87971, "artifact_path": "wandb-client-artifact://qdlq6wywtdxwr1qyedvs6857l3sz1w1meau6byfnyirzvkyhaeqjgvkkqczmy07wt0dnz1k9lqnye3omegtlkv24ris5shr6m9kwc2j12s32z92qdmb2a6imlqbs3vb0/test_predictions.table.json", "_latest_artifact_path": "wandb-client-artifact://3ry15lxh8427u6k75w73okj6llzj8xqkj0gxj8b3mcmqx83qrgocf27kj1mfwacwzehfsnebgsljy9qvjyieurolyy1xw9yjrq4pm0doprvr8npbwmor50d5ba4lxkb3:latest/test_predictions.table.json", "path": "media/table/test_predictions_293_0a7fcba5f83c99aa66a1.table.json", "ncols": 8, "nrows": 168}, "test-metrics": {"_type": "table-file", "sha256": "50e205299434221f8a207a4c959d7c1359de72487284b51d99f29ddf49464f41", "size": 190, "artifact_path": "wandb-client-artifact://2xpe2a55wguzzgxfimtasi3igjjylnkq6casy3cew9t5b0jw9ri0qd09p1n0n7bmnm30sycr0sdyf06wxfqws9xu77axk4wp77i4ypwipnheht5t28tyt73tia1sispo/test-metrics.table.json", "_latest_artifact_path": "wandb-client-artifact://a79ek53e0ifv2wtk1yuzunejcadqsw1qugpm4d8p5c6vrqlz67de0k49ce4v1q08qnnluxr8yan7guqufd4ob328npr0gftaixth12hvqp6x807y4ympu142wa5zhyi4:latest/test-metrics.table.json", "path": "media/table/test-metrics_294_50e205299434221f8a20.table.json", "ncols": 5, "nrows": 1}, "test_connective_metrics": {"_type": "table-file", "sha256": "005be2417a77974b775d9df9c151cdc2ca2b334b5e41189a65453ab1d3ba38ff", "size": 390, "artifact_path": "wandb-client-artifact://59hdqy4vg1rdh1a43q0kpy2hs4bq72i19plwm38bxqxqg0mv5uy9vn0sqzwu9pylu3qcdr70vd64j1ypptudfp9r6zvlggqgz3gx91wmhrif7mb7qixhysxslewz4zl3/test_connective_metrics.table.json", "_latest_artifact_path": "wandb-client-artifact://7bvofnb6rfa79n5pgn0gdic2pf2mhzf2t3c58oydq9mil5oi6pk8peimejnfqztth73smignejrdvgc5gu810m2xcmazlip5xdnrl5kjew7hzjc8rtwycz7mb0dm0gb6:latest/test_connective_metrics.table.json", "path": "media/table/test_connective_metrics_295_005be2417a77974b775d.table.json", "ncols": 6, "nrows": 3}, "Exclude_counts": {"_type": "table-file", "sha256": "3a3e16eee488be4d9705c81c282778d2e17c222f184cef71ed7ae945012d1110", "size": 66, "artifact_path": "wandb-client-artifact://vy86xtlxusrbhcrqnzprkve105buxikf4a9dmqjhxxarcm7t1zqg4zir209k6l04142vyn8ppxmi3ugkhvyfwi2rd8qbdztijwnqtwr0gz5cv8a32tyuk08qtqo890hi/Exclude_counts.table.json", "_latest_artifact_path": "wandb-client-artifact://95ftsotdxylezmvcbdciznlpjy1m7rgwpftue98e5a4etdr10vr8ru5uorvximqq3hnqv3ckzzmnlw35uz58wcojzkf87i9reegd35shqrwzcyogzid73pb02e349zv4:latest/Exclude_counts.table.json", "path": "media/table/Exclude_counts_296_3a3e16eee488be4d9705.table.json", "ncols": 2, "nrows": 1}, "_wandb": {"runtime": 1018}}