epoch,loss,accuracy,precision,recall,f1
0,0.001630409335375725,0.7955056179775281,0.27237546315356115,0.31247230310022156,0.2898938448360255
