{"train/loss": 0.0028, "train/grad_norm": 0.021386241540312767, "train/learning_rate": 4.0798226164079826e-05, "train/epoch": 8.0, "train/global_step": 1336, "_timestamp": 1738319548.3273637, "_runtime": 576.6624038219452, "_step": 172, "test/loss": 0.9516699910163879, "test/accuracy": 0.7083333333333334, "test/precision": 0.6990357350759582, "test/recall": 0.5146165677872995, "test/f1": 0.4366275880981763, "test/runtime": 1.8704, "test/samples_per_second": 89.822, "test/steps_per_second": 11.228, "epoch": 8.0, "train/f1": 0.7728785138574477, "train/accuracy": 0.9857677902621723, "train/precision": 0.9623089468230418, "train/recall": 0.7764586644837154, "val/f1": 0.4538760581523739, "val/accuracy": 0.7724550898203593, "val/precision": 0.6120775918635171, "val/recall": 0.4695833333333333, "val/loss": 1.078938364982605, "eval/loss": 0.7343991994857788, "eval/accuracy": 0.8023952095808383, "eval/precision": 0.7146773182957393, "eval/recall": 0.5983333333333334, "eval/f1": 0.5256893256893257, "eval/runtime": 1.8608, "eval/samples_per_second": 89.745, "eval/steps_per_second": 11.285, "train_runtime": 569.3278, "train_samples_per_second": 70.346, "train_steps_per_second": 8.8, "total_flos": 2810101761515520.0, "train_loss": 0.48573018623164627, "label_metrics": {"_type": "table-file", "sha256": "c29f3af676333ded97773acd689de557f3ce9de84acc7e7c0e2230ae8c73e2ff", "size": 660, "artifact_path": "wandb-client-artifact://8ni08emnli70lhthgd7tps0y8otng6gd37b1gmqdutjt31xut4dfi17zfztqvrfj9pc9ihwbdrli9wdfnl1bwszt4gql8fgo2e9g0wgkltjf5ffkitsjkb2on5s0z3d3/label_metrics.table.json", "_latest_artifact_path": "wandb-client-artifact://4juy0t696urvu61tzyets8ftrtoz42v7vn0jmvsdlx9g8wz9v3kp72o9es08y66yt6w9ilq3o0spg10i31g2mccjhlwa4z41sertoiehiapjpbrooznx1w22uvpz7yn7:latest/label_metrics.table.json", "path": "media/table/label_metrics_168_c29f3af676333ded9777.table.json", "ncols": 6, "nrows": 5}, "test_predictions": {"_type": "table-file", "sha256": "5e487914bd5b6496ef9ee50fccfdc9d5d212020d75c707825cf2ea8b6da2c2a9", "size": 92631, "artifact_path": "wandb-client-artifact://xr4co3jlgfilu85bbr7n8uv607btqu3z7bcoinb1bu6fhc86xq3hsoyybne56qv5jcf57fthq30y94mt8akdc2kmtzzyfizr82var517g8r809rwl51w3m7hgoczqcbd/test_predictions.table.json", "_latest_artifact_path": "wandb-client-artifact://8fk8gjzrrj40kl4cfwcsmrizdwqazeerwwj72al4wfqy3r1o2gkzng28z0b54lvpo6pdq0h2ivcob4cat1qpu33yu84o7vexnb3q0k0y83gx5atu1bdwn8xp2luliezy:latest/test_predictions.table.json", "path": "media/table/test_predictions_169_5e487914bd5b6496ef9e.table.json", "ncols": 8, "nrows": 168}, "test-metrics": {"_type": "table-file", "sha256": "0eedfaba2744d1feb50281d44b783c2fd01172378433f20da39514cbceac11da", "size": 205, "artifact_path": "wandb-client-artifact://fm5p4iddxqlbxmwhexyak94dxg72euph5qbelqu2te2e3dn2j51b0wgcn8nx1no575t592gx1zvxty6nhn0ruelrda0fanm3rx3ndaxaktm59lylc5nepbfjy23swps8/test-metrics.table.json", "_latest_artifact_path": "wandb-client-artifact://bk1vrb3wv3p0yz3ukumk86wzac58u0m556l0e04qmzcvrfp8oksqpfz1ah2asm1z3o9ie6n7ioq5milfiwovfy7zahegzerwe3lmgp4m351tpx9zwsfxz901g6ck6b8g:latest/test-metrics.table.json", "path": "media/table/test-metrics_170_0eedfaba2744d1feb502.table.json", "ncols": 5, "nrows": 1}, "test_connective_metrics": {"_type": "table-file", "sha256": "4317bf6ad6eef7b4284699a1990b02438d6eff54614da75b1408a74732a160bf", "size": 453, "artifact_path": "wandb-client-artifact://9pg4anu0fjdtkvoxx08htahgsgo7hyo390nfvfk3o0hlcvgwt9pyybfqw3vs3gypdpwbls6f7mg5k0fg3drms5m5twhn6ulyi375ziwaf6pvb5w5vhm9g87r80kevwc0/test_connective_metrics.table.json", "_latest_artifact_path": "wandb-client-artifact://f8f9731hxnvket5abbnvhe2aahy0frbzcqrujggrq0e5r8f06l4he9crc30bahcgxk4g3iivbi0aryxo2sgd7dqwryodi9m9gwye4rz9k6fsut9c7jf6vn7kvngmagr0:latest/test_connective_metrics.table.json", "path": "media/table/test_connective_metrics_171_4317bf6ad6eef7b42846.table.json", "ncols": 6, "nrows": 3}, "Exclude_counts": {"_type": "table-file", "sha256": "8b86e7a1588758fbb07bee8a7880f2d3547da30bed57fef68d6c53a42a079412", "size": 81, "artifact_path": "wandb-client-artifact://da21hk3aseal5nulw67fbgpapt5p4rsgejl1aaniebd0irnv9kca6u7azva4h9bnul1q7bb1y30tlrw9wfwh0541penioia0l2ckqhw0r1jcu88bj5eouxqebn9qj0zf/Exclude_counts.table.json", "_latest_artifact_path": "wandb-client-artifact://vg75tqorfjpzhbgjcs6zaq2nz73cf6gdza9fl60g6pfybno75l5xp2uz75sqxvdey1z1xgdlr5nrmqkbsgdm5mxao3sc9go2iw1xe49ul0o99caywataoo6trdt93f25:latest/Exclude_counts.table.json", "path": "media/table/Exclude_counts_172_8b86e7a1588758fbb07b.table.json", "ncols": 2, "nrows": 1}, "_wandb": {"runtime": 584}}