{"train/loss": 0.6365, "train/grad_norm": 7.1068267822265625, "train/learning_rate": 1.6000000000000003e-05, "train/epoch": 1.0, "train/global_step": 167, "_timestamp": 1736411241.8046532, "_runtime": 84.35344314575195, "_step": 27, "test/loss": 0.7044186592102051, "test/accuracy": 0.7380952380952381, "test/precision": 0.6836581709145427, "test/recall": 0.26649088112502745, "test/f1": 0.259375, "test/runtime": 1.8594, "test/samples_per_second": 90.353, "test/steps_per_second": 11.294, "epoch": 1.0, "train/f1": 0.28422149235258487, "train/accuracy": 0.8127340823970037, "train/precision": 0.8011986658328122, "train/recall": 0.2847667544234044, "val/f1": 0.26951340615690167, "val/accuracy": 0.7844311377245509, "val/precision": 0.6932485322896282, "val/recall": 0.2733333333333333, "val/loss": null, "eval/loss": 0.688424289226532, "eval/accuracy": 0.7844311377245509, "eval/precision": 0.6932485322896282, "eval/recall": 0.2733333333333333, "eval/f1": 0.26951340615690167, "eval/runtime": 1.8452, "eval/samples_per_second": 90.506, "eval/steps_per_second": 11.381, "train_runtime": 77.0164, "train_samples_per_second": 17.334, "train_steps_per_second": 2.168, "total_flos": 351262720189440.0, "train_loss": 0.8357796469134485, "label_metrics": {"_type": "table-file", "sha256": "84d90721451beeec4cebacf9b53149c993f3bc6da1296020548368177fbc563f", "size": 403, "artifact_path": "wandb-client-artifact://okt4w9gr6wtbvdabb03rkwsqn4y13qehn09hqfhiefm4zmawz70ps4a03fvahmcgii24gw1pfwzfhjjv9ipwxeu55o2p8zp8yujie6r6tmzagrso1q5ax6qo1u2pop6t/label_metrics.table.json", "_latest_artifact_path": "wandb-client-artifact://l85yb2r95d2nhaw8r9jl0bosjnn7yf6n7uj74pjpzipfq5unottm6oob59l2wizgtpxr5wl7dwt073xstt44dqzt8ffx8dioclkfppni9mjl6fchgrwo00hg6vo7azan:latest/label_metrics.table.json", "path": "media/table/label_metrics_23_84d90721451beeec4ceb.table.json", "ncols": 5, "nrows": 5}, "test_predictions": {"_type": "table-file", "sha256": "f672127854853a2eb5b7c5f255bbc217fb8eeca7a88ee380575f45288e8285d9", "size": 86332, "artifact_path": "wandb-client-artifact://w6ihle1ktjtoqy4vfa9ee42wx10cz4y94pbj9d75cxmoezas4s7yh6btmtixa4swz0kimvj9d13eo2uwr1aj3ok3in83vl62c4zmuz07orjqnhuu1m5a5c31l30wcq1a/test_predictions.table.json", "_latest_artifact_path": "wandb-client-artifact://wcxlow22wo27bnr8gqvntewfss2lio0tr38zclrqabgr8wnjdyx29b3nz8vg0wjufcvlfnr3r4mjyqycosw8u22yu6k1qvgpugxr9o6ke6z674upsv8or4o6ra9iakps:latest/test_predictions.table.json", "path": "media/table/test_predictions_24_f672127854853a2eb5b7.table.json", "ncols": 7, "nrows": 168}, "test-metrics": {"_type": "table-file", "sha256": "3000605ef8b55abc8f1da6a4fc86aca65bbffecab3535854b4c21769d4a38c07", "size": 181, "artifact_path": "wandb-client-artifact://dxfjy1im6ud02zivy9bxqc7jahbmgbak40o2sd5qc27q9qchtu5b3u8zliy1tp9tjkk6380ry71n2cprn9pzmp2bve0vnkckku5jheezhcevvvmomqfjyf7jfc9at35s/test-metrics.table.json", "_latest_artifact_path": "wandb-client-artifact://lpr8mb6qvnmuih0g8jmowjov9a83quxcpcfbtuo54677jhcmu3h438osrkmgt5hlu8341d4d0jq4ufqx76c71hsd055byggi3s6oai37knsfrclbvix33z8g56cbydhg:latest/test-metrics.table.json", "path": "media/table/test-metrics_25_3000605ef8b55abc8f1d.table.json", "ncols": 5, "nrows": 1}, "test_connective_metrics": {"_type": "table-file", "sha256": "fc840dbb64b2be614e084f82730fed5fdf90bd1addc68faec98c3a0758505bc6", "size": 412, "artifact_path": "wandb-client-artifact://udd0xfykkn12k7ihw5xz1ujpgv16ribhkbndga16lhzdmk1wx5bsn0lvktg24fitbim5k4glh3gh59plnvck969r8ply30solnbdfbx2aucpcvyson9xmv5fs2wsmh8t/test_connective_metrics.table.json", "_latest_artifact_path": "wandb-client-artifact://sa0pffljh6v2iwr3zgp998xbylu8px4kqgobej7hrlauhynjrw2pk2y62sluftv24u2zy6j6brcfxoy5cv8g6shnulx8vnpogvvzno554ixmmi2qasds3y1ue2lykwtv:latest/test_connective_metrics.table.json", "path": "media/table/test_connective_metrics_26_fc840dbb64b2be614e08.table.json", "ncols": 6, "nrows": 3}, "exclude_count": 0, "_wandb": {"runtime": 91}}