{"train/loss": 0.0852, "train/grad_norm": 0.855652928352356, "train/learning_rate": 3.52549889135255e-05, "train/epoch": 11.0, "train/global_step": 1837, "_timestamp": 1742957271.9152107, "_runtime": 794.3307998180389, "_step": 235, "test/loss": 1.017642617225647, "test/accuracy": 0.8571428571428571, "test/precision": 0.8165188470066518, "test/recall": 0.7714238628872775, "test/f1": 0.7684892584892584, "test/runtime": 1.8775, "test/samples_per_second": 89.478, "test/steps_per_second": 11.185, "epoch": 11.0, "train/f1": 0.977148937342337, "train/accuracy": 0.9932584269662922, "train/precision": 0.9929175945568177, "train/recall": 0.9630922457937234, "val/f1": 0.8502235230191661, "val/accuracy": 0.9101796407185628, "val/precision": 0.8946797520661157, "val/recall": 0.8462500000000001, "val/loss": 0.9189444780349731, "eval/loss": 0.6769806742668152, "eval/accuracy": 0.9101796407185628, "eval/precision": 0.9291044776119403, "eval/recall": 0.8625, "eval/f1": 0.8758335208098987, "eval/runtime": 1.8674, "eval/samples_per_second": 89.429, "eval/steps_per_second": 11.246, "train_runtime": 786.8073, "train_samples_per_second": 50.902, "train_steps_per_second": 6.368, "total_flos": 3863889922083840.0, "train_loss": 0.2464196344380757, "label_metrics": {"_type": "table-file", "sha256": "268e898810b3ff88986fd39611c26f4227e98609f5de8d2117808df4e068aba5", "size": 555, "artifact_path": "wandb-client-artifact://60rs6mc8730zsb3ii047nta3hn89haq5j3sfr84n5pm24b1bkxgvg7vvn81z78tee4u8nijkz0hjwejwohs7zj9z0qhifd4nqt524qadbborz202oswqq3tsembqbjbq/label_metrics.table.json", "_latest_artifact_path": "wandb-client-artifact://ief56jcbr3mcrxyq724fval0oux9t5in6a4fzqxpd71su6jm7vo3te9ex46g4tomxm5bcpquvggfxfa9jaory0deyc7xvbukozfhh0kqepasesdk9h8gx9v0me15uaz8:latest/label_metrics.table.json", "path": "media/table/label_metrics_230_268e898810b3ff88986f.table.json", "ncols": 6, "nrows": 5}, "test_predictions": {"_type": "table-file", "sha256": "566cdd5c1ccd6315cf5774691fa2dd168ff169ffac6a46199c33595d6935d57b", "size": 87977, "artifact_path": "wandb-client-artifact://b3cl0y6hlc07yqok96jq088jsgf6yhsccg6ypuwydtyh8l856jg3baom3yv4uwzzdsy0e01x88oqh1u8bbu4b17imi0toluonpgskx1emr9stfcgq647v4pwm5avo48f/test_predictions.table.json", "_latest_artifact_path": "wandb-client-artifact://7yn2927pqcb5s2lntq87zcvl62jg723t47eau049zl8zy33gtirnaq7k509cymi8u1qehzkhgwdbwxa9hc75srbbqsfv0oscqx28iw85k1yryuc3iof3jod6dvpqtqe3:latest/test_predictions.table.json", "path": "media/table/test_predictions_231_566cdd5c1ccd6315cf57.table.json", "ncols": 8, "nrows": 168}, "test-metrics": {"_type": "table-file", "sha256": "e7f3414be61913dfa1149af98371202699ff678cafc50ac8a99b0aa72d7bc5c4", "size": 190, "artifact_path": "wandb-client-artifact://gjmp22d45hj320yle7ut32x6hfyc2tu1jo3rslst1iew7llk44lbi8t0hwe4fyml6jrbwh9iipvcozel1j6lzdap2tekr7krkmwohvmbju1q9z5poafuhjb8o25m3rbb/test-metrics.table.json", "_latest_artifact_path": "wandb-client-artifact://7mcuqzl2fmfqmxxsnjcugu190b8d14y9yrevx3ej6fluq3mnufzrf7942n9vpsh0skh881lc4ac5qdig6jq9s1czhxbiafglekb51ocd97bln3ebiguehe481n4bf74h:latest/test-metrics.table.json", "path": "media/table/test-metrics_232_e7f3414be61913dfa114.table.json", "ncols": 5, "nrows": 1}, "test_connective_metrics": {"_type": "table-file", "sha256": "c5f1a568131657c35489a1f291e6523909e688821d2d3d1d727a45934450e629", "size": 410, "artifact_path": "wandb-client-artifact://tne8r4el26e7lgir1mq0wnxwrok3qkw0b5iwpj1t69y7hrej35gb8hjvjxcaqjsxdedlp9mrmsq6r6itznlrapsi2bxijolj9ak5p1v6whm2yj8y61wsr96jw1t9a6kk/test_connective_metrics.table.json", "_latest_artifact_path": "wandb-client-artifact://iuyvoaohum9rp7kx7rqfd92j572mz9in1js8vxwm9ic8vblio164knang1ir0c2y7hg84gxuayn8tu7f0zsrnuc4xdb767ddmnjsn4tu82jmraibd8wvcwmo8sg8wqu3:latest/test_connective_metrics.table.json", "path": "media/table/test_connective_metrics_233_c5f1a568131657c35489.table.json", "ncols": 6, "nrows": 3}, "Exclude_counts": {"_type": "table-file", "sha256": "3a3e16eee488be4d9705c81c282778d2e17c222f184cef71ed7ae945012d1110", "size": 66, "artifact_path": "wandb-client-artifact://wrir3n2n183cfp6p3ydg96bxtux566n7cz5cgjo5soxhotw5i9m1tlry8r4wg3o4jww1tgzcy9andbvwbu6f37yc8p3fed43s7fxdiksahj3k6jaduqfnrm0g6vvqwqm/Exclude_counts.table.json", "_latest_artifact_path": "wandb-client-artifact://orcr94t67764wbx7uy2rwm91drbt3bnfsk5f9tvnq5mqb4dk5957h6i0igje8p86abm2jpwfq75lnmq0d49domh5992xguh1a6x62jctpz52ajej8xxdc6s91gnyzv53:latest/Exclude_counts.table.json", "path": "media/table/Exclude_counts_234_3a3e16eee488be4d9705.table.json", "ncols": 2, "nrows": 1}, "_wandb": {"runtime": 803}}