epoch,loss,accuracy,precision,recall,f1
,0.065226243641562,0.2574850299401197,0.184818442427138,0.2304166666666666,0.1232575757575757
0.0,0.0317410558997514,0.6526946107784432,0.1406451612903226,0.1816666666666666,0.1585454545454545
1.0,0.0289536154198789,0.718562874251497,0.1437125748502994,0.2,0.1672473867595819
2.0,0.0300917032949938,0.718562874251497,0.1437125748502994,0.2,0.1672473867595819
3.0,0.0302148643368018,0.718562874251497,0.1437125748502994,0.2,0.1672473867595819
4.0,0.03008079029128937,0.718562874251497,0.1437125748502994,0.2,0.1672473867595819
