{"train/loss": 0.2389, "train/grad_norm": 0.29983633756637573, "train/learning_rate": 4.0798226164079826e-05, "train/epoch": 8.0, "train/global_step": 1336, "_timestamp": 1738569042.2321072, "_runtime": 586.2891130447388, "_step": 172, "test/loss": 0.712645411491394, "test/accuracy": 0.7857142857142857, "test/precision": 0.719764705882353, "test/recall": 0.4747044605581191, "test/f1": 0.4967791229486145, "test/runtime": 1.9064, "test/samples_per_second": 88.123, "test/steps_per_second": 11.015, "epoch": 8.0, "train/f1": 0.9178780642793928, "train/accuracy": 0.9677902621722847, "train/precision": 0.9772175229617737, "train/recall": 0.8774811612786122, "val/f1": 0.5609327870197435, "val/accuracy": 0.8323353293413174, "val/precision": 0.6930451127819548, "val/recall": 0.5891666666666666, "val/loss": 0.6323229670524597, "eval/loss": 0.5488831400871277, "eval/accuracy": 0.844311377245509, "eval/precision": 0.7941256830601092, "eval/recall": 0.6245833333333334, "eval/f1": 0.6288442087085235, "eval/runtime": 1.8903, "eval/samples_per_second": 88.346, "eval/steps_per_second": 11.109, "train_runtime": 578.7437, "train_samples_per_second": 69.202, "train_steps_per_second": 8.657, "total_flos": 2810101761515520.0, "train_loss": 0.4822380215844173, "label_metrics": {"_type": "table-file", "sha256": "3445a76adcaa55ef0c6e00e5f2cffe6be72a5df7230390c7d486e0e511209f0e", "size": 674, "artifact_path": "wandb-client-artifact://e7s3dficzt271ao62aepgb3mnn358ao6nvdalma7u5r5qdxrkwic5381fpye7bx1min5mup9hshxkb0lqrr5ygtjxcbk17ipcen42w1vp6h2cj21ofbihhxrdje4hma4/label_metrics.table.json", "_latest_artifact_path": "wandb-client-artifact://rwi6sy2pupayw1v3826o0bwavzj0dau2g9mqw97cijwc9xn06xdym5n41fl0ia8n3bl3trz9ucyd1q4l6czc05h1v7s1ruu0b9y0wsaau479uz6k5rbus30lz5vhbkbj:latest/label_metrics.table.json", "path": "media/table/label_metrics_168_3445a76adcaa55ef0c6e.table.json", "ncols": 6, "nrows": 5}, "test_predictions": {"_type": "table-file", "sha256": "5118a158d87405a9fa98909b67e8146ae3025a4e0d09716ba602026134c7b429", "size": 139853, "artifact_path": "wandb-client-artifact://z7basp26w4ro9m6z39k87xuwsm5mexzrc905ncoi84gcxt1zr8da73kmpmi0q5ypw5wibn0p3f28oo1370z00k8op86hege388gt8p9c07usoyk9m09yxyc9e0mksm04/test_predictions.table.json", "_latest_artifact_path": "wandb-client-artifact://7qurh4qqig1xvdpuzu3lzct62mg1tvwc5io7si6trsv9aw7ipwujyhfzoscom10kjib5wyvxh56epjo6zpvfj3khir964jg4p5v9evfv645vyqwgm4cm9ihiezyknirr:latest/test_predictions.table.json", "path": "media/table/test_predictions_169_5118a158d87405a9fa98.table.json", "ncols": 8, "nrows": 168}, "test-metrics": {"_type": "table-file", "sha256": "47421cae7b690d1edfb839eefa7808b0aa9b3285dc09dfd8556a5e454c7f30bc", "size": 213, "artifact_path": "wandb-client-artifact://m8v32ieokam1xo44mkw7c3edu6oj8ninlc3qyuagbojgcmpmlj4npi3fxsxq59or38te5rqsq3hf434jam2fyuo8rfzmoc7473we2lczeb1ivwaaw7a0gzfapf3zctu7/test-metrics.table.json", "_latest_artifact_path": "wandb-client-artifact://tgssw5maxckqn6rto7bae9t6jnttx0zw849g7hr7t3l5aisxiy0zv921li0e1hh7qlr0owo5s0kjdus6adlofihatyzza6ej2qp25amwwuh2xk5yhsdvs6zh8ap7ww7v:latest/test-metrics.table.json", "path": "media/table/test-metrics_170_47421cae7b690d1edfb8.table.json", "ncols": 5, "nrows": 1}, "test_connective_metrics": {"_type": "table-file", "sha256": "270bacc34263f132db3c651d92a9c2252a162c725843c198b190073683b08045", "size": 482, "artifact_path": "wandb-client-artifact://3phj2dmd7lcg5u2coc88btz6ixeu86arzgyxuxmxzbi3mx0kfy1l5sw65tmdtjcrpn1oww20bmoe79rgsmdhdhx2utg0b50ic59uyqpq8lbsou3i5fg203u5f5siewz1/test_connective_metrics.table.json", "_latest_artifact_path": "wandb-client-artifact://mnp91yaqicm7spiufdzdavwlwckahpm8imdxks57kt4au3jz7sssrrk5702qctwqmp0ewo1ihi5pjsqncujmryb70jt524ue7yv6v2z66l3mx1jzx8yglja2bgtb24f4:latest/test_connective_metrics.table.json", "path": "media/table/test_connective_metrics_171_270bacc34263f132db3c.table.json", "ncols": 6, "nrows": 3}, "Exclude_counts": {"_type": "table-file", "sha256": "c34a277c71c512b8edf166c56baf83d9cf5f1d112b0d9e9e2b7fd47129239695", "size": 93, "artifact_path": "wandb-client-artifact://6nmhoz48yfh9aa6rzrbal1sbp7pz79sg6wwqxzw42n9v05ncwz53921rx5qc2mrw43scgo16vfacse24tmi6vcv15xg9bl3w4zlfl77q0vs46tsalqbs7nemmo9tupk9/Exclude_counts.table.json", "_latest_artifact_path": "wandb-client-artifact://g486czj9kihzy9ph9jnpr783b4x9rj84lnovziww61i12tthnjgx7r1mspfrv1xw5xfusob7gkrdkwi1yxai4om7ryi4mtkfa0f1arp6eaeufxjh8t0t6g4wpc53vg6t:latest/Exclude_counts.table.json", "path": "media/table/Exclude_counts_172_c34a277c71c512b8edf1.table.json", "ncols": 2, "nrows": 1}, "_wandb": {"runtime": 594}}