{"train/loss": 0.0039, "train/grad_norm": 0.27074316143989563, "train/learning_rate": 4.0798226164079826e-05, "train/epoch": 8.0, "train/global_step": 1336, "_timestamp": 1739717181.7928886, "_runtime": 1220.7505176067352, "_step": 173, "test/loss": 0.8937766551971436, "test/accuracy": 0.7976190476190477, "test/precision": 0.6562499999999999, "test/recall": 0.4965062623599209, "test/f1": 0.505931905931906, "test/runtime": 4.4221, "test/samples_per_second": 37.991, "test/steps_per_second": 4.749, "epoch": 8.0, "train/f1": 0.7782687001094548, "train/accuracy": 0.9880149812734083, "train/precision": 0.9611582682808418, "train/recall": 0.7888100761879809, "val/f1": 0.6386580219181812, "val/accuracy": 0.8802395209580839, "val/precision": 0.8066052971576227, "val/recall": 0.6345833333333333, "val/loss": 0.7273053526878357, "eval/loss": 0.5317493081092834, "eval/accuracy": 0.8862275449101796, "eval/precision": 0.8293773946360153, "eval/recall": 0.7291666666666667, "eval/f1": 0.6916812626690021, "eval/runtime": 4.4025, "eval/samples_per_second": 37.933, "eval/steps_per_second": 4.77, "train_runtime": 1207.8388, "train_samples_per_second": 33.158, "train_steps_per_second": 4.148, "total_flos": 2810152156078080.0, "train_loss": 0.4046183880962275, "label_metrics": {"_type": "table-file", "sha256": "59259b87a21fabb79059f154bac96a1d92e5fb689acc78c85c107cf8edd0693c", "size": 586, "artifact_path": "wandb-client-artifact://w85jh9mblgprejv1ltqf1bafph1zx4xpe3p1foo5f4vjdxi4uh1glzdcxxsi6ud8xfyx2zxgtw0nit0id5t7tqaczbvlblakzviuqpbbtrrb8vxnnsvbvik2stofjty6/label_metrics.table.json", "_latest_artifact_path": "wandb-client-artifact://htd7l8wbhkiwtxq99xd4cklqqaqvlk4kmzd2tsssgigkw4ulwjed0fjbx0bg5bi3hugkwhvxr0nrfb98czqbpq8wmfg03pdrdin63ohh2e0gr6fd9ud35nak584eotig:latest/label_metrics.table.json", "path": "media/table/label_metrics_168_59259b87a21fabb79059.table.json", "ncols": 6, "nrows": 5}, "test_predictions": {"_type": "table-file", "sha256": "3c2f5f473c3698340381af25cbab8587e71954bb13729fb790e8d90fb68971b1", "size": 87983, "artifact_path": "wandb-client-artifact://u3frhejhuu1otziz3m2iyr4ze34cdnsbulkqyb38ni9c1aqqc6tkx2mgcwbo06npuakr8nbn593k2geyvnhlvwy96d4paektda5kt3uekkwkvydiciml0eqtzsl4hrys/test_predictions.table.json", "_latest_artifact_path": "wandb-client-artifact://byybwaqb79awclyeei9miwnkg0qpnikqo066s2csugnqnc7zd3fay7hpko4nmpn35jnd9p99g1ebbduzbeqmjaz706vzvw2cxfy3ew1ylms84trzevcumprazuvpbo5f:latest/test_predictions.table.json", "path": "media/table/test_predictions_169_3c2f5f473c3698340381.table.json", "ncols": 8, "nrows": 168}, "test-metrics": {"_type": "table-file", "sha256": "f57da66eaec8b7648907356a4373cf0ce5f7da757e9a59cb7a862d8eab8b2571", "size": 189, "artifact_path": "wandb-client-artifact://luyzpusznjjutx9opydswj7zkzi9l1k5xqs5rk310zjddiw0hp2fn1rna9jrok65cpdp6zp25nbny3szly7bpf787m5xs4m9c8itne2lcqagdt8eamujpopekd7hgjsb/test-metrics.table.json", "_latest_artifact_path": "wandb-client-artifact://xrx0j7sstvd76554saurib4vrd7dzefmj9en6xykr4ys5inj7nd4x0icn1igm0ax8f59rzt7jwl0nmkfn1ehi6qe14h3cl0vxxuxgjdx3ijx8veymlhjmsghso8jr604:latest/test-metrics.table.json", "path": "media/table/test-metrics_170_f57da66eaec8b7648907.table.json", "ncols": 5, "nrows": 1}, "test_connective_metrics": {"_type": "table-file", "sha256": "1216d4662e43a29fb6943a78ed7aed4a63d4c5cbd9ec581acc91a5ab250e8579", "size": 411, "artifact_path": "wandb-client-artifact://4jbwx7zyygk52kaiwdz9iolejvl1pqyek4z8wh7ykcym4dnu1892ktxhefxqstt4qp2gnkmtotjz7842uerecnlyxkp0mj2f86fjdmn95lqapdlv7zy62qx0ihyv6bb1/test_connective_metrics.table.json", "_latest_artifact_path": "wandb-client-artifact://bxwgikf625agux8u28bbfluaqgrrl10x32htr51mgwj815lvfknosxfblicz3bvqmju3ke7dctvuov13k3ebnm6oj30bph5mdixjcy8q5s224olepyyg20f149yudkze:latest/test_connective_metrics.table.json", "path": "media/table/test_connective_metrics_171_1216d4662e43a29fb694.table.json", "ncols": 6, "nrows": 3}, "Exclude_counts": {"_type": "table-file", "sha256": "3a3e16eee488be4d9705c81c282778d2e17c222f184cef71ed7ae945012d1110", "size": 66, "artifact_path": "wandb-client-artifact://pv0htbmtgm53829jyspyoud8uhkdvxg2p6wud9vu1wo0ho6mrbh4y8v5tyxct0n79hg98wuv4rxny0l0s1a2f3xcnj3p4evfp5pekdeugvepk8hs3rsv5mo9662e4z03/Exclude_counts.table.json", "_latest_artifact_path": "wandb-client-artifact://ffin0jq7t3r0iugyx2u1i7iz4duj235wkabr7qbtp404aht83leknqwbm3wpxq1x7k6z4xjr435tro6gq3yyywsl2utqiyi9r6vxb11v1mcchwxsag5apwwnu9obzlpy:latest/Exclude_counts.table.json", "path": "media/table/Exclude_counts_172_3a3e16eee488be4d9705.table.json", "ncols": 2, "nrows": 1}, "_wandb": {"runtime": 1229}}