{"train/loss": 0.0002, "train/grad_norm": 0.0030929360073059797, "train/learning_rate": 3.8913525498891355e-05, "train/epoch": 9.0, "train/global_step": 1503, "_timestamp": 1739020313.05419, "_runtime": 645.0714249610901, "_step": 193, "test/loss": 1.2259107828140259, "test/accuracy": 0.8095238095238095, "test/precision": 0.7980842911877394, "test/recall": 0.6706130520764667, "test/f1": 0.658453631537332, "test/runtime": 1.8512, "test/samples_per_second": 90.752, "test/steps_per_second": 11.344, "epoch": 9.0, "train/f1": 0.999440479261616, "train/accuracy": 0.9992509363295881, "train/precision": 0.9998005982053838, "train/recall": 0.9990825688073395, "val/f1": 0.5881318681318681, "val/accuracy": 0.8263473053892215, "val/precision": 0.686610644257703, "val/recall": 0.5425, "val/loss": 1.4651827812194824, "eval/loss": 1.2401647567749023, "eval/accuracy": 0.7784431137724551, "eval/precision": 0.7405523809523809, "eval/recall": 0.6266666666666667, "eval/f1": 0.634382269036647, "eval/runtime": 1.8423, "eval/samples_per_second": 90.648, "eval/steps_per_second": 11.399, "train_runtime": 637.7168, "train_samples_per_second": 62.802, "train_steps_per_second": 7.856, "total_flos": 3161364481704960.0, "train_loss": 0.2906580421501518, "label_metrics": {"_type": "table-file", "sha256": "3f3e5b5d75db532ea7d1dc71ecbf647b6964bca0b40639968c746a9f401f2ef2", "size": 610, "artifact_path": "wandb-client-artifact://b1kny1h7zydv5p535z5kcv74tlw2sfeo4jng0mo85wcf2pwugsanrwqpmj0r83ohn50294sa5hdalo0gyhjd3ijxsltuo9xxzlry62csjwdzxp4h04hob5c92t542xiu/label_metrics.table.json", "_latest_artifact_path": "wandb-client-artifact://s2qapcqa2h0iq752ey3vh1uj00lgpwc117qz9glm7f8j3ku9o81geakhl28jyq9t2x2jdbglzjcy9rqpkdzhjuqs1qoaqo8r4e0ieoyh8iispsetm8vvbn3t57uuy28g:latest/label_metrics.table.json", "path": "media/table/label_metrics_189_3f3e5b5d75db532ea7d1.table.json", "ncols": 6, "nrows": 5}, "test_predictions": {"_type": "table-file", "sha256": "0c1a2a547a0c21a0412ea2505f25ca45263bf6e319fc95752a947128549d879d", "size": 55244, "artifact_path": "wandb-client-artifact://x5aiqkl04zjo07a5m7nestzs2qbu5dog74ozv2yuubzgs1gqxucge1nel7q4nkozmxh37td11k7w267mx7xnuzqnzgdkyi06qit5aqqt7uwmg4zjh0n20vzjcfbitf3t/test_predictions.table.json", "_latest_artifact_path": "wandb-client-artifact://evime3q80z5no7rs7zxmkeh3e4f74hwvfplm4oglcizorvpk9jf51e3bpw4ecdot6kbd4nc1ium2ilgii9rncxlchdx9mvgb20s4hfss4zeor8bxu5f17sg00o7q499b:latest/test_predictions.table.json", "path": "media/table/test_predictions_190_0c1a2a547a0c21a0412e.table.json", "ncols": 8, "nrows": 168}, "test-metrics": {"_type": "table-file", "sha256": "9d555d68b5aa60cf43e4af0f3b082d40d2fdef63dce6688b0d950bf3fa93e457", "size": 194, "artifact_path": "wandb-client-artifact://joiw2lx1ohnavzse7chslejhcjblde3r580i2g5uaqhjqixlg92mybi96xm4pl2y300lkrw0zipexvfz8gda26hirwcndwnifzsc6cmxzbipsaanxo5fztcwdn07rton/test-metrics.table.json", "_latest_artifact_path": "wandb-client-artifact://wfpt8z0zzp0lc5ekvblvoxnyh7508h0qt3rig6i3k9hyegw2sjadc9xpzzep3yocggu4wlm9gklup18lujkb174a04dilyeilm62aaf9xc4en1f3l6vb8h98451wqqwq:latest/test-metrics.table.json", "path": "media/table/test-metrics_191_9d555d68b5aa60cf43e4.table.json", "ncols": 5, "nrows": 1}, "test_connective_metrics": {"_type": "table-file", "sha256": "fef8c32061dd018df86cd921175755a5987b54dbb2fc95b4681c3b2d3d92a0ba", "size": 420, "artifact_path": "wandb-client-artifact://5nnlvi8lk04chvgeuohkdb9wekbp63m3ws718b3o2v6o8nebh40g75ux97shm18hnmobgze2uzm07r60h51ijnzj1x5xt5bg0x30efogg9fo38z0vmoy5j9g3h4en7la/test_connective_metrics.table.json", "_latest_artifact_path": "wandb-client-artifact://e7g4v9c2ifong4ipl6zq17lbxn8j0qt5umrr0mx1j2zqsaud4s7qer561kfkqjd0pznl4o42frt8nmuz89uxd8bqwrmu5f29v86mnqzebvwwascy98zhvuhhzbu3pxdv:latest/test_connective_metrics.table.json", "path": "media/table/test_connective_metrics_192_fef8c32061dd018df86c.table.json", "ncols": 6, "nrows": 3}, "Exclude_counts": {"_type": "table-file", "sha256": "d0e42dd411b01a49752d40ae2e4b3de683287df5b6a242d16e2dd35c85ed0e4b", "size": 74, "artifact_path": "wandb-client-artifact://4a2n8inq5hfzx9uyrpk3d24c46jumu1kiwx2r4c4cnxo43j256hlhohhupkv2w8fr8aylxin4opgatefdvkk85v30is0ksc7lte02u4i3h7lanrbqu3dlcbmtxli2gxn/Exclude_counts.table.json", "_latest_artifact_path": "wandb-client-artifact://j890ot5y9v833jv1q3q73eq7gth04w8bt6rbowdea6rtrls9vzre7lc15jb2npxow41rixw0buxae6ayn68jfnciwbiirtpx30twkwvih15fojb7fcxv4578cg9dafgv:latest/Exclude_counts.table.json", "path": "media/table/Exclude_counts_193_d0e42dd411b01a49752d.table.json", "ncols": 2, "nrows": 1}, "_wandb": {"runtime": 653}}