{"train/loss": 0.2446, "train/grad_norm": 0.02825470082461834, "train/learning_rate": 3.8913525498891355e-05, "train/epoch": 9.0, "train/global_step": 1503, "_timestamp": 1736729012.5021064, "_runtime": 651.8101024627686, "_step": 193, "test/loss": 0.9154540300369263, "test/accuracy": 0.8452380952380952, "test/precision": 0.8650462962962961, "test/recall": 0.7919116677653264, "test/f1": 0.8062993565627089, "test/runtime": 1.8726, "test/samples_per_second": 89.717, "test/steps_per_second": 11.215, "epoch": 9.0, "train/f1": 0.9792743371579873, "train/accuracy": 0.9940074906367041, "train/precision": 0.9718230300735271, "train/recall": 0.9880922457937235, "val/f1": 0.8794857316596447, "val/accuracy": 0.8802395209580839, "val/precision": 0.9359398496240601, "val/recall": 0.845, "val/loss": 0.7080218195915222, "eval/loss": 0.5492005944252014, "eval/accuracy": 0.8982035928143712, "eval/precision": 0.9645315904139433, "eval/recall": 0.8983333333333334, "eval/f1": 0.9172789115646258, "eval/runtime": 1.8607, "eval/samples_per_second": 89.75, "eval/steps_per_second": 11.286, "train_runtime": 644.1959, "train_samples_per_second": 62.171, "train_steps_per_second": 7.777, "total_flos": 3161364481704960.0, "train_loss": 0.29913081710814876, "label_metrics": {"_type": "table-file", "sha256": "99b446b40ca87298f089edb2a4be97efe727a93261188f3c505908a463a17a9b", "size": 601, "artifact_path": "wandb-client-artifact://mp1cm8xpkbi0zh8ixqz6ra6pgrdff5frod1aeytvy1xm8tz74pn7lcwlei4ldueup7w3n686i1ndlgzod2hcllhn9iujh4medb2bxgjuhavg6ciyug7y8uhyoei8ub2q/label_metrics.table.json", "_latest_artifact_path": "wandb-client-artifact://zigs8b67m845smquwtphx0h4g7alti5j0lnupxo18nyqil0eff7a99qxgtywlqgi9zz27gdjr7a7o7ooot4j2f6c29zt16w6x180qhg4oo0epr4tmkevr9rma7qsyuhc:latest/label_metrics.table.json", "path": "media/table/label_metrics_189_99b446b40ca87298f089.table.json", "ncols": 6, "nrows": 5}, "test_predictions": {"_type": "table-file", "sha256": "2c74bed2ca4a62d43d0bdd1aafe06d70492093a06f6f160eda2427fbfa9dc43b", "size": 90891, "artifact_path": "wandb-client-artifact://i8yprukfo56jhx513stw0ev8kqhegckx90otad5xui5x1u50pc5hqbfnafm3krlte9npgrg5oe692pixydqfmyntjkcnlc3techc3ml0u8871uu5dd4ftjaen1cj66w4/test_predictions.table.json", "_latest_artifact_path": "wandb-client-artifact://axs837vo5nkh34brp2z5m9jxf5thnzn8zutphyzakudtfw0rxj1niqhay47pdjbkdxuti8wbrdex90qz1m8hh16jisz5zc2v3mn1322cg7rnbm3jk5dslcd2uuuhro05:latest/test_predictions.table.json", "path": "media/table/test_predictions_190_2c74bed2ca4a62d43d0b.table.json", "ncols": 8, "nrows": 168}, "test-metrics": {"_type": "table-file", "sha256": "d0403113fc453960994c90e7fb7128a5f3609a25ca850cdbe280b258f4e29d2f", "size": 196, "artifact_path": "wandb-client-artifact://mphsr5auo6nyjd0235b4wrqjqkjge2jxe7y3va0rvj39q7zaxar17mcpamoa79c48yactn40sqqnrn9ftcvuyfi026iis0n2q9z1evyqdc9a7n0b6yuocsgdmdbjiv25/test-metrics.table.json", "_latest_artifact_path": "wandb-client-artifact://jmatkr5par62wtasskmiz7362on97s7cbj314g166ixjqp4neqma12ce62nnp7pmhjxczxjllm1i5ki9dgn2fsc39tl3oukb4p5sx9w804ym5knx0kggqbl06wsr9mbd:latest/test-metrics.table.json", "path": "media/table/test-metrics_191_d0403113fc453960994c.table.json", "ncols": 5, "nrows": 1}, "test_connective_metrics": {"_type": "table-file", "sha256": "e5b87c023edadbe1159207ed7760fbfe35ac802eefe6c63cb75203294bf1ff92", "size": 440, "artifact_path": "wandb-client-artifact://p8sfh9hc0o4q0mw1p2xzoik68uby1b2l9b9no18n9fhg0hz93fv73zdf2uj1hbbvq60mznpsjv9455bhbugbgwhitq3uic0ehst02whqomvgnmp72gvbddgp528qktrg/test_connective_metrics.table.json", "_latest_artifact_path": "wandb-client-artifact://r3acuauk4llll8worj82t76ke6lblg4gwvb7dxr0z0gs6cf1zc2cijbzuuz6twl92ekt1n9mlhjs6xwajo1n3lt8qeluoepota8jmbx1facavn634p6c7ptgd0qop9pm:latest/test_connective_metrics.table.json", "path": "media/table/test_connective_metrics_192_e5b87c023edadbe11592.table.json", "ncols": 6, "nrows": 3}, "Exclude_counts": {"_type": "table-file", "sha256": "1b351f34479cdfe9bb187a7d7913779d5623e98ab90b705bfa6a94767059f967", "size": 72, "artifact_path": "wandb-client-artifact://b664mdo1h4jnwjb2okywlyz6bhxy29wx48z8fg6eum21sfamc79lvnw0fziwzqincxa7fgodye3qfy9an4gf4chyzpy76lly6rlyhubtwco4zeqscho4r5eg9dwp6bdd/Exclude_counts.table.json", "_latest_artifact_path": "wandb-client-artifact://tf76giimcdzyh4f6j50596lw8in1krp2ya8tk3dctfourvyc44n1dabt2ff4gudyg0ceb1e7eup6ji9iz4q2onlfqjnw9mypd46mzg66l3s79hheqibkm59z08u72k9v:latest/Exclude_counts.table.json", "path": "media/table/Exclude_counts_193_1b351f34479cdfe9bb18.table.json", "ncols": 2, "nrows": 1}, "_wandb": {"runtime": 659}}