{"train/loss": 0.0151, "train/grad_norm": 0.0034586102701723576, "train/learning_rate": 3.148558758314856e-05, "train/epoch": 13.0, "train/global_step": 2171, "_timestamp": 1743069412.627203, "_runtime": 939.2385959625244, "_step": 277, "test/loss": 1.026890516281128, "test/accuracy": 0.8571428571428571, "test/precision": 0.8794910830795999, "test/recall": 0.6642562074269391, "test/f1": 0.7289372492777119, "test/runtime": 1.885, "test/samples_per_second": 89.124, "test/steps_per_second": 11.14, "epoch": 13.0, "train/f1": 0.9775988924164318, "train/accuracy": 0.9940074906367041, "train/precision": 0.9976851851851851, "train/recall": 0.9594473730228825, "val/f1": 0.8071982201065866, "val/accuracy": 0.874251497005988, "val/precision": 0.8836209757716562, "val/recall": 0.7808333333333334, "val/loss": 0.9597305059432983, "eval/loss": 0.6827377676963806, "eval/accuracy": 0.9161676646706587, "eval/precision": 0.9026140155728587, "eval/recall": 0.8433333333333334, "eval/f1": 0.852302888368462, "eval/runtime": 1.873, "eval/samples_per_second": 89.16, "eval/steps_per_second": 11.212, "train_runtime": 931.6832, "train_samples_per_second": 42.987, "train_steps_per_second": 5.377, "total_flos": 4566415362462720.0, "train_loss": 0.20000620896806878, "label_metrics": {"_type": "table-file", "sha256": "d11610157585aade56dfe13098c1d4e7a5b4b9f20cf624fcdf12cb17fc12e567", "size": 680, "artifact_path": "wandb-client-artifact://l6u6zcww8axn5g1li1l2gugbaj18qcz2u26xogiibolswdo7qykfy73aetfap8iif8g9v6wndgc3qqebgm1ix1t146r0miukabur3mt7h8dhzk68hfa0sm95f7shbg23/label_metrics.table.json", "_latest_artifact_path": "wandb-client-artifact://vmt66p48z8xcy6uq0id0og7582nmced10eklkns6cdlcw7raaqacbtf5ljgt86x4v3mlekggm7duu7ui8gphe7p9rmsb1jf2jdk7bsga0w679mvi9bd2edweajzm3naf:latest/label_metrics.table.json", "path": "media/table/label_metrics_272_d11610157585aade56df.table.json", "ncols": 6, "nrows": 5}, "test_predictions": {"_type": "table-file", "sha256": "34765c358a98f426c61fafc367cfa7338d22e28c27ea539afb4c9503ab530c9c", "size": 92962, "artifact_path": "wandb-client-artifact://bwki0wrof1zp9tygtjnhvuvjuavojhm9ymj5al2l9967gomjjvg1gear2p75gjhbv785ud0hhxvt5g0s5oirhonrczxw3ca9c26wyr2nnj7tuzs2bg6yfcmjzt704ari/test_predictions.table.json", "_latest_artifact_path": "wandb-client-artifact://648ih8gm71703cj424as5gcsgfqto45nu7bfat5yz5e836646lu2jltumkhllh1jo33ugtif2bx2snhoup7lnqq4hfhkt4l03roxcrkix9w8p9mu8vfxg8ufqqnm0a2q:latest/test_predictions.table.json", "path": "media/table/test_predictions_273_34765c358a98f426c61f.table.json", "ncols": 8, "nrows": 168}, "test-metrics": {"_type": "table-file", "sha256": "40dab14399952184034699e7ca3157a5948120843267aff28583906b2d388cbf", "size": 212, "artifact_path": "wandb-client-artifact://5pc0u96tlwsgbwatxd6dgnk8nb5pzp9rk3hzv7hwkp0h82vbdms6arofookuqlq7chvlrjhlnfefqw3wj6ugz8sv14num9zm4j3cu5n4hzxwqrocerdp9vor9yyb6uw1/test-metrics.table.json", "_latest_artifact_path": "wandb-client-artifact://4bqww03gismj4srjx1qc6qng8g2z7nrhs4m54ifpo28uquihwrsv14gfaxezhg0csbperyndampolmtwzgtm7hgt43bwpm3kj13tms4axw7b0o8bfz4kxy9v5jtytplr:latest/test-metrics.table.json", "path": "media/table/test-metrics_274_40dab143999521840346.table.json", "ncols": 5, "nrows": 1}, "test_connective_metrics": {"_type": "table-file", "sha256": "527a7c0a66ec60247cdfeb57c8bd6b704586dc86670787aca506af818b7f4911", "size": 476, "artifact_path": "wandb-client-artifact://g46g13atog3zwouzf4nw8cu3yzg5zexbb9115qni9ljsa07kpjykedyjhyifevrfk1888cmha7v0nbtnys3ohr1f5ufwr994g5viat585hziupz4fhsjlv6d4egwqqxt/test_connective_metrics.table.json", "_latest_artifact_path": "wandb-client-artifact://bkz7zy4drb98g329yxds0b3p37lyxnucfki8vgglvazc1v2tvnnrr2ppvxexhxgkpbd3wai5eo9anoxfspjhybfi0lm4h4hpjodn21l5kabh3ysqyynqc8xqz5noi4ya:latest/test_connective_metrics.table.json", "path": "media/table/test_connective_metrics_275_527a7c0a66ec60247cdf.table.json", "ncols": 6, "nrows": 3}, "Exclude_counts": {"_type": "table-file", "sha256": "25a1c51bc7d78f8f0c485181ff588729b74bed10d613faf3814f153d95fa71a3", "size": 90, "artifact_path": "wandb-client-artifact://u6ayukq90y79iceb5g67zachljk43r0w9w2gg98dszgo0d2cluoptha4az4sqfy17hlu2kxb1cwadeujll5z1h4y80nui9p5pawj6yd9iasldf11qai6f4n8o71npmpi/Exclude_counts.table.json", "_latest_artifact_path": "wandb-client-artifact://j5cpnjue6s5j2i0fkzd6r0dvlv9uk5hpj0g3r30jdvh5jey7s3ot82kpbwowdji91wjzus7fda0w4kpf6xxra8dsngamtxnnan0gzb1xppo8whgpc6fs40r5a6q19rb0:latest/Exclude_counts.table.json", "path": "media/table/Exclude_counts_276_25a1c51bc7d78f8f0c48.table.json", "ncols": 2, "nrows": 1}, "_wandb": {"runtime": 947}}