{"negation_position_dict": {"arg1": 0, "arg2": 0}, "_timestamp": 1739147163.7538657, "_runtime": 381.02120876312256, "_step": 111, "train/loss": 0.0551, "train/grad_norm": 1.4953265190124512, "train/learning_rate": 4.545454545454546e-05, "train/epoch": 5.449101796407185, "train/global_step": 910, "test/loss": 0.4044549763202667, "test/accuracy": 0.8982035928143712, "test/precision": 0.8554505135387488, "test/recall": 0.7508333333333332, "test/f1": 0.7134910868112936, "test/runtime": 1.8567, "test/samples_per_second": 89.945, "test/steps_per_second": 11.31, "epoch": 5.0, "train/f1": 0.7744267028665769, "train/accuracy": 0.9827715355805243, "train/precision": 0.9626030620572106, "train/recall": 0.7790060930664128, "val/f1": 0.7134910868112936, "val/accuracy": 0.8982035928143712, "val/precision": 0.8554505135387488, "val/recall": 0.7508333333333332, "val/loss": 0.30734434723854065, "eval/loss": 0.4044549763202667, "eval/accuracy": 0.8982035928143712, "eval/precision": 0.8554505135387488, "eval/recall": 0.7508333333333332, "eval/f1": 0.7134910868112936, "eval/runtime": 1.8549, "eval/samples_per_second": 90.03, "eval/steps_per_second": 11.321, "_wandb": {"runtime": 380}}