epoch,loss,accuracy,precision,recall,f1
,0.0652250194264029,0.2574850299401197,0.184818442427138,0.2304166666666666,0.1232575757575757
0.0,0.0202110427582335,0.718562874251497,0.1437125748502994,0.2,0.1672473867595819
1.0,0.0300183328325876,0.718562874251497,0.1437125748502994,0.2,0.1672473867595819
2.0,0.0299730118877159,0.718562874251497,0.1437125748502994,0.2,0.1672473867595819
3.0,0.0301784127058383,0.718562874251497,0.1437125748502994,0.2,0.1672473867595819
4.0,0.02997812860740159,0.718562874251497,0.1437125748502994,0.2,0.1672473867595819
