{"train/loss": 0.7039, "train/grad_norm": 9.435506820678711, "train/learning_rate": 1.6000000000000003e-05, "train/epoch": 1.0, "train/global_step": 167, "_timestamp": 1735269020.3036106, "_runtime": 83.38746047019958, "_step": 28, "test/loss": 0.6970950365066528, "test/accuracy": 0.75, "test/precision": 0.8089802130898022, "test/recall": 0.2882926829268293, "test/f1": 0.29944886292319456, "test/runtime": 1.8594, "test/samples_per_second": 90.353, "test/steps_per_second": 11.294, "epoch": 1.0, "train/f1": 0.3039224286535675, "train/accuracy": 0.8067415730337079, "train/precision": 0.6933255708129232, "train/recall": 0.2903782554862048, "val/f1": 0.23797769516728623, "val/accuracy": 0.7485029940119761, "val/precision": 0.6148396718866518, "val/recall": 0.24500000000000002, "val/loss": null, "eval/loss": 0.7006700038909912, "eval/accuracy": 0.7485029940119761, "eval/precision": 0.6148396718866518, "eval/recall": 0.24500000000000002, "eval/f1": 0.23797769516728623, "eval/runtime": 1.8426, "eval/samples_per_second": 90.633, "eval/steps_per_second": 11.397, "train_runtime": 75.6635, "train_samples_per_second": 17.644, "train_steps_per_second": 2.207, "total_flos": 351262720189440.0, "train_loss": 0.9541978893165817, "label_metrics": {"_type": "table-file", "sha256": "422fcf9361f13f0f14271c310dc7db48336dddafaafec237df300577dd861046", "size": 448, "artifact_path": "wandb-client-artifact://smcd7nak44dla1y9zshrrpqlwu53b1v2s0iusa4uxz843oa64zsagt2mwfn9fw2lk125adpmwf3unkmmnhgj5nwjl03vl2bl77up0q6lslekizq2drsor9a44w2m9c7h/label_metrics.table.json", "_latest_artifact_path": "wandb-client-artifact://pvog07847jb0pet6h35amjvwteq2lcwrk99b1qngjcj0ihnru6ibiho4bqc22gtl3ph2i60oem6rc49197vaugdb62laq4rvup054hrn33co9ceg1ska986m4qmjxvyy:latest/label_metrics.table.json", "path": "media/table/label_metrics_23_422fcf9361f13f0f1427.table.json", "ncols": 5, "nrows": 5}, "test_predictions": {"_type": "table-file", "sha256": "77bc9b323d2432f3944263665d67df7514bd15780b33eae3331e2b948bcd67c6", "size": 88136, "artifact_path": "wandb-client-artifact://yfqlkclzf5hr79xgiidjd1t5iep7jh4k7mfyxrcn7lwxcz80g5myy5kxr13arxtqi39u8svkbaldkclyg87xkqof6rqusqvof4twzpmr1zx66mqz2hg7dhyvf62kbhpl/test_predictions.table.json", "_latest_artifact_path": "wandb-client-artifact://ng36z0ch3i1kmdf7ytsh5jjzv5p8ft266isx52da9x50fxqu8aoak85zgxo0o4pyysjyadqcjyig0jith7x7v6fywqd53rqwz1mqtcitwe1s6s0c64o2z4p0ycyjaghp:latest/test_predictions.table.json", "path": "media/table/test_predictions_24_77bc9b323d2432f39442.table.json", "ncols": 7, "nrows": 168}, "test-metrics": {"_type": "table-file", "sha256": "7707afef57ab95be2d9963fae5fa8346faa75bed896c1baeadb66bf9c29ed6fb", "size": 181, "artifact_path": "wandb-client-artifact://5hyxj98dbgaz5gkre7xp1jbp04ly1md59gw7o7jnn9vdugmsu3xj486qpk1xs9hctb9swsoqsel8idk14prxnnkvvg3jbbmkgc45xe0t46mz1m7carzjg9xcarqxji16/test-metrics.table.json", "_latest_artifact_path": "wandb-client-artifact://i8a9o8fozu2mnranr7oi8whcyb6zg08176r5p7ra339muvzaecpr0xqbjtbmnostqee3s521irxd36v9jii10pjuq9npn6walbn9gcg5xf0orshorfahwmx43vgze415:latest/test-metrics.table.json", "path": "media/table/test-metrics_25_7707afef57ab95be2d99.table.json", "ncols": 5, "nrows": 1}, "test_connective_metrics": {"_type": "table-file", "sha256": "ac2d992055a6cb30f35d8b7562ab60b16b0aa7f4a2228da3850d77e4f5ec0dc8", "size": 142, "artifact_path": "wandb-client-artifact://7w3a3uhamrwu5n6gwkimi38vjc89imlckij3dpgk2j4tmwpukwfny2egxrkmux1wuk35sftrrcy5e9tuu13oycy8thqkq2r8dtzo06f37qpy3jgikfmrorcchjcnoswp/test_connective_metrics.table.json", "_latest_artifact_path": "wandb-client-artifact://r4t7x9g5c7seiw2o9s0a5mlm2d50czc8g4dnp3g6hv1dhfz2o3nu1bss3vdqglt3djp51u42c821uk41a51cke5exe2utnd2bg14dey66jqj4i7b2npdrwh0sm806xn2:latest/test_connective_metrics.table.json", "path": "media/table/test_connective_metrics_26_ac2d992055a6cb30f35d.table.json", "ncols": 5, "nrows": 3}, "_wandb": {"runtime": 89}}