epoch,loss,accuracy,precision,recall,f1
,1.5460666418075562,0.45454545454545453,0.3333333333333333,0.5,0.3333333333333333
