{"train/loss": 0.0705, "train/grad_norm": 0.005318241659551859, "train/learning_rate": 3.8913525498891355e-05, "train/epoch": 9.0, "train/global_step": 1503, "_timestamp": 1736079354.7058203, "_runtime": 659.9789922237396, "_step": 192, "test/loss": 1.2223631143569946, "test/accuracy": 0.7857142857142857, "test/precision": 0.6803296703296703, "test/recall": 0.545475719622061, "test/f1": 0.5689348697286637, "test/runtime": 1.8831, "test/samples_per_second": 89.215, "test/steps_per_second": 11.152, "epoch": 9.0, "train/f1": 0.9775988924164318, "train/accuracy": 0.9940074906367041, "train/precision": 0.9976851851851851, "train/recall": 0.9594473730228825, "val/f1": 0.49324401516331723, "val/accuracy": 0.8323353293413174, "val/precision": 0.6948011599005799, "val/recall": 0.48166666666666663, "val/loss": 0.9879464507102966, "eval/loss": 1.0680110454559326, "eval/accuracy": 0.8203592814371258, "eval/precision": 0.8282480818414323, "eval/recall": 0.5333333333333334, "eval/f1": 0.621692162004662, "eval/runtime": 1.8772, "eval/samples_per_second": 88.963, "eval/steps_per_second": 11.187, "train_runtime": 651.831, "train_samples_per_second": 61.442, "train_steps_per_second": 7.686, "total_flos": 3161364481704960.0, "train_loss": 0.3151366051282741, "label_metrics": {"_type": "table-file", "sha256": "e03238089852a0549626cb8242819241cf633b8e9b3c717f7f2a4554660d4cb1", "size": 519, "artifact_path": "wandb-client-artifact://djr56pa5kjk7ow9bxsilebzdceafqax18i579u14ydgjtjk9wm94aghk32utt1k2my7zj1u7hlfypttow9wzktwihzi9xknhz2y84iv9h4p5o4k08kvtpckmuhl0bncf/label_metrics.table.json", "_latest_artifact_path": "wandb-client-artifact://odemkmbglp9idyf36vy4nyvsxprn3a8bp71if3qhdxj5peyvv6ntrk40vxz4548z7sbvfem1h100da0p1dgi79lzp7jkxnpbpnbe83ccfkuk11y46mltq3hylukiaplw:latest/label_metrics.table.json", "path": "media/table/label_metrics_189_e03238089852a0549626.table.json", "ncols": 5, "nrows": 5}, "test_predictions": {"_type": "table-file", "sha256": "1a784f917c32ef0a4043473f86b18114be8cdd517a13fbbdde2a74b9112ebf20", "size": 83175, "artifact_path": "wandb-client-artifact://blpyvdhlbnoyojtqavfawdim4ppnbf8xte65zw0lg598ku2ki0zcazrt4lx5xffvcg4b2ugwi3r62iz3z1melctki4lpv8p0ea77vvz79kaj6gisu3eonfq9iakxkf5l/test_predictions.table.json", "_latest_artifact_path": "wandb-client-artifact://90mqcfnm1ohomc4x1w9yigm9lxwrq1s17nwje78gqyhhxfx0fyj00j09qo2v6gqab8er1l0n7dogqk5fnu57wyfpslp0txhe5homjttykpng0bgcr56d44qjz7ytrfgv:latest/test_predictions.table.json", "path": "media/table/test_predictions_190_1a784f917c32ef0a4043.table.json", "ncols": 7, "nrows": 168}, "test-metrics": {"_type": "table-file", "sha256": "d960cc97e5828a1f4af938d836c694af3d5ab43c8db7df7ff8890bd56fb55f41", "size": 202, "artifact_path": "wandb-client-artifact://ua2zx1do7kcdo6uo54y1e6gnnf1b3lscf55aqlmstujmc478yhp0ppvgxr86uc8ptcxu823npenwxb332yutqq6f5jwa6vm0hejd3hrgh73q081rb2u72b1za0ztlfal/test-metrics.table.json", "_latest_artifact_path": "wandb-client-artifact://t0x94rjwx04bm1qrmbjd5mfpbcjualrc3mdostz0geytw3yq1eazhr5ivyfl5iiwir7y0i13cwgztvkk4jwc84mc13lti0bovszwqsbbrqev2hzxx7iodhjnn8cd76nw:latest/test-metrics.table.json", "path": "media/table/test-metrics_191_d960cc97e5828a1f4af9.table.json", "ncols": 5, "nrows": 1}, "test_connective_metrics": {"_type": "table-file", "sha256": "b0423408e9cc68b132c0d873c0c10dc8c7a509e4de84a1bfb4c5073ac806d0e8", "size": 445, "artifact_path": "wandb-client-artifact://klh2r5l9u8cjbyjh0bamxhdeunlk4xebens6e6b2xnwrr50vqdnpk9fboj8oo0ycglv85hg1o1q9puiz795b96p503iz19g4g2t0054nxy1w3yaszh6te69tqe2t0e8p/test_connective_metrics.table.json", "_latest_artifact_path": "wandb-client-artifact://rqr2olde9c8d7j4s9nbzpruy46hln43029q4lycprqogob271lrbydp5izecn6at6l4ryuh0l78ps7piihv7xlp64w3ws4qtg4ga8lcta39the6m9n40ejtfof6c79mt:latest/test_connective_metrics.table.json", "path": "media/table/test_connective_metrics_192_b0423408e9cc68b132c0.table.json", "ncols": 6, "nrows": 3}, "_wandb": {"runtime": 666}}