{"test/loss": 1.955514669418335, "test/accuracy": 0.2, "test/precision": 0.14285714285714285, "test/recall": 0.25, "test/f1": 0.08888888888888888, "test/runtime": 0.1154, "test/samples_per_second": 86.692, "test/steps_per_second": 17.338, "_timestamp": 1736580794.8801413, "_runtime": 7.928731203079224, "_step": 11, "epoch": 1.0, "train/f1": 0.06666666666666667, "train/accuracy": 0.1, "train/precision": 0.3333333333333333, "train/recall": 0.05, "val/f1": 0.07272727272727272, "val/accuracy": 0.2, "val/precision": 0.125, "val/recall": 0.16666666666666666, "train/loss": null, "val/loss": null, "eval/loss": 1.7363744974136353, "eval/accuracy": 0.2, "eval/precision": 0.125, "eval/recall": 0.16666666666666666, "eval/f1": 0.07272727272727272, "eval/runtime": 0.115, "eval/samples_per_second": 86.973, "eval/steps_per_second": 17.395, "train/epoch": 1.0, "train/global_step": 2, "train_runtime": 3.9213, "train_samples_per_second": 2.55, "train_steps_per_second": 0.51, "total_flos": 2631181424640.0, "train_loss": 1.7313731908798218, "label_metrics": {"_type": "table-file", "sha256": "d46590a674254c7729daffbe720adfb8f7cc9bdc7203851578b809da4a50070e", "size": 374, "artifact_path": "wandb-client-artifact://9s310m7qemt7zcfvgfwuczu060frblvktlwsbz5g1nyr5k9dgway4o3t39k745ox86wqwp0ohjgr16ntikon0aooid7hfkjl3aongfchepg5hftezpypq311461ql71k/label_metrics.table.json", "_latest_artifact_path": "wandb-client-artifact://94btdj58nra6410mk2ywefx71igfe9fdohuu0j21tbya43ezgy6dbwq0buhx0ya1xjny6pry3jfhbpk6qf5r9pr1paivxp9lmhk0hh6ex675pgcyndsmooe0on1gh1gz:latest/label_metrics.table.json", "path": "media/table/label_metrics_7_d46590a674254c7729da.table.json", "ncols": 5, "nrows": 4}, "test_predictions": {"_type": "table-file", "sha256": "88948b250cdd0991e31d55e40fc4b46ef754e17cdeb21cc37454180f8540cfaa", "size": 3522, "artifact_path": "wandb-client-artifact://3yph95shjay81jt8jck6rpmx19g2hvxd2mi8bm4d0aypysoidbq23qzuwbwsyadff4wjcv9q8nfna3lbw1ch048kx4k8rgh4ndhtne41cbck3n9k05ria92w30nd45w8/test_predictions.table.json", "_latest_artifact_path": "wandb-client-artifact://2riupg9vhavfm9c9tae9dv5d7zhyytgwzchemr62aszvzm821l148mp9mbf83q8qig5y9lyc3uguli0zvlmn780vcmgn0up1dghm8t4z5l6e1om4g5tt68lfav4ilk7j:latest/test_predictions.table.json", "path": "media/table/test_predictions_8_88948b250cdd0991e31d.table.json", "ncols": 8, "nrows": 10}, "test-metrics": {"_type": "table-file", "sha256": "021b26144c9723ccfeeee767308dd0079ded309de711fe15fa2b762d69b60c76", "size": 179, "artifact_path": "wandb-client-artifact://mqu8qgyrkw8pka06vj4ibo3fq0yam29q0lhj1kcbwhkxx2knmxo3yrwampionz30i9eprwyq9rj0k8h3fhu52nc6g8725rx1vxun7upy44kme500kkafpefxp5ayh688/test-metrics.table.json", "_latest_artifact_path": "wandb-client-artifact://ti85a6r8cgfsz4vli3uvxz8f019acsfdg2v1aw4jqpy7ghgrs9nz6tdcbpf5nmpstd22camv27ddfd15bn08mtwjyy6s01mw0474ycdfcn0zh6lacxirj2yqbxao4k8v:latest/test-metrics.table.json", "path": "media/table/test-metrics_9_021b26144c9723ccfeee.table.json", "ncols": 5, "nrows": 1}, "test_connective_metrics": {"_type": "table-file", "sha256": "2fc43bcf7d0859b11c1b1ee757a23ac9520f14cc57540be34d02b64303ff4813", "size": 200, "artifact_path": "wandb-client-artifact://zhlhvzddu0flzvsw04z3ypflxz51r5n3cyz6nddeynk7rx4mwd17x0qouyrhvsarnvh1foh8awshj4nrj56m3kouq8ratrpq6e1vr38p5ns728gncua14s9xhs7kxoul/test_connective_metrics.table.json", "_latest_artifact_path": "wandb-client-artifact://kgpir3r3uwdvnk7158gtiiuejm0trrzk9hgg9kwxc050vh4i0c4qr7avgovpocmaxf7tgf26h9xet0y666y8skhktgia64tmwjpv2r3mw2gsdj3d4b0u8mo0zd4n7ytz:latest/test_connective_metrics.table.json", "path": "media/table/test_connective_metrics_10_2fc43bcf7d0859b11c1b.table.json", "ncols": 6, "nrows": 1}, "Exclude_counts": {"_type": "table-file", "sha256": "98e0dd8b6f8614cb38277782e0f75564143c4874918b517d5eeea125ab5b6117", "size": 84, "artifact_path": "wandb-client-artifact://zq26115iqbwn43v5pt2jdcvwrhzwee5ukziwsxzi998kn5mohjlf8in8hsi32y6qu0btq1o94dkbnzgzzizuib9o6wi3i89e0qnlcm0xvc39ja7ajc5qcu1fe6hk8v2v/Exclude_counts.table.json", "_latest_artifact_path": "wandb-client-artifact://zxkcl11wz024dmy0kx2br6wqebwv61l2xrea7aqqbc6dv4c0dvq8a4uzbcffw8leyt8rhqg3gfq9jjlwqnsy4uxx4b10o5wx7j5rivs9axu038nsprbggrnunxhvpfja:latest/Exclude_counts.table.json", "path": "media/table/Exclude_counts_11_98e0dd8b6f8614cb3827.table.json", "ncols": 2, "nrows": 1}, "_wandb": {"runtime": 15}}