{"train/loss": 0.1279, "train/grad_norm": 0.008706234395503998, "train/learning_rate": 7.264957264957266e-06, "train/epoch": 8.982035928143713, "train/global_step": 1500, "_timestamp": 1719899319.2976482, "_runtime": 1606.002759218216, "_step": 165, "epoch": 8.0, "train/f1": 0.9939673172893349, "train/accuracy": 0.9940074906367041, "train/precision": 0.9940253609429566, "train/recall": 0.9940074906367041, "val/f1": 0.809324606600752, "val/accuracy": 0.8323353293413174, "val/precision": 0.8112883962923014, "val/recall": 0.8323353293413174, "eval/loss": 0.9343356490135193, "eval/accuracy": 0.8323353293413174, "eval/precision": 0.8112883962923014, "eval/recall": 0.8323353293413174, "eval/f1": 0.809324606600752, "eval/runtime": 4.784, "eval/samples_per_second": 34.908, "eval/steps_per_second": 4.39}