{"train/loss": 0.7257, "train/grad_norm": 5.954042434692383, "train/learning_rate": 1.6000000000000003e-05, "train/epoch": 1.0, "train/global_step": 167, "_timestamp": 1736414597.739801, "_runtime": 95.2017068862915, "_step": 27, "test/loss": 0.7513337135314941, "test/accuracy": 0.7142857142857143, "test/precision": 0.7625940938042849, "test/recall": 0.24390243902439024, "test/f1": 0.234902411021814, "test/runtime": 1.8625, "test/samples_per_second": 90.199, "test/steps_per_second": 11.275, "epoch": 1.0, "train/f1": 0.25103644817759113, "train/accuracy": 0.7880149812734082, "train/precision": 0.7534067681126504, "train/recall": 0.2494607116043143, "val/f1": 0.24947567474643284, "val/accuracy": 0.7664670658682635, "val/precision": 0.7821656050955414, "val/recall": 0.25, "val/loss": null, "eval/loss": 0.7123485207557678, "eval/accuracy": 0.7664670658682635, "eval/precision": 0.7821656050955414, "eval/recall": 0.25, "eval/f1": 0.24947567474643284, "eval/runtime": 1.8467, "eval/samples_per_second": 90.433, "eval/steps_per_second": 11.372, "train_runtime": 87.8914, "train_samples_per_second": 15.189, "train_steps_per_second": 1.9, "total_flos": 351262720189440.0, "train_loss": 0.9681752056418779, "label_metrics": {"_type": "table-file", "sha256": "6659a1511ec78450955ad32f64136edfc60967f96b9335bc1a0b49ddd86ca98d", "size": 477, "artifact_path": "wandb-client-artifact://y9884tbzikeouieysyhzgbjphlm6ppcxbvd74relfdwx97xim020wv0n41qkd9s5l2hauryofv5953aepakqco3kuwldiv2ejallh192vxqv4g2qsct8iegjdb7k8zbi/label_metrics.table.json", "_latest_artifact_path": "wandb-client-artifact://opyeioyptfvbf6fof15l7fg2enblmjr6dy4argf72g4mjccb9u4gdmxpzb9fskvg9i10a328r0pc9d6g4dd6139fph6a425byygkj6os8yhi0509istpguzshg7fs9w4:latest/label_metrics.table.json", "path": "media/table/label_metrics_23_6659a1511ec78450955a.table.json", "ncols": 5, "nrows": 5}, "test_predictions": {"_type": "table-file", "sha256": "0bd5f447394170115074403003008dc2a358d68e96e371e83ee4e20b8daa9f40", "size": 83175, "artifact_path": "wandb-client-artifact://nvq83kjha4k907a35ided6qlq2m55ului4aqdmy5nc0f5f9bv44qtuayazx9an0m7i28tye5jl4rk5ar03km7t5rzh8ajdl39314hn15x7xsy5hxx6g1ckajeq9xjh3e/test_predictions.table.json", "_latest_artifact_path": "wandb-client-artifact://ogczwyrzu8wz97n9efdh61pq6qm9cybrdkt7xo9kusjttu0tafnmtrz70sqd21eiof033hwlwtmt1fu0wlgi9vlaib15rxcr3w7w6eeoxsjc4jmgp3k2oynnrsxc9ezr:latest/test_predictions.table.json", "path": "media/table/test_predictions_24_0bd5f447394170115074.table.json", "ncols": 7, "nrows": 168}, "test-metrics": {"_type": "table-file", "sha256": "b07fa6ee5cad5c8d298d847378c1aab9243ff555ad6b90439d6d902112e2b3ca", "size": 203, "artifact_path": "wandb-client-artifact://a8jh7sar2k7pf0592ksqtfoc0ziqt8qxrli2ql66nzvqroqan94o21clw7zti6n09zd4feo9tsxqo4z01gx8ekrkjgv2g0zsoznoc6en5f154oh0o6fs5q6jxuvs0x51/test-metrics.table.json", "_latest_artifact_path": "wandb-client-artifact://xuvj2bfdnfy31wfm1dzsuq2najf4xz8x7oqnznmyjt6976734sywcxymgmflodnaxu024p4l8ytf6in3tzrvw366jggyxaarwjt62h75433731w2e1yv4z9hwzdkkj1o:latest/test-metrics.table.json", "path": "media/table/test-metrics_25_b07fa6ee5cad5c8d298d.table.json", "ncols": 5, "nrows": 1}, "test_connective_metrics": {"_type": "table-file", "sha256": "d987354baba9706252b3d11a2df142273b36fd4e98cdf4168dbfb684dee10bfc", "size": 413, "artifact_path": "wandb-client-artifact://av9ti12o1thtteol02bl2u9of251exmzbghfgap2peu64kmok7lr8j7u628mz0ymlvo4ugx74a2ewq3wwx7dqzufr42pyyscjzlaends74tkb7fi2r0ueitt033h0ckr/test_connective_metrics.table.json", "_latest_artifact_path": "wandb-client-artifact://tpswgfzu5k4p175ombp5m8bg2wnrdaqdh13x9xyrnjrwv6u7egi1ff298k141dvb2l7aaalh96cwugl011ki7tkhmaxoqykhr3gk9hly31uzvi5lseqt5yj149hbgejt:latest/test_connective_metrics.table.json", "path": "media/table/test_connective_metrics_26_d987354baba9706252b3.table.json", "ncols": 6, "nrows": 3}, "Exclude_counts": {"_type": "table-file", "sha256": "6b61ed8104e7789baa2a078cd4b3e82ab1d17bd9254552ac8bfb5d3efebbd3dd", "size": 81, "artifact_path": "wandb-client-artifact://fe9ifvq251kg5m5hoqo6yj18k8b4qc0oca9b7q5cox17dbsz0qp80bnk45dmswnin68vepo9s0gnk3k9gebyxxxetq5kiihrf07vneisr5rb2n5ka87mdr9h86s3k1ph/Exclude_counts.table.json", "_latest_artifact_path": "wandb-client-artifact://zhgp7rmg8ph2z13aaoogb7jsisca6im0wx43sgqoj2sbqdz0r0de1l23cdttdn6ve39gqkyhfiz7yshq55glo8ebkuvd4v5bjvjsuugwkaqpiovwcka07fnfb2zfkmte:latest/Exclude_counts.table.json", "path": "media/table/Exclude_counts_27_6b61ed8104e7789baa2a.table.json", "ncols": 2, "nrows": 1}, "_wandb": {"runtime": 103}}