{"train/loss": 0.507, "train/grad_norm": 0.7138381004333496, "train/learning_rate": 3.52549889135255e-05, "train/epoch": 11.0, "train/global_step": 1837, "_timestamp": 1739903116.7278564, "_runtime": 1699.7727274894714, "_step": 235, "test/loss": 0.7608792185783386, "test/accuracy": 0.7857142857142857, "test/precision": 0.6721782988004362, "test/recall": 0.5677653263019117, "test/f1": 0.5088058255411635, "test/runtime": 4.4289, "test/samples_per_second": 37.933, "test/steps_per_second": 4.742, "epoch": 11.0, "train/f1": 0.7034417021135965, "train/accuracy": 0.9378277153558052, "train/precision": 0.8922046204051245, "train/recall": 0.6963493358076669, "val/f1": 0.44003462124359505, "val/accuracy": 0.7904191616766467, "val/precision": 0.5541421756538035, "val/recall": 0.44708333333333333, "val/loss": 0.7654269337654114, "eval/loss": 0.6595876216888428, "eval/accuracy": 0.8083832335329342, "eval/precision": 0.636441798941799, "eval/recall": 0.5266666666666666, "eval/f1": 0.48196078431372547, "eval/runtime": 4.4041, "eval/samples_per_second": 37.919, "eval/steps_per_second": 4.768, "train_runtime": 1686.9552, "train_samples_per_second": 23.741, "train_steps_per_second": 2.97, "total_flos": 3863959214607360.0, "train_loss": 0.5519266388113887, "label_metrics": {"_type": "table-file", "sha256": "94b1f5c0ba2a83dd9bb9e2bf582d2e7c40572f6b42b1b3afe5eccdc1fd99639a", "size": 688, "artifact_path": "wandb-client-artifact://cdsoei0wlvc1l0tlbbukxs9arxgghlydscpqt6mgf1q9810io8shse4sczbc9rrkawn819g9ei02myjdx2x58y8hhlkk1xp9k5ypcoo887fmay5q7nf05vyf8aekyt9e/label_metrics.table.json", "_latest_artifact_path": "wandb-client-artifact://1nuz9wlkfh9lfz12y5kvaf43ip64vfkvyjb2bub7oe3t3jjtj2tpqutcmydedrkxo9dve644q8me0qe1puve7bc8u44vbj21g4gxl3giymn25m6gde2gbcurlc0r0laj:latest/label_metrics.table.json", "path": "media/table/label_metrics_230_94b1f5c0ba2a83dd9bb9.table.json", "ncols": 6, "nrows": 5}, "test_predictions": {"_type": "table-file", "sha256": "cad9b21a18c9952154fb6e2bc4f33cb5456bd940dde8dca772a4c7d79cd73f30", "size": 139691, "artifact_path": "wandb-client-artifact://xgw4hgtkjcc64ctoy7uro5s8hvw704v4i8mgbpu6dlruixxjwafqhzd2hx68d03nylre3svnmk00c82uybkgqhqi4ik26yzl8307kqn8uodhoatf9sp4mn0oyhynl7kd/test_predictions.table.json", "_latest_artifact_path": "wandb-client-artifact://1xuzsgu4sdas5erice6dqa4nmfgc7xrfjva8dg4817i7g7hs0719o7aez6c7zumq3s2kvzmjawjv9vnqcryhdae7hi0vv3i1dr26el7j23f4elh26lqjt4j13z9n0o7p:latest/test_predictions.table.json", "path": "media/table/test_predictions_231_cad9b21a18c9952154fb.table.json", "ncols": 8, "nrows": 168}, "test-metrics": {"_type": "table-file", "sha256": "264d163e9659a62e438468d19fa636aff878fbcd10f6c7ab735545bfa700cecb", "size": 214, "artifact_path": "wandb-client-artifact://ux0govib8bxe486q3gj13wwbaxjx63g7tkqaq9nk2x1o0c2vuo958pmxkan2imlp6wy4ecwbk7jkj3yf1ggtjqirzo1qy7ipsvny72zbc2c3o8iqp6xb6gr17hluau5s/test-metrics.table.json", "_latest_artifact_path": "wandb-client-artifact://l5w5h2r8fvlikqiaebha9iea9qiyjwjd05qu90h8medaskk8jc8gua47syaja4x7g1zopu7cu80zyv9ykffuzrph7u01f6urhfooeaojvh9kd3v10gty095v61slwwi5:latest/test-metrics.table.json", "path": "media/table/test-metrics_232_264d163e9659a62e4384.table.json", "ncols": 5, "nrows": 1}, "test_connective_metrics": {"_type": "table-file", "sha256": "7fee6e4fcd9c8a88707694af86833e92619180660319184c9babc7d7c787e1ab", "size": 482, "artifact_path": "wandb-client-artifact://zchptoan90yaxncyshukpfedijzegt42cu45crvdzb1rabzufddtxseo1gk27itc24gamm3x71ujpgbvn37zdna4etf7rktxk2jxchvd0ko6e89u97ltmkjpam13aooj/test_connective_metrics.table.json", "_latest_artifact_path": "wandb-client-artifact://sjj5zkt9vlvb76nw22af0yb23g9ae0jqqow2f74dnxqcnbbowdlpbfgdf47zxkwy6hhg8tx4hyjr3wquepkuwkq3snkxjbbbuoa8a0r16zt7yuwe15abnakn1xlczda4:latest/test_connective_metrics.table.json", "path": "media/table/test_connective_metrics_233_7fee6e4fcd9c8a887076.table.json", "ncols": 6, "nrows": 3}, "Exclude_counts": {"_type": "table-file", "sha256": "c34a277c71c512b8edf166c56baf83d9cf5f1d112b0d9e9e2b7fd47129239695", "size": 93, "artifact_path": "wandb-client-artifact://s15w39651i48hugjzfc8xbzy6l5wopa0jns1d64x66djqofk3eklnc6j9s22agde91vbt9cqu0yrt3s2jli1ubmpiimnb6ke25w739utiwd1nw8x6zxchjosfrmoly5i/Exclude_counts.table.json", "_latest_artifact_path": "wandb-client-artifact://4yvlvep58ff7tw52ql4ep9q0j1oxiwjbm1uauvgt7eu6tpp8esld3z8rbdgquf7nlhreqio9y8nw24xz7ivh9vfm2w1woc4oocr88th8kqmj0vhspqugeclyvyutsxca:latest/Exclude_counts.table.json", "path": "media/table/Exclude_counts_234_c34a277c71c512b8edf1.table.json", "ncols": 2, "nrows": 1}, "_wandb": {"runtime": 1708}}