{"train/loss": 0.1139, "train/grad_norm": 0.032130856066942215, "train/learning_rate": 3.8913525498891355e-05, "train/epoch": 9.0, "train/global_step": 1503, "_timestamp": 1739876830.2385674, "_runtime": 1373.9733712673187, "_step": 194, "test/loss": 0.9495764374732971, "test/accuracy": 0.8333333333333334, "test/precision": 0.7090484363081617, "test/recall": 0.46860689958250934, "test/f1": 0.4917033388067871, "test/runtime": 4.4331, "test/samples_per_second": 37.896, "test/steps_per_second": 4.737, "epoch": 9.0, "train/f1": 0.8506168201796237, "train/accuracy": 0.9850187265917603, "train/precision": 0.9592165276665072, "train/recall": 0.8333054890320177, "val/f1": 0.5593464052287581, "val/accuracy": 0.8562874251497006, "val/precision": 0.7305555555555556, "val/recall": 0.65625, "val/loss": 0.8592327237129211, "eval/loss": 0.809213399887085, "eval/accuracy": 0.8562874251497006, "eval/precision": 0.8847783572359844, "eval/recall": 0.7066666666666667, "eval/f1": 0.7050712115832247, "eval/runtime": 4.404, "eval/samples_per_second": 37.92, "eval/steps_per_second": 4.768, "train_runtime": 1361.0242, "train_samples_per_second": 29.426, "train_steps_per_second": 3.681, "total_flos": 3161421175587840.0, "train_loss": 0.3476237651755065, "label_metrics": {"_type": "table-file", "sha256": "b1ba8b233634f6b82c237819b46c63c1a94d3f6d3313805676d6f6c1fd4e4685", "size": 591, "artifact_path": "wandb-client-artifact://scrokig8ypu9chcn2kom6ub4pl9h0tbovika8jkbno0h9l5zo7sdvkjjb1etb5dcu8gyj48qk8ibmvitr1awwh75sc5zeau4q661a91606nkqyf9s53gpb24cjvk9pdr/label_metrics.table.json", "_latest_artifact_path": "wandb-client-artifact://9qxrwwkwa37gtoewglko2oaouk4pf9sw8s4wwq3zgpd53t61jl40ee54kq73vcu6buwh7euvojj9mu54wtolsyuc0ba80d9f5b1aut5eeoa0gdh4jznsgqd9lm3k4gsj:latest/label_metrics.table.json", "path": "media/table/label_metrics_189_b1ba8b233634f6b82c23.table.json", "ncols": 6, "nrows": 5}, "test_predictions": {"_type": "table-file", "sha256": "2618d8d1b4536bb44273b89e150d19a895ac44f71c7e3b693a2bf91e22ae2c3a", "size": 89308, "artifact_path": "wandb-client-artifact://hmoneo1x2ajzmes2fw7fvw3vfl06d6rre6lbu0op2583863pqjfit2wa2qdvwuvyaoqcimhlni99oz1lpnzm4xyvnt9b1do2p10cl9daw40lw4ac751c7iab2cu11o1q/test_predictions.table.json", "_latest_artifact_path": "wandb-client-artifact://4o4kz9418cf3kmxodp74el2aggmvtlet1fb1vog17wyznlg1z64p6z0k20xnvgzh8q17fap0pz7zhubmd9w0hbvwa5ra675mmnhsusjnm9vhb743znit6rugil0gqvm3:latest/test_predictions.table.json", "path": "media/table/test_predictions_190_2618d8d1b4536bb44273.table.json", "ncols": 8, "nrows": 168}, "test-metrics": {"_type": "table-file", "sha256": "e29a3f4bf95a51d568a1839bf80d2a3f9d0b06918f80e125cfa515c6a22d739a", "size": 201, "artifact_path": "wandb-client-artifact://z2eg9gqb70yd1t9k7we7rj7gv0ty29q4ryyrvc26axs0ex5zl2ybmzm4gdps6i1d7shhliw0wym2p6tgyk3pim8bpt710l9cq7pahk1sc4jdzh41gvcjaj7ulqxfpri9/test-metrics.table.json", "_latest_artifact_path": "wandb-client-artifact://ru34qop1pkkisx45q5iyyn3bwem533tnkdu4x43gur7ac0lrkmd0ss873r8gx1zbyqnyhx77za3iwwzk34kaz6yuv93y630bo4tqvvkbrg0mf864vswxrz34qqvmxya8:latest/test-metrics.table.json", "path": "media/table/test-metrics_191_e29a3f4bf95a51d568a1.table.json", "ncols": 5, "nrows": 1}, "test_connective_metrics": {"_type": "table-file", "sha256": "79414afc1e6d2179235dab96a5f5814e5307ca2251a50f195e6f782b4a9c0362", "size": 441, "artifact_path": "wandb-client-artifact://j15ki70kx4i8j59q6lttf03eg5rwm7uzgtso08ivc7t8aytoaawtn73yqsxd0k37t2tq5abxwqtmjoovkr4ldetfo0t1j48flbjbzy4mw1s20tn603lhbk1x3dvqmx9j/test_connective_metrics.table.json", "_latest_artifact_path": "wandb-client-artifact://m3w17gl0oscdamr0fylcm100c0il6e7rsun4l3fhpdmumq3o3s2psdoqtpjx8i2r18b47t7vspgogonodxro5xykseg3tzzptfqwugvc266eljxuvb1y53fuf0aqqplp:latest/test_connective_metrics.table.json", "path": "media/table/test_connective_metrics_192_79414afc1e6d2179235d.table.json", "ncols": 6, "nrows": 3}, "Exclude_counts": {"_type": "table-file", "sha256": "1315d459f2edbaf5a26cf162c57611f734e37385686ca35ad763b16ff92f0e5b", "size": 77, "artifact_path": "wandb-client-artifact://g7hwtzttkz8vyqi6c7unbvccriohr6nwbibn26u05qeshhfnqndxxhvbfozg9g03m41oogamb0yutgxvvbslwo256w99tcyoxt1jwvihmxpi6657hq2bdnfe8ig7y4qu/Exclude_counts.table.json", "_latest_artifact_path": "wandb-client-artifact://y6i3znik5vo17rw2cdruh3ieq4bnh6yifnc1z1rvhcyxg9cad4cq9yuzl6b8n1y5gazk2fkvupwhsr6qt1tdxt8bovsui37wa8uoh8h16q003ke2sca9r0sent9pie7x:latest/Exclude_counts.table.json", "path": "media/table/Exclude_counts_193_1315d459f2edbaf5a26c.table.json", "ncols": 2, "nrows": 1}, "_wandb": {"runtime": 1382}}