{"test/loss": 1.799260139465332, "test/accuracy": 0.1, "test/precision": 0.05, "test/recall": 0.1, "test/f1": 0.04, "test/runtime": 0.1143, "test/samples_per_second": 87.483, "test/steps_per_second": 17.497, "_timestamp": 1721572098.6592815, "_runtime": 33.62838554382324, "_step": 74, "epoch": 18.0, "train/f1": 0.5046153846153846, "train/accuracy": 0.6, "train/precision": 0.4625, "train/recall": 0.6, "val/f1": 0.04, "val/accuracy": 0.1, "val/precision": 0.025, "val/recall": 0.1, "train/loss": 1.2971, "val/loss": 1.7994673252105713, "eval/loss": 1.799260139465332, "eval/accuracy": 0.1, "eval/precision": 0.05, "eval/recall": 0.1, "eval/f1": 0.04, "eval/runtime": 0.1142, "eval/samples_per_second": 87.592, "eval/steps_per_second": 17.518, "train/epoch": 18.0, "train/global_step": 36, "train/grad_norm": 30.167978286743164, "train/learning_rate": 3e-06, "_wandb": {"runtime": 34}}