{"valid/epoch": 14, "valid/loss": 0.029556986100659398, "valid/accuracy": 0.9041916167664671, "valid/precision": 0.8779457364341084, "valid/recall": 0.8029166666666667, "valid/f1": 0.8095582329317269, "_timestamp": 1714900081.226585, "_runtime": 437.31819581985474, "_step": 46, "test/epoch": 14, "test/loss": 0.02815082243510655, "test/accuracy": 0.8392857142857143, "test/precision": 0.7832668144863267, "test/recall": 0.7478202592836739, "test/f1": 0.7293561693561694, "trains/epoch": 14, "trains/loss": 1.281230877875612e-05, "trains/accuracy": 0.9940074906367041, "trains/precision": 0.9875818181818182, "trains/recall": 0.9700076417384004, "trains/f1": 0.977839431461604, "_wandb": {"runtime": 433}}