{"train/loss": 0.0077, "train/grad_norm": 0.02148335985839367, "train/learning_rate": 3.337028824833703e-05, "train/epoch": 12.0, "train/global_step": 2004, "_timestamp": 1739561233.2815464, "_runtime": 1827.5784363746643, "_step": 256, "test/loss": 1.0622878074645996, "test/accuracy": 0.8392857142857143, "test/precision": 0.7322366192411924, "test/recall": 0.5547440123049879, "test/f1": 0.5672607053284775, "test/runtime": 4.423, "test/samples_per_second": 37.983, "test/steps_per_second": 4.748, "epoch": 12.0, "train/f1": 0.7773673409275302, "train/accuracy": 0.9880149812734083, "train/precision": 0.9603947489848652, "train/recall": 0.7880922457937236, "val/f1": 0.5723054624513091, "val/accuracy": 0.8383233532934131, "val/precision": 0.71640642303433, "val/recall": 0.6275000000000001, "val/loss": 0.7429096698760986, "eval/loss": 0.8031873106956482, "eval/accuracy": 0.874251497005988, "eval/precision": 0.842449381327334, "eval/recall": 0.7166666666666667, "eval/f1": 0.6909967225756699, "eval/runtime": 4.395, "eval/samples_per_second": 37.997, "eval/steps_per_second": 4.778, "train_runtime": 1814.2741, "train_samples_per_second": 22.075, "train_steps_per_second": 2.761, "total_flos": 4215228234117120.0, "train_loss": 0.3230687431185255, "label_metrics": {"_type": "table-file", "sha256": "a39898e376bf5d44b7c9c831d1960612bb87d1096344303543307bedf6f8b407", "size": 538, "artifact_path": "wandb-client-artifact://pfltggqj9rizpfgmesn0gda1b458x1nf36bb3s2livwnrfyun4n74j4usb9qfd8wxc09orrceh1al0jmv5brcevq4vnmi9eljwev76jjyjuyeutibukrks60t087z8zz/label_metrics.table.json", "_latest_artifact_path": "wandb-client-artifact://pohle4z5rur55vuomyoc8qcam6fzzomnjrsenc3ibg5o2m579cyhkmdfxbt9mpkgjiea8a1qi9ehmlp2332p3l0ra1b4vb03glqnf69o7rr6cxbm7hadkzn7kkse5t1l:latest/label_metrics.table.json", "path": "media/table/label_metrics_251_a39898e376bf5d44b7c9.table.json", "ncols": 6, "nrows": 5}, "test_predictions": {"_type": "table-file", "sha256": "48a85c614ccc1258a3bbecd8a86c1469438155b663f1008a739136d729bcd332", "size": 87983, "artifact_path": "wandb-client-artifact://ptblpc9irlwmwhykqhfpv9gb0ujv72z7i4xf8qydvkyly3giprek3165k1pgpox9zmtls7bdqyzsmsb6ezz8i003lkzxikkbhqtnrn128ppztatk6uknx5vqaupl0a3v/test_predictions.table.json", "_latest_artifact_path": "wandb-client-artifact://ujgqsi48ldwfichp5brob0p7ot7pt7pa975bkx6j2hcpyisu1emicjzhagactvxwco8f6683u0zet6d3s99hk6gaftjfmexmofwigz80upjjruhdi7q4p09v6ds921km:latest/test_predictions.table.json", "path": "media/table/test_predictions_252_48a85c614ccc1258a3bb.table.json", "ncols": 8, "nrows": 168}, "test-metrics": {"_type": "table-file", "sha256": "4de7097fb5efdad5f0e3af965ca55eecd26f890336c80280f94a6a1d00299663", "size": 190, "artifact_path": "wandb-client-artifact://upx6e61n9b9vjsw6zcbo2xh7fyx9zy92vpti9voeo95rje203jvvzerfohh0ykoknugkb2t0cgi2mib7tm9m395p8y334dozog5n52zbmoywk3gkcexhkzzypxk21eur/test-metrics.table.json", "_latest_artifact_path": "wandb-client-artifact://a98a1s9lwkthncrrii8cbzlammqyz7lgzjjgug00jlwlio7xk6i7g55fa9swxfvyi426eu5lk97awz2chunmqcixlwf7ijg7j0r9fdqhc8w7bjipfn81a7bjdcyqs5pz:latest/test-metrics.table.json", "path": "media/table/test-metrics_253_4de7097fb5efdad5f0e3.table.json", "ncols": 5, "nrows": 1}, "test_connective_metrics": {"_type": "table-file", "sha256": "235526a3ea58df216ec5d7b5ae33fa5baaf726acb191afa7a94111689b575608", "size": 421, "artifact_path": "wandb-client-artifact://up2l17b78284anj46uw446y4gr8o6wf9dozonygqwvsl4pxe4bdi1u811a4caaqmu3sszqh07refff8ploh0d6de6yfvdv0hdxa7japp34gffve9ut96y6kvl67j4s0i/test_connective_metrics.table.json", "_latest_artifact_path": "wandb-client-artifact://rflc07vvf00cletw0qb3j2yrax1axrep3x0a1ltsvqn2bm0vpzht52xdnx6gxb07nmm9wzl7n89zkk6kdgf456ie0mc94zkotl4rzidedpwn355i4v0sfe3yqfscegtr:latest/test_connective_metrics.table.json", "path": "media/table/test_connective_metrics_254_235526a3ea58df216ec5.table.json", "ncols": 6, "nrows": 3}, "Exclude_counts": {"_type": "table-file", "sha256": "3a3e16eee488be4d9705c81c282778d2e17c222f184cef71ed7ae945012d1110", "size": 66, "artifact_path": "wandb-client-artifact://a4xmog9lly9n1qtxjgk1ho3fohg375rd1dlykw7wocrykuu6mnplgplql5ucjoro8sgy818x2vdv3x0748emog9k0o6d4tpwtk2bxfu4zxug5l1fovebcggo8vjvsssz/Exclude_counts.table.json", "_latest_artifact_path": "wandb-client-artifact://rj1fqw9oc36a7l34sf4wd1k1by403pqkfkne66b226d75fhnyk0edpwm9kbb4z1jskpaurpcw6jvnnw717lipl01vqyl06so9j0vjd9ckv122zjrm87r3n9ba67qf06d:latest/Exclude_counts.table.json", "path": "media/table/Exclude_counts_255_3a3e16eee488be4d9705.table.json", "ncols": 2, "nrows": 1}, "_wandb": {"runtime": 1836}}