{"train/loss": 0.0317, "train/grad_norm": 0.008411181159317493, "train/learning_rate": 1.2468827930174563e-07, "train/epoch": 15.0, "train/global_step": 2505, "_timestamp": 1735922305.294865, "_runtime": 1086.9617638587952, "_step": 316, "test/loss": 1.2647151947021484, "test/accuracy": 0.7380952380952381, "test/precision": 0.5653409090909091, "test/recall": 0.42211601845748187, "test/f1": 0.46599019110434636, "test/runtime": 1.8524, "test/samples_per_second": 90.691, "test/steps_per_second": 11.336, "epoch": 15.0, "train/f1": 0.9775911498091971, "train/accuracy": 0.9940074906367041, "train/precision": 0.9984158415841584, "train/recall": 0.9587295426286252, "val/f1": 0.47483270440251574, "val/accuracy": 0.7784431137724551, "val/precision": 0.5825091575091574, "val/recall": 0.5599999999999999, "val/loss": 1.5755695104599, "eval/loss": 1.0057783126831055, "eval/accuracy": 0.8083832335329342, "eval/precision": 0.7191346153846154, "eval/recall": 0.5866666666666667, "eval/f1": 0.5339049441786283, "eval/runtime": 1.8382, "eval/samples_per_second": 90.848, "eval/steps_per_second": 11.424, "train_runtime": 1079.7056, "train_samples_per_second": 18.547, "train_steps_per_second": 2.32, "total_flos": 5268940802841600.0, "train_loss": 0.2718931338826042, "label_metrics": {"_type": "table-file", "sha256": "3563ac594706210b8b058851e01c295f86bb605c37c2bff7afb709132272dec6", "size": 520, "artifact_path": "wandb-client-artifact://6cawpa6rhwzf3og2gvev1yk37td18ihsej2ozyzdgl8uua8t45aa902q4zjkqxfta5yubsx3u5p9rda5awg0z4vsxxn2ucln4u6xucj3ry77igg0pvjp59arn37hpfgs/label_metrics.table.json", "_latest_artifact_path": "wandb-client-artifact://b5j10agumi3pv17fzu102sfkfun0dnl0rgei5jdcuqf1mdp1a0nh7r1n6wfsjhju3nvwpiw030pueuohy2403c7tk0qqpunz55o7er4fh3kxsovavgwaivlq0ww0pdjz:latest/label_metrics.table.json", "path": "media/table/label_metrics_313_3563ac594706210b8b05.table.json", "ncols": 5, "nrows": 5}, "test_predictions": {"_type": "table-file", "sha256": "d0a425ae36ca4ae00ff00181a2db9b97f0615a1e6e9a4d260e3cbc0af91aa4f8", "size": 88310, "artifact_path": "wandb-client-artifact://dwcsz7wdk0gsdzyd30k24uag70k19nsnaek0kpwbucwjbbhj2v9mtoc00cm04u91urropzh1djanozpw0hlda6qhlgdt988pzssafh0txibbwa749l06upltc7un5p07/test_predictions.table.json", "_latest_artifact_path": "wandb-client-artifact://pbiptq13ion7z0q2e2p4ni9w96dt6ulef374m7tp846pz8ls3lu7voetppayy6l0aicwz6jls0phbk99ck7b4um3azp71wtc4xclmz6xoppz5om5cfq1gwa1n6vaibcc:latest/test_predictions.table.json", "path": "media/table/test_predictions_314_d0a425ae36ca4ae00ff0.table.json", "ncols": 7, "nrows": 168}, "test-metrics": {"_type": "table-file", "sha256": "a1870c7df1acd4c193f30c2cab90f6e1dbd45f1076cb5d2066d8dca159806f97", "size": 207, "artifact_path": "wandb-client-artifact://kwyp8ebqadhiyaz50kl995i8ckcxv2m2lyqh7qkwsgdntlkktpvnycw8ofwdc7trbyzusdffuo5ua0jkb8tbqnn0oyq017erktr1bepxtc83ippaliv2sa0wdhameac6/test-metrics.table.json", "_latest_artifact_path": "wandb-client-artifact://jgxjgfi0swe5zkq2if2kh9rtyw1pyrt8hskf8whbcxopxwnampub1v3s5q3msf8rlhewd4tz3q6t6ku5tr7t8z25i1hr897utl05hujkejsb3t7kwitkwbpj25164qt4:latest/test-metrics.table.json", "path": "media/table/test-metrics_315_a1870c7df1acd4c193f3.table.json", "ncols": 5, "nrows": 1}, "test_connective_metrics": {"_type": "table-file", "sha256": "8da20b7fb09e1498d8f791d6d6cbe21499bebcc1d9f11b3185dfdb1e6ba29a63", "size": 431, "artifact_path": "wandb-client-artifact://485jkoqwoijvwnkepokt1vh86v788f2kp3ypl4i4jmpcwmffb04iwwyn1dsfzs6xc0dw1gypoesq9aazy6m56ww9ovqccm3nmwtye5ft0rxikr2piqq0eqcob1qzkxyt/test_connective_metrics.table.json", "_latest_artifact_path": "wandb-client-artifact://jkyweb7xafxontlcfug0x0cguulpt5vxmgm8jztt8jyb3f0e8boirjxcduybnkqzb232kbk90kx5x1aty5tbf7uq4l2c1m7qa9lp0owt6ph1pcgm97rz7r5l1ysjuq33:latest/test_connective_metrics.table.json", "path": "media/table/test_connective_metrics_316_8da20b7fb09e1498d8f7.table.json", "ncols": 6, "nrows": 3}, "_wandb": {"runtime": 1093}}