{"epoch": 4, "valid/loss": 0.03007681034282296, "valid/accuracy": 0.718562874251497, "valid/precision": 0.1437125748502994, "valid/recall": 0.2, "valid/f1": 0.1672473867595819, "_timestamp": 1715521117.6529813, "_runtime": 185.00082731246948, "_step": 10, "trains/loss": 0.00342729538121027, "trains/accuracy": 0.750561797752809, "trains/precision": 0.1501123595505618, "trains/recall": 0.2, "trains/f1": 0.17150192554557125, "_wandb": {"runtime": 186}}