epoch,loss,accuracy,precision,recall,f1
0,0.007486978988075971,0.4651685393258427,0.18872731349681754,0.19544747484565098,0.17768665852021132
