{"train/loss": 0.7106, "train/grad_norm": 4.350442886352539, "train/learning_rate": 6e-06, "train/epoch": 0.3592814371257485, "train/global_step": 60, "_timestamp": 1738564183.5950277, "_runtime": 43.50569677352905, "_step": 5, "_wandb": {"runtime": 44}}