{"train/loss": 0.0294, "train/grad_norm": 0.020070698112249374, "train/learning_rate": 1.2468827930174563e-07, "train/epoch": 15.0, "train/global_step": 2505, "_timestamp": 1735648402.8493736, "_runtime": 1087.8937435150146, "_step": 316, "test/loss": 1.1284916400909424, "test/accuracy": 0.8392857142857143, "test/precision": 0.8106589147286822, "test/recall": 0.7839573720061525, "test/f1": 0.76506105006105, "test/runtime": 1.8481, "test/samples_per_second": 90.906, "test/steps_per_second": 11.363, "epoch": 15.0, "train/f1": 0.9794072597117853, "train/accuracy": 0.9940074906367041, "train/precision": 0.9655587943563895, "train/recall": 0.9948080409399973, "val/f1": 0.8762634955406039, "val/accuracy": 0.9041916167664671, "val/precision": 0.9053083923154702, "val/recall": 0.8699999999999999, "val/loss": 0.7004653811454773, "eval/loss": 0.7002097368240356, "eval/accuracy": 0.9101796407185628, "eval/precision": 0.9133566433566432, "eval/recall": 0.8716666666666667, "eval/f1": 0.8798052910052909, "eval/runtime": 1.8347, "eval/samples_per_second": 91.025, "eval/steps_per_second": 11.446, "train_runtime": 1080.0597, "train_samples_per_second": 18.541, "train_steps_per_second": 2.319, "total_flos": 5268940802841600.0, "train_loss": 0.17658403952710122, "label_metrics": {"_type": "table-file", "sha256": "74d323757da50c882d0116fff00d634bff5a68c3246e8bf96a1a448d07456eae", "size": 493, "artifact_path": "wandb-client-artifact://8iw17eay83nqh49i6am34zun5n7pe6aif4eok77zlv6174ut9evf8gscr02u6x6w456vrneil8o9on3rj1g2eawzv16791lggpubuf4op7yqf0r45pd67gy7ke9huo81/label_metrics.table.json", "_latest_artifact_path": "wandb-client-artifact://126b9dekm0tir72mtay0zbpxw1wqg1a10qkuo2tgo8ta1n5hkvvaufhebgb6zxh8is2rgkdzg2jlzk2kejuudry9kq59jduzxe3px47z4g6jcy4j5ehio515rlbitoxp:latest/label_metrics.table.json", "path": "media/table/label_metrics_313_74d323757da50c882d01.table.json", "ncols": 5, "nrows": 5}, "test_predictions": {"_type": "table-file", "sha256": "3754a809754a9cef5f423ddcab1cb360e5ae916cf1e375f16b89040711e4ea2f", "size": 88028, "artifact_path": "wandb-client-artifact://ezao69cqp4mel44zdsj8j1tbsf2jrrq8o39j02seuvcq7kcta4ejh1dgpz5j835a4sp136jwlxam6d0wmjpbwf77xaw70ma1wg9l1ndg0od5gc0i90d0ow256h6nsmgc/test_predictions.table.json", "_latest_artifact_path": "wandb-client-artifact://kf6vfcmyhh060beg041j4v0vrd7uem5x45ihb617kt1fwbuovzgdcjfp7qv0qwxfrmjs7zvo3xi0lqfkkkqcdhihx0tprn58xewouat6kp9lzdpcqewl2ulpi38rja0k:latest/test_predictions.table.json", "path": "media/table/test_predictions_314_3754a809754a9cef5f42.table.json", "ncols": 7, "nrows": 168}, "test-metrics": {"_type": "table-file", "sha256": "35766d586a810d0333b2cf31683a9fdbdcd59eed34c4aab305e21bc5f3a53341", "size": 192, "artifact_path": "wandb-client-artifact://uzcfnors9txd5j8fnrps0l265uv8h963azzlf3owmpnja5e30ro8h6rjwphe72jk2nygo2jbilm9h3m5o6td23v5p2qgscojkpp1d4hgbshi3x2y837b613as5947372/test-metrics.table.json", "_latest_artifact_path": "wandb-client-artifact://i84916472w9r0mypp7uh3p5sw8vn4mlnldohhsuiv00wht4y6f5r8bgwgt6lrsuekr9pe9vhz4qt723v5w3xnh7gca0wqggjploibubj00trsngngo5v55vjmgma6hwz:latest/test-metrics.table.json", "path": "media/table/test-metrics_315_35766d586a810d0333b2.table.json", "ncols": 5, "nrows": 1}, "test_connective_metrics": {"_type": "table-file", "sha256": "880842ded1a49911498262c4151543a430f46d7c3ce09a2b8ca43b6fbeb4562d", "size": 431, "artifact_path": "wandb-client-artifact://b61fovf28hf1qdh5s8wib0g4okshhbm8anu1npzcttp88lrnj0t09vtkx4wshju5arpf0z5q1y2j7220kvpit3nldm39qp0er9og6vvqav5rdbfhuz66hqvhl23c6g6f/test_connective_metrics.table.json", "_latest_artifact_path": "wandb-client-artifact://o79tzxb85v6ec53psf2mzhzpjdklrygea2wqcvs812pjmvnu1hiwli1okdtdj7lpfh3fkac4xi9xj1cqy1etehw4uei906pc9g9a4s19ra48879y6giso0bdnf2uo0lp:latest/test_connective_metrics.table.json", "path": "media/table/test_connective_metrics_316_880842ded1a499114982.table.json", "ncols": 6, "nrows": 3}, "_wandb": {"runtime": 1094}}