{"train/loss": 0.3724, "train/grad_norm": 175.77935791015625, "train/learning_rate": 3.52549889135255e-05, "train/epoch": 11.0, "train/global_step": 1837, "_timestamp": 1739639931.8182836, "_runtime": 1686.8892455101013, "_step": 235, "test/loss": 1.430647850036621, "test/accuracy": 0.7678571428571429, "test/precision": 0.5579117063492063, "test/recall": 0.4598264117776313, "test/f1": 0.43916734788245104, "test/runtime": 4.4281, "test/samples_per_second": 37.94, "test/steps_per_second": 4.742, "epoch": 11.0, "train/f1": 0.7621690551713359, "train/accuracy": 0.9850187265917603, "train/precision": 0.9300282197843808, "train/recall": 0.7844165203215909, "val/f1": 0.35128674179257835, "val/accuracy": 0.7305389221556886, "val/precision": 0.42914810250576674, "val/recall": 0.46333333333333326, "val/loss": 1.6776068210601807, "eval/loss": 1.3786524534225464, "eval/accuracy": 0.7664670658682635, "eval/precision": 0.6823966165413534, "eval/recall": 0.49124999999999996, "eval/f1": 0.4202574948570372, "eval/runtime": 4.4003, "eval/samples_per_second": 37.952, "eval/steps_per_second": 4.772, "train_runtime": 1674.1585, "train_samples_per_second": 23.922, "train_steps_per_second": 2.993, "total_flos": 3863959214607360.0, "train_loss": 0.4332555947134806, "label_metrics": {"_type": "table-file", "sha256": "59229372968becf4e732f19bdf268be711bc8bef0ec3945ab9caf70c8cb068c6", "size": 610, "artifact_path": "wandb-client-artifact://ovz3lxpt900lssngvzgc1rxkwzvqgjgwin9xy1bd8iqe26ez8jv4weyo5ebdsrqa7akma9c0wpvryjtn6edagqjc8bofv6rv3v3mxy5ffx8uadyjz4zlznwln9mftait/label_metrics.table.json", "_latest_artifact_path": "wandb-client-artifact://ka45m7dpav01w0rr5bk5kzzefcpzje8a91h7fri6aoup4paekvk87f2jovgs97qc9yrgvodcso76vw9zznrj2cupqnp9y3o6izp69liixpdc70dmhacljbjt2aphawod:latest/label_metrics.table.json", "path": "media/table/label_metrics_230_59229372968becf4e732.table.json", "ncols": 6, "nrows": 5}, "test_predictions": {"_type": "table-file", "sha256": "165fc1f6b162e9bf2c620a3499e6faab5bd74bdc45a14dff6d76f63a719db7e3", "size": 62240, "artifact_path": "wandb-client-artifact://c9p9hnje4r02hz9jei1vdk1ddei2rl3rd0ffkz2pnesrti0sr898uo8o68wfn1g9lz2qhwvnqsi49g5bnjjk3gnv60tvc3qt2nqq8kcinbwuycouv79c2m21z7niqw2d/test_predictions.table.json", "_latest_artifact_path": "wandb-client-artifact://taw7quhnef3jptush4sdy99lauj5j6todnrt7a7fgbk8wyzmi8j9uu50x4h3a0i3pgy7oahw8owwcgtzrvwurl16dz8euywno0dszyvb1ril4zdqvtsmveg8iz4to7lq:latest/test_predictions.table.json", "path": "media/table/test_predictions_231_165fc1f6b162e9bf2c62.table.json", "ncols": 8, "nrows": 168}, "test-metrics": {"_type": "table-file", "sha256": "50b8280acc24f411e97243e19e42011d62aa5c36c10220f14ffaeffb5ee38280", "size": 207, "artifact_path": "wandb-client-artifact://zwreh0wwykn0sunsy7ve9yb5mm8p9dxr0czr7oyfab1l2ky2idat9m5b6nk85g8g8betoyyewmqmnmkon3f7cggz6po7r2ei7bdfqfobkskn2xc4clqx6j28e2s0daeo/test-metrics.table.json", "_latest_artifact_path": "wandb-client-artifact://tdqr9zea6pk3cfz4lp2so3odctzmyguo0piyvgnpt0kucitxil23xha4w60od8xe9nysfr7cmacbvgmwr9gkjphqjr57l1v3xpi3ff6meu7c7rx8flnmxl0y0sxde4md:latest/test-metrics.table.json", "path": "media/table/test-metrics_232_50b8280acc24f411e972.table.json", "ncols": 5, "nrows": 1}, "test_connective_metrics": {"_type": "table-file", "sha256": "30afc16003f07ad034c3b474d3e9cf419870cda5a41001ce97c94512ecb8bc9e", "size": 445, "artifact_path": "wandb-client-artifact://tuy16e8cfxy5tjiv5oo5xqm8g18g1fwpmofncoos4g92zb760dtqp1nl3hsqcjalztb9ia7sjwhx5kyj4bs2lw6jqej2q3a76ssvgff3ho2f6049bhfv9mu0i47602gm/test_connective_metrics.table.json", "_latest_artifact_path": "wandb-client-artifact://brctpbnzz5ydyzjqpb5vby7hmplh8007wxl740p37h3f5qko9hdqt39z245syqvbdby1ho9z98jxphmx9k7fd7e3rrkbygmnodljqchkklosezg1xnjh8pj61n3iphcm:latest/test_connective_metrics.table.json", "path": "media/table/test_connective_metrics_233_30afc16003f07ad034c3.table.json", "ncols": 6, "nrows": 3}, "Exclude_counts": {"_type": "table-file", "sha256": "92504b126567f736cbedb8586a5e833f3c5632191cd4c7ca2291163d6a06ccb8", "size": 85, "artifact_path": "wandb-client-artifact://lfrs35jjxuspr758zui44pvr7j85dijvdt7m1f5y8ke62ygsoxa0bhzkpc0reqz42zosrpe6ba4ductux3sqyhpg06l42b0xkgjwcgyv2b54cxwzy7jm2negdngo6inh/Exclude_counts.table.json", "_latest_artifact_path": "wandb-client-artifact://yx9lrph0o5eevd2w64q66y4k0d17hn8320soz89ky74p9dvkwghvxcckvn4k99gy7ywjrktotg7ueg016ebb1hibgfb9s3jqsuvpu1ytkuwmz9dbs0g07123fkzzoszn:latest/Exclude_counts.table.json", "path": "media/table/Exclude_counts_234_92504b126567f736cbed.table.json", "ncols": 2, "nrows": 1}, "_wandb": {"runtime": 1695}}