{"epoch": 4, "valid/loss": 0.031266080405183895, "valid/accuracy": 0.718562874251497, "valid/precision": 0.1437125748502994, "valid/recall": 0.2, "valid/f1": 0.1672473867595819, "_timestamp": 1715515174.2716303, "_runtime": 185.33040618896484, "_step": 11, "trains/loss": 0.0032841027452704613, "trains/accuracy": 0.750561797752809, "trains/precision": 0.1501123595505618, "trains/recall": 0.2, "trains/f1": 0.17150192554557125, "test-metrics": {"_type": "table-file", "sha256": "e301bdd261e608267c53ac1dfa411c3248f81d61458a30a95a849ac35c42104e", "size": 195, "artifact_path": "wandb-client-artifact://754c4iipbq86t6c07hpacqg0j6ixmz3ln1s98z658m6mjoev92h9fs8o1h9y578zp942pyg8ys3oolqqt76mj835hadxcuwt9diaog4nwc5n8llocirx7gbzh24nj20e/test-metrics.table.json", "_latest_artifact_path": "wandb-client-artifact://lyl8rclnaf13joxqo74nyein1nsiizxofe7g7ahtzqiqji6kqtzdr8hfx0ccrixk9qre58mycixsaolq4nwg4dof40nnx9n4h5ubc2ievwqplwcm4ab23lrxfeljw4wp:latest/test-metrics.table.json", "path": "media/table/test-metrics_11_e301bdd261e608267c53.table.json", "ncols": 6, "nrows": 1}, "_wandb": {"runtime": 185}}