{"train/loss": 0.1244, "train/grad_norm": 0.04077724367380142, "train/learning_rate": 3.52549889135255e-05, "train/epoch": 11.0, "train/global_step": 1837, "_timestamp": 1743010308.453807, "_runtime": 791.2217180728912, "_step": 235, "test/loss": 1.5479084253311157, "test/accuracy": 0.7678571428571429, "test/precision": 0.8233619592875318, "test/recall": 0.5598264117776313, "test/f1": 0.5633329559606023, "test/runtime": 1.8701, "test/samples_per_second": 89.835, "test/steps_per_second": 11.229, "epoch": 11.0, "train/f1": 0.9687797885862384, "train/accuracy": 0.9887640449438202, "train/precision": 0.976205583846664, "train/recall": 0.9633363024933097, "val/f1": 0.5154121528589614, "val/accuracy": 0.8203592814371258, "val/precision": 0.7023809523809523, "val/recall": 0.53, "val/loss": 1.4656882286071777, "eval/loss": 1.204387903213501, "eval/accuracy": 0.8083832335329342, "eval/precision": 0.8772068511198945, "eval/recall": 0.51, "eval/f1": 0.6025800039753528, "eval/runtime": 1.8563, "eval/samples_per_second": 89.964, "eval/steps_per_second": 11.313, "train_runtime": 783.7384, "train_samples_per_second": 51.101, "train_steps_per_second": 6.392, "total_flos": 3863889922083840.0, "train_loss": 0.33734823826185356, "label_metrics": {"_type": "table-file", "sha256": "b1c597f937160b78338fe0bdeda0a07ff533eb25b7869dc63e4a2a195f8df21c", "size": 617, "artifact_path": "wandb-client-artifact://luzb4ondt29dbisww925ujswp5vye3p1u7ovfbc8167j29km6tcpogvhde1q7o05woh3uy0ihyml9lgc2k8mvxq8n8s62z1emcizeyaanc25na3glbzm9de7w842202p/label_metrics.table.json", "_latest_artifact_path": "wandb-client-artifact://ud2xsvp9hb4e6oya9wm4h0178nct3urlzpmsnvwmwhy4myes8wzn85i0n2tu1c641m29ec2ogty2qltd0gsnx35h9g2zgs1w2m6h2025aztvadgu7j2jnrm26tnj4nht:latest/label_metrics.table.json", "path": "media/table/label_metrics_230_b1c597f937160b78338f.table.json", "ncols": 6, "nrows": 5}, "test_predictions": {"_type": "table-file", "sha256": "33f2e2212f5df027e8e35a1d541986ba07170c042f98f1637cb54098aa6c9f7d", "size": 53105, "artifact_path": "wandb-client-artifact://ej1473cp0gazxh135rs3e4r4eteyl5gdg5ax94xwbccd9pniicorjbis5ykvec4jdqzbgnmzhce53oxtg02mblmhwm9fsmwgwhwktgir8ay3lqafnt47h9cj98ylap8v/test_predictions.table.json", "_latest_artifact_path": "wandb-client-artifact://lm3jzg09y3erql45xxd7yl45yenbrb01m8wn8hbr64has1t41eiv7kp0cttiyblrwv6eb4obvvcp8n2shyh62klmfctgktk68b0mi1ix6ondhsfweesqrahwtd44ar1u:latest/test_predictions.table.json", "path": "media/table/test_predictions_231_33f2e2212f5df027e8e3.table.json", "ncols": 8, "nrows": 168}, "test-metrics": {"_type": "table-file", "sha256": "2fcc620d6d944d402679c9b6ac878cf52bea333c93b54fb1a196d085f4a22987", "size": 205, "artifact_path": "wandb-client-artifact://bl4eyarl4w18jw2ph5b6p2iwowe0wriz5grsxay9oimnzuriepoxfyzlgbskmjdcjhpcp3wxuz1f0ek2n1jnl4rhhzwu9mtp34jt7cmcnxavab276vjo2qob3r4j9me7/test-metrics.table.json", "_latest_artifact_path": "wandb-client-artifact://fd6qmrombdi95516atrsqp2uo97ffir2c5ck0jh4d8bczcrfluo9d3rm59hnonwi29pjbjus2lw0ygs9315rrcrgd7jfv0y2kh9oxi0vgterhh96bltsohcopvu7xo53:latest/test-metrics.table.json", "path": "media/table/test-metrics_232_2fcc620d6d944d402679.table.json", "ncols": 5, "nrows": 1}, "test_connective_metrics": {"_type": "table-file", "sha256": "22a167a336d780312967f354a50e2269255b84e7681c49b322a88f191073f766", "size": 413, "artifact_path": "wandb-client-artifact://g8r3pr5goqwfeonqd69w4g9jk39xghlfl73pe8f7nw7hpaw3gyr99ch2pd71qpq9mzia8ip25d3qbwzzg5ucw5xdtfyxghcysgr40dsrvfwipby6e88nmnm5nkerp0dd/test_connective_metrics.table.json", "_latest_artifact_path": "wandb-client-artifact://t37ii0j1xcjmot8ik2cs7nhbo1vmt4een1nbl6i7p1c0cams7fmb72qzxttcrscj0un3clrhcl8zfnc4hmi4uysx5wi4be18cajzoq0tv59mqtvne01ekvl3edgmoq0v:latest/test_connective_metrics.table.json", "path": "media/table/test_connective_metrics_233_22a167a336d780312967.table.json", "ncols": 6, "nrows": 3}, "Exclude_counts": {"_type": "table-file", "sha256": "e0904507c7a3e3f62f0831416757fbded3c24349ee8ce39d59ff399ee82bffe7", "size": 84, "artifact_path": "wandb-client-artifact://7b13rlpy0usbqzs1uf4cpfnenhxw7wx6nca4x5afr3f8cdu4841obslfom8cjrhkumeu04gzkwd07i2uz54kaxmhejp6e3jcbsx0snpfydfh5ncd62jr7iqf3drvff9t/Exclude_counts.table.json", "_latest_artifact_path": "wandb-client-artifact://los435qq743qvpj07wzazi23nct49nsgnqeu023lh2r69r8emqpdxbyi6a39i3pydcreybyaqqtkswxqm1iyt5e4zeawklrqceab5vy67i6jfrzj7q511orlgm1yf8dk:latest/Exclude_counts.table.json", "path": "media/table/Exclude_counts_234_e0904507c7a3e3f62f08.table.json", "ncols": 2, "nrows": 1}, "_wandb": {"runtime": 800}}