{"train/loss": 0.0797, "train/grad_norm": 0.015021844767034054, "train/learning_rate": 4.445676274944568e-05, "train/epoch": 6.0, "train/global_step": 1002, "_timestamp": 1736714962.054358, "_runtime": 431.6150059700012, "_step": 131, "test/loss": 0.7343308329582214, "test/accuracy": 0.8035714285714286, "test/precision": 0.8075105042016806, "test/recall": 0.5642012744451768, "test/f1": 0.552387510621806, "test/runtime": 1.8518, "test/samples_per_second": 90.723, "test/steps_per_second": 11.34, "epoch": 6.0, "train/f1": 0.7745968513803356, "train/accuracy": 0.9857677902621723, "train/precision": 0.958022203064104, "train/recall": 0.7836549705307603, "val/f1": 0.5088003697186227, "val/accuracy": 0.8263473053892215, "val/precision": 0.651010101010101, "val/recall": 0.5829166666666666, "val/loss": 0.775387167930603, "eval/loss": 0.4099445343017578, "eval/accuracy": 0.8622754491017964, "eval/precision": 0.7535244360902256, "eval/recall": 0.6529166666666667, "eval/f1": 0.5889855072463768, "eval/runtime": 1.8411, "eval/samples_per_second": 90.705, "eval/steps_per_second": 11.406, "train_runtime": 424.18, "train_samples_per_second": 94.417, "train_steps_per_second": 11.811, "total_flos": 2107576321136640.0, "train_loss": 0.360835594464811, "label_metrics": {"_type": "table-file", "sha256": "dca98676837363cbf71f26c51e854f85f57fa60e44ff3af3271578d2ba0a0f52", "size": 608, "artifact_path": "wandb-client-artifact://dcp9ezteebqyw8uasr1whgnsy1te6kz82s3mei097jm4m4g6ffdwl64cgk79948s4gbhn2igeeqsnt8i2sci33z9h4j9szzhil57b868ed0lu4i6x077p4pxuzydsx6g/label_metrics.table.json", "_latest_artifact_path": "wandb-client-artifact://9t62e5ecb2hjqufp3q5i2y1u9dik24e5z4jxnqtjqrynd1qwo12lnvw2neroow2ct4g0vvqzucrld4jnaqsvz2khaja0althx5x791ijtaehywomor3gyyv0a70xuzph:latest/label_metrics.table.json", "path": "media/table/label_metrics_127_dca98676837363cbf71f.table.json", "ncols": 6, "nrows": 5}, "test_predictions": {"_type": "table-file", "sha256": "0c3bc230e5cef92b50a9c36d13733004be6b02b5bd72eb546eba1aacd25dda8c", "size": 53568, "artifact_path": "wandb-client-artifact://blgvf8cj8yfn6rhyfv47sfu86bqilhdzhw1uz3nm7leiz6slzcv89e0m3g2xe825564s7c1me4ugkdmgps4vv8pxlrowc7j4n1a5d597mb6uriibttekh19jf4fj2v0r/test_predictions.table.json", "_latest_artifact_path": "wandb-client-artifact://qikzgh2w45stqfipts2prwlqvsvcmpwc75dozotsiisx8e9nhxp87svdcuj6qqymfag95euyygpch5yfaju8xb8nowxws9pnqry9old2f48fzez7i1pv0i2vjl1154ud:latest/test_predictions.table.json", "path": "media/table/test_predictions_128_0c3bc230e5cef92b50a9.table.json", "ncols": 8, "nrows": 168}, "test-metrics": {"_type": "table-file", "sha256": "17f00973c65036fc2fb132514b0941083aadfe8d3930bf5910e193db45733293", "size": 194, "artifact_path": "wandb-client-artifact://ou6qghl9vv053qx7iqzc0pc8chxd8zlusk9thyrorxdiic1ebvey0pdffpd3xgs8wfqxzjaikv4yidzb50stcps85noxz6d8awc640bfxnnxpj3jd57yt2dfx2tc4kcn/test-metrics.table.json", "_latest_artifact_path": "wandb-client-artifact://fcmkfqz9gg9y240juomcnyo0pvywsiz15ifv67df4981irgykuajxg0a89iu92ilchbviv2lcu35qj9dxcagxh0qdwg7uvox73i5gloipbnmu662sawuelxspr1206z0:latest/test-metrics.table.json", "path": "media/table/test-metrics_129_17f00973c65036fc2fb1.table.json", "ncols": 5, "nrows": 1}, "test_connective_metrics": {"_type": "table-file", "sha256": "6aa86a587e3c4ea56d3c274d21c5ed5014eb148e9f6d1aa2493438b7d3b1a12e", "size": 409, "artifact_path": "wandb-client-artifact://t7cf1h6hbv9sj1qxzj30z0spz8aqeiax9xiga5jqzokip684y6yxlwrgdprjc5yzab0g76r8iwx94nafbjj0knwkwwrm8om2owq20aefl27zfjxbstz63v1wxmtc80p4/test_connective_metrics.table.json", "_latest_artifact_path": "wandb-client-artifact://8bktyj5ggscrr2oi5dbk72p747pdwbdxlbmzjxuh6fd6bpy0l5mveqfmcbx7vo4kiipifcqd45mc9m34nr14jzg03b5vhttlm3z2e117jfhugaxcyov6bu234h54wiwj:latest/test_connective_metrics.table.json", "path": "media/table/test_connective_metrics_130_6aa86a587e3c4ea56d3c.table.json", "ncols": 6, "nrows": 3}, "Exclude_counts": {"_type": "table-file", "sha256": "1a3d918c3f53b28b05bc7e06d7cc4103e58474eb9b0eaf7e5c9ed70b55818bea", "size": 75, "artifact_path": "wandb-client-artifact://o3h05u8yjzc44dv4qkdf8rbijzr8hdfsmdda9cl4pdnhtbjbg09d82vdgiend3lbfee9aqhu6szo0mp18g0hyu8at3ck2a5ejpgkc35x24s9wos4f2o2shsbpzerl5b3/Exclude_counts.table.json", "_latest_artifact_path": "wandb-client-artifact://4qnakw2u925h7jusvnsovz13xsdou1kq93jcqtqjhbxd7nw96bjyiklt1ade9ad5gdsoig7exp26obur02bgfp0bd4xrol3tk80r9ryz3zlyogb0mtymu9eglqjcwit4:latest/Exclude_counts.table.json", "path": "media/table/Exclude_counts_131_1a3d918c3f53b28b05bc.table.json", "ncols": 2, "nrows": 1}, "_wandb": {"runtime": 439}}