{"train/loss": 0.0332, "train/grad_norm": 0.35632699728012085, "train/learning_rate": 3.7028824833702884e-05, "train/epoch": 10.0, "train/global_step": 1670, "_timestamp": 1736593203.4648483, "_runtime": 720.7546792030334, "_step": 214, "test/loss": 0.9501655101776123, "test/accuracy": 0.7976190476190477, "test/precision": 0.7864942528735632, "test/recall": 0.6216282135794331, "test/f1": 0.6448342374924654, "test/runtime": 1.8711, "test/samples_per_second": 89.789, "test/steps_per_second": 11.224, "epoch": 10.0, "train/f1": 0.9759980748695961, "train/accuracy": 0.9917602996254682, "train/precision": 0.993259855871132, "train/recall": 0.9605395530141451, "val/f1": 0.5993629439523139, "val/accuracy": 0.8562874251497006, "val/precision": 0.7763794751477233, "val/recall": 0.6608333333333334, "val/loss": 0.7713474035263062, "eval/loss": 0.7146251797676086, "eval/accuracy": 0.844311377245509, "eval/precision": 0.7523776223776224, "eval/recall": 0.66875, "eval/f1": 0.6478056680161943, "eval/runtime": 1.8588, "eval/samples_per_second": 89.841, "eval/steps_per_second": 11.297, "train_runtime": 713.1146, "train_samples_per_second": 56.162, "train_steps_per_second": 7.026, "total_flos": 3512627201894400.0, "train_loss": 0.3684696500172872, "label_metrics": {"_type": "table-file", "sha256": "d47ce391f99f9b7041a76617f75a59f3621e17c163deabe853b9bb70a8f91932", "size": 563, "artifact_path": "wandb-client-artifact://qv15brozpztsmrqmjjqvdlbvo34n0678kvchqq8ffd7lly22oh9tz3js0g145ctszs51dfvstfll7gbk27yz9xrbd3qcvdfd9n32nhd4zwcp1gfxpu46i5qa6vhwkxzi/label_metrics.table.json", "_latest_artifact_path": "wandb-client-artifact://0w5vi0qx1vehfsfusvtc3sxdbetly2v3lpp2fvhn2rxbvcju8gxhnd2dxbjlj2oacqmwemcuptc2hrr48h1hynhxnlph8331pfwy2ryeu2156qes1q8cipefgpema2b7:latest/label_metrics.table.json", "path": "media/table/label_metrics_210_d47ce391f99f9b7041a7.table.json", "ncols": 5, "nrows": 5}, "test_predictions": {"_type": "table-file", "sha256": "90234aba4979ab9cea55bcb27b6ed385e82a320807c5d38439881cc46a2faf67", "size": 91361, "artifact_path": "wandb-client-artifact://cpnl08pqw8xbx1sgud2sm9ahci52xgi5jk3gn8njt3ly3v89cktu96ines2z7m4xh3ix2lm2kbgogdogcfjnd13sgxemzvoropi7sj224m8h292lywqmu6jxnnzib4i8/test_predictions.table.json", "_latest_artifact_path": "wandb-client-artifact://8gkla1pgrny9wqupxo6ai9wmokvgw6nwvyxvjlhiq46h1e17w41t62s8eei0xri6n9vtlnpae9mgg9lgfw2rkshrh1btq44hr3eks1tlt07hqsbvwjj3a2vv5h7289xc:latest/test_predictions.table.json", "path": "media/table/test_predictions_211_90234aba4979ab9cea55.table.json", "ncols": 8, "nrows": 168}, "test-metrics": {"_type": "table-file", "sha256": "d77b77439c237fd21cb2e3c2025164b4559f058c381d36bc8aa2768dcbbb3966", "size": 214, "artifact_path": "wandb-client-artifact://tthmcwkbgwasajppwpdyhlxcf2tx8nk2u2kz2bzefni2rdvvtq53xmp0jtmv85tlbnqu97wohlv74276mch55h2z23ynyi6dbytsb20eorw3vimrmyd114f6p7rn1nl4/test-metrics.table.json", "_latest_artifact_path": "wandb-client-artifact://vzd3ilmfcmjtwca7nfomcjlut2jlydfvvh35stzeca70l51l9jes7b1endh6jlhprah0rrcrujtc78h3wlbdyv3zuie9dlptf9azbwlqnwuncu1yzz1yed83rn50jplt:latest/test-metrics.table.json", "path": "media/table/test-metrics_212_d77b77439c237fd21cb2.table.json", "ncols": 5, "nrows": 1}, "test_connective_metrics": {"_type": "table-file", "sha256": "bf854b5e994bc41d0e82592cfa118a79ac0f9006b53e4f386d0553df5b7635c3", "size": 470, "artifact_path": "wandb-client-artifact://ekcpdcl7hwlevw82diauo42bptgfh37srq0z7lpe90kul46vd957ht4zxyhwtbdx0noukjz8yyc40jtnhvoagoeoves7x3fngm4zc0ghq6zkv0o6mb6j093svv5shnzw/test_connective_metrics.table.json", "_latest_artifact_path": "wandb-client-artifact://lgqyxaxyu6zvil0j13oeb3oavu1z8xt9awr0p2cunu62acfavbhy1abuzlk6hl3iwtuwfq1mvsb5ohfyth76u01z7oskmlral369ktu4soid24t7tvq7hmg145fz2omj:latest/test_connective_metrics.table.json", "path": "media/table/test_connective_metrics_213_bf854b5e994bc41d0e82.table.json", "ncols": 6, "nrows": 3}, "Exclude_counts": {"_type": "table-file", "sha256": "c34a277c71c512b8edf166c56baf83d9cf5f1d112b0d9e9e2b7fd47129239695", "size": 93, "artifact_path": "wandb-client-artifact://4n36ijod7az2tteywnqtykz5p7y07563vxuzo8lqgzssvaczefbr2ui7h7rklbxjl0kahatqw0q5lvw7vro2szbdlx35i8vc86ayf38hr78xqdzcho44qusx9s5ayz8e/Exclude_counts.table.json", "_latest_artifact_path": "wandb-client-artifact://nlcvtzldc3049whqd5vv3t1859lbgrxyyq7v2dcivwyrmyy27t4u43f4ecfee2gy3j0aexwnxeiplrphqs4xwy3vuhvtzlk1njsi71u2e0tmt3e1pfanavppselg7f8m:latest/Exclude_counts.table.json", "path": "media/table/Exclude_counts_214_c34a277c71c512b8edf1.table.json", "ncols": 2, "nrows": 1}, "_wandb": {"runtime": 728}}