{"train/loss": 0.0471, "train/grad_norm": 0.0403868742287159, "train/learning_rate": 4.26829268292683e-05, "train/epoch": 7.0, "train/global_step": 1169, "_timestamp": 1736740260.1673062, "_runtime": 506.856858253479, "_step": 151, "test/loss": 0.7601317167282104, "test/accuracy": 0.7261904761904762, "test/precision": 0.5102391874180865, "test/recall": 0.39644254010107666, "test/f1": 0.3993624947425344, "test/runtime": 1.8701, "test/samples_per_second": 89.834, "test/steps_per_second": 11.229, "epoch": 7.0, "train/f1": 0.9308072468823421, "train/accuracy": 0.9842696629213483, "train/precision": 0.9598454835461621, "train/recall": 0.9206893552344851, "val/f1": 0.3477777777777778, "val/accuracy": 0.7844311377245509, "val/precision": 0.42283549783549784, "val/recall": 0.36583333333333334, "val/loss": 1.380698800086975, "eval/loss": 0.7774171829223633, "eval/accuracy": 0.7604790419161677, "eval/precision": 0.5487719478035117, "eval/recall": 0.45666666666666667, "eval/f1": 0.43429696915109883, "eval/runtime": 1.853, "eval/samples_per_second": 90.122, "eval/steps_per_second": 11.333, "train_runtime": 499.5425, "train_samples_per_second": 80.173, "train_steps_per_second": 10.029, "total_flos": 2458839041326080.0, "train_loss": 0.45646085913258805, "label_metrics": {"_type": "table-file", "sha256": "7f72d997cfe8e31f2009a481f33359e6227835ef670267c8ccb649661bf4f047", "size": 624, "artifact_path": "wandb-client-artifact://mz0hmon20kcae94f4pysgpbwvfb1z58s1xrb1fctj8ul52cqmhnoh5owpxes2saydlym32l4ri8xxu3r633e8l6h63gun65mre9ncvni7z0f1y33ec27rp0e5pp8e6ko/label_metrics.table.json", "_latest_artifact_path": "wandb-client-artifact://27mvgxfo4bumdv4yd7phwbpaye5eeld3oztggv1h17dcicxtyai9zd9hls5wdbx8drv7wfxx779aiez2062u3ux7klxih3j4ugmxb0tr8lpkp6fzqo04voi9biay5jv4:latest/label_metrics.table.json", "path": "media/table/label_metrics_147_7f72d997cfe8e31f2009.table.json", "ncols": 6, "nrows": 5}, "test_predictions": {"_type": "table-file", "sha256": "c81621661d3a9cfdeadfffe1d168ddd026ac6451f933ce35127d95c4470beef3", "size": 62342, "artifact_path": "wandb-client-artifact://jg3pj1189egtl46o1zwfov8annj8ltf7dzks4xu6cot4qppre3405fc8kw3fv22c0clfni22etukdslcm8xyd1fjf9k9osfykhy2fjbrwm6gaqz0e9fpam3p5v445nca/test_predictions.table.json", "_latest_artifact_path": "wandb-client-artifact://cpt4bvirdoadsaqiny8w2w3mmhzz13a0i3rol7eeajdilmoqwpdsb3yc47iwlqfxb5ghroa9c9sutj8l43l4w32qz6x0sqbx40m07xc276pofrdenkbrb0d28rfiyzwl:latest/test_predictions.table.json", "path": "media/table/test_predictions_148_c81621661d3a9cfdeadf.table.json", "ncols": 8, "nrows": 168}, "test-metrics": {"_type": "table-file", "sha256": "ef20abc37f53db4a2d90ecfc93d3fc6a82142aa62cba9b3954ff6901198d36f1", "size": 207, "artifact_path": "wandb-client-artifact://h4u5siijqzruy8sks740y83rj6swsu7v3i1myyhtpnso8p317m61u8opi1mwvpng3nour0xe9h3756ia08iyeaktnjqyt6q6xybix2d2mujjszeaokzfqsttmza7mpqi/test-metrics.table.json", "_latest_artifact_path": "wandb-client-artifact://ygqt4h6f1l4b4d1ydn8d445sjubs8hmzexn36lhnniu07cc6nnpw7d2jtam2phoeyairu5denw0iqk1dglrfmekt9ww4q0sgepboyjxaiuki5061ft55opq6vkp8gm0h:latest/test-metrics.table.json", "path": "media/table/test-metrics_149_ef20abc37f53db4a2d90.table.json", "ncols": 5, "nrows": 1}, "test_connective_metrics": {"_type": "table-file", "sha256": "2ae9acbab571cda6d9c436c8bd3d876a6154947b55336feb756136c96b7dcc46", "size": 457, "artifact_path": "wandb-client-artifact://sx2ebjo5dbkg5224ubmelmqz53ig1xdertiktnt3ew1jv3xom2ouvrdtt7p8mh0f2a0pck48srm1gs3sfize3jb5oqjrwcdazdt08e19qr8kgo3f0a7f138frzf5knpp/test_connective_metrics.table.json", "_latest_artifact_path": "wandb-client-artifact://2j4bvx30w9ipz4f9500jji1ply7oqai9p199h8v4145ltc6vlldbhu2pc4il3yz6ufvnfcrvtlas3tuc46s44b3m9vith4r4zg17ap7ug7cpbe2ubzi9fq3dxfaq0se9:latest/test_connective_metrics.table.json", "path": "media/table/test_connective_metrics_150_2ae9acbab571cda6d9c4.table.json", "ncols": 6, "nrows": 3}, "Exclude_counts": {"_type": "table-file", "sha256": "92504b126567f736cbedb8586a5e833f3c5632191cd4c7ca2291163d6a06ccb8", "size": 85, "artifact_path": "wandb-client-artifact://oiyh3fa6jjuqev4bhsmthvej8lllc711qzq19tcjp6y8m0fcnty1wdsoo2zn1tvh0d8xzpsb8acdsqix77fngod6b73ag5yjtkscfy9wpli41aa2iebfp0u5p2nnrry9/Exclude_counts.table.json", "_latest_artifact_path": "wandb-client-artifact://l5sgdtx13rjimm5f8z609rmionxey07156con3xs8arbfkbpwguckb08z7248rwpa5ezvxmegm3gqf7k34cbw8cepg86iuuclc97pvdpyx63iqwrc7140o2n3e4krcbe:latest/Exclude_counts.table.json", "path": "media/table/Exclude_counts_151_92504b126567f736cbed.table.json", "ncols": 2, "nrows": 1}, "_wandb": {"runtime": 514}}