{"train/loss": 0.0006, "train/grad_norm": 0.01353259477764368, "train/learning_rate": 3.7028824833702884e-05, "train/epoch": 10.0, "train/global_step": 1670, "_timestamp": 1736765066.8868442, "_runtime": 723.7834632396698, "_step": 214, "test/loss": 0.8910680413246155, "test/accuracy": 0.8392857142857143, "test/precision": 0.8492837099394477, "test/recall": 0.6996220610854758, "test/f1": 0.7246433680768444, "test/runtime": 1.8837, "test/samples_per_second": 89.187, "test/steps_per_second": 11.148, "epoch": 10.0, "train/f1": 0.9765933814130824, "train/accuracy": 0.9925093632958801, "train/precision": 0.9919945932868398, "train/recall": 0.9628926449953206, "val/f1": 0.8328265924946423, "val/accuracy": 0.8982035928143712, "val/precision": 0.8882920110192838, "val/recall": 0.8195833333333333, "val/loss": 0.6930468678474426, "eval/loss": 0.4871600866317749, "eval/accuracy": 0.8982035928143712, "eval/precision": 0.9399553571428572, "eval/recall": 0.7825, "eval/f1": 0.8401382488479262, "eval/runtime": 1.87, "eval/samples_per_second": 89.303, "eval/steps_per_second": 11.23, "train_runtime": 716.0303, "train_samples_per_second": 55.933, "train_steps_per_second": 6.997, "total_flos": 3512627201894400.0, "train_loss": 0.26904681794468066, "label_metrics": {"_type": "table-file", "sha256": "07880d959e778c713079e6d4239773712d1094f344f7d1bc724baab24f489463", "size": 636, "artifact_path": "wandb-client-artifact://ve1y7g4o4lvuz4t0oqpj55zomtdfeivlwu8lbon0mugjnda58i0ibypgq97mqjvm2ol0egm2s96zo54nnbonon696xc1c9hkrzoyd2fudjqqx32prtb0pvm2t9sjvn03/label_metrics.table.json", "_latest_artifact_path": "wandb-client-artifact://r8cuzy8ai2ktezrz4rflyaq2jaeoispxsqgt4zigzdir9lf1zyfea1q11ava3rtzphb45xi8jpe7fgz6qaeznyvrs5p2ga8fs7yxx4onka2wb88moje32ek81fonz682:latest/label_metrics.table.json", "path": "media/table/label_metrics_210_07880d959e778c713079.table.json", "ncols": 6, "nrows": 5}, "test_predictions": {"_type": "table-file", "sha256": "a716d2ced924a04d90d36a2673e89209ad285d86ea97fd3aa33006a91057fa74", "size": 88240, "artifact_path": "wandb-client-artifact://6t7ahaegjpcssthu17m8tpawdj23cy9ucct73p23ig9nitx6w2yo4l663v7d2mqsxn5c5obb8wopce9gv0cecr2wm6t4cx9f6lktyi06vf7t9xbl5wnw1ygj9vr86twz/test_predictions.table.json", "_latest_artifact_path": "wandb-client-artifact://bja7vvbgc1vzz0w1mn1au7d0fsm24rps6g9t5dmeow0cgmjxdg6902k1ebi6xvgj2b309pptljhxqdcxpscjy8cil02aj0rl4jiydzf763l83pv9ujrpz6yssi4cthzu:latest/test_predictions.table.json", "path": "media/table/test_predictions_211_a716d2ced924a04d90d3.table.json", "ncols": 8, "nrows": 168}, "test-metrics": {"_type": "table-file", "sha256": "ef26c5d4980c4cb8ff6fd4fe79b234d45349f78cf8702b021b2eed98ef2303db", "size": 201, "artifact_path": "wandb-client-artifact://5mh82nlxfc0gc2f8k627eo9o5ymeqld24l6rxc1jbplgztu1c1ca9ztqwnxegylyhmd1mazeq58qj7i1j8pq2jtjfqpvpgyj69oz9vibcjks87h9dee7e13hnjjcimd8/test-metrics.table.json", "_latest_artifact_path": "wandb-client-artifact://00vjgl1loyupb1aint5s113kcahjw5k04h89jh4f77whvbhsto877guaaey2s758i5jc1u6csqctlvgfw0moqgsy4ugcirngon8vnsppm5bb7yedbackf9iau24l2wap:latest/test-metrics.table.json", "path": "media/table/test-metrics_212_ef26c5d4980c4cb8ff6f.table.json", "ncols": 5, "nrows": 1}, "test_connective_metrics": {"_type": "table-file", "sha256": "b1fc033cdf508aea8b283374c33c7855d846987daf9525df9164eca294853b11", "size": 442, "artifact_path": "wandb-client-artifact://puvoehsesy0xqrdctnsc4l4hbfc5u0aw2prtlpjofxxrhz69fd6p9nxmnjxk6x83kcf7ktpqr2m5kqavxve91v20ssms5ooeqgnbk7dxd9yjmkw6oucvsivc2ss3btvz/test_connective_metrics.table.json", "_latest_artifact_path": "wandb-client-artifact://a95nffetgx4019h82ljzlbwjuhvnywbfmb3a9ibq3jpl7b0e4uh8hfcswjq2kxp2zw6stwyqi3cu7kzcrr225b8904r066ojadyk170sb3tfujqzvlyoe796b3gglzmo:latest/test_connective_metrics.table.json", "path": "media/table/test_connective_metrics_213_b1fc033cdf508aea8b28.table.json", "ncols": 6, "nrows": 3}, "Exclude_counts": {"_type": "table-file", "sha256": "77258b7129a4391441f72a7439756a1d881e220753ec917f090c57798cc106a7", "size": 79, "artifact_path": "wandb-client-artifact://59euezmtjmcf1z86rie5vjhtcnoej5yvmu3pejxkyemnqvve6nuk3rre613bd9nnen4xzzrmoeg128gffw4w0l0ggjexhk2bkrjhnrpyh0gpiootxdplvealjfkmqehy/Exclude_counts.table.json", "_latest_artifact_path": "wandb-client-artifact://plvut8rmqgemxbjcj1djyir0o5rd399b0glmuqueovxfv3xav4bggmprnv3r24wwdnxlt0nq2btkzfqjn6uqfexhxpj3eon967d2s2ar0ek5awaz2fe71tsi7is51znn:latest/Exclude_counts.table.json", "path": "media/table/Exclude_counts_214_77258b7129a4391441f7.table.json", "ncols": 2, "nrows": 1}, "_wandb": {"runtime": 731}}