{"train/loss": 0.0001, "train/grad_norm": 0.0025925058871507645, "train/learning_rate": 3.148558758314856e-05, "train/epoch": 13.0, "train/global_step": 2171, "_timestamp": 1736707056.2375193, "_runtime": 927.7131223678589, "_step": 276, "test/loss": 1.4349417686462402, "test/accuracy": 0.8214285714285714, "test/precision": 0.7961890243902439, "test/recall": 0.7695825093386068, "test/f1": 0.7638051750380518, "test/runtime": 1.8568, "test/samples_per_second": 90.478, "test/steps_per_second": 11.31, "epoch": 13.0, "train/f1": 0.999440479261616, "train/accuracy": 0.9992509363295881, "train/precision": 0.9998005982053838, "train/recall": 0.9990825688073395, "val/f1": 0.5597258439861009, "val/accuracy": 0.8263473053892215, "val/precision": 0.7356417910447761, "val/recall": 0.4958333333333334, "val/loss": 1.66847562789917, "eval/loss": 1.4379760026931763, "eval/accuracy": 0.8263473053892215, "eval/precision": 0.7953703703703703, "eval/recall": 0.55625, "eval/f1": 0.6151540616246498, "eval/runtime": 1.8427, "eval/samples_per_second": 90.629, "eval/steps_per_second": 11.396, "train_runtime": 920.3054, "train_samples_per_second": 43.518, "train_steps_per_second": 5.444, "total_flos": 4566415362462720.0, "train_loss": 0.20683173116715914, "label_metrics": {"_type": "table-file", "sha256": "3bc661c6d4d6f0de13e74ddf4e4810089b9193b4b54304b6a4d3d4d8cb6d2196", "size": 542, "artifact_path": "wandb-client-artifact://al61hnfll8b5w6b7cq39g4rlhorxeeane1b7ouur4avps85k6u8hmtn9drxceti9gvliztb8ate9zdqows7ryy8k29upwhe9whpfpyra42r7v67pgrh5yuok7ffcnoev/label_metrics.table.json", "_latest_artifact_path": "wandb-client-artifact://1zueovari2wowka2bl3hb5b80zu3p9mtchk5lvqjwsuhw1sfkib6dqov4zx8c3y83sc0ld9djpuzrglsugfdq438cu6aypnih03oy3mcpc0k431vu7jaxpl3zvd15mf5:latest/label_metrics.table.json", "path": "media/table/label_metrics_272_3bc661c6d4d6f0de13e7.table.json", "ncols": 6, "nrows": 5}, "test_predictions": {"_type": "table-file", "sha256": "90ffb0a50d27fafa57f7938c6e2fa52732f54dbe988def97a6dfc46844e87b7f", "size": 55220, "artifact_path": "wandb-client-artifact://nis8kmv0ck5lrp7rwb90xbuf0e7uvdnnvmg0d8rzny06mj4hfhiwphhw3abn53dl235e53gfiyfg3zgnreyfzyx4p7hibn1h8mv41t269kjeyx69xzhiqnt1yx6umiso/test_predictions.table.json", "_latest_artifact_path": "wandb-client-artifact://5nj2zfqubwppw0z11s8h43s1lsbxyl6t19vw8gxu4rntt90iqb19uvrfg0v8w8s1ztj9tn8eynjnql9pxq8e620urp6hhzknd5cwdvlj1dh0dkeusbl8t7r9bkt6ojks:latest/test_predictions.table.json", "path": "media/table/test_predictions_273_90ffb0a50d27fafa57f7.table.json", "ncols": 8, "nrows": 168}, "test-metrics": {"_type": "table-file", "sha256": "92dc4c91bb58cccc4b18af64c852db030995dbf184e2466d17450a774e30ded0", "size": 195, "artifact_path": "wandb-client-artifact://mcf147k05t88t6rfrnipnkitk396om8b8p2119kolnozf2o5ukp4aotuih0ds7bghby51rww9ctn8965xvxiu020cp6i26y6wdqhhvf2p6wcucuirl56r6arllkrm70b/test-metrics.table.json", "_latest_artifact_path": "wandb-client-artifact://w7oxnyjsoytjy85msowgy2fqw3laiggg9qv0lfmp2gf66z2ssgladighsvs3ritf36glku02700beglz3k7tv7r59fa99anmtijzo6e52d5peeqcn16nj7nvp510w5hu:latest/test-metrics.table.json", "path": "media/table/test-metrics_274_92dc4c91bb58cccc4b18.table.json", "ncols": 5, "nrows": 1}, "test_connective_metrics": {"_type": "table-file", "sha256": "158a9e6edb944b09a596cb736b5abecbf73e68e2513f4016ce3d961efbcf17ba", "size": 409, "artifact_path": "wandb-client-artifact://7ognz2f6i5ssmwyno0j0yde7ap7i2j6p4rkc6svq2218wygpdd0fds1k5rwprb9ul0jfbzo510gr5439tfgt7quhhasef6920vn3bs8fbbb45za5bp1z7tvz9jyk1o9o/test_connective_metrics.table.json", "_latest_artifact_path": "wandb-client-artifact://ey8oowkzdxudz4hmdlo9ha84p8pc60420e8ebnq920f9bl7617eioow87m6emlork4mdqrzunqk72uhbxqir70d7cx2p8hrw3gdlu8ptd31k69o6ecfw8pfoaq9v2x0o:latest/test_connective_metrics.table.json", "path": "media/table/test_connective_metrics_275_158a9e6edb944b09a596.table.json", "ncols": 6, "nrows": 3}, "Exclude_counts": {"_type": "table-file", "sha256": "1f0d06d48839b9ae3561b5aa2af5ae36957124ba92ec2076d20ea5c56a172744", "size": 75, "artifact_path": "wandb-client-artifact://sp1pe63b74y2fsckid8ivmh0v6ddbe34pp3tueyayn5yqp2n8trruioesf1pq1d1ykv3c9zqm8id5edlytqk3povs5xqu7abzastqc5r99ncjsavilesi0us91lk5880/Exclude_counts.table.json", "_latest_artifact_path": "wandb-client-artifact://e7jsngt1kxab5bzbqfeypk9tpguy345062ytzc86rh7oj12g3k6jbzp85uwdlpvdm3pc4u4i5ngc8tizeamzjeo6pkam5f18bja2vxzgxybi3djet0uf7xnbfkws5lru:latest/Exclude_counts.table.json", "path": "media/table/Exclude_counts_276_1f0d06d48839b9ae3561.table.json", "ncols": 2, "nrows": 1}, "_wandb": {"runtime": 935}}