{"train/loss": 0.4228, "train/grad_norm": 2.267659902572632, "train/learning_rate": 3.337028824833703e-05, "train/epoch": 12.0, "train/global_step": 2004, "_timestamp": 1736787091.4740915, "_runtime": 866.0037395954132, "_step": 255, "test/loss": 0.941216230392456, "test/accuracy": 0.7083333333333334, "test/precision": 0.5670503597122303, "test/recall": 0.3208020215337289, "test/f1": 0.34518787878787877, "test/runtime": 1.8683, "test/samples_per_second": 89.919, "test/steps_per_second": 11.24, "epoch": 12.0, "train/f1": 0.71268940757885, "train/accuracy": 0.9041198501872659, "train/precision": 0.919242414116251, "train/recall": 0.6330923977229531, "val/f1": 0.3715965626413388, "val/accuracy": 0.7724550898203593, "val/precision": 0.696053196053196, "val/recall": 0.36375, "val/loss": 0.7734963297843933, "eval/loss": 0.693884551525116, "eval/accuracy": 0.7784431137724551, "eval/precision": 0.6181547619047619, "eval/recall": 0.44416666666666665, "eval/f1": 0.45157509157509157, "eval/runtime": 1.854, "eval/samples_per_second": 90.073, "eval/steps_per_second": 11.327, "train_runtime": 858.7824, "train_samples_per_second": 46.636, "train_steps_per_second": 5.834, "total_flos": 4215152642273280.0, "train_loss": 0.6294472726757179, "label_metrics": {"_type": "table-file", "sha256": "66e6f1669a9a0af62ef8f710a8af1e7a63670389b4400aa0b762332fc13b57fd", "size": 630, "artifact_path": "wandb-client-artifact://t9pc4f3o627gjxyewvr98szixfy7ne37xysnp4yf81asg84sou4tcm59yt1m8fqp3m8sz6fw3g0xtar8kq2cwhewzu706kd63d0u1284xm8rqacj5vyy9g28ivkf88ld/label_metrics.table.json", "_latest_artifact_path": "wandb-client-artifact://1y68zriop5qigf33olsiqejzzly9vohi0xpzcelvpodhuahhs1jgma6fhtaiyysz2k1m8lpb9ll6do1pi04ocaku5tyfjdu8v7nmgvvnvjvwe93j9aezmdc3ty29sm1r:latest/label_metrics.table.json", "path": "media/table/label_metrics_251_66e6f1669a9a0af62ef8.table.json", "ncols": 6, "nrows": 5}, "test_predictions": {"_type": "table-file", "sha256": "e095725092dce274ac7191a5c28aa3a57181ebf89ef66ffeae677da4b0b79bbd", "size": 86661, "artifact_path": "wandb-client-artifact://7pzydy62v7nvvyki4b34ti6ntux5ymjv0t5uzn083p7vjmw1mz191wnt4wnao70ki4bs3246k82ltw9kb80mem1ic194allsfhg6tix7q3aj4c0lxjbp6ao8xam0bpjc/test_predictions.table.json", "_latest_artifact_path": "wandb-client-artifact://v2jzxvzeak8ou8cjvpaoylodfj67ettmsj5hwfgh2jlg9yfv6ve1yytv9wrhzee8s645hu2ytuwpdae4ykb9zsa4gv28ykdyz3atrjevevghr20p71wokvzzt5lj7pwa:latest/test_predictions.table.json", "path": "media/table/test_predictions_252_e095725092dce274ac71.table.json", "ncols": 8, "nrows": 168}, "test-metrics": {"_type": "table-file", "sha256": "68061523d01924789d041c31250f98a177ddaa0341a4e45204c6e184f90a941d", "size": 211, "artifact_path": "wandb-client-artifact://j7ejn7a8sq4squr2p4mmjzl5h6dyk051c7olh8zkhpyq84se3nk8l8pp498w9aetnntnkqsqqt0vjrtkf6qfosuiyap7lgcggvibuk18vk7s2oxyxnskmwhm0hhlsy5q/test-metrics.table.json", "_latest_artifact_path": "wandb-client-artifact://kr9hovtlzi8hjl5mreowg1xk3mhkoybj1q9ugnryf71azb457s0vq2coky7kqed2r3f7lfuez7rtblrv6q6ogq8ov9fy6lb7qjvree0712mrjabncju72s6jpf4pfqm7:latest/test-metrics.table.json", "path": "media/table/test-metrics_253_68061523d01924789d04.table.json", "ncols": 5, "nrows": 1}, "test_connective_metrics": {"_type": "table-file", "sha256": "6b7116c5728438dc9baddee09009bb5d2f4b6c59ffe871249e3722158b3839b3", "size": 443, "artifact_path": "wandb-client-artifact://luv1wqcc14bsiiyamv97u8ip7439h3a7y83by741sibhikvk1lrr0epety0wvytwb0q8cr0uecwyhbdqlxc4f2lqxrijtke1m8mg9ae1wif5sirhardn1xayz1z6sxhb/test_connective_metrics.table.json", "_latest_artifact_path": "wandb-client-artifact://1fjkfcvzf8v47ey82s68ncy46x8hm79ewe3q7vcwl4xerzb0ax0mjj7f8bt8c1nxwuu4lx4lb1hu3la3gqefq06iirq37vejadqb5m9db1klqlxc5m681sgk54hlikyg:latest/test_connective_metrics.table.json", "path": "media/table/test_connective_metrics_254_6b7116c5728438dc9bad.table.json", "ncols": 6, "nrows": 3}, "Exclude_counts": {"_type": "table-file", "sha256": "b29489d20e57d05bb6aec67be60a99d8dcef8e432ded61216e66508bd510be58", "size": 90, "artifact_path": "wandb-client-artifact://qmmuy5vreumkgj2yb5aeiexlyo701ntkg4nnawfcnc73z3ycgjuwtd1fydgau761da7wt1zeap5x63sznjo2bxtt321skk7vwopxxvhehmu7zf98rxmf8f1zran5d3le/Exclude_counts.table.json", "_latest_artifact_path": "wandb-client-artifact://07d66o8g3lywjx54d781o56g257l4fkkkiesrcb8zydfxf1bdq9yhekom6w07nak596acnn8b51jl1yiyn4ikjw4t3w8zgdasesvtkp9wuan0beoannhj9r4rhpucq4m:latest/Exclude_counts.table.json", "path": "media/table/Exclude_counts_255_b29489d20e57d05bb6ae.table.json", "ncols": 2, "nrows": 1}, "_wandb": {"runtime": 873}}