{"train/loss": 0.1277, "train/grad_norm": 0.0869540274143219, "train/learning_rate": 3.52549889135255e-05, "train/epoch": 11.0, "train/global_step": 1837, "_timestamp": 1736772717.6740522, "_runtime": 794.8021442890167, "_step": 234, "test/loss": 0.9093415141105652, "test/accuracy": 0.8690476190476191, "test/precision": 0.8712431693989071, "test/recall": 0.8296220610854756, "test/f1": 0.8353630897554704, "test/runtime": 1.8782, "test/samples_per_second": 89.449, "test/steps_per_second": 11.181, "epoch": 11.0, "train/f1": 0.977721904744077, "train/accuracy": 0.9940074906367041, "train/precision": 0.9924072169165192, "train/recall": 0.9647275073806416, "val/f1": 0.8815668202764977, "val/accuracy": 0.9101796407185628, "val/precision": 0.9078125, "val/recall": 0.87625, "val/loss": 0.7135958075523376, "eval/loss": 0.5299330353736877, "eval/accuracy": 0.9281437125748503, "eval/precision": 0.933206106870229, "eval/recall": 0.88125, "eval/f1": 0.892582768655835, "eval/runtime": 1.8636, "eval/samples_per_second": 89.611, "eval/steps_per_second": 11.268, "train_runtime": 787.3834, "train_samples_per_second": 50.865, "train_steps_per_second": 6.363, "total_flos": 3863889922083840.0, "train_loss": 0.24395379879616838, "label_metrics": {"_type": "table-file", "sha256": "9ad6fc8561c14c39c53672c11a527cd2a7afc86c34d6cbd300ac56613b051491", "size": 620, "artifact_path": "wandb-client-artifact://fpjgyoyh3glddmoi2len4fq5bzqn8qf9g1smv4t4zfb5sva97f4oqsvjrd5imw7xfs5lbjsxmazy9ymxxqggsqgxkl22ztr87hiv3jh9px8r7bqfuvshnstqyh8x3n3v/label_metrics.table.json", "_latest_artifact_path": "wandb-client-artifact://63is8htdbjyu097rrgzd82ebni0hl9t85woad1ngyzr1xcmvio1826hj3fgp6r1c408o0e10hlywn7fuzhottaw42nir6r861tyfvf9499ncledmnfi00pfy19jbyvj9:latest/label_metrics.table.json", "path": "media/table/label_metrics_230_9ad6fc8561c14c39c536.table.json", "ncols": 6, "nrows": 5}, "test_predictions": {"_type": "table-file", "sha256": "a9b74594e4c8e71a372165e19895aded94be18dd9f615c1859cc1eb6b8d4c036", "size": 89176, "artifact_path": "wandb-client-artifact://ihf58hogcrl14faaianshv1luqkogvwoinwicykuy5oj0zz1kllp05pgyv49p2t7b2fq3h4c9xigsnfvbnughuvydxkqs0m0xvts8n13fqdmgghqxplu9vth0bemvnu7/test_predictions.table.json", "_latest_artifact_path": "wandb-client-artifact://08byrv0clmuy794g1wr530mutzoy7rrn2ekekk5iud9kur1tjp6v9i1f07gqpvbnnemk6dsg8twl7pjp7m0tyj3b1ti5iq07aj2b7oxnb82tu1ouaccbrmju7ouad46g:latest/test_predictions.table.json", "path": "media/table/test_predictions_231_a9b74594e4c8e71a3721.table.json", "ncols": 8, "nrows": 168}, "test-metrics": {"_type": "table-file", "sha256": "44bacf41294a32869ad15d86492dca6d6d369ca732d66c3ea00be800fd6766b0", "size": 200, "artifact_path": "wandb-client-artifact://4fhf9bpxz4bmf0k4dugeyve5ve4ggo552bx1cgpolmb3h115ba2pbk4ur65byf5jigm96w21e3bemulqt11y852sr3vxq6mzhkzg43zkz1xfft6jhcpenqo7l2dzates/test-metrics.table.json", "_latest_artifact_path": "wandb-client-artifact://bx2t4e2rjiknbxnsnxsfldmwgabge9c6r9oglkwed7r91uz498mjf5o43lqhovuhtolx9uydp1awft3p5mqt9iycgjf3s4nqvsdrz8qy8ge81j6zq1ciylbse6ru81lr:latest/test-metrics.table.json", "path": "media/table/test-metrics_232_44bacf41294a32869ad1.table.json", "ncols": 5, "nrows": 1}, "test_connective_metrics": {"_type": "table-file", "sha256": "39582b9fb234599793864f4ed81567fc77aac3111b687c6dd0036c546abbcea4", "size": 438, "artifact_path": "wandb-client-artifact://zparm9dg6m0du0t09wmbttwroodhgd6e38r9xf4s4wpvht0urr84gsxhtxld71qsbwyj92muzze2v1c2q84y2uiubivehxn4zy89453e6kd93kfqjql5a6kctyaw64rx/test_connective_metrics.table.json", "_latest_artifact_path": "wandb-client-artifact://wqmg7vlqz3w56cn25ohlw7hy99xtwzl6irpt74hzbo1rqnhuhuh8pfh0adcx7jg6q74mdcgaz672zwv1f2erztr7kvwhjnm35m4sq62xitw5pf4wdms8e586u6w1u1tm:latest/test_connective_metrics.table.json", "path": "media/table/test_connective_metrics_233_39582b9fb23459979386.table.json", "ncols": 6, "nrows": 3}, "Exclude_counts": {"_type": "table-file", "sha256": "1315d459f2edbaf5a26cf162c57611f734e37385686ca35ad763b16ff92f0e5b", "size": 77, "artifact_path": "wandb-client-artifact://futg2ntdu2weis77sckyg7q936x9lqwf9vpmy1n1cu3ldu84nk6fs18pnyymnbhk0sinmbrwb2cwbniiattscc0afxj7m5ml14ij2whey4euwh290xc8p390tq4es7wz/Exclude_counts.table.json", "_latest_artifact_path": "wandb-client-artifact://qu6zdm8fawqijklh5gggr2hve0f9j4b27rd5zm3esfmjvu5wdpegbzepufnokexc7mon88zvqb8pzs0nfsjfuwpjt9sg0tsd5xgkfccaxr1cfi742uaef656bcncipyg:latest/Exclude_counts.table.json", "path": "media/table/Exclude_counts_234_1315d459f2edbaf5a26c.table.json", "ncols": 2, "nrows": 1}, "_wandb": {"runtime": 802}}