{"train/loss": 0.116, "train/grad_norm": 0.046182211488485336, "train/learning_rate": 3.337028824833703e-05, "train/epoch": 12.0, "train/global_step": 2004, "_timestamp": 1739636994.5154958, "_runtime": 1822.6617558002472, "_step": 256, "test/loss": 1.5639808177947998, "test/accuracy": 0.7202380952380952, "test/precision": 0.39374514374514374, "test/recall": 0.3220918479455065, "test/f1": 0.3182706766917293, "test/runtime": 4.4211, "test/samples_per_second": 37.999, "test/steps_per_second": 4.75, "epoch": 12.0, "train/f1": 0.7441159797266418, "train/accuracy": 0.9767790262172285, "train/precision": 0.923336060948472, "train/recall": 0.755363860443243, "val/f1": 0.3466652428402667, "val/accuracy": 0.7245508982035929, "val/precision": 0.39979796663190825, "val/recall": 0.4379166666666666, "val/loss": 1.3660211563110352, "eval/loss": 1.5664260387420654, "eval/accuracy": 0.7664670658682635, "eval/precision": 0.628968253968254, "eval/recall": 0.4491666666666666, "eval/f1": 0.4531994261119082, "eval/runtime": 4.3966, "eval/samples_per_second": 37.984, "eval/steps_per_second": 4.776, "train_runtime": 1809.721, "train_samples_per_second": 22.13, "train_steps_per_second": 2.768, "total_flos": 4215228234117120.0, "train_loss": 0.457223717662359, "label_metrics": {"_type": "table-file", "sha256": "15c44cd21a72a431a7a3903ffae0a2d238ca5fd6cb6a2d273cce6cef1cc00a8a", "size": 607, "artifact_path": "wandb-client-artifact://zv1sgyfzpyv9dgzzwrjyeu9n5nmo9u0apzmt2rhrktv0qgtfae9llaql9wq2bi01yca3ysmfjwucu76q6d5cp7tqtluoy9owzn5ees70wmec093prp554xof8qc9u07x/label_metrics.table.json", "_latest_artifact_path": "wandb-client-artifact://fhezlhpeplfcconhzmaxc54makhmvs7ccpm42q99u11tdbca54xq85wugz4yjemu3pvccontphvu7rf7tacdi1mlyknyg6o8pkolhn27soxhbf8e9y2udtfj3hyc15jg:latest/label_metrics.table.json", "path": "media/table/label_metrics_251_15c44cd21a72a431a7a3.table.json", "ncols": 6, "nrows": 5}, "test_predictions": {"_type": "table-file", "sha256": "f386e3e5d51b43bdc1930488f64917b7020432e6f2b470ae1ef4f14f92a2ae30", "size": 62300, "artifact_path": "wandb-client-artifact://t7qkdr6z8ounvbv1w65iyq1c28fkwy1wm8x7h653p9dxkhxenmk8h50iri63wmewq0nzxadfgyq330bpp0tmy5n8or6sfqzcfpkrvq7y6hnopk5k5wzu7d1m1hmifljp/test_predictions.table.json", "_latest_artifact_path": "wandb-client-artifact://mw9k293mdii46ktql4gm2ci4oxdyldxeka8omn4jlr4rp63zk7o4ls36ai854mj5cdshctpfo6fzvh3ji9iiww0hkplua4pfrhw0afge9rfr6atqcxhak2md61wqdhti:latest/test_predictions.table.json", "path": "media/table/test_predictions_252_f386e3e5d51b43bdc193.table.json", "ncols": 8, "nrows": 168}, "test-metrics": {"_type": "table-file", "sha256": "b050bf72050d935495375b0faa959f9c242a54539fae03aa690a0b80a61ad1c3", "size": 207, "artifact_path": "wandb-client-artifact://skt7ff09nm2nyl325rogrj2ap3yoqxqnka0wkydn5m15z33au2pkovqh12anyxdj0ujdxkve7nlhluwey119y3gy75a0vfcstcf29dajovpc3ipgbamf43gi0jfc9a7k/test-metrics.table.json", "_latest_artifact_path": "wandb-client-artifact://zfnaepk4420spy31voxwbdyiilifyj50ec0lwbyeug9arkqoqei8g2cgfu1qegtrieqbhtuzc8s9nsugdjqrzj5y2x4g7kpc4hu0lrsxihzvuanlmggmy7jeap3kht71:latest/test-metrics.table.json", "path": "media/table/test-metrics_253_b050bf72050d93549537.table.json", "ncols": 5, "nrows": 1}, "test_connective_metrics": {"_type": "table-file", "sha256": "ea7095f3514587197725ad33b5c6c60b984a495d66dc3d2a6d81895fd0497288", "size": 457, "artifact_path": "wandb-client-artifact://wfrfdnigusjxrdrdq3jjiv0ay427eko8xtpcyeiim1fkmsvvohaisty9ish35qci2qufys93yer4zts8cyd6hc9jmaazfk8ari4u46qtchdvg5vyw5z3z9vanpu571zs/test_connective_metrics.table.json", "_latest_artifact_path": "wandb-client-artifact://v4pydzgq13peryk860lkse5mavxhsluz5rdg44brxxfylixlmd51v0xcyo3vojzh11w5ejkfoh6yqv5mu1v9eflsnu7pcmhizjtpng5oa0vadh1jvqyowh68i6zrqyan:latest/test_connective_metrics.table.json", "path": "media/table/test_connective_metrics_254_ea7095f3514587197725.table.json", "ncols": 6, "nrows": 3}, "Exclude_counts": {"_type": "table-file", "sha256": "92504b126567f736cbedb8586a5e833f3c5632191cd4c7ca2291163d6a06ccb8", "size": 85, "artifact_path": "wandb-client-artifact://zjh9zunj0e1osjxg37x6z2ry9m41rxhubk025mvhdmapbi9cpr0e3unp8rl3u94fxu0v24pa55galpd2s6d4qsrxt3ejyrqgpe43w26e9j8j6bn1bwu2mwikbqetjajv/Exclude_counts.table.json", "_latest_artifact_path": "wandb-client-artifact://ylok6tb3y45r3y4amx5ram7m2pr4gvb4tmlaqiegu1l70kdj8lu441fvil1kjxaycvetq1e5d44nzpipgksgt5vx1mdo00n6nm60mbzbp1j4ww7d7rd9904hg3ezcfhw:latest/Exclude_counts.table.json", "path": "media/table/Exclude_counts_255_92504b126567f736cbed.table.json", "ncols": 2, "nrows": 1}, "_wandb": {"runtime": 1830}}