{"train/loss": 0.0002, "train/grad_norm": 0.004103370476514101, "train/learning_rate": 3.52549889135255e-05, "train/epoch": 11.0, "train/global_step": 1837, "_timestamp": 1739021908.968769, "_runtime": 1576.572489976883, "_step": 227, "test/loss": 1.0470467805862427, "test/accuracy": 0.8502994011976048, "test/precision": 0.6353927068723703, "test/recall": 0.7025, "test/f1": 0.6268852459016393, "test/runtime": 3.7416, "test/samples_per_second": 44.633, "test/steps_per_second": 5.613, "epoch": 11.0, "train/f1": 0.9962103761807655, "train/accuracy": 0.9977528089887641, "train/precision": 0.9938300505464686, "train/recall": 0.9986833672105331, "val/f1": 0.6268852459016393, "val/accuracy": 0.8502994011976048, "val/precision": 0.6353927068723703, "val/recall": 0.7025, "val/loss": 0.9551311135292053, "eval/loss": 1.0470467805862427, "eval/accuracy": 0.8502994011976048, "eval/precision": 0.6353927068723703, "eval/recall": 0.7025, "eval/f1": 0.6268852459016393, "eval/runtime": 3.7316, "eval/samples_per_second": 44.753, "eval/steps_per_second": 5.628, "train_runtime": 1574.4335, "train_samples_per_second": 25.438, "train_steps_per_second": 3.182, "total_flos": 3863889922083840.0, "train_loss": 0.2103149127727197, "_wandb": {"runtime": 1576}}