{"train/loss": 0.7491, "train/grad_norm": 10.721009254455566, "train/learning_rate": 1.6000000000000003e-05, "train/epoch": 1.0, "train/global_step": 167, "_timestamp": 1736411335.0804112, "_runtime": 80.04207825660706, "_step": 27, "test/loss": 0.8143512010574341, "test/accuracy": 0.6607142857142857, "test/precision": 0.6607142857142857, "test/recall": 0.2, "test/f1": 0.15913978494623654, "test/runtime": 1.8617, "test/samples_per_second": 90.239, "test/steps_per_second": 11.28, "epoch": 1.0, "train/f1": 0.18448040672247196, "train/accuracy": 0.7558052434456929, "train/precision": 0.8150433308214017, "train/recall": 0.20642201834862384, "val/f1": 0.17995337995337995, "val/accuracy": 0.7245508982035929, "val/precision": 0.8614457831325302, "val/recall": 0.20625, "val/loss": null, "eval/loss": 0.804448127746582, "eval/accuracy": 0.7245508982035929, "eval/precision": 0.8614457831325302, "eval/recall": 0.20625, "eval/f1": 0.17995337995337995, "eval/runtime": 1.848, "eval/samples_per_second": 90.368, "eval/steps_per_second": 11.364, "train_runtime": 73.0852, "train_samples_per_second": 18.266, "train_steps_per_second": 2.285, "total_flos": 351262720189440.0, "train_loss": 0.9853662902009701, "label_metrics": {"_type": "table-file", "sha256": "c2e40aed0a9ab236f288dee06baf78785d18ba5f824b11ac4e2b29675a57d602", "size": 390, "artifact_path": "wandb-client-artifact://2l7o119ina00xywchpkwxsuja3ckfj46lw42jo3o8zddhfi90jvrpqpgknlwlx32xooj8c23v4lyzulbp1v0cvsdip6z2k1grdcdsw149kt06wn8b7ms5yh383r56y4a/label_metrics.table.json", "_latest_artifact_path": "wandb-client-artifact://l0g7h8z4tdjocpkbcin8uawsnyjr2brne154qtdbfg41991g49cjy29bd0gby0fqxoy7d75zvy6pfyw1vg8058p6mxz7vj1wx9hbqygqnp6mz0sbgympngvkf46ovuy6:latest/label_metrics.table.json", "path": "media/table/label_metrics_23_c2e40aed0a9ab236f288.table.json", "ncols": 5, "nrows": 5}, "test_predictions": {"_type": "table-file", "sha256": "b49ba50e06647e0205b9ce9c35c24554039c5637cd8940c23a0d252fa9096803", "size": 52609, "artifact_path": "wandb-client-artifact://igdyajla9btrip04dssjvisuzmotn563cfzh2ommzrvkyy2zyddj5wwh8yxrawkzyupfsohj7l6kdy089u32ti7t0se04meijhibe1tn7q0bo3khavlqfne1axw27914/test_predictions.table.json", "_latest_artifact_path": "wandb-client-artifact://82z6voh1awl6u4t6au8kpnmf9s7txvng6ju9cht4dtm9o5m8j52m28d6fl3uuyo4ob55i618wlbyino9cdjggmj2kn7p6kcyhwwersxszbsij3nvzc6ds7kaqrh8x4y2:latest/test_predictions.table.json", "path": "media/table/test_predictions_24_b49ba50e06647e0205b9.table.json", "ncols": 7, "nrows": 168}, "test-metrics": {"_type": "table-file", "sha256": "07511935667decddbe2277dc3680c2574114c7ad391a8a8c1b30acc3f0431118", "size": 181, "artifact_path": "wandb-client-artifact://947htna2dcx4n6yhmybkk9pomiz9469g51478owvbygimu1kcxz4ua4649957pvbb7it7c3qnz14n9tncxfglriekecv2es3js63cjffzii8oy34q0e4ldlen9lfr1sf/test-metrics.table.json", "_latest_artifact_path": "wandb-client-artifact://v8sbfo6sgtnvpo617ggijcp41weiinuytt02rrvr6xifq3umw8fsu7nmfx8smdomayo1w409vys7klskwbhluy395y2hgzorrciwzwmbacsqt4m0edl8k9vk4npkt0y6:latest/test-metrics.table.json", "path": "media/table/test-metrics_25_07511935667decddbe22.table.json", "ncols": 5, "nrows": 1}, "test_connective_metrics": {"_type": "table-file", "sha256": "fbce09031d7eafdacba0c5f23fd67746dabdd3ebbd094bbb4ff8e6cb384c1535", "size": 358, "artifact_path": "wandb-client-artifact://nd17h2em1ox9tv8h7tn65up76n3yyhj1vffbtfiesc8mmpj7dhfe1uzxyc7ct1p713xr6yfcxyu5m3t27y74ph44ucmjn7xaor68cn3ija6329qlt97u5l25ykk0urc0/test_connective_metrics.table.json", "_latest_artifact_path": "wandb-client-artifact://sik8ycv1d50fwbibx95uxqqpjumj6tcjwgud2wipqa7zwj2bla2yr2rqdi1wclh5u1ive3bdfizbd3rm6m9kgumjija0n2amp1avdarhfbw72xtmfcct3vd06fiiymy9:latest/test_connective_metrics.table.json", "path": "media/table/test_connective_metrics_26_fbce09031d7eafdacba0.table.json", "ncols": 6, "nrows": 3}, "exclude_count": 0, "_wandb": {"runtime": 86}}