{"train/loss": 0.7068, "train/grad_norm": 9.401521682739258, "train/learning_rate": 3.52549889135255e-05, "train/epoch": 11.0, "train/global_step": 1837, "_timestamp": 1743050090.0008838, "_runtime": 798.5127339363098, "_step": 235, "test/loss": 0.8989386558532715, "test/accuracy": 0.6904761904761905, "test/precision": 0.7352941176470589, "test/recall": 0.24874093605800923, "test/f1": 0.2509090909090909, "test/runtime": 1.883, "test/samples_per_second": 89.219, "test/steps_per_second": 11.152, "epoch": 11.0, "train/f1": 0.5712319202145227, "train/accuracy": 0.8861423220973783, "train/precision": 0.8258099045536911, "train/recall": 0.5283147788504048, "val/f1": 0.3842549588776004, "val/accuracy": 0.7544910179640718, "val/precision": 0.5559267241379311, "val/recall": 0.35875, "val/loss": 0.775780200958252, "eval/loss": 0.6984790563583374, "eval/accuracy": 0.7544910179640718, "eval/precision": 0.6605399633923124, "eval/recall": 0.41, "eval/f1": 0.4435461624914378, "eval/runtime": 1.873, "eval/samples_per_second": 89.163, "eval/steps_per_second": 11.212, "train_runtime": 791.08, "train_samples_per_second": 50.627, "train_steps_per_second": 6.333, "total_flos": 3863889922083840.0, "train_loss": 0.6834575011150047, "label_metrics": {"_type": "table-file", "sha256": "4a5f47bde237df6e4066de6c59bc5ff50367b014912db766fa914804c1f0f9ef", "size": 624, "artifact_path": "wandb-client-artifact://k9447sod0jeta8jvgles4lsoek7h4ep415marhhgt9t423zmiyz7qhtrvv1womh3diwa9xb6u8b36ytb9tif9fcl32xy2d49b7ez28kfx8yl2g3iss65wi1ic22yb3l4/label_metrics.table.json", "_latest_artifact_path": "wandb-client-artifact://f583itxon43kgoo2s7lq0gv9nmylzl91flo4f9cq0mkgm8ic6a5pszqezoz8136a1cfkspa9b5ar6032rop65t14l7wwnst448c3ikj33e4abaymg41jpncp014zcbca:latest/label_metrics.table.json", "path": "media/table/label_metrics_230_4a5f47bde237df6e4066.table.json", "ncols": 6, "nrows": 5}, "test_predictions": {"_type": "table-file", "sha256": "5cb2edc06679df8951bcdad5eab248310076cec1daf08d66a674f0212aa6b8ab", "size": 138177, "artifact_path": "wandb-client-artifact://ey3t5g2xlm00tbl305ra2edsqql2jif6zpazg8yrlyy3khxuvxapamass4gdmqv2qdm4e22gy4stpexqroww3cq5qy2998zxcbmc06fmt5l0wrnx4vgrzuusugyfgnr9/test_predictions.table.json", "_latest_artifact_path": "wandb-client-artifact://ghn9po0pxp599nkf2g778i66nz1xhdyfpazncq1dlbj8p0vpzurby3jvx60vz1p3hkgov1bxnyi19l0mgrahzpjd7w8atczmzs0uxjh41f8gspvfj6cnaly1mab12rr3:latest/test_predictions.table.json", "path": "media/table/test_predictions_231_5cb2edc06679df8951bc.table.json", "ncols": 8, "nrows": 168}, "test-metrics": {"_type": "table-file", "sha256": "409f7ba109e55ad8c951659e69928e49c16e7eea2ac7807a500a7bcdb4c6a374", "size": 211, "artifact_path": "wandb-client-artifact://4m2zldz0s5wcu25a9k01ta3gha5q5eftozfdqg3w0fcxa5jl23a2tqx9jjiho3arc31e2ji5l6gxx1z0zdjmzfze27k8sa53x6gsbq9brfzfhrfm8ksgq8rjpkuc01zf/test-metrics.table.json", "_latest_artifact_path": "wandb-client-artifact://a3nz1pccj4tzypx5x7p6bo9su4x1pt7oro4numtba267ney7hhgrl8ldko5ljnyf2rls9gq5c4kze0askhxifpl36idyeogd1r75kjadc7gbyjciwfq0b67lv3n34d7b:latest/test-metrics.table.json", "path": "media/table/test-metrics_232_409f7ba109e55ad8c951.table.json", "ncols": 5, "nrows": 1}, "test_connective_metrics": {"_type": "table-file", "sha256": "2d2ce8fe6dd7526ba6a9e5e83bfdfa2fee44553c629fc94b71e2e4453f278ffb", "size": 454, "artifact_path": "wandb-client-artifact://6lrs9k8d0be9m4lcyd5kablt8ejwcprxvwr1onaozfyh21qaxxk0ejwy6cscpl43dj8jc3tgq1ai6n0qjfwspkamxoejvpgywydc0up2j1a7ljzef1l5pk5ylzg8r2jf/test_connective_metrics.table.json", "_latest_artifact_path": "wandb-client-artifact://j84mp9g0ovekesv2wcp2l30khnoey05c98cn32ehup4sp1ip7kqyxz6husex9wwa50mmwq33v5xkbpn8z95buzuhuvmnsj3ugkst984zzhk1zuvvqv9d2he45vzp20uo:latest/test_connective_metrics.table.json", "path": "media/table/test_connective_metrics_233_2d2ce8fe6dd7526ba6a9.table.json", "ncols": 6, "nrows": 3}, "Exclude_counts": {"_type": "table-file", "sha256": "b29489d20e57d05bb6aec67be60a99d8dcef8e432ded61216e66508bd510be58", "size": 90, "artifact_path": "wandb-client-artifact://wjiwfwq0q4vnfe72laccesy7ono1yv6amfbcnrdyq3x23r3ps6p1gn599qw2nmrtci7vkgbbqytexo6dpcoiautlgv6q9lwpoc7av504tnyo9ghjaa4coy2rom165a96/Exclude_counts.table.json", "_latest_artifact_path": "wandb-client-artifact://teum30epxlw74tw4qzbkpkceo21hivnd4kk6fu2tmet6v6fht3ivy66r7hdzlppm0lck3a6lz90du15fff55oncgtadvonc4ksqmf3wdhv4gt9th2c0mohcszgg2wgqe:latest/Exclude_counts.table.json", "path": "media/table/Exclude_counts_234_b29489d20e57d05bb6ae.table.json", "ncols": 2, "nrows": 1}, "_wandb": {"runtime": 806}}