epoch,loss,accuracy,precision,recall,f1
,0.07539707138424828,0.2619047619047619,0.16554597701149426,0.27875192265436166,0.11304782267936761
