{"train/loss": 0.0193, "train/grad_norm": 0.10935568809509277, "train/learning_rate": 1.485587583148559e-05, "train/epoch": 22.0, "train/global_step": 3674, "_timestamp": 1743051694.6735954, "_runtime": 1589.0256984233856, "_step": 463, "test/loss": 1.862384557723999, "test/accuracy": 0.6845238095238095, "test/precision": 0.6379532634971797, "test/recall": 0.34821357943309167, "test/f1": 0.3882935080036918, "test/runtime": 1.8855, "test/samples_per_second": 89.102, "test/steps_per_second": 11.138, "epoch": 22.0, "train/f1": 0.9314224168715569, "train/accuracy": 0.9820224719101124, "train/precision": 0.9737387669606763, "train/recall": 0.8983308934102758, "val/f1": 0.39065269350983634, "val/accuracy": 0.718562874251497, "val/precision": 0.4083751486205993, "val/recall": 0.3858333333333333, "val/loss": 1.571109652519226, "eval/loss": 1.359791874885559, "eval/accuracy": 0.7604790419161677, "eval/precision": 0.609452269170579, "eval/recall": 0.4066666666666666, "eval/f1": 0.4611227246036407, "eval/runtime": 1.8782, "eval/samples_per_second": 88.913, "eval/steps_per_second": 11.181, "train_runtime": 1581.6445, "train_samples_per_second": 25.322, "train_steps_per_second": 3.168, "total_flos": 7727779844167680.0, "train_loss": 0.5246040543326352, "label_metrics": {"_type": "table-file", "sha256": "b0e7f9637e02ecfbcf3bf16c8ce997a0b89be793c5f2beb83ad3ee6822cc304f", "size": 672, "artifact_path": "wandb-client-artifact://nq7xl00qqku6o59isktf8zchg655g6m6w32h496fy5aresuzbv150bihgkl22xbxk2t23gg3788rrcd79848u0kkchy2ckdx4ermtsfthb0rr8p8yt8e0sme2j6yn89d/label_metrics.table.json", "_latest_artifact_path": "wandb-client-artifact://b5nqe2k92ptydc05cltd8qxccbrkmh81zfnepwp9cuwkxai07cqfripu9h1yq77lkphje7ek4a9ovj7jy730vu0np2lfdcm5slhu5wk934tmqjbja0qeqa1lh10yilz6:latest/label_metrics.table.json", "path": "media/table/label_metrics_458_b0e7f9637e02ecfbcf3b.table.json", "ncols": 6, "nrows": 5}, "test_predictions": {"_type": "table-file", "sha256": "4a949094e62d911727b8d04138ec017cf5eb1db49a05fa07586a3fc8a4a16640", "size": 138147, "artifact_path": "wandb-client-artifact://khf1vlhmgbu12dvb8x74pni2usa10rell281roou445mpsm6ja2dylmd2166sfia4tg2hbxkwk12vxizv03ymz5u6kkqgt8f39akajn6r02uk1c5vkfpoym3wzrxz2xz/test_predictions.table.json", "_latest_artifact_path": "wandb-client-artifact://r5we5ld0bduorynlnkm7j851j2qubz732nt89hklxhsy9i44qq8hrg6e0tzds1t0hkc9s4m55lm1syhgypsi4bt0v5yjhl77igq66vcpta5urz7c39o5vur93htp2ayu:latest/test_predictions.table.json", "path": "media/table/test_predictions_459_4a949094e62d911727b8.table.json", "ncols": 8, "nrows": 168}, "test-metrics": {"_type": "table-file", "sha256": "566a5d2a26609a94449f843fbba32e32518ab6f638c863806186ece66d70c334", "size": 211, "artifact_path": "wandb-client-artifact://7ibkgtknbdmlnp0i7euysznlll9z4t1out2c2v6s6z4hg2yldeck0xle1w9lvuogo2n6dscu9sxxy79rlla4ere7fgmlp4vduucs1m7s6l03zptujxuq8x1nvxextyj4/test-metrics.table.json", "_latest_artifact_path": "wandb-client-artifact://gds20wfrelths23xap2m4freinc0twnfwndfwlli2u1d6t67flwbtnlbaqi4uoif26utl8unnfkqq4cqidqhtbgz9nxr00qgl3ki0f32gg3obsm2phz0hkt5ct52vwhx:latest/test-metrics.table.json", "path": "media/table/test-metrics_460_566a5d2a26609a94449f.table.json", "ncols": 5, "nrows": 1}, "test_connective_metrics": {"_type": "table-file", "sha256": "0ad47150e812cea67351335618abf60875baed2c9732a9bddfff47cbbb179626", "size": 440, "artifact_path": "wandb-client-artifact://wvkbrzc3rg2zo9aqsdjk4ca64qhfyt1yhpqz6mixurn67pckyhtjdr2r4fb20lhuo5j2c0v6v7063wynabgerc7ydlby13vdnskrm0r0tg6bddumxp124suzd29xcvmu/test_connective_metrics.table.json", "_latest_artifact_path": "wandb-client-artifact://3dmopgeue8nzy315af259n47hecqtg6mlc676xiek45nlrvws842lnvcrm6iqxyfg011alymqa5801vm8gii9a01eguskwq9gmmf25pj908iiijfpqkzt5ozsr1n8wh0:latest/test_connective_metrics.table.json", "path": "media/table/test_connective_metrics_461_0ad47150e812cea67351.table.json", "ncols": 6, "nrows": 3}, "Exclude_counts": {"_type": "table-file", "sha256": "b29489d20e57d05bb6aec67be60a99d8dcef8e432ded61216e66508bd510be58", "size": 90, "artifact_path": "wandb-client-artifact://xq5iff2m6utb6nitklyldtq27mz5g8zokng0vk9feot3z4lqk31xl01n9x7q4p5yq5l01isq9fwilasb043wilpit43pmbbxskts3xv1p26dj5v0yh5vpm1ga845hvt5/Exclude_counts.table.json", "_latest_artifact_path": "wandb-client-artifact://y0v8euxlptn8ixcqjqpt0153bc31haah6tyank2jutww8bsqor6liyhdubisxefawl06tsuhd5a6nh3a37w8u2pk0f5tnkl4uoh8h524hxw16p2xx8umomyc7y93ytki:latest/Exclude_counts.table.json", "path": "media/table/Exclude_counts_462_b29489d20e57d05bb6ae.table.json", "ncols": 2, "nrows": 1}, "_wandb": {"runtime": 1596}}