{"epoch": 14, "valid/loss": 0.027495660110861957, "valid/accuracy": 0.8922155688622755, "valid/precision": 0.8787878787878789, "valid/recall": 0.8341666666666667, "valid/f1": 0.8338583638583639, "_timestamp": 1715512330.7401364, "_runtime": 449.5472674369812, "_step": 46, "test/loss": 0.035952147983369376, "test/accuracy": 0.8392857142857143, "test/precision": 0.7845333333333333, "test/recall": 0.7598659635245001, "test/f1": 0.7432338664756902, "trains/loss": 1.1043076155783977e-05, "trains/accuracy": 0.9940074906367041, "trains/precision": 0.9931193263698234, "trains/recall": 0.9640096769863842, "trains/f1": 0.9777142435865084, "_wandb": {"runtime": 445}}