{"train/loss": 0.0006, "train/grad_norm": 0.004408199805766344, "train/learning_rate": 1.2468827930174563e-07, "train/epoch": 15.0, "train/global_step": 2505, "_timestamp": 1735918614.298686, "_runtime": 1081.0055561065674, "_step": 316, "test/loss": 1.4306176900863647, "test/accuracy": 0.8035714285714286, "test/precision": 0.5500165343915344, "test/recall": 0.5183080641617227, "test/f1": 0.5146607597013702, "test/runtime": 1.8534, "test/samples_per_second": 90.647, "test/steps_per_second": 11.331, "epoch": 15.0, "train/f1": 0.9967698967698968, "train/accuracy": 0.998501872659176, "train/precision": 0.9940298507462687, "train/recall": 0.9996007984031936, "val/f1": 0.6057860217257636, "val/accuracy": 0.8562874251497006, "val/precision": 0.5805555555555555, "val/recall": 0.6837500000000001, "val/loss": 0.962520182132721, "eval/loss": 0.8172382712364197, "eval/accuracy": 0.8502994011976048, "eval/precision": 0.7131733021077282, "eval/recall": 0.71, "eval/f1": 0.6145821854912764, "eval/runtime": 1.8412, "eval/samples_per_second": 90.703, "eval/steps_per_second": 11.406, "train_runtime": 1073.6463, "train_samples_per_second": 18.651, "train_steps_per_second": 2.333, "total_flos": 5268940802841600.0, "train_loss": 0.14296040279823755, "label_metrics": {"_type": "table-file", "sha256": "b168348bfa481f3906be73e318049082f9e93aa0a73736fe5551ddfb7f0ff70d", "size": 485, "artifact_path": "wandb-client-artifact://g02m5evbl5dzm9huee1j84togw8tpanaee1qgt3oe3lnso96dt1p6ra7d5w7ockoaa8qm4vq6fc1d1ln3xj21dany50xttqsdhr0snvbm9uxtu461niuz7by1bjdn5u3/label_metrics.table.json", "_latest_artifact_path": "wandb-client-artifact://tr2kqipcn0zilnme8oat84r1gzskhewaiofhgnjt4eebzfxxujxduhap8yh0vbft040btg9ihwk2mcs0vy1o9mxumrk73hz3qhd563izul2j9w2li7jvbct7ww8le92b:latest/label_metrics.table.json", "path": "media/table/label_metrics_313_b168348bfa481f3906be.table.json", "ncols": 5, "nrows": 5}, "test_predictions": {"_type": "table-file", "sha256": "9f8a90959433805056cd9916a1b380b1030a67134205193cbeeaa85765dd017a", "size": 51059, "artifact_path": "wandb-client-artifact://tydn24juqwzwiv13tr7hh7aeqaijcpvmqpkfhw72o0zhqort5v5qorl8dkqdu9knpwybsg5lpz947s83kcvb8szw9p7xbk641e95q6j2sznkpm0cac61trfpillhnsq5/test_predictions.table.json", "_latest_artifact_path": "wandb-client-artifact://wfedewz5f3hbbb6c115w4gx3k37noxkxq4akx82lznd9gjmmm2eda643vpt18cpi13drqkkf4zr4oxnumy1miqntv24xlorvbmnvzbtb8k5dj86zr041emj819j5dgmo:latest/test_predictions.table.json", "path": "media/table/test_predictions_314_9f8a90959433805056cd.table.json", "ncols": 7, "nrows": 168}, "test-metrics": {"_type": "table-file", "sha256": "92295d27d942aa5cf8ee5c884882abe1d9f7e01d3513093572768ae28b8b75d4", "size": 195, "artifact_path": "wandb-client-artifact://7fwax0wyyxlvcz3tfs5877qvre58e7kr65lmxnnol7skwsng4jas7txzddwuifmfra99uwrhvwvni33nmcc3zkl5pzad2msd6i47now42xd75r8lwq4mtrdkbm4bdf2i/test-metrics.table.json", "_latest_artifact_path": "wandb-client-artifact://b5m7s1206ohfvm59woj5dbwdxtngkxzdync79c7nloiqoupjsar4kpd4o41pl4pwa1e6tv7mbr2buevj9yn4czastm4nl0dviq44k0v8lj5qf244grie1r9zpgfk0naf:latest/test-metrics.table.json", "path": "media/table/test-metrics_315_92295d27d942aa5cf8ee.table.json", "ncols": 5, "nrows": 1}, "test_connective_metrics": {"_type": "table-file", "sha256": "ccd62c4d5d56ca264089be630407b2323d7678b376912be8066186ae6e91a95e", "size": 395, "artifact_path": "wandb-client-artifact://6xrsrknhon67om67124ujoqbgxq0v258y4e8vbdofl95zju24jhki1i7hav57pkfxebdz4uuxf2w1e0duqno4w3env4q179a87fnuey6lmn47ehffiiwxj3gvgnap4d6/test_connective_metrics.table.json", "_latest_artifact_path": "wandb-client-artifact://jdx4tv0pvlxnapb20lo42o72s60bvt5by0cz5ly56769rvzjeyxj37asn9zt447sd1klct79bq0wnyxaqjv0uf5vg5rym7fjzlza15op98gz6mcdxymaimgtbowuc09c:latest/test_connective_metrics.table.json", "path": "media/table/test_connective_metrics_316_ccd62c4d5d56ca264089.table.json", "ncols": 6, "nrows": 3}, "_wandb": {"runtime": 1087}}