{"train/loss": 0.0007, "train/grad_norm": 0.47464025020599365, "train/learning_rate": 3.7028824833702884e-05, "train/epoch": 10.0, "train/global_step": 1670, "_timestamp": 1743014030.5424097, "_runtime": 723.083845615387, "_step": 215, "test/loss": 0.9516794085502625, "test/accuracy": 0.8273809523809523, "test/precision": 0.7551362114218481, "test/recall": 0.7019116677653263, "test/f1": 0.6881792717086834, "test/runtime": 1.8783, "test/samples_per_second": 89.442, "test/steps_per_second": 11.18, "epoch": 10.0, "train/f1": 0.9770336843910272, "train/accuracy": 0.9932584269662922, "train/precision": 0.9974840389978565, "train/recall": 0.958529941830222, "val/f1": 0.702296918767507, "val/accuracy": 0.8982035928143712, "val/precision": 0.8545383586083853, "val/recall": 0.7320833333333333, "val/loss": 0.6154957413673401, "eval/loss": 0.6564054489135742, "eval/accuracy": 0.8862275449101796, "eval/precision": 0.8702164502164503, "eval/recall": 0.7841666666666667, "eval/f1": 0.7931506439053608, "eval/runtime": 1.8728, "eval/samples_per_second": 89.173, "eval/steps_per_second": 11.213, "train_runtime": 715.5891, "train_samples_per_second": 55.968, "train_steps_per_second": 7.001, "total_flos": 3512627201894400.0, "train_loss": 0.2656235932631831, "label_metrics": {"_type": "table-file", "sha256": "b1c154fd9722032f8cde7fb42e37cd3b8b0ff95ddfab7f7b966fceec857bbf82", "size": 664, "artifact_path": "wandb-client-artifact://0fq7n2n1d27go5wxl2zkcoy9djvq6wzur2kz3rzf9588am7z0j895o8uz21koyehcb3dbnbksuok5a8r9kx809a9xw406zntdlx4zn11gw66tyltz5or3ko3v2108rml/label_metrics.table.json", "_latest_artifact_path": "wandb-client-artifact://b1cifejn4z4iqzhgo96jno5eh828ofwpm8c1uwwtkw7hzl8f5ori1hjsg575dklhdylbq7t5qpt2yp71pxriakrjl0ahkeq6v9ltfefplw0yb6myrzctxa4osw0z8w68:latest/label_metrics.table.json", "path": "media/table/label_metrics_210_b1c154fd9722032f8cde.table.json", "ncols": 6, "nrows": 5}, "test_predictions": {"_type": "table-file", "sha256": "c3151ea227245055ad6221bcd9bc0452ee0ccbaa719c5d505da8851b3eb98cba", "size": 88162, "artifact_path": "wandb-client-artifact://q3m1w2wtinez0fy1ydxprwnvcii53jecg9i5x48p6s3c6jqa2j0jm9tlb4b8m4k9xfj14sed72q7x8umjtxrxsgr43u6nwtkhd9scyf7hkszyhwkkih4w6q3daausxoo/test_predictions.table.json", "_latest_artifact_path": "wandb-client-artifact://3pr7fght6t0rf4wxatazq8g9ecb3vp6b28b23pxc1et6k8ha67n2lcndc45mufghxhnyz1h90b0ia0epy6fdo6ib05f2ap5b9rdn0hg9ue75fgdf23lby5zf9okrtsec:latest/test_predictions.table.json", "path": "media/table/test_predictions_211_c3151ea227245055ad62.table.json", "ncols": 8, "nrows": 168}, "test-metrics": {"_type": "table-file", "sha256": "2a7db1fb0a81f8a48ace825a59caf3cb0ecdc8c8a59d139770d48dc6b320ff24", "size": 201, "artifact_path": "wandb-client-artifact://w7z71ondfbavz8lkumunqxe5lapg1onm9te1vyu3tgywizqtbsque6718uvcrrxf4q6xgmc9s9yporchb0fxl0d6132onlt6gkjirvbewwhuo5qnnwvsmr25bttk6q1a/test-metrics.table.json", "_latest_artifact_path": "wandb-client-artifact://ykbf5k4kfv9aggyun8s7316u5pmpe7dihak8aw0qk0q47jabxxt3pnuwt56dvxk6jia00oqdme12lu4qeac0g0gewmotz6cb7uaccn7xpt2p43xu6chufrkzs9j5c1kq:latest/test-metrics.table.json", "path": "media/table/test-metrics_212_2a7db1fb0a81f8a48ace.table.json", "ncols": 5, "nrows": 1}, "test_connective_metrics": {"_type": "table-file", "sha256": "44cd6aa01c28e4d74c7bf64dee4bc786a09077940b87ac1c3e08eb8d89a02c72", "size": 443, "artifact_path": "wandb-client-artifact://eb57uq8d601lpvwxccloocawh5egaceod6993dhkpa7ez7jmq9n55ndnjrij4ss2z7cz0oq5jduwma0ctzy1wjzgr3ird27p104aelgk9kz013ytgny4x7vra1jpsn2g/test_connective_metrics.table.json", "_latest_artifact_path": "wandb-client-artifact://5hrm655vqev3qijbjzof10qqlivzxhxudxzirndd17gy5li8phbny3bxeiafih88oa8n03a17ycio67vxtyubvd1bh6zs89k5yhz5gixnsasmf2ij4z20okb6seviiqq:latest/test_connective_metrics.table.json", "path": "media/table/test_connective_metrics_213_44cd6aa01c28e4d74c7b.table.json", "ncols": 6, "nrows": 3}, "Exclude_counts": {"_type": "table-file", "sha256": "77258b7129a4391441f72a7439756a1d881e220753ec917f090c57798cc106a7", "size": 79, "artifact_path": "wandb-client-artifact://6qecj5ovydlk19bpp8jd5rpjeodltd9fa9tqg0xyc570bqqr10fo3oowpw6u1a2v5qnzsghtw3top67o66fwhcjqrc0t7p331i9ov8v1bdvatwon0vu0cj5jcc1xp1ua/Exclude_counts.table.json", "_latest_artifact_path": "wandb-client-artifact://51naa0tm6nkm9chr6a7s5k57nm07r6h3d45l24ieuycuo9ikw5mgudw7xpny3tva4jbuucu4zodgefhdnjnth70nixjuixk8tdx8ov9y3gb6h842xckqnt5dxme4l26w:latest/Exclude_counts.table.json", "path": "media/table/Exclude_counts_214_77258b7129a4391441f7.table.json", "ncols": 2, "nrows": 1}, "_wandb": {"runtime": 731}}