{"train/loss": 0.9691, "train/grad_norm": 3.6395325660705566, "train/learning_rate": 3.3e-05, "train/epoch": 1.9760479041916168, "train/global_step": 330, "_timestamp": 1736058172.966415, "_runtime": 131.0728359222412, "_step": 36, "test/loss": 0.8617077469825745, "test/accuracy": 0.718562874251497, "test/precision": 0.718562874251497, "test/recall": 0.2, "test/f1": 0.1672473867595819, "test/runtime": 1.8827, "test/samples_per_second": 88.703, "test/steps_per_second": 11.154, "epoch": 1.0, "train/f1": 0.17150192554557125, "train/accuracy": 0.750561797752809, "train/precision": 0.750561797752809, "train/recall": 0.2, "val/f1": 0.1672473867595819, "val/accuracy": 0.718562874251497, "val/precision": 0.718562874251497, "val/recall": 0.2, "val/loss": null, "eval/loss": 0.8617077469825745, "eval/accuracy": 0.718562874251497, "eval/precision": 0.718562874251497, "eval/recall": 0.2, "eval/f1": 0.1672473867595819, "eval/runtime": 1.9138, "eval/samples_per_second": 87.262, "eval/steps_per_second": 10.973, "_wandb": {"runtime": 135}}