{"train/loss": 0.0639, "train/grad_norm": 0.012388096190989017, "train/learning_rate": 3.8913525498891355e-05, "train/epoch": 9.0, "train/global_step": 1503, "_timestamp": 1739950886.090394, "_runtime": 1383.1632370948792, "_step": 194, "test/loss": 1.056588888168335, "test/accuracy": 0.8214285714285714, "test/precision": 0.7520808279005, "test/recall": 0.5096220610854758, "test/f1": 0.49278189621537266, "test/runtime": 4.4344, "test/samples_per_second": 37.886, "test/steps_per_second": 4.736, "epoch": 9.0, "train/f1": 0.919920657464339, "train/accuracy": 0.9902621722846442, "train/precision": 0.9885213266906009, "train/recall": 0.8847660018203335, "val/f1": 0.5745276910198893, "val/accuracy": 0.8682634730538922, "val/precision": 0.748082063619353, "val/recall": 0.5704166666666667, "val/loss": 0.7882351279258728, "eval/loss": 0.5063722133636475, "eval/accuracy": 0.8802395209580839, "eval/precision": 0.8180016291067065, "eval/recall": 0.6808333333333334, "eval/f1": 0.6535451175226844, "eval/runtime": 4.4085, "eval/samples_per_second": 37.882, "eval/steps_per_second": 4.764, "train_runtime": 1370.4884, "train_samples_per_second": 29.223, "train_steps_per_second": 3.656, "total_flos": 3161421175587840.0, "train_loss": 0.3276143140919849, "label_metrics": {"_type": "table-file", "sha256": "d60385aea1639e42ece8f96af5615323eca1c0672d7e8894365a0733ccbe570c", "size": 693, "artifact_path": "wandb-client-artifact://qjk30g3s5nes8agjdpmojgvtjkfruc2jc1lihvjlp1jpqdkvfy529yfgmwtftzpgasqyicxugmtcdx40iphponplvhjfl1qskn8u6c3hisicbt7syyrt0s7inwrbqzje/label_metrics.table.json", "_latest_artifact_path": "wandb-client-artifact://k8prenoq7ulfq9mq6ru4rwmksrk6ew6xuy9yt80uowqs2qn9vwl43q6zqa9c9ou8zms2ziym4vg5df5bm58q7z2cn41e71cls7vn0knk0wjnfxqz8a1lgfnwm94uneid:latest/label_metrics.table.json", "path": "media/table/label_metrics_189_d60385aea1639e42ece8.table.json", "ncols": 6, "nrows": 5}, "test_predictions": {"_type": "table-file", "sha256": "bf5457a7d4309df8453c52d502b3eb3e9a9222bdb7047674bc546a0e93f27aaf", "size": 92944, "artifact_path": "wandb-client-artifact://nuegioy1wlzw17mduobtmbovegjo9d1tzjiwn9lcwhuwsbk55xvj593cv4y2b41ps0munwwnktl8vsxbd7k91c2t5ximrift0h6gi37pur3sjxv4qhunfdavvt5n4xkc/test_predictions.table.json", "_latest_artifact_path": "wandb-client-artifact://knz0h4fxizi0nxz8dd2njln75ac78bosnoden89b91bupf3trjrnfjvkjz1av952n03e70r3tl7cjos1tgsashlo5vyloyxsh21e053nyyocxasczvokb5y47skb2xft:latest/test_predictions.table.json", "path": "media/table/test_predictions_190_bf5457a7d4309df8453c.table.json", "ncols": 8, "nrows": 168}, "test-metrics": {"_type": "table-file", "sha256": "ce64547a0acedebab3c9c7e5dffa51661ec904b0d9ba5e8a3164105e0653194e", "size": 210, "artifact_path": "wandb-client-artifact://ebl8oz4u31uhpgturs8msfk8aeosnqhozkomr0i4q0ddqc3zoghdfcagettu26f4efs08ba4u4325zsfxo87hrmi403u0v3t513h4amlkqlrkue0ctg75ghk3pom43pl/test-metrics.table.json", "_latest_artifact_path": "wandb-client-artifact://dw8gfqytf2x0ic89jxn7pkowdko8l253at5qqzlts72a2nnvopeexqf2gdwmhr9dk1dh4f3l5d5n0i7q94x1rk8128ehph3jilhmxvm900ioy5f5h29icnn7no7n5z85:latest/test-metrics.table.json", "path": "media/table/test-metrics_191_ce64547a0acedebab3c9.table.json", "ncols": 5, "nrows": 1}, "test_connective_metrics": {"_type": "table-file", "sha256": "5839deef3fc39cdff88ed463f6803d0e39bbd5a2c633405bd03667292e7202f9", "size": 476, "artifact_path": "wandb-client-artifact://noi79l2cfgjgx5f12j68j9r0ywh4lqyj6a981cq7dpa9tprj4isz2rqtf0438xk7cpizev5mkgpgbdvoe0f48uenwgfiwrjolih68fwkkgv0mrxscmb0ab32s5mm99px/test_connective_metrics.table.json", "_latest_artifact_path": "wandb-client-artifact://s1o1ttghtcq24ftarreymw3szogn4zejlq4t60a7oo2n1al18ve5r6e6gm24dt90uktsddcrysen1lfsh8c9o9kglpaurfvtkz708gl1g04awvm0ujujiqdrxicv9dta:latest/test_connective_metrics.table.json", "path": "media/table/test_connective_metrics_192_5839deef3fc39cdff88e.table.json", "ncols": 6, "nrows": 3}, "Exclude_counts": {"_type": "table-file", "sha256": "25a1c51bc7d78f8f0c485181ff588729b74bed10d613faf3814f153d95fa71a3", "size": 90, "artifact_path": "wandb-client-artifact://1y77nemd98x47a3zamj4nrktwxi0mez915doy9lyu0hho8kqysic3zca6erjxuzlzoh8si9ed02vs647egzwap1bjwkkmtpnegy1w63n5wc4vuqxd7dyo7n3qhrx0ec8/Exclude_counts.table.json", "_latest_artifact_path": "wandb-client-artifact://8ivhzevz4lccgktxp4k3mevmcw5m3x4k5rj4nuaaht4k6h3t8k6zyl5aoqrd4tfgbx69ho698g6a8hwn8dnureqcs89gfrbhccwrtf33yei3oaq6itkvqxdoliso1vpb:latest/Exclude_counts.table.json", "path": "media/table/Exclude_counts_193_25a1c51bc7d78f8f0c48.table.json", "ncols": 2, "nrows": 1}, "_wandb": {"runtime": 1390}}