{"train/loss": 0.085, "train/grad_norm": 0.07001664489507675, "train/learning_rate": 4.26829268292683e-05, "train/epoch": 7.0, "train/global_step": 1169, "_timestamp": 1743042706.302221, "_runtime": 508.56511902809143, "_step": 152, "test/loss": 0.7515409588813782, "test/accuracy": 0.75, "test/precision": 0.6025308641975309, "test/recall": 0.4208415732805976, "test/f1": 0.37095343680709536, "test/runtime": 1.8828, "test/samples_per_second": 89.23, "test/steps_per_second": 11.154, "epoch": 7.0, "train/f1": 0.8150237165545656, "train/accuracy": 0.9827715355805243, "train/precision": 0.9667286549707601, "train/recall": 0.800454659790209, "val/f1": 0.42004941650511274, "val/accuracy": 0.7065868263473054, "val/precision": 0.6655982905982907, "val/recall": 0.4929166666666667, "val/loss": 1.329201102256775, "eval/loss": 0.7184564471244812, "eval/accuracy": 0.7784431137724551, "eval/precision": 0.6999543795620438, "eval/recall": 0.5133333333333333, "eval/f1": 0.45727408777992434, "eval/runtime": 1.8705, "eval/samples_per_second": 89.282, "eval/steps_per_second": 11.227, "train_runtime": 500.7996, "train_samples_per_second": 79.972, "train_steps_per_second": 10.004, "total_flos": 2458839041326080.0, "train_loss": 0.44096629920680874, "label_metrics": {"_type": "table-file", "sha256": "3e2d08e0e14636171aea6c088589eaf911b362988a3e84535c63741c09dbd903", "size": 622, "artifact_path": "wandb-client-artifact://qrbasstzaifnohywn5s7eho1991jpgzobcd4kqssl6ec94bm7hu8a0wuvivtxhernyxmk0rkf05l1udlhquyyzs833k4pqzoxgms2uuaj758i7j041swgwjzrwbuoetr/label_metrics.table.json", "_latest_artifact_path": "wandb-client-artifact://z9e0jk5to7wl50t01a3ob77c3k2tp2jlul8jnbca2k4gk2q590ci8tajt7u983kulpv5b08xlldp62j5xnwpxjtvatwpzcpgem5ftcdvbwhrs8bpcmse8z7p214mim4u:latest/label_metrics.table.json", "path": "media/table/label_metrics_147_3e2d08e0e14636171aea.table.json", "ncols": 6, "nrows": 5}, "test_predictions": {"_type": "table-file", "sha256": "03cf88ca01fa0610b9bd1f08e3ed5a9864ca716fb6620dc22cdc3e223ea22309", "size": 91190, "artifact_path": "wandb-client-artifact://46semj5pyq4oo9bfkz9io2hjllg65tl1wertdij2bp8jnyj77bx82osybszzyr0ee1wdiaam42rs3rimsle27q58aia5pvoxly0zmpbrdr73t328iqkqorqmh3jvrkbr/test_predictions.table.json", "_latest_artifact_path": "wandb-client-artifact://nwaxp8f5h7un45g0qqcu21chqzexvfq9mpcolcf23j0z96u8qelxprd2npkpoawzoo4apsfnylyfmq93djuxqyrquwc48c5ellnucekv6dg2k03g0h0fk8yuy0xzm2m8:latest/test_predictions.table.json", "path": "media/table/test_predictions_148_03cf88ca01fa0610b9bd.table.json", "ncols": 8, "nrows": 168}, "test-metrics": {"_type": "table-file", "sha256": "fb890c2c54986368b2ca2fffff838ce5511f08e237f0725275c465ad1a7c8055", "size": 202, "artifact_path": "wandb-client-artifact://u7i47mhqyxsvay0yovbikavw7hvuavcqbr19eakh4i3yhcw038agsjmednjfkbb0q30sy7934crsw6pryhb9n5dqwxqujsugls0y7l1gaw6hddt63841b1lrzwucs3yx/test-metrics.table.json", "_latest_artifact_path": "wandb-client-artifact://g4cztb942i2gk43oga523uzvsouiynndbkunz8mt8bu8wvybnq0t9qux0us99817i0iwj10lnwmzxx8jeq93lyyp71ed42wih7tqzedvvvwrza782fupvxee6wsu7rgc:latest/test-metrics.table.json", "path": "media/table/test-metrics_149_fb890c2c54986368b2ca.table.json", "ncols": 5, "nrows": 1}, "test_connective_metrics": {"_type": "table-file", "sha256": "8f7b56fcd2c2e4a69da5708ff53c4375cda9c8910a73b5fe5ff0ccd766f9a70a", "size": 469, "artifact_path": "wandb-client-artifact://w5jji2hyu26h9cxnp92kk9gw53ygljguswuab3fgdgwuz85vkzi072dt9iff6of7p1wnrvtp1ddu1q4p4xc5djys6715k9a3em1467jt6s4id1iqfm3sq47rz7utqoiu/test_connective_metrics.table.json", "_latest_artifact_path": "wandb-client-artifact://sk4rxh3xmazsi6wgoyp82jnm816jx407djam1sn5u0zpsize6aiahlz1ff5dyskuok92dwfxbwrjd8lpaomapi7dqozf9dkkuj7s2fnbuulofrt2pez2sz5gkbfosba9:latest/test_connective_metrics.table.json", "path": "media/table/test_connective_metrics_150_8f7b56fcd2c2e4a69da5.table.json", "ncols": 6, "nrows": 3}, "Exclude_counts": {"_type": "table-file", "sha256": "83103ea35ea937c5aafb1fde568b44549369be67e2f5e61e6a3b2ec01d6ce634", "size": 94, "artifact_path": "wandb-client-artifact://5t1vdd86hmy9q6bb4elj6ud51xr1zyd22h0duny35fsikzpib5d40u6dzfqlhoekm8vojitiibemiv2ikloai4mkepudptx7rkfvwi1mnkkdyc4yj9dfhwlizsj1lm62/Exclude_counts.table.json", "_latest_artifact_path": "wandb-client-artifact://86bn11hlfhzbbad8rv7g7qonu410pm6sgqq8ou2tpa28hhecwtkj9krm0zp3e7yf7xhdecv1j8egymtdn485m0waqvvjj3ctb9y36dia7trzhhlnlz6q6yrk6g6293m4:latest/Exclude_counts.table.json", "path": "media/table/Exclude_counts_151_83103ea35ea937c5aafb.table.json", "ncols": 2, "nrows": 1}, "_wandb": {"runtime": 517}}