{"train/loss": 0.0866, "train/grad_norm": 0.009103124961256981, "train/learning_rate": 3.8913525498891355e-05, "train/epoch": 9.0, "train/global_step": 1503, "_timestamp": 1736763157.12672, "_runtime": 658.4459159374237, "_step": 193, "test/loss": 0.8377896547317505, "test/accuracy": 0.8392857142857143, "test/precision": 0.8056910569105691, "test/recall": 0.7780641617226983, "test/f1": 0.7727034305116497, "test/runtime": 1.8846, "test/samples_per_second": 89.143, "test/steps_per_second": 11.143, "epoch": 9.0, "train/f1": 0.9794072597117853, "train/accuracy": 0.9940074906367041, "train/precision": 0.9655587943563895, "train/recall": 0.9948080409399973, "val/f1": 0.8094807153630683, "val/accuracy": 0.8802395209580839, "val/precision": 0.8583838383838384, "val/recall": 0.7845833333333333, "val/loss": 0.6789675951004028, "eval/loss": 0.528045117855072, "eval/accuracy": 0.9041916167664671, "eval/precision": 0.8588125, "eval/recall": 0.8324999999999999, "eval/f1": 0.8359527851887784, "eval/runtime": 1.8715, "eval/samples_per_second": 89.231, "eval/steps_per_second": 11.221, "train_runtime": 651.0029, "train_samples_per_second": 61.52, "train_steps_per_second": 7.696, "total_flos": 3161364481704960.0, "train_loss": 0.30048815645890947, "label_metrics": {"_type": "table-file", "sha256": "1eb661e46ce18d2abb1cf892c928ed2805f4457c2a20aa9b3c74c3c1dfeb3a74", "size": 566, "artifact_path": "wandb-client-artifact://3n32ou3i2up614a80dge6bkk1ljb3fwibqmv2ien8hioymx72m1jm83spsx8drakb15rcvffkd1yo0njyjvb704g3du619pqs9kcqhj5qc2f5mltqukc12aby95612xq/label_metrics.table.json", "_latest_artifact_path": "wandb-client-artifact://2mg76g9xv0p8658n20ao19qc5sj45jstulo6tiwxig8n51wi4cgufck7o9i6v7qf9rebupuzdnhvroip4bpnakr4udx9rkewcgep6tfk5cm5s3y5cpvbpoy0offules4:latest/label_metrics.table.json", "path": "media/table/label_metrics_189_1eb661e46ce18d2abb1c.table.json", "ncols": 6, "nrows": 5}, "test_predictions": {"_type": "table-file", "sha256": "930c61d2828c2e7a05a2822d4de37fe181b9daccb46bf25b59318b1be6c35338", "size": 88174, "artifact_path": "wandb-client-artifact://spf25211yjiozb4oh82hak6w8b4q7ileblt4vik8ufieu070zkf5frpw6koajk9l6oqbceaaryatq7p86hmih76nxeevd7kyhkw6ke34qxs11i6lq3imfochsf4hycx4/test_predictions.table.json", "_latest_artifact_path": "wandb-client-artifact://j3dyeb38nqu65vddkqqz70uv7w3cpt07icolk5bktk9igveisij1xu0htgztv9yac2x13tljsp14crjwfgkk940edbwtwriof326tty15w06atgbo7iw82wq4ptvbtow:latest/test_predictions.table.json", "path": "media/table/test_predictions_190_930c61d2828c2e7a05a2.table.json", "ncols": 8, "nrows": 168}, "test-metrics": {"_type": "table-file", "sha256": "247f4458ed776c3fd81251ac1e1505f79d5523127c9ba5896614739e23d2b76d", "size": 201, "artifact_path": "wandb-client-artifact://8ovjqldg27fh29ypgu18qb5kih1jz2imvxl918aukyc4tirbdti3218b21xm5ck3yp1pzjax5jiceh3ilxkvmx4lsh2xolq14demkpz14o9hy28hwhmoe3pbarrnt8k1/test-metrics.table.json", "_latest_artifact_path": "wandb-client-artifact://1k0zi5eig1uozpact9y2nqsjk61u4uzzx51t5pymipmn78hb87uqnjb7v5twt1otzsvxdu9igbc4klijev439r4ln8a7stle9mad83y7od4ximgx5upev7olismv3k28:latest/test-metrics.table.json", "path": "media/table/test-metrics_191_247f4458ed776c3fd812.table.json", "ncols": 5, "nrows": 1}, "test_connective_metrics": {"_type": "table-file", "sha256": "4b000181c758bab6de5898441508fc2d2657339609e3d407a6b8adb4b3016c84", "size": 429, "artifact_path": "wandb-client-artifact://61k5cjavfa50yctmkf2dyqqxlbpp5r110tlq6673r2bopjcvzlyls6b4smq71kr0u7lecc1178rdsdhvbic3gdj4g12pr76ddgpt3acga9wnb1xzrd2ulxir1o5mxauu/test_connective_metrics.table.json", "_latest_artifact_path": "wandb-client-artifact://n822iugtri1t6w5zypuvx9cmp6stqh8str4fco6xuq38j1si9gasxcngji84tqkbxrbn8b63dm4zx7dlj74oliyr5qzkcgbe3wgai4cefjyqbzxhbdopznsrzishlisd:latest/test_connective_metrics.table.json", "path": "media/table/test_connective_metrics_192_4b000181c758bab6de58.table.json", "ncols": 6, "nrows": 3}, "Exclude_counts": {"_type": "table-file", "sha256": "77258b7129a4391441f72a7439756a1d881e220753ec917f090c57798cc106a7", "size": 79, "artifact_path": "wandb-client-artifact://cmexhvptkqzaxf9o6jod2a3zys08huc78qhmgq7d6qgcr04cvr5tz2pqf1rnnnkct61wsqy1f1rv9hdn08x79gr6glwd1zn6eg2e82tq7hs58bc3i75ojvtdm9oabdcy/Exclude_counts.table.json", "_latest_artifact_path": "wandb-client-artifact://3qs5l0bpt6pgnowftra1m5an9iw2pni7msa25mgd5d1am8qnccks3mhse5sgwmpu6aq69qykw7t52jf8vcumxi4u985xgk0vobwzw33iqkio1m1xntww5er7poi0x871:latest/Exclude_counts.table.json", "path": "media/table/Exclude_counts_193_77258b7129a4391441f7.table.json", "ncols": 2, "nrows": 1}, "_wandb": {"runtime": 666}}