{"train/loss": 0.0004, "train/grad_norm": 0.0064330738969147205, "train/learning_rate": 3.7028824833702884e-05, "train/epoch": 10.0, "train/global_step": 1670, "_timestamp": 1736722054.8798752, "_runtime": 721.9957001209259, "_step": 214, "test/loss": 1.1950207948684692, "test/accuracy": 0.8154761904761905, "test/precision": 0.7594907407407407, "test/recall": 0.7372775214238629, "test/f1": 0.7275178439576667, "test/runtime": 1.8762, "test/samples_per_second": 89.543, "test/steps_per_second": 11.193, "epoch": 10.0, "train/f1": 0.9755582573233547, "train/accuracy": 0.9925093632958801, "train/precision": 0.9878762958849604, "train/recall": 0.9650521368795829, "val/f1": 0.6150531462585034, "val/accuracy": 0.8622754491017964, "val/precision": 0.7964810924369747, "val/recall": 0.6670833333333334, "val/loss": 0.7975295782089233, "eval/loss": 0.8719201683998108, "eval/accuracy": 0.8622754491017964, "eval/precision": 0.8619504643962849, "eval/recall": 0.6966666666666667, "eval/f1": 0.7112937675070028, "eval/runtime": 1.8613, "eval/samples_per_second": 89.725, "eval/steps_per_second": 11.283, "train_runtime": 714.6859, "train_samples_per_second": 56.039, "train_steps_per_second": 7.01, "total_flos": 3512627201894400.0, "train_loss": 0.28957819854199307, "label_metrics": {"_type": "table-file", "sha256": "9d7a45bc9735cbcd17079e6a65bc904267f6e7e74ae16d2c4902e47ced33cd61", "size": 553, "artifact_path": "wandb-client-artifact://8pxd627dxrwyi7okixymrwdeyp8lyydlzww2a7hpzzncv4shxzuieu78xv3afftbs5r0i6r9451yju3ak7h1k26xzrhx5n9tc8mgp1ioa9m08uqlskby1pm4x8z2u266/label_metrics.table.json", "_latest_artifact_path": "wandb-client-artifact://v7auxtaou13rzzi35fq8ti9qhqqf400aiqnm4sc0czbv6ojq3wi0syf9b2i7zzepxevpzmbzhrvzncck9dz040h0kh2xz2g4ch17l48zzyc3p8mi7lm4udickrzry7p7:latest/label_metrics.table.json", "path": "media/table/label_metrics_210_9d7a45bc9735cbcd1707.table.json", "ncols": 6, "nrows": 5}, "test_predictions": {"_type": "table-file", "sha256": "6386b3e1941fb3519a552f93d91bf715cbc1fc1d823b392f9ad2ef0e13eddcb5", "size": 90393, "artifact_path": "wandb-client-artifact://94ypgzqv1dtiapcsn4vkk0uue0qrgb0dug32raetau1pi8nmdjaqepy8f45fg92ei4ubv3jgzcbelj1ll45ph7sfna3qqep4x5oobww09yxcru96vza5u7b6nvn92fpg/test_predictions.table.json", "_latest_artifact_path": "wandb-client-artifact://z16bmx67faj9oiaevjbhxnw3xvv7lni3dduqeorwb2unmat3yhagocud60b5dbs06u5e4xkea1lu6qnhrx7xgyrgwiqqn5jll2msre0w0t9nw7jewwt8b7f5qeuqmlni:latest/test_predictions.table.json", "path": "media/table/test_predictions_211_6386b3e1941fb3519a55.table.json", "ncols": 8, "nrows": 168}, "test-metrics": {"_type": "table-file", "sha256": "7daae01a95947eefdc23f4d2b46399e52e04ed99d0386c7c0571404ff1c35e00", "size": 194, "artifact_path": "wandb-client-artifact://ckxe8pvri8r2j4xm40j8x06wjrgi0m4x9oe20becc9e67bxvqd4xirl3nu9z99jpftubvpuc75wwg4kxj9h2gmk57m7b3aab4n9h4nmq63ae3vpoodjd0bzud3972gxk/test-metrics.table.json", "_latest_artifact_path": "wandb-client-artifact://6f6p1k2c9b75615fssa9656vkpjz3vgpy0990g26jkcrx9pumywe0gw37qy1bp9st03z3eta1tmckk24z3iq8txbz69odr6d7bfik381j2ddhnt4q3bet6u1znr5ryqa:latest/test-metrics.table.json", "path": "media/table/test-metrics_212_7daae01a95947eefdc23.table.json", "ncols": 5, "nrows": 1}, "test_connective_metrics": {"_type": "table-file", "sha256": "c8ca01953257588d029ce624cd24183b2bdb0b0016949bf71da96df65196df5c", "size": 406, "artifact_path": "wandb-client-artifact://i3p5q4raq5p84kvd8fpcaq2o0os74z8p45h60sd3v96tywepopg8enx38ghce5avzou7alm8di9psv0h2p27s7f76yjl9f80n40jhempjx57mlnuspc917wrhgbi7lxd/test_connective_metrics.table.json", "_latest_artifact_path": "wandb-client-artifact://om8olf3g7cdwvqwcb3zbd0kotcr8s1uvl2ge0n13tdtx9zjkxjf9i1raj507kp6bfsezn26ado1e0w4y16a7q63oq251aih9xp5f1f5b0045tugkcw9aonknmfec1gb6:latest/test_connective_metrics.table.json", "path": "media/table/test_connective_metrics_213_c8ca01953257588d029c.table.json", "ncols": 6, "nrows": 3}, "Exclude_counts": {"_type": "table-file", "sha256": "082fcc874914d75958d68e780085931cf5c17034575e8b060f4acd16accf2d9e", "size": 71, "artifact_path": "wandb-client-artifact://5tbifm1msgp8gt10qgg9akkwv7zm42xiy58ruq5tzmguvmv6llzcs5suq5vyxgax96k1hm9b0gtmxllf64e8q3hpfb3pdqygm799m4azgvh5woigcq5i78jhbyk4zt01/Exclude_counts.table.json", "_latest_artifact_path": "wandb-client-artifact://frotl7jstw7pdixmb9110yswbgbpsiners10l414gtnmt32zyvu2kf2f7xg12npumq4thyhbyr9c5q6qrwwoxv15742okswlpkzsrsfwhv4uwbt9p2bb2iq0ctquxddo:latest/Exclude_counts.table.json", "path": "media/table/Exclude_counts_214_082fcc874914d75958d6.table.json", "ncols": 2, "nrows": 1}, "_wandb": {"runtime": 729}}