{"train/loss": 0.0726, "train/grad_norm": 0.12688036262989044, "train/learning_rate": 2.971175166297118e-05, "train/epoch": 14.0, "train/global_step": 2338, "_timestamp": 1739692597.0197122, "_runtime": 2129.3453571796417, "_step": 297, "test/loss": 1.0905516147613525, "test/accuracy": 0.8214285714285714, "test/precision": 0.6675889328063241, "test/recall": 0.4983234453966161, "test/f1": 0.5074031310136786, "test/runtime": 4.4303, "test/samples_per_second": 37.921, "test/steps_per_second": 4.74, "epoch": 14.0, "train/f1": 0.7763254427665329, "train/accuracy": 0.9880149812734083, "train/precision": 0.9534985181427389, "train/recall": 0.7926545497572252, "val/f1": 0.6004742192687278, "val/accuracy": 0.8502994011976048, "val/precision": 0.7951294751477234, "val/recall": 0.5983333333333334, "val/loss": 1.095861792564392, "eval/loss": 1.0986560583114624, "eval/accuracy": 0.8502994011976048, "eval/precision": 0.8242331855136733, "eval/recall": 0.6679166666666667, "eval/f1": 0.6635929091484647, "eval/runtime": 4.4032, "eval/samples_per_second": 37.927, "eval/steps_per_second": 4.769, "train_runtime": 2116.4281, "train_samples_per_second": 18.923, "train_steps_per_second": 2.367, "total_flos": 4917766273136640.0, "train_loss": 0.273345283783934, "label_metrics": {"_type": "table-file", "sha256": "fd171858370317e815122f58f92db1ed34e0294efc45e0758295acd14ef81371", "size": 593, "artifact_path": "wandb-client-artifact://yd63et9fxhbxz4l7xg9kg6s2m3uh8xn7b5u1iwb38zwqzuu42isfy6vef9w4jnx07819x358i208c79el5wxggg7xzd1tarw3gbjc9rzuz1ogo0so9f5psgrq3bvg395/label_metrics.table.json", "_latest_artifact_path": "wandb-client-artifact://gjpmyerqwqhssofwtg9xfe8fpa5nikms55kk8t0vrr4kbweeq0tznq0gd7ljdvzyn54wkzimz96q355tkq14cq1p7rshl4mww280nfch5q7zq91hpozp8cyutqamqs29:latest/label_metrics.table.json", "path": "media/table/label_metrics_292_fd171858370317e81512.table.json", "ncols": 6, "nrows": 5}, "test_predictions": {"_type": "table-file", "sha256": "d207d8692562f03ea42cbce539d7451abaafa9a160096fdd4932e114174db046", "size": 88294, "artifact_path": "wandb-client-artifact://1la7rd2o1bv9y1yh4v4fz26m4jk6j8k9lfdxyi54rpw7e284m98jsgu30iy7bxpmajfop6i1nb0ceji2j0f2zck8aubqewzgkyi5y2ra5kdj6cnx1optim5jikiqbe5b/test_predictions.table.json", "_latest_artifact_path": "wandb-client-artifact://brceuroh2em4dk98cf20pa7pwa5t01mom83q3m49c3h65r48ynz01nc9axaluwd98wu99lttchzwwfdsnjw6y96t71ybpmjdmivn4pxrz3exxkb76xtxh66avpyo2zkt:latest/test_predictions.table.json", "path": "media/table/test_predictions_293_d207d8692562f03ea42c.table.json", "ncols": 8, "nrows": 168}, "test-metrics": {"_type": "table-file", "sha256": "c79dd15a147fa2342353e80571b9b4118de478a11e2e770fc59cd3af16c66062", "size": 201, "artifact_path": "wandb-client-artifact://ho8pvvi9tpxazg2bdq5exjrdnhd1lim3hbrwyjnq4far1kb085uwcve8re1070u5wqwy78c7v392ge5xamelmxgozvn0yvkv3egah757rrzfc9gemdro2llw5ivwwlly/test-metrics.table.json", "_latest_artifact_path": "wandb-client-artifact://pliu4vlpol8e56spesmonu5yrz8i6vta996ypuzu500cld6wkxz8y5uj0jbi1ter2amuwiu12at2yrxsarkgxgy3odnk4mx8k0ao9oxihp67fc1rs45dntrhtnbxzw6a:latest/test-metrics.table.json", "path": "media/table/test-metrics_294_c79dd15a147fa2342353.table.json", "ncols": 5, "nrows": 1}, "test_connective_metrics": {"_type": "table-file", "sha256": "a2d5b06aaebb69d0703358ed3a83a7109cd53bc7d92ba4a50b4318c6987a04a6", "size": 458, "artifact_path": "wandb-client-artifact://6tr4pmvqkuqqx0u2yxvver0tek6s9uk59k83eqan122700xm3cv84cydh4ap2ynsuooc4pjghr6c54tpf9sj96qzxz4xlit6z9q8f2xchsr4mvtc3n3d6nurlnxjrno7/test_connective_metrics.table.json", "_latest_artifact_path": "wandb-client-artifact://m3quu50p57ghozziw0gp0m2kkxx3pw8hsht4swrs3gafuixdlct71jox7z86ciaq9j3649tqpjnbk51sl42457ui2ml59dtagg8kuzj12jaxh0tmsfwbexltqdxgvtj5:latest/test_connective_metrics.table.json", "path": "media/table/test_connective_metrics_295_a2d5b06aaebb69d07033.table.json", "ncols": 6, "nrows": 3}, "Exclude_counts": {"_type": "table-file", "sha256": "77258b7129a4391441f72a7439756a1d881e220753ec917f090c57798cc106a7", "size": 79, "artifact_path": "wandb-client-artifact://peqtsoyxfkoawrhv5snz492urjcqq3j70m3ybku0mtlg8x3n8gv6au7ag64y8cho6tz3025fdtoin79b1etlzfeqwctztjkdjq4l7k0kz83p2unf6twfr0hu0yrwq90s/Exclude_counts.table.json", "_latest_artifact_path": "wandb-client-artifact://etmi626xpi8o544tbw29rrtq6rwtbx1zp3ai2no7zksjlw08s4eno02tut7dtokjhruotpbp46z9zclz6b7hs0bmk6oupu5mxgr12oefy7mrccz719qfmvck7q4m4cb5:latest/Exclude_counts.table.json", "path": "media/table/Exclude_counts_296_77258b7129a4391441f7.table.json", "ncols": 2, "nrows": 1}, "_wandb": {"runtime": 2137}}