{"train/loss": 0.1624, "train/grad_norm": 0.035396624356508255, "train/learning_rate": 4.26829268292683e-05, "train/epoch": 7.0, "train/global_step": 1169, "_timestamp": 1739565114.8922138, "_runtime": 1078.9883677959442, "_step": 152, "test/loss": 0.545171856880188, "test/accuracy": 0.8333333333333334, "test/precision": 0.7488925802879292, "test/recall": 0.52551527136893, "test/f1": 0.5520460358056266, "test/runtime": 4.4168, "test/samples_per_second": 38.037, "test/steps_per_second": 4.755, "epoch": 7.0, "train/f1": 0.825424319146941, "train/accuracy": 0.9850187265917603, "train/precision": 0.982686778657283, "train/recall": 0.8048979357546626, "val/f1": 0.6484922741814716, "val/accuracy": 0.8682634730538922, "val/precision": 0.8173987941429802, "val/recall": 0.6454166666666666, "val/loss": 1.1163239479064941, "eval/loss": 0.4351252019405365, "eval/accuracy": 0.8682634730538922, "eval/precision": 0.9021885521885522, "eval/recall": 0.6316666666666666, "eval/f1": 0.6651851851851852, "eval/runtime": 4.3897, "eval/samples_per_second": 38.043, "eval/steps_per_second": 4.784, "train_runtime": 1066.3411, "train_samples_per_second": 37.558, "train_steps_per_second": 4.698, "total_flos": 2458883136568320.0, "train_loss": 0.43195314428444803, "label_metrics": {"_type": "table-file", "sha256": "9e8ed8ab544710461c089c2799cc19988de511be7aa437c42735d285000e8d2a", "size": 551, "artifact_path": "wandb-client-artifact://pm5oq6rkxk52zlrmb71keq5bm7f0h2sp21tncvqqgrk9c4crbnedq0vpyumr8bkvayucn3dxuvv552sv313fzo0w783cnsu95tolbwytkp6iitvu3g41it9g6nw71tyi/label_metrics.table.json", "_latest_artifact_path": "wandb-client-artifact://uox2g5o3033bse871nz6c1v2jdfrlv5h8tccjeoq8dvo7mqr14iqead93x2cjmun89b5euktdds51jppasmexneiuya6grwfkgwwn8dtvjzixwu0ce5wzsvk4fqazpcp:latest/label_metrics.table.json", "path": "media/table/label_metrics_147_9e8ed8ab544710461c08.table.json", "ncols": 6, "nrows": 5}, "test_predictions": {"_type": "table-file", "sha256": "d1a3cbc682db5100850cae21752319f6cd21e6dc0630a026c5d3bf6907ead7b0", "size": 87971, "artifact_path": "wandb-client-artifact://ahv37thfalw6k517jx4izwtr23tz5ryux963jyrljrhr43aoxiuaffvfars866kllx1a44le3pyndkdeejz0qxouddf9rswvk33ff1isw3k1zmgc2dqpymd5t67rp6yh/test_predictions.table.json", "_latest_artifact_path": "wandb-client-artifact://fvq3hlapjh7s3xixelu1e72yl8aoct0yz56vizi4smc3gl0iaxygpazyv33izobw72ano69kgs9rkhhctfv0y00g5wihynkvf42x8w2hb8ge282ohntu82gh6hazqkr9:latest/test_predictions.table.json", "path": "media/table/test_predictions_148_d1a3cbc682db5100850c.table.json", "ncols": 8, "nrows": 168}, "test-metrics": {"_type": "table-file", "sha256": "d131a03e875fde5392b2b6ca03f3deb23507d82fac70924a8c90930187da76e9", "size": 188, "artifact_path": "wandb-client-artifact://c15a9bmbfckh94zqlbxbeml2s15m4hh8wx6ggdiica0s2keu0xjqunyoyr9lsebm2io9yflfeg6x0jpw81opmfe9f4w0eneg0fqgicqe458xrtr7m7tdzu62idi8sajo/test-metrics.table.json", "_latest_artifact_path": "wandb-client-artifact://o4qkn9nxzkhlryi016sgfnd9zt6nldqav3kbbta15likvcuqtjtpf8ni0dfyk8xejvepkxe6yfjfyszr2dgw92r2vr2vz0s9wavr93pg431wlojkccinacav2hvkfsaf:latest/test-metrics.table.json", "path": "media/table/test-metrics_149_d131a03e875fde5392b2.table.json", "ncols": 5, "nrows": 1}, "test_connective_metrics": {"_type": "table-file", "sha256": "c5db50a00cca89162408489fde00fc451b39d23b2e6c4cdb61ce87afb93015f2", "size": 422, "artifact_path": "wandb-client-artifact://arwxggsprpvkxnf2h85ritxnz99q8yighz1qjjc94pwb3mxv06q2qygiu39kxi8edjazcs7dmc9gp878v215ij79opps5c9r0aagoq8c02ikuf74c316x31zybun4rs3/test_connective_metrics.table.json", "_latest_artifact_path": "wandb-client-artifact://e1rbulczn11ptv2brju1r2vcquydl6tzkb7ln0ppt511os5v40uw7mztzx8d6k9deo18ex0z371u8qsz8ztcx3pd49nlj1yewe791nojqqghn6oby3cyw8i53t8duhvo:latest/test_connective_metrics.table.json", "path": "media/table/test_connective_metrics_150_c5db50a00cca89162408.table.json", "ncols": 6, "nrows": 3}, "Exclude_counts": {"_type": "table-file", "sha256": "3a3e16eee488be4d9705c81c282778d2e17c222f184cef71ed7ae945012d1110", "size": 66, "artifact_path": "wandb-client-artifact://ts24hfivx90sjp4libszebjemwjzgpoycvrozppfp0oxerenusbvoxdww0ogyaxap8ucnww4e1mffvpythtvq0bbezd3j6w93p6vedx4qezb8umv0mtjdivbpq5357h3/Exclude_counts.table.json", "_latest_artifact_path": "wandb-client-artifact://fhny2dgs24pokzvtp2x09k6xqu5k0jvjx3dzhtskwqdbasg3pyocve2ntmptgn1chsxthvhr2cwrgf10g9r6b9sy6x7loh5g6fcda2bitwrc1ai1yyfbscor9zsjxi7n:latest/Exclude_counts.table.json", "path": "media/table/Exclude_counts_151_3a3e16eee488be4d9705.table.json", "ncols": 2, "nrows": 1}, "_wandb": {"runtime": 1089}}