{"train/loss": 0.7163, "train/grad_norm": 7.43024206161499, "train/learning_rate": 1.6000000000000003e-05, "train/epoch": 1.0, "train/global_step": 167, "_timestamp": 1736582389.5171618, "_runtime": 89.3052248954773, "_step": 27, "test/loss": 0.680924117565155, "test/accuracy": 0.75, "test/precision": 0.75, "test/recall": 0.27317073170731704, "test/f1": 0.26978922716627635, "test/runtime": 1.8629, "test/samples_per_second": 90.181, "test/steps_per_second": 11.273, "epoch": 1.0, "train/f1": 0.27809823594989835, "train/accuracy": 0.8067415730337079, "train/precision": 0.7452416957814048, "train/recall": 0.27598564339211484, "val/f1": 0.2506457564575646, "val/accuracy": 0.7664670658682635, "val/precision": 0.6752897350993378, "val/recall": 0.25458333333333333, "val/loss": null, "eval/loss": 0.6761131882667542, "eval/accuracy": 0.7664670658682635, "eval/precision": 0.6752897350993378, "eval/recall": 0.25458333333333333, "eval/f1": 0.2506457564575646, "eval/runtime": 1.8513, "eval/samples_per_second": 90.208, "eval/steps_per_second": 11.343, "train_runtime": 81.919, "train_samples_per_second": 16.297, "train_steps_per_second": 2.039, "total_flos": 351262720189440.0, "train_loss": 0.9681461385624137, "label_metrics": {"_type": "table-file", "sha256": "d1e77bc2a3849ceb42ee483e1ddd7e0efbdf53b96e150e841da4ded503f2bfdb", "size": 438, "artifact_path": "wandb-client-artifact://v6h63s6u3n44ts24h38q3vhbq4ckdc44r0hmvag7iqmwkfymfw3clsd2si83t2eu279twnm50m7gd9ouxymxn3apuqeitgoju1m40eddz4drgkqqhxq4lhkmb17wbj0w/label_metrics.table.json", "_latest_artifact_path": "wandb-client-artifact://3ld5df77xx907hheh92exaezg0cux8nt4n3fn9acuvdd3n75ws5bummu5r9j2i4piuxui4bqdby6uazzqoesolwz5yj4be36xj9tpor84lnu4q7q5zu6bzsyqmyuii7u:latest/label_metrics.table.json", "path": "media/table/label_metrics_23_d1e77bc2a3849ceb42ee.table.json", "ncols": 5, "nrows": 5}, "test_predictions": {"_type": "table-file", "sha256": "f83e12ecd0af070d9cb4856e96bad5e88d8063eb13c4f4938e3b72d79042ab10", "size": 88222, "artifact_path": "wandb-client-artifact://sovz0mwxjwbydwttjn394w9tjsz2lw6bl9af8uf8iety67y079sfnmveq178otauq1sjysaw1m3ftza3lo599ivsmjig5xpi3xog9yanh6yvei1laooy12dpodp53j39/test_predictions.table.json", "_latest_artifact_path": "wandb-client-artifact://07spy1k224xakqjsr6jllxjl7jzwrenusqgyjwis9zfhq6bz3p4x7ondhmg8w6mnraiq9mzcjks27gsn5wcgth1q9qfik4lo19hf2lrrurrmm8r0qfw32i9ajd8qboda:latest/test_predictions.table.json", "path": "media/table/test_predictions_24_f83e12ecd0af070d9cb4.table.json", "ncols": 8, "nrows": 168}, "test-metrics": {"_type": "table-file", "sha256": "a9209b230dd56b8425fc86bb1a0e653f1fe54f7cae3fa69355ed75af4f411371", "size": 175, "artifact_path": "wandb-client-artifact://u6ejboshocf8mdtr49h96sdfapm8pdtlnta7iz5kpmekyurgtdx7gbq94eosx1o11d8cmwtub4et5bgbdsd0qngu9n7fwwk9u4z4w1m8eiqnho48pmuxvy74b93px4nn/test-metrics.table.json", "_latest_artifact_path": "wandb-client-artifact://5x6b9dj02uz7679udnetzcuqomim42zjoi7el19f4lmd8iv1y4mpehhdb4j80b75zi750dqjsi20uuqcqauhhg9h0jqg6llnmtl45wxf7nlcas5204cn0lh6pnnqgact:latest/test-metrics.table.json", "path": "media/table/test-metrics_25_a9209b230dd56b8425fc.table.json", "ncols": 5, "nrows": 1}, "test_connective_metrics": {"_type": "table-file", "sha256": "914a8ad2d85d60f113c4d278e108d259f62876a588109d4dcb7ef0fb7c9d8b86", "size": 428, "artifact_path": "wandb-client-artifact://yoyys3zh45fy16n32xzs2qmcags9qqtvgq377oyfwjdokrolkmx1ktormxa4oyvpfvfluad5bhffv3jf5qjc6c6mewsf8aou4kg36j7xnozq440v6j1wni2jwl6wnmhn/test_connective_metrics.table.json", "_latest_artifact_path": "wandb-client-artifact://f3tk3coq9evmo2600bpm352dur73yer0bh63uk7rajc404x7jovdvbhsgplcs17xycx7sltsm6j8bczs0k9rgft1fa0k1nwr7vwlsyq4zwwejovz38qf7ixp2bqupbok:latest/test_connective_metrics.table.json", "path": "media/table/test_connective_metrics_26_914a8ad2d85d60f113c4.table.json", "ncols": 6, "nrows": 3}, "Exclude_counts": {"_type": "table-file", "sha256": "77258b7129a4391441f72a7439756a1d881e220753ec917f090c57798cc106a7", "size": 79, "artifact_path": "wandb-client-artifact://knf8palu5ytuh827ybk26gecmg34b888e42rwc9cj4gs81recftkkuimgd5ac4urkxn7w6smmvfi42wzs4lcdhiaz9yxh7drzmpkidtplu3y0sqagbc9v4qwc7rtr1h7/Exclude_counts.table.json", "_latest_artifact_path": "wandb-client-artifact://37g176ruvln3radqt1e9ifd165enkvlsofjwt6fo2t70mr7dbeq0wcsswpaosi8sliesi0a4om3204ha4vp37krg67e43c78c52vsoivvwfuu8q2o9a2nj5enit8wvme:latest/Exclude_counts.table.json", "path": "media/table/Exclude_counts_27_77258b7129a4391441f7.table.json", "ncols": 2, "nrows": 1}, "_wandb": {"runtime": 98}}