{"train/loss": 0.089, "train/grad_norm": 0.24392980337142944, "train/learning_rate": 3.52549889135255e-05, "train/epoch": 11.0, "train/global_step": 1837, "_timestamp": 1739728417.1654868, "_runtime": 1675.7450268268585, "_step": 235, "test/loss": 1.0129464864730835, "test/accuracy": 0.8511904761904762, "test/precision": 0.7808262711864407, "test/recall": 0.5524544056251373, "test/f1": 0.5783627149711574, "test/runtime": 4.4163, "test/samples_per_second": 38.041, "test/steps_per_second": 4.755, "epoch": 11.0, "train/f1": 0.8572217490210473, "train/accuracy": 0.9857677902621723, "train/precision": 0.96365764158646, "train/recall": 0.842380376860957, "val/f1": 0.6639479942920564, "val/accuracy": 0.8622754491017964, "val/precision": 0.846494708994709, "val/recall": 0.6716666666666666, "val/loss": 0.9190406203269958, "eval/loss": 0.9256729483604431, "eval/accuracy": 0.8263473053892215, "eval/precision": 0.8021536212325686, "eval/recall": 0.7079166666666666, "eval/f1": 0.6703315250150693, "eval/runtime": 4.3903, "eval/samples_per_second": 38.038, "eval/steps_per_second": 4.783, "train_runtime": 1662.4121, "train_samples_per_second": 24.091, "train_steps_per_second": 3.014, "total_flos": 3863959214607360.0, "train_loss": 0.32475045323017, "label_metrics": {"_type": "table-file", "sha256": "838681286d88c5fdea9e8e77381b7660dedb1652948b505e61239c7c0af2c6d1", "size": 493, "artifact_path": "wandb-client-artifact://zsbk9mvrs3189iae9e001rq2b66ja9s735u0onubw2doewg05f9j3jofj2dppzpyyx5v6by2pcl874zs7gt9o6dhfd3b48mmp6bhjmweovc8wdq3i98nzyb9cbgazbvc/label_metrics.table.json", "_latest_artifact_path": "wandb-client-artifact://5mzctivia6qjbbl6sr36221tbukl2n2kpxlrndhml996u7jg78l91xlzh73blz5c842s51766m8qzwenbz79u54cxmra7uh1hr1swdd40livsq7gutljsng4wv9n6v8m:latest/label_metrics.table.json", "path": "media/table/label_metrics_230_838681286d88c5fdea9e.table.json", "ncols": 6, "nrows": 5}, "test_predictions": {"_type": "table-file", "sha256": "de0dbec01d9c1a9ae4ce22ea95f2764ee8eab779219e2ed8c7bf479121f8f04d", "size": 88049, "artifact_path": "wandb-client-artifact://gqwgq7v3lc78r0k3fazcx2m8z4n5wk1xrid93ioq01ikon5q8bw69j0ynb1mbkci6kvkylz9x0khqaf18j4wlg3lsgbg69gl9pweqpuhb1dw13dc66o4ph1ewgut7nxk/test_predictions.table.json", "_latest_artifact_path": "wandb-client-artifact://05o7eayui9tnt8l85lzpzcgb3ee7h14c37ielu266at60s10nmiktvb88hfnulo4kxjyo5x2eydeltrz53xg9o3mxrj4fd0ifxial94ebgxb3qvgfzs2yk53cjkt2jqu:latest/test_predictions.table.json", "path": "media/table/test_predictions_231_de0dbec01d9c1a9ae4ce.table.json", "ncols": 8, "nrows": 168}, "test-metrics": {"_type": "table-file", "sha256": "87a7d65c50b3174382b630901559750c3a3859a575d6ad733e5d4dfafd08bc01", "size": 190, "artifact_path": "wandb-client-artifact://ydwhttwaj91h26etjhcm3w8zpt2bpqmcoix4pncucvxgmuretw67nkd12qt8z4qalzofd1o8b6rvpgjp0z8k3kof88i8eoqdsutxs9sqb8u6kr7e843nz4cbtuv0hrtw/test-metrics.table.json", "_latest_artifact_path": "wandb-client-artifact://0xpyrnf20agp8e9pdcrf436el2vtbkmwavq4totj66393onawllovp7obnc0jrjmateykrmy2f2docquj7rkqdfmltolfa2aen07bkfrjsbj5t1cv1la3g1zphnggqzd:latest/test-metrics.table.json", "path": "media/table/test-metrics_232_87a7d65c50b3174382b6.table.json", "ncols": 5, "nrows": 1}, "test_connective_metrics": {"_type": "table-file", "sha256": "e323a34d078c4bf7e22de3e4a491785104b88057c247a7b8b367a2920ec4d828", "size": 409, "artifact_path": "wandb-client-artifact://a4rdb6oyuk6sa2gc8xle4foc0qgbgvbgt1rx142wiwsfvyrqa9l91u26cm9ki9tdzceajxig92t25vy2imknoara7g8en8e6u5zz3weqt7wrc83h52id3wwepauld8p6/test_connective_metrics.table.json", "_latest_artifact_path": "wandb-client-artifact://uuuuidlw6u7coy07r6bw6vbwbw14ac966duqb435kpyju1a8unmggzasa8398zv4nx1d1ogtalsf6ofhvk1yonqab1i334u51azluxo8ffmluuh1v8trhsmvy49q8161:latest/test_connective_metrics.table.json", "path": "media/table/test_connective_metrics_233_e323a34d078c4bf7e22d.table.json", "ncols": 6, "nrows": 3}, "Exclude_counts": {"_type": "table-file", "sha256": "3a3e16eee488be4d9705c81c282778d2e17c222f184cef71ed7ae945012d1110", "size": 66, "artifact_path": "wandb-client-artifact://ofyjwciahp0ytuck4tmwv48lhhhf6eswj43ty9greiz5m1y48v6udk7bwuj7jh2qtgdqqfhwk1g1bmumar6r7tazoq2bv14vwbb0y2dg1r3m2ye856w3oil1mpx7m42i/Exclude_counts.table.json", "_latest_artifact_path": "wandb-client-artifact://zzq5uua74i3gxdskcjjweh9oemy46uoagk7wh808uuilekhl8k2os6hzvpg1yq4wiwm86efpnmbga40qb2vvds6ex42utre3g4x60dya4lygzeok9qun2dqb9fkuqw89:latest/Exclude_counts.table.json", "path": "media/table/Exclude_counts_234_3a3e16eee488be4d9705.table.json", "ncols": 2, "nrows": 1}, "_wandb": {"runtime": 1684}}