{"train/loss": 0.1689, "train/grad_norm": 0.01147712767124176, "train/learning_rate": 4.26829268292683e-05, "train/epoch": 7.0, "train/global_step": 1169, "_timestamp": 1736590922.4542947, "_runtime": 512.5786416530609, "_step": 151, "test/loss": 0.6617451906204224, "test/accuracy": 0.8154761904761905, "test/precision": 0.7909851745576278, "test/recall": 0.6331861129422105, "test/f1": 0.6871965811965811, "test/runtime": 1.871, "test/samples_per_second": 89.792, "test/steps_per_second": 11.224, "epoch": 7.0, "train/f1": 0.9621499159137554, "train/accuracy": 0.9932584269662922, "train/precision": 0.9866891814068286, "train/recall": 0.9450076417384004, "val/f1": 0.5358160552897394, "val/accuracy": 0.8143712574850299, "val/precision": 0.8153055848261328, "val/recall": 0.5420833333333334, "val/loss": 1.2577407360076904, "eval/loss": 0.6908581256866455, "eval/accuracy": 0.8083832335329342, "eval/precision": 0.7252935995302408, "eval/recall": 0.5912499999999999, "eval/f1": 0.5672107326661524, "eval/runtime": 1.8579, "eval/samples_per_second": 89.889, "eval/steps_per_second": 11.303, "train_runtime": 504.8963, "train_samples_per_second": 79.323, "train_steps_per_second": 9.923, "total_flos": 2458839041326080.0, "train_loss": 0.3752653476478607, "label_metrics": {"_type": "table-file", "sha256": "18883154e51296afd7f0d9a436a92a9aeac011370279329bcf6641f02fa77676", "size": 506, "artifact_path": "wandb-client-artifact://fzspiqotf65plyl80122j5z6azjax7l718tv193jizekc8cfcn3yypll1gcb5p5mcptk9m0lzwus54vyf48gwpxfkxxtzfmxsuzzs0y4j0w7b1vzjngylmhy2wn8kb8z/label_metrics.table.json", "_latest_artifact_path": "wandb-client-artifact://5og50c535nfv1j7d9ugz46gr7cco301kwoupgvg3urak9zc3ytio41qe05q1lgj8r28vp92mp54vf1m3e1sg9g03124d6cbgpfnhrpq8knvvt74ys0ywdmtnaf5f7d1c:latest/label_metrics.table.json", "path": "media/table/label_metrics_147_18883154e51296afd7f0.table.json", "ncols": 5, "nrows": 5}, "test_predictions": {"_type": "table-file", "sha256": "1c61e1987c7cca82443f2fc91d1e72fb51b81815242142f829cc0b5afb856b3d", "size": 75016, "artifact_path": "wandb-client-artifact://4kxltvlipyp0v7t515c94jopx95uiuoaz587mcvlhmzvp1moocy1m23rj3zw0esm3xq3sohesp3vov2ggvk2mxuwr3g531kp6rdy75opq97emi50fqre9le4nkg1ujl5/test_predictions.table.json", "_latest_artifact_path": "wandb-client-artifact://lk3vvc2xmyd6wsjjxfntxnustytve83fwrbisasogichbrgy78ttcdurlygijeng2j3rj7f0i58pmssqyejnv7eev65gra8w6ra1686ejpohno0lamncnyzblvk1r579:latest/test_predictions.table.json", "path": "media/table/test_predictions_148_1c61e1987c7cca82443f.table.json", "ncols": 8, "nrows": 168}, "test-metrics": {"_type": "table-file", "sha256": "75824612bb88f69f6d994accd411294c843c705835cdd586180f3a08e8b59156", "size": 200, "artifact_path": "wandb-client-artifact://5fmrq79xjy2igbinmlonwh5gy8o7enfgfeo3i0u886kplsmmd37a23iwt829afgpw5e20gnb5sfo18t25u6tsu5jhn6r2382bxhq3jqbo08a9hm1fnsg7zk2aq7d8dzu/test-metrics.table.json", "_latest_artifact_path": "wandb-client-artifact://1b30zit5q8c6iif3se1krzsg3x56ph3yt67395m1k13d89yszfqh7yp4txzlki2jon6w1j2jznipfqav2ffqqejqbmv09c452mww9nabnjmqjb4nhbb0rtl9kbven8by:latest/test-metrics.table.json", "path": "media/table/test-metrics_149_75824612bb88f69f6d99.table.json", "ncols": 5, "nrows": 1}, "test_connective_metrics": {"_type": "table-file", "sha256": "62f4b8f6f58197852cfda271834b0cb132eef2da512a52b37049feb14ef87844", "size": 423, "artifact_path": "wandb-client-artifact://jlqddbwc8d36lkdg5cttewrfaljeagew334xwec9po7npv8np3r3vfh0vov5hgugu4ebf8qrrgg4xvxv6u4h3wbre3edzcixx9uv24yultfc9w1b5tcgp1d8jqkq5ejy/test_connective_metrics.table.json", "_latest_artifact_path": "wandb-client-artifact://b95aexzvbmepesli8h6inihwlznobs95ixd1y9vwfgkmdnbars1w8dlrgcl5o5upt49k0s95fu830gcqa3pjzvfz2wwy9t9jp696ux974frhmy3kedz3gwxzrwuuzgj5:latest/test_connective_metrics.table.json", "path": "media/table/test_connective_metrics_150_62f4b8f6f58197852cfd.table.json", "ncols": 6, "nrows": 3}, "Exclude_counts": {"_type": "table-file", "sha256": "e1c9680c5dbf27c108a9c47e201f13cfb20008c24fc3198b33ecbe61bb69d2a1", "size": 79, "artifact_path": "wandb-client-artifact://9kjfbbq0i2e39lezqkeinuvw61v0v429fbfq8a3fpklqetefurz15n2sadx2hf99i2x7l2rs0oglv9z7ytidj2uy8vln64pfi1zv927zomzifa9zjlupfjtdwlfzqtmt/Exclude_counts.table.json", "_latest_artifact_path": "wandb-client-artifact://eh691wtrbeu68xqjphnjr2rg6088wo74hbzp6cef1erv583ev01lxuaiufepi3jwq8p9t0cfrup80g8sh2rh4tefyrumq518zq5umfcoc6h7p6lv69buuitar8cqq2vc:latest/Exclude_counts.table.json", "path": "media/table/Exclude_counts_151_e1c9680c5dbf27c108a9.table.json", "ncols": 2, "nrows": 1}, "_wandb": {"runtime": 520}}