{"train/loss": 0.0064, "train/grad_norm": 0.023329321295022964, "train/learning_rate": 2.971175166297118e-05, "train/epoch": 14.0, "train/global_step": 2338, "_timestamp": 1739883611.3748486, "_runtime": 2139.009168624878, "_step": 297, "test/loss": 1.487889289855957, "test/accuracy": 0.8095238095238095, "test/precision": 0.800843253968254, "test/recall": 0.4701098659635245, "test/f1": 0.5074544519787416, "test/runtime": 4.4322, "test/samples_per_second": 37.904, "test/steps_per_second": 4.738, "epoch": 14.0, "train/f1": 0.7731647271350846, "train/accuracy": 0.9872659176029962, "train/precision": 0.9598105809212931, "train/recall": 0.7787680370683173, "val/f1": 0.6053076051398125, "val/accuracy": 0.874251497005988, "val/precision": 0.7815387348969438, "val/recall": 0.6004166666666666, "val/loss": 0.9037026166915894, "eval/loss": 0.9579201936721802, "eval/accuracy": 0.874251497005988, "eval/precision": 0.8551670992861778, "eval/recall": 0.6608333333333334, "eval/f1": 0.6611678085693834, "eval/runtime": 4.4027, "eval/samples_per_second": 37.931, "eval/steps_per_second": 4.77, "train_runtime": 2126.1409, "train_samples_per_second": 18.837, "train_steps_per_second": 2.356, "total_flos": 4917766273136640.0, "train_loss": 0.2750168046581426, "label_metrics": {"_type": "table-file", "sha256": "7d1724fa74351360237ed32d37c64184a2f34f2425f63f914a694331836d4d90", "size": 588, "artifact_path": "wandb-client-artifact://75f9ugp5hhf4csgzlkmky6ch0krn6fhapks2eo8n3poe490yyptirou3g5wb0roh1ht3jy5nc23vtid5r2f0y3468v18sgqqc2d9tt4evmt0tcd3hnef5st93vuugllg/label_metrics.table.json", "_latest_artifact_path": "wandb-client-artifact://8mkme2ko3brxe51yb8vzxwdxekhubdmlv86dvsywn118knzxg07ell5yz9v9yucy44olal2djxkhstb8kipog72soe032elpls5xi2l4gho52cnz26poxca3fx1o81tl:latest/label_metrics.table.json", "path": "media/table/label_metrics_292_7d1724fa74351360237e.table.json", "ncols": 6, "nrows": 5}, "test_predictions": {"_type": "table-file", "sha256": "684ccbd3e0726c6b4c5a793df978a616660f9272dd27e11ea57fa043276fb697", "size": 89230, "artifact_path": "wandb-client-artifact://i3y4xzqw2oc45ujslrp2ya0z7cyxjc7wmo7g9kiwe0a3bwz7r8bv1fboyvpqacyxh2tu4n9585sbik3kvva3yujy3wo61xs1clipipbqf9bnl97kxx5jc4jllm6ziaod/test_predictions.table.json", "_latest_artifact_path": "wandb-client-artifact://jrool1g11w57xubt4arvi8ozdek7nmd3dolai1l9xhdzi63v5l5c14rgvyqz1eynf8j6qij1c2juyqm21ukveftea2sw5af0za0svhqh2w2612cnbcx23d7i92r3ek76:latest/test_predictions.table.json", "path": "media/table/test_predictions_293_684ccbd3e0726c6b4c5a.table.json", "ncols": 8, "nrows": 168}, "test-metrics": {"_type": "table-file", "sha256": "019999db5eec7cbdc0b3c568461152f9160a81b3326bbe9e125a6f1ceffdfa28", "size": 199, "artifact_path": "wandb-client-artifact://c3cpp31u2wvuokxdsthdlg8jgkgjd25bnd0veehcfexoc60pc2oc3dvjhj9bmzxsq7qobq7o5810fdlkjeyep0dhn8n2j7vfmnddxkm8qbexqlmzcfwv39j6doc39sav/test-metrics.table.json", "_latest_artifact_path": "wandb-client-artifact://spz09194fi4658oqzvmlbxywtzq80682i6tlq6a0esdyn5s4z0poyvmdwtu5bdwnmiw2yp3jec76b8nvc9vbnpr3k2scpqroq414r947vqr0fzepn34907gmfizgca4z:latest/test-metrics.table.json", "path": "media/table/test-metrics_294_019999db5eec7cbdc0b3.table.json", "ncols": 5, "nrows": 1}, "test_connective_metrics": {"_type": "table-file", "sha256": "ca293d0d7966f0a0a478e1ede9bcc208f04da2347af65fcdd9d2e9d7de361459", "size": 453, "artifact_path": "wandb-client-artifact://zixsw5zj2pesesy8145b01jlqxnzp4gtuxp96sh7cwmq0dajoinl4nmuhisby63lwd7gl34it617wqzme132pyje197eq5sn9j4wl4zvl11e74akgn6unsss1ws80pra/test_connective_metrics.table.json", "_latest_artifact_path": "wandb-client-artifact://6u3wh0ytw9gx71ucc3f2085x22d8otg6xe3lrvacbiewzefx0phm3o6oogrywb9ejt8mnwt7ypqcccn7l19d74d9rn2q04m9xeqzzh809vwrwg9bkm5iru18b7makajy:latest/test_connective_metrics.table.json", "path": "media/table/test_connective_metrics_295_ca293d0d7966f0a0a478.table.json", "ncols": 6, "nrows": 3}, "Exclude_counts": {"_type": "table-file", "sha256": "1315d459f2edbaf5a26cf162c57611f734e37385686ca35ad763b16ff92f0e5b", "size": 77, "artifact_path": "wandb-client-artifact://eqph7nqj9foravrd2j9h4xpk4t3ahern0p5tv8vqky3omwdmwg2bckiijiv7w9jy52fvz7ok9f4zeaxn0c6x3bifb7gfyyd2gihk36rfqo8nzjn1tvtfi6ezp9hux6hk/Exclude_counts.table.json", "_latest_artifact_path": "wandb-client-artifact://429e9y2u9pre7r5puz7446l4gfeupycvn0iee1z9p0ncnie1t75xj58v9p9zp2m182vwtp8p5pzhxnhz7jp6qvmuajr7ixiesoc8an02rdmcgsrcmt558pt9kf2yq83w:latest/Exclude_counts.table.json", "path": "media/table/Exclude_counts_296_1315d459f2edbaf5a26c.table.json", "ncols": 2, "nrows": 1}, "_wandb": {"runtime": 2148}}