{"train/loss": 0.0759, "train/grad_norm": 0.008885586634278297, "train/learning_rate": 0.0, "train/epoch": 10.0, "train/global_step": 1670, "_timestamp": 1735379384.5391207, "_runtime": 731.1087236404419, "_step": 213, "test/loss": 1.1450167894363403, "test/accuracy": 0.8273809523809523, "test/precision": 0.908110599078341, "test/recall": 0.7380641617226983, "test/f1": 0.7924556071028637, "test/runtime": 1.8477, "test/samples_per_second": 90.926, "test/steps_per_second": 11.366, "epoch": 10.0, "train/f1": 0.999440479261616, "train/accuracy": 0.9992509363295881, "train/precision": 0.9998005982053838, "train/recall": 0.9990825688073395, "val/f1": 0.5429048742138364, "val/accuracy": 0.7964071856287425, "val/precision": 0.7057422969187674, "val/recall": 0.48791666666666667, "val/loss": 1.3403863906860352, "eval/loss": 1.043798565864563, "eval/accuracy": 0.8203592814371258, "eval/precision": 0.8342518178339073, "eval/recall": 0.5545833333333333, "eval/f1": 0.6191931807897053, "eval/runtime": 1.8334, "eval/samples_per_second": 91.086, "eval/steps_per_second": 11.454, "train_runtime": 723.8289, "train_samples_per_second": 18.444, "train_steps_per_second": 2.307, "total_flos": 3512627201894400.0, "train_loss": 0.24752519312147386, "label_metrics": {"_type": "table-file", "sha256": "0efd7902e6ba573bd0a589582c1c3ff569eb09731e771f7f9c4f325e312b0e09", "size": 478, "artifact_path": "wandb-client-artifact://la8dnxlusue1uk4ozfg8kp8c9d3tsjqkov582k4izu3gn21ktvz7np1vn9bfeqtnk41pn4o96ryq6j9d2wwtuj63jqj2q61reqfwailq3p5z9wzg12lat8h2vi4y44xe/label_metrics.table.json", "_latest_artifact_path": "wandb-client-artifact://7lpzaqqpd2014l3leqwyrkq54hbzna55cemxs24u1owspjkxhze0cgs8srjvgivqfbedbbvlx82g1cwkriapb3y948j07zhxj5tkpo64ph9xo7ddl30pggla688xzyzw:latest/label_metrics.table.json", "path": "media/table/label_metrics_210_0efd7902e6ba573bd0a5.table.json", "ncols": 5, "nrows": 5}, "test_predictions": {"_type": "table-file", "sha256": "b19192d980b412f150d4891a6393414df74d6f83f9bebfc2994feb2f0ce9ccdb", "size": 52735, "artifact_path": "wandb-client-artifact://jbqxubjypwe6hwi6e4o5r74ly77pzduuq0u00jauy8gm7jqdr4e0h5j9by7hvhlalo1l7hchsluhls27b3oxhzplei3d058vr27xakgvv9e8x1riejhn2k0rkefn2de0/test_predictions.table.json", "_latest_artifact_path": "wandb-client-artifact://misi1zgs2j4rb9w75fko675a0q099imvugplx3wv86u9g7r7vqtxzydugjo04ogmhn8us7uluzvfsz8ariqez2pwd3s8ao4mabz1an4qdcbwvel531b2g8ffxnbvu795:latest/test_predictions.table.json", "path": "media/table/test_predictions_211_b19192d980b412f150d4.table.json", "ncols": 7, "nrows": 168}, "test-metrics": {"_type": "table-file", "sha256": "f13e90ebdb97ab7f10dcc55ad2f6657589cd260b1798da62842e9757703ee025", "size": 194, "artifact_path": "wandb-client-artifact://c62cerku7waj3whlv3wz1fe8064iuykukyh506egivr4aqqrnju89ue44l9l9prfu1nb61owyo7ygp98tpuzzz7f78r6fcqnfv0axv528eqa222lgx9xvndghiaottwf/test-metrics.table.json", "_latest_artifact_path": "wandb-client-artifact://ipiluugq17ckkmlg4868n62pgr9tzadpsok92dlxnmmqrqya3spk0b3gpexv5e7y8nn627slzss5bn9kh4deaziwygbihbgi4xso6pdqteajj7ahsdiypqnk98uyczpd:latest/test-metrics.table.json", "path": "media/table/test-metrics_212_f13e90ebdb97ab7f10dc.table.json", "ncols": 5, "nrows": 1}, "test_connective_metrics": {"_type": "table-file", "sha256": "1f68cf8134afc587e066356a562ea95cf197e24aefba4de05ec4b95031df70dc", "size": 394, "artifact_path": "wandb-client-artifact://5se1urtb7j4oe7xst8pyino4j605y15y64xlpd2n3u9rmi9c8vxd6fr96su0kcrdfmakv5hgv7bvjypykdzcz2n5u084f9zzrk26i0psbj76e651jsrlwblwzmiblza6/test_connective_metrics.table.json", "_latest_artifact_path": "wandb-client-artifact://bxwfcqxbnz6ujl6l4ty7f4n8uou5dvljcaq5eu5klqw6jhh9aez0jb2f9ds6du8pdsvbymaftushrf6rtm6jvvev0cwjrhjshhbvdojs0inrozo2snhhubnx3yv7ntjt:latest/test_connective_metrics.table.json", "path": "media/table/test_connective_metrics_213_1f68cf8134afc587e066.table.json", "ncols": 6, "nrows": 3}, "_wandb": {"runtime": 737}}