{"train/loss": 0.5222, "train/grad_norm": 37.71961975097656, "train/learning_rate": 3.7028824833702884e-05, "train/epoch": 10.0, "train/global_step": 1670, "_timestamp": 1738577808.531332, "_runtime": 731.4924170970917, "_step": 214, "test/loss": 0.9573869109153748, "test/accuracy": 0.6607142857142857, "test/precision": 0.385510736504114, "test/recall": 0.21538123489343003, "test/f1": 0.20029359953024076, "test/runtime": 1.8893, "test/samples_per_second": 88.923, "test/steps_per_second": 11.115, "epoch": 10.0, "train/f1": 0.36181997764315826, "train/accuracy": 0.7895131086142322, "train/precision": 0.8454036363636364, "train/recall": 0.3111344837293857, "val/f1": 0.2858288770053476, "val/accuracy": 0.7245508982035929, "val/precision": 0.6111111111111112, "val/recall": 0.27125, "val/loss": 0.7389490008354187, "eval/loss": 0.7655693292617798, "eval/accuracy": 0.7544910179640718, "eval/precision": 0.570578231292517, "eval/recall": 0.3729166666666667, "eval/f1": 0.3913322632423756, "eval/runtime": 1.8798, "eval/samples_per_second": 88.841, "eval/steps_per_second": 11.172, "train_runtime": 724.0829, "train_samples_per_second": 55.311, "train_steps_per_second": 6.919, "total_flos": 3512627201894400.0, "train_loss": 0.721876229497487, "label_metrics": {"_type": "table-file", "sha256": "3adb5946bc85ab08f6970c5c6d01fb40fe34ecf760d99e28998f84461cc39ad6", "size": 610, "artifact_path": "wandb-client-artifact://ue6qjzqd5o0oe4jeav075zpgmolyv5i43ka44scdgn9g237o2wu34dpnc1ojxaar0mt50yo4vdwy6eqk5nbgczczxrbf6yjtmm04ng0kuc2sgnkd8cs8y0by3ky8a1wg/label_metrics.table.json", "_latest_artifact_path": "wandb-client-artifact://wskvlf7v078xm1rqeam5ajox3fta701e7e2011u1mway8cdsl4hwl4n7tw021iwu8xcve4k7vxv8v92vajlr9d8dtjwi0eynzk09imlj2bhatz6sj2gptz9eqyixes07:latest/label_metrics.table.json", "path": "media/table/label_metrics_210_3adb5946bc85ab08f697.table.json", "ncols": 6, "nrows": 5}, "test_predictions": {"_type": "table-file", "sha256": "89c2eebb1a4ad1c419d165ff25bccbc8e8ca0c7b383a1557765164d89698027a", "size": 138093, "artifact_path": "wandb-client-artifact://xwp86oczim7qy9y5v67z4djmj5624pmascf18ypkossh4t9zgtuvaqs7y2im1nj48hm7iex6pu4ddi4wk5a8rpyofbbpeei4iy4ku2xbeqg96f7784qxomfjugtp13zs/test_predictions.table.json", "_latest_artifact_path": "wandb-client-artifact://5d7zchww0adlybajv08uxyrz2pbqj1eaj71shcgsgq4xkf9tcq3cwv0q7ha5mgnfk0nvexswph6tem5b5dj5ynn690to6zz8zr255lvollpcnfb576uwvz88iki5vt2g:latest/test_predictions.table.json", "path": "media/table/test_predictions_211_89c2eebb1a4ad1c419d1.table.json", "ncols": 8, "nrows": 168}, "test-metrics": {"_type": "table-file", "sha256": "5f6eb122cd453034f5cf6321a3bb6015780616c71a3470bd0e314b1262eec822", "size": 211, "artifact_path": "wandb-client-artifact://l0giea42zcio2a0yrwv7hifs9u5fiyrdzwjbw93kqxhz8rn64iqkoc9vlket7dptymzq0jzpjs2lrjady18sc9kz29hxo5co03lzq3uwtt4cfcx4m5nxf6k64xg1t6qx/test-metrics.table.json", "_latest_artifact_path": "wandb-client-artifact://5p3bcdjekxer4u6txv9sp1rq04rmxoi5rvazta2ewda6wvf4vqe9pi7s7ea9jjnvnqg9z15um5w3tu9vu89wr1grizjjyugtsprnzpp7rirg0jxv2o1msfzqpjdh9meu:latest/test-metrics.table.json", "path": "media/table/test-metrics_212_5f6eb122cd453034f5cf.table.json", "ncols": 5, "nrows": 1}, "test_connective_metrics": {"_type": "table-file", "sha256": "b174d529a62f405e724ab5ea82528d03f8613760365ebd803bd0f8338ef46349", "size": 471, "artifact_path": "wandb-client-artifact://3t9op63ei7snh0atz447mn7upjzl1oax9u1r845ppfdsq45cyomvqr1jp6mkg17rhvdqwi707dm1woyx9qv7axikkl23cj3ubrckxt8n8wr229j24u8wlx99q1z9z58n/test_connective_metrics.table.json", "_latest_artifact_path": "wandb-client-artifact://52gl30guedbyjw08pc7ntc7cxlpfvipf7733nhzx0syomvle1rau41vvyvg6rib21m5y5rg0n4ljkz4o7hsb4tx9o1lkx381zer9e3hn6qp6k7oemg7jk0gw5ci12hce:latest/test_connective_metrics.table.json", "path": "media/table/test_connective_metrics_213_b174d529a62f405e724a.table.json", "ncols": 6, "nrows": 3}, "Exclude_counts": {"_type": "table-file", "sha256": "b29489d20e57d05bb6aec67be60a99d8dcef8e432ded61216e66508bd510be58", "size": 90, "artifact_path": "wandb-client-artifact://4jkfuu7r5e6yup1s508o14v9mxqcyup8e1emz96w2rxxtnc5tv818rh7kzx1d0a3a2y73r6por1wu92nlcgntbal86oxcl46435jruo76j8xq016zkw384q16rujfmdr/Exclude_counts.table.json", "_latest_artifact_path": "wandb-client-artifact://5fx2vkz38a2ovx6b23nwkvwvddv9bgz069f4n66o799isriu9wrpav2okczy1o6tlfhm9xqewn7gjfbwz4f3an4sygkf85udq0stvfbezthuz7qmrvjxoem60bw8qpjq:latest/Exclude_counts.table.json", "path": "media/table/Exclude_counts_214_b29489d20e57d05bb6ae.table.json", "ncols": 2, "nrows": 1}, "_wandb": {"runtime": 740}}