{"valid/epoch": 99, "valid/loss": 0.0687736943810286, "valid/accuracy": 0.8802395209580839, "valid/precision": 0.8437878787878788, "valid/recall": 0.7779166666666667, "valid/f1": 0.7764041514041513, "_timestamp": 1714656647.4041145, "_runtime": 1567.6378984451294, "_step": 201, "test/epoch": 99, "test/loss": 0.058774045535496304, "test/accuracy": 0.8511904761904762, "test/precision": 0.7829855936413314, "test/recall": 0.7696220610854757, "test/f1": 0.7592315276650041, "_wandb": {"runtime": 1533}}