{"train/loss": 0.1493, "train/grad_norm": 0.1277390569448471, "train/learning_rate": 3.52549889135255e-05, "train/epoch": 11.0, "train/global_step": 1837, "_timestamp": 1739847786.9772716, "_runtime": 1677.024255514145, "_step": 235, "test/loss": 1.585430383682251, "test/accuracy": 0.7857142857142857, "test/precision": 0.7020089285714285, "test/recall": 0.45626235992089653, "test/f1": 0.4353813403802393, "test/runtime": 4.4447, "test/samples_per_second": 37.798, "test/steps_per_second": 4.725, "epoch": 11.0, "train/f1": 0.8589810743461163, "train/accuracy": 0.9835205992509364, "train/precision": 0.8339284727047522, "train/recall": 0.908737145127026, "val/f1": 0.48561995549207826, "val/accuracy": 0.7784431137724551, "val/precision": 0.5647846999541914, "val/recall": 0.5545833333333333, "val/loss": 1.5230823755264282, "eval/loss": 1.4564309120178223, "eval/accuracy": 0.7904191616766467, "eval/precision": 0.7282051282051282, "eval/recall": 0.4979166666666666, "eval/f1": 0.509054042731462, "eval/runtime": 4.4062, "eval/samples_per_second": 37.901, "eval/steps_per_second": 4.766, "train_runtime": 1664.3275, "train_samples_per_second": 24.064, "train_steps_per_second": 3.01, "total_flos": 3863959214607360.0, "train_loss": 0.3614813145610038, "label_metrics": {"_type": "table-file", "sha256": "d4fa0db4ba6e76cbc662d9511e00c92b02ba0a3f301576d7e22026329375834c", "size": 577, "artifact_path": "wandb-client-artifact://tahdbckm7wxmp21un6kz36zg245h2qie7mady5ofol060pltfy31b0ty51zjfiub2cwss87j57fg0i7zjhun2yyg7jcprzbb5cnr0mwn2aay49qz72mcf1k8akkn6xna/label_metrics.table.json", "_latest_artifact_path": "wandb-client-artifact://fjjfvgvh71xzw71tuxfa3d91tgj4wnhftcux6oi3l60chuyp1ibsov25l78g3l75zqcjkuv19704psa7sjz0f57mptxwyoiqu7epy5aoc5dplb5np1j3qxo2arngvyew:latest/label_metrics.table.json", "path": "media/table/label_metrics_230_d4fa0db4ba6e76cbc662.table.json", "ncols": 6, "nrows": 5}, "test_predictions": {"_type": "table-file", "sha256": "a73f207377ae6d1efcb24591a5f996d491df59eca1f3de5b00d57ab33ba43452", "size": 75058, "artifact_path": "wandb-client-artifact://nluq2ytwtlhpw316ao626uvdpehsbtzz2l0j9f4g39ltl21ommo4ezfngbeklpf4tpmawiedxfgadqquhzyr0t017n2est7r9806henokmap44lpm5j4ht3wt86hcxck/test_predictions.table.json", "_latest_artifact_path": "wandb-client-artifact://kimqj23gtv9hq4d1ny9fasrdifgmnuc33yvypkcwae7gn9hy6nv2ujgnkichoc1uqo2nm0kpqq4dhtxopqg2xhsgunndb288w51xr0574axypff1j3x3xz5100dekez9:latest/test_predictions.table.json", "path": "media/table/test_predictions_231_a73f207377ae6d1efcb2.table.json", "ncols": 8, "nrows": 168}, "test-metrics": {"_type": "table-file", "sha256": "59c56900132e3e5386c2d80606c586e993401d8883785e0aa043dfcba172ca23", "size": 201, "artifact_path": "wandb-client-artifact://yepfsqt04bezargtwuw9zg2plzj06t684onuuvvuon8e2sonwl9s7oniqk5xuwvyhyf7dcc29mp9qbzxh9sn0a9itxeqmv2mjjb6qd4u5ykibiqfzfu6ve16xx0korhd/test-metrics.table.json", "_latest_artifact_path": "wandb-client-artifact://24eb756o5ahssx0yrw9fs9que80d9m4onuienfsci200ieomyfmvwrd0dex8la5v5sl1bqmq5fbcs9ns73hl0wb6avt62fuosh51stx43ea7arr9vf0y9tt7tibbs8st:latest/test-metrics.table.json", "path": "media/table/test-metrics_232_59c56900132e3e5386c2.table.json", "ncols": 5, "nrows": 1}, "test_connective_metrics": {"_type": "table-file", "sha256": "f13897908333eac393cd86eebe1585540831fa911182dad1e4e91b6b101d059b", "size": 414, "artifact_path": "wandb-client-artifact://aw4164noc8r2tdorlggaahshgaecrho95m9zbtdxuiwufwev89vocsypnjn9odx1wa3l7w4tekeca7227edzgkw5o5egrmjt9fz3fbjisi2ozd5by8dorr99yxr5twcv/test_connective_metrics.table.json", "_latest_artifact_path": "wandb-client-artifact://dyhjvie0z1be8hd8e8neek583vj8yuoh2ijz40q3hyvvm3wqqce92vlkx3kyffgyyklq9ukxgzn282z4v3bwvzjlufktst8csjhr9yia18ybt6bm4ppt4jhg6ih2jgt5:latest/test_connective_metrics.table.json", "path": "media/table/test_connective_metrics_233_f13897908333eac393cd.table.json", "ncols": 6, "nrows": 3}, "Exclude_counts": {"_type": "table-file", "sha256": "e1c9680c5dbf27c108a9c47e201f13cfb20008c24fc3198b33ecbe61bb69d2a1", "size": 79, "artifact_path": "wandb-client-artifact://ycghvbkpn8sui8dsglqujvs6nudxt02ue71fay9lb2psvjdxevnqmgp6mwmmywza9vn6lrzhi41mjv0h34ju6t2uqtr2p84n7yry9rv7wph695js1puo51lq6y11iyno/Exclude_counts.table.json", "_latest_artifact_path": "wandb-client-artifact://7q3kmvrdrpmvs1biysa7ih313mrnzoz0x3ifzbcz0h7yxv9h6ie7agphm9hzeynkku38dr4vu05g4g90q3my15dke0x5it3vmqa3eelhujrkub7cyv74sjk0y2svqorr:latest/Exclude_counts.table.json", "path": "media/table/Exclude_counts_234_e1c9680c5dbf27c108a9.table.json", "ncols": 2, "nrows": 1}, "_wandb": {"runtime": 1687}}