{"train/loss": 0.0048, "train/grad_norm": 0.44380617141723633, "train/learning_rate": 3.7028824833702884e-05, "train/epoch": 10.0, "train/global_step": 1670, "_timestamp": 1739718721.3144522, "_runtime": 1524.3583102226257, "_step": 215, "test/loss": 1.1552993059158325, "test/accuracy": 0.8095238095238095, "test/precision": 0.7145833333333333, "test/recall": 0.5247198417930126, "test/f1": 0.5390169810361483, "test/runtime": 4.4251, "test/samples_per_second": 37.965, "test/steps_per_second": 4.746, "epoch": 10.0, "train/f1": 0.773702854080218, "train/accuracy": 0.9842696629213483, "train/precision": 0.948362140142962, "train/recall": 0.7909387153709518, "val/f1": 0.6604065040650406, "val/accuracy": 0.8562874251497006, "val/precision": 0.7938492063492064, "val/recall": 0.7070833333333333, "val/loss": 1.133556842803955, "eval/loss": 0.9060778617858887, "eval/accuracy": 0.8502994011976048, "eval/precision": 0.8201086956521739, "eval/recall": 0.7283333333333333, "eval/f1": 0.6868895643363728, "eval/runtime": 4.3975, "eval/samples_per_second": 37.976, "eval/steps_per_second": 4.775, "train_runtime": 1511.6593, "train_samples_per_second": 26.494, "train_steps_per_second": 3.314, "total_flos": 3512690195097600.0, "train_loss": 0.3464004598912075, "label_metrics": {"_type": "table-file", "sha256": "bcc97bc4a39ac3226181733a09a5e51f80714c4b851fdde5df861b3d564170ac", "size": 498, "artifact_path": "wandb-client-artifact://gldu7x200wi3710yjqvok4nujyp4w6a7tglf431xbsouhsreceqntutowi3b5ba381bd9hijcjr1vaa8h8w77hxhegvmy35gnk35s8rqvp5a1ls8tx412slfztkswdd8/label_metrics.table.json", "_latest_artifact_path": "wandb-client-artifact://4hwedbxplfzsvr9orqtdi7g2gwdj39nup2xm2thsxq3b4yvhhb6beergof8d2w86m7vnp13h0zcmqq2w59b938unl0k294qhu8e4t402ghsuqatsiczkgtljnhamdcle:latest/label_metrics.table.json", "path": "media/table/label_metrics_210_bcc97bc4a39ac3226181.table.json", "ncols": 6, "nrows": 5}, "test_predictions": {"_type": "table-file", "sha256": "ce65e319d6545cf97c2e4f20c9e3a5daea3321a9e633af52c6e7a18b995c4c71", "size": 88097, "artifact_path": "wandb-client-artifact://ekti1jwrc1bimlo8cil09cg8bjffy2h0b7lkpukdxiicrbtaw9x50xk123sky8q6ah168emabdzn2hce2orednvtoegbw9y3njszkai640155m5cchvipyrl6dsr1avv/test_predictions.table.json", "_latest_artifact_path": "wandb-client-artifact://75x1zg8l1y9n76sc542sxi4ubxd0p7p927pp939h5lq1nkbrimx4sdmm42s25tlaalxnql00fquq8ym94y4zoiq9ct2aof83hms0eaq8y7mqnpdl9hq4ikt31gd68qhd:latest/test_predictions.table.json", "path": "media/table/test_predictions_211_ce65e319d6545cf97c2e.table.json", "ncols": 8, "nrows": 168}, "test-metrics": {"_type": "table-file", "sha256": "15190d3d85f4c35abbdeb8d595e3a7da5a683e7c97c5a274880ecbc2c5b00656", "size": 190, "artifact_path": "wandb-client-artifact://ty6wv6tku3y65n9jumtanv00lxbkq7xz22lo6z8q2krut3gsl4gg05tvbodijzh142cbi23h33kvphl99hfl4tn73vvwbymjla8ftv3fspx1c5qyluptd1un1kfzni6j/test-metrics.table.json", "_latest_artifact_path": "wandb-client-artifact://9o7p3etr41ym2txfeju4tfczc77l82ump010zxxr8sb34wcvimxbw7qawack9q6kma8iu74m9hjbj6p9wlbfkzc5fgleousu3xp0uoasmbvk24hl9dvvvy035jgv9asd:latest/test-metrics.table.json", "path": "media/table/test-metrics_212_15190d3d85f4c35abbde.table.json", "ncols": 5, "nrows": 1}, "test_connective_metrics": {"_type": "table-file", "sha256": "807ee34fb87099ac9eb88368f13c2405d3719fcc7c0834a4bb7abd49986762c5", "size": 407, "artifact_path": "wandb-client-artifact://a88wsjp6p7a5tl5d135npjms2ciq1fifi33o3nbjwsren09m1x9wnn7dewumfkpwwk90t81nyzr9tuuwuiqhh6ld4zal32wbnpk6lvtze3apn8vu0ncsx14r2puok0bl/test_connective_metrics.table.json", "_latest_artifact_path": "wandb-client-artifact://pnxnt7dw1ns7tgdakkbyppv8upt8y0htp2zzw53dxa765zklg8wf3awdspv3iqb79m3vy9mc1a7rttykorwp4nwpwl9546ch1eg7slzvqnc7l6499q35jyd8g8izvjad:latest/test_connective_metrics.table.json", "path": "media/table/test_connective_metrics_213_807ee34fb87099ac9eb8.table.json", "ncols": 6, "nrows": 3}, "Exclude_counts": {"_type": "table-file", "sha256": "3a3e16eee488be4d9705c81c282778d2e17c222f184cef71ed7ae945012d1110", "size": 66, "artifact_path": "wandb-client-artifact://l5maro38cexihm2pzbcs9a8sxs09sc4i9tif2yvmjhru1rizwviufnpvkutdtl9pe9xplym2bv073em6jzs02dbsb2t5q210syqa79dpoo9qx25jr8kkft6a5dg2xqbi/Exclude_counts.table.json", "_latest_artifact_path": "wandb-client-artifact://90zxflqxls0dd07el9ej5i3966t2zjzzbyobv6yin5cozkextfqcpu6fggbd5zosxcvs6i1mxspnyk026oziwtp6crwe78xm446i4qwb088qpljydnkp0gb839j209t1:latest/Exclude_counts.table.json", "path": "media/table/Exclude_counts_214_3a3e16eee488be4d9705.table.json", "ncols": 2, "nrows": 1}, "_wandb": {"runtime": 1532}}