{"train/loss": 0.1665, "train/grad_norm": 0.006391416769474745, "train/learning_rate": 3.7028824833702884e-05, "train/epoch": 10.0, "train/global_step": 1670, "_timestamp": 1743000241.5835288, "_runtime": 726.1186347007751, "_step": 215, "test/loss": 1.3502472639083862, "test/accuracy": 0.7797619047619048, "test/precision": 0.6883089133089133, "test/recall": 0.6339178202592837, "test/f1": 0.6258500363544761, "test/runtime": 1.8776, "test/samples_per_second": 89.474, "test/steps_per_second": 11.184, "epoch": 10.0, "train/f1": 0.9791589859879106, "train/accuracy": 0.9940074906367041, "train/precision": 0.976388888888889, "train/recall": 0.983529941830222, "val/f1": 0.41048812757908576, "val/accuracy": 0.7425149700598802, "val/precision": 0.5088281029120724, "val/recall": 0.42416666666666664, "val/loss": 1.6891614198684692, "eval/loss": 1.494663953781128, "eval/accuracy": 0.7664670658682635, "eval/precision": 0.6203198836786623, "eval/recall": 0.5833333333333333, "eval/f1": 0.5507100601921319, "eval/runtime": 1.8634, "eval/samples_per_second": 89.621, "eval/steps_per_second": 11.27, "train_runtime": 718.6119, "train_samples_per_second": 55.732, "train_steps_per_second": 6.972, "total_flos": 3512627201894400.0, "train_loss": 0.31573533553987027, "label_metrics": {"_type": "table-file", "sha256": "ed6630cc51c1845d531cda2d94fa065efb8e17408b5312cfab248483ab00fad8", "size": 693, "artifact_path": "wandb-client-artifact://3u3aoor9k5erfyellidfrwpl5mzckmbcisbmbr1nwvnds1eg84sz2wzmo6xdmsuboc2nczzmql0sxy0syab0r2akdsg4315sgqs8io437gdw86cubznh0sd1gy1oagmg/label_metrics.table.json", "_latest_artifact_path": "wandb-client-artifact://yysqx2bq8wjk0ccfr3j2zph1l5f6opryrt1m867ucyw304st4d95sujpgrrbtei7mx0r6a0iww5xdqcdw8d7jmji2f1qgegwoyuqybhzwpgsrt93wca9vsdoh78fj50l:latest/label_metrics.table.json", "path": "media/table/label_metrics_210_ed6630cc51c1845d531c.table.json", "ncols": 6, "nrows": 5}, "test_predictions": {"_type": "table-file", "sha256": "5d4db4104bb2b8c1047837ce18d5fd6bb812a5e878c975b4702b9f1e18f6a60b", "size": 62156, "artifact_path": "wandb-client-artifact://wdee0ux6o3vzb2bex4ocycsmwtorob10dumcfwugtghioatjthfyjsrrkon49i8nu7bvumb4vt4dofjqe3dymz6giybbdaqj1r4bj8xfnzmtpufnx2m0dt8bb7hyxqoe/test_predictions.table.json", "_latest_artifact_path": "wandb-client-artifact://zzsbb6s6grcfvcvn65jnw5yir853k4utns6z5wevyplmbd44iefjpg7rmfotnol6adeow31vocrbl02smx4re81pzdl5pfijg7k65n4fo939ccnxovhpaps0lu52iymq:latest/test_predictions.table.json", "path": "media/table/test_predictions_211_5d4db4104bb2b8c10478.table.json", "ncols": 8, "nrows": 168}, "test-metrics": {"_type": "table-file", "sha256": "40dd391bf40d649812442d2c281dabf841336703edf0ef18a045e79b8310d851", "size": 206, "artifact_path": "wandb-client-artifact://3im7o3qy8kk4ise8bm2ugujvzgfthkyiduivm90srlwdh917g5m0oog6v8qmyin3m5qwe8402yjbdppx6p4r1mfpqj6cfrihys1iqhijk4jd2fr36cf3anvo0b5nb9mt/test-metrics.table.json", "_latest_artifact_path": "wandb-client-artifact://fnc0kq069kxfwzib17p0g008p64xlv0s80dy77xa1su777vx25rc0n48urkf8iju26l4obuiud3ojiudw45uklg5uor8fkh04zds45yjqaxury9qqmp9wfay8hsmsi28:latest/test-metrics.table.json", "path": "media/table/test-metrics_212_40dd391bf40d64981244.table.json", "ncols": 5, "nrows": 1}, "test_connective_metrics": {"_type": "table-file", "sha256": "a801d158de38f2193236e52323d2f8089ffb5292c3d75e681111c5fd6cf5a6ba", "size": 428, "artifact_path": "wandb-client-artifact://25ldlnqjtk2jcw6bubz5bz8nu1c18md8p8fxctzfwh3cds5hc4ts9rbwl5eap6xhv132jifmrqgn6f9d28rglqdryuzyl56ddtr50ljgvptb8cmy5j2m4yhx4xv0lewb/test_connective_metrics.table.json", "_latest_artifact_path": "wandb-client-artifact://983y0q54l2g9ox4v8q85v1djywut0ruj16s8g3imavu4hwsmj897ojd5e288hoxi1ijdnwaiyo80144q21ce54sriwi9acxoybsrali6wkm1azgmfa4tvm7ga6myb1ck:latest/test_connective_metrics.table.json", "path": "media/table/test_connective_metrics_213_a801d158de38f2193236.table.json", "ncols": 6, "nrows": 3}, "Exclude_counts": {"_type": "table-file", "sha256": "92504b126567f736cbedb8586a5e833f3c5632191cd4c7ca2291163d6a06ccb8", "size": 85, "artifact_path": "wandb-client-artifact://krgej1kbbc2zzz58bro1tu1eyycxcjt5q68h30glhqb7d084tsejg9xuvze4s3amcgnzm7oomzhrajmpfyawv5wdbyr85a620os5w928nloi3qtbo2esxbk3telbigey/Exclude_counts.table.json", "_latest_artifact_path": "wandb-client-artifact://ix4pq716kk34uveglz56e5kvqcpevh7v6lg4h0fhj72g6ms0lwcprj8bcpb6qv5ozzos7tulzb0frs0uyq2wog2ao1jbnyeih4sisxa96ucrhwp1hu27u0fz70l8d6t6:latest/Exclude_counts.table.json", "path": "media/table/Exclude_counts_214_92504b126567f736cbed.table.json", "ncols": 2, "nrows": 1}, "_wandb": {"runtime": 735}}