{"epoch": 4, "valid/loss": 0.03012533673269306, "valid/accuracy": 0.718562874251497, "valid/precision": 0.1437125748502994, "valid/recall": 0.2, "valid/f1": 0.1672473867595819, "_timestamp": 1715523822.1071403, "_runtime": 309.70205640792847, "_step": 11, "trains/loss": 0.0035486697257681287, "trains/accuracy": 0.750561797752809, "trains/precision": 0.1501123595505618, "trains/recall": 0.2, "trains/f1": 0.17150192554557125, "test-metrics": {"_type": "table-file", "sha256": "1edac7702aad99ea02e95e067d69d46b4195587627a09e7732f8e2a846abab56", "size": 199, "artifact_path": "wandb-client-artifact://8acr11h6zublgrgu52zk8u08lo8e7xo8trjwmg7twooye95qp2boc8p74x6e5sdw1tlnwchr85jn98ocxm2j1zbhkyaxmltj4eyf6dx3oa2peut12vkc8ku1v72vxmhy/test-metrics.table.json", "_latest_artifact_path": "wandb-client-artifact://m02hurn8qex3xc29uqq09lvevt1xgff67ei8e7o8bmb8mgwtg6pryeu7qaum5fuxuh3b8ndi1z2zndvh0udyp75doumjksr8u3sxmrpcxz4q5d3rh2878gbxu1f1d1ii:latest/test-metrics.table.json", "path": "media/table/test-metrics_11_1edac7702aad99ea02e9.table.json", "ncols": 6, "nrows": 1}, "_wandb": {"runtime": 300}}