{"train/loss": 0.2115, "train/grad_norm": 0.06472190469503403, "train/learning_rate": 3.7028824833702884e-05, "train/epoch": 10.0, "train/global_step": 1670, "_timestamp": 1743030585.1023433, "_runtime": 731.2265732288361, "_step": 215, "test/loss": 0.9228607416152954, "test/accuracy": 0.7678571428571429, "test/precision": 0.7325367647058824, "test/recall": 0.42982641177763126, "test/f1": 0.45272524407252446, "test/runtime": 1.8861, "test/samples_per_second": 89.071, "test/steps_per_second": 11.134, "epoch": 10.0, "train/f1": 0.9098071497452469, "train/accuracy": 0.9760299625468165, "train/precision": 0.9900781955996532, "train/recall": 0.8644634875827537, "val/f1": 0.46041343669250645, "val/accuracy": 0.8143712574850299, "val/precision": 0.6285408432147562, "val/recall": 0.5008333333333332, "val/loss": 0.807044506072998, "eval/loss": 0.5958477258682251, "eval/accuracy": 0.8622754491017964, "eval/precision": 0.890625, "eval/recall": 0.54125, "eval/f1": 0.5897753456221199, "eval/runtime": 1.8751, "eval/samples_per_second": 89.062, "eval/steps_per_second": 11.199, "train_runtime": 723.6251, "train_samples_per_second": 55.346, "train_steps_per_second": 6.923, "total_flos": 3512627201894400.0, "train_loss": 0.42770821590444996, "label_metrics": {"_type": "table-file", "sha256": "0ded78f451864785f31bd516f12ff798151e81b4304448b0066d34c584bfb7b6", "size": 617, "artifact_path": "wandb-client-artifact://2hhkqlsq3wlu97jc632tw5ja8qmih28l1ws52u8rupibhttn8w10swca2uj5wxohp8qaiaaa5jtmfhan6xgc4nkqkc9s3d6eyepxftft5575o8r5h9svpjutoif2of1e/label_metrics.table.json", "_latest_artifact_path": "wandb-client-artifact://9i443z4xr94d8jyj2syg0v3m12wml21uror8j68uv6dmv6wjr3rq3vuer67ue2zpc0m6kkg8ms709pubvmr3slvhnpyh7c3794i2e9rwiwjcw09lmapwqq47jtsn29bj:latest/label_metrics.table.json", "path": "media/table/label_metrics_210_0ded78f451864785f31b.table.json", "ncols": 6, "nrows": 5}, "test_predictions": {"_type": "table-file", "sha256": "afa1b437465d761efc14cb47f885aa81c0311d0dfb44674501b1b8b47e0c357a", "size": 139877, "artifact_path": "wandb-client-artifact://ihl05sm0stj6ykai6koa2tn4q1mhjwn9vd6bsuewps2g5rtjulbqi3aqqm427h5jz4w9nnhphif5bc5jlkxarfop9f2h2j7nsdpp97ggyad0g939yyfnepcsn3c4kgmm/test_predictions.table.json", "_latest_artifact_path": "wandb-client-artifact://p82yq95qu1760aacum2obkwx70ozqu4twmtkvefw4dlc5du04z7oe0c6rzh3wresmdov9ui451k6aepzymvwydivoixfyzdgqfv3sh0333007havlfkuy3pxrpnmmd0z:latest/test_predictions.table.json", "path": "media/table/test_predictions_211_afa1b437465d761efc14.table.json", "ncols": 8, "nrows": 168}, "test-metrics": {"_type": "table-file", "sha256": "dcf981be9009900d2f7e920fe4cd855ee172009eae623930c5f61a3f89a2186e", "size": 216, "artifact_path": "wandb-client-artifact://pflzl2fjlzoknm1crqs0vzf50ov0ufw82123739tc48ss0io747f5j7phvn70tj7uf9jzplvtpiwdiuge2y0loa1eb1z605h45movuvx1vvnvpjbdn2v4owkzq284n9v/test-metrics.table.json", "_latest_artifact_path": "wandb-client-artifact://wicbx6op0dssnuz8wikw8qt5qeje29srwxhc7o0pwm9cqr2sqg1qfeg7x02zse5fksfakt9gp9273t8m0hnc9df77chctxt62ivftitvvxg4qabj554s5mk3xnxda1z1:latest/test-metrics.table.json", "path": "media/table/test-metrics_212_dcf981be9009900d2f7e.table.json", "ncols": 5, "nrows": 1}, "test_connective_metrics": {"_type": "table-file", "sha256": "572ddbc097033a97bc4229857ea60ab732e1f760afd7a3f7668b50ff64ff4838", "size": 478, "artifact_path": "wandb-client-artifact://ynndkr5korcxg0r2lu939a3xmgn1pdl2vd3v9kzvwuv9oascfeobqlgxm8763wfobw97mwgjafs0qujrk2o4dpzjeuf5n6n60beq95fkynu8t4drm5i62i1l1z8vairy/test_connective_metrics.table.json", "_latest_artifact_path": "wandb-client-artifact://a4lbosit2sepij3zvylk3ibisf7fe04mh172xwy4df9o8ovgd2l9c0wv3748arj6kz92n867lpoqmix96jzk46tto0x2ht7ozmk15peupscbyq9t82vhb8b8cudjmkrw:latest/test_connective_metrics.table.json", "path": "media/table/test_connective_metrics_213_572ddbc097033a97bc42.table.json", "ncols": 6, "nrows": 3}, "Exclude_counts": {"_type": "table-file", "sha256": "c34a277c71c512b8edf166c56baf83d9cf5f1d112b0d9e9e2b7fd47129239695", "size": 93, "artifact_path": "wandb-client-artifact://5bpkbi5yrppte1yb1ebzg4eoaxzd0vb9ilib5n74fofuyrb1m0asyvmbd9tblo872dgk27gc6762ex0r5pdeep5fuwar26fqrp48stmoi8uxopn2alpa2hoal25pb910/Exclude_counts.table.json", "_latest_artifact_path": "wandb-client-artifact://6rih8j2924ii053j25zzjlvh9d62no40uoouiscd9v6l20xs91sxvb4v3ejyqx67d2z0a5u9hkn59v851oexhzh6flia375r4lck8xgc2po68inowcguwgpj9dofa1ea:latest/Exclude_counts.table.json", "path": "media/table/Exclude_counts_214_c34a277c71c512b8edf1.table.json", "ncols": 2, "nrows": 1}, "_wandb": {"runtime": 739}}