{"test/loss": 1.3693488836288452, "test/accuracy": 0.5, "test/precision": 0.32, "test/recall": 0.5, "test/f1": 0.38095238095238093, "test/runtime": 0.1149, "test/samples_per_second": 87.021, "test/steps_per_second": 17.404, "_timestamp": 1720437342.4969487, "_runtime": 57.732327699661255, "_step": 131, "epoch": 30.0, "train/f1": 0.6246153846153847, "train/accuracy": 0.7, "train/precision": 0.6125, "train/recall": 0.7, "val/f1": 0.2, "val/accuracy": 0.3, "val/precision": 0.2, "val/recall": 0.3, "train/loss": 1.1185, "val/loss": 1.6736046075820923, "eval/loss": 1.6398370265960693, "eval/accuracy": 0.2, "eval/precision": 0.04, "eval/recall": 0.2, "eval/f1": 0.06666666666666667, "eval/runtime": 0.1154, "eval/samples_per_second": 86.634, "eval/steps_per_second": 17.327, "train/epoch": 30.0, "train/global_step": 60, "train/grad_norm": 18.624313354492188, "train/learning_rate": 6e-06, "train_runtime": 54.187, "train_samples_per_second": 5.536, "train_steps_per_second": 1.107, "total_flos": 78935442739200.0, "train_loss": 1.4495417912801107, "label_metrics": {"_type": "table-file", "sha256": "d29859a6d55d710650bd8a07626b575fe87133fda840720399ebd59c5be89b6b", "size": 367, "artifact_path": "wandb-client-artifact://mvur8xay1wkgi6j6d4l5r3j5jtzwtqaxjxpmn8trnir6kg06gvwd6n4unjr0j3t2ly1krkinwy9rbd6sqhtvwnq19gxwnva44evrnj0831yfx0l1xkmna71d6ogd3gkf/label_metrics.table.json", "_latest_artifact_path": "wandb-client-artifact://ld1tmrltnh0f2vt3ce8wb1d86z563581sf7uv5mcvd0kbfk95ozmz0s3th5i684frpycogz3lt8xd84v0thkj3rb4ywi3o7eiru61qvp4dn85wxhpfr9qpdhu1s44yvm:latest/label_metrics.table.json", "path": "media/table/label_metrics_129_d29859a6d55d710650bd.table.json", "ncols": 5, "nrows": 4}, "test_predictions": {"_type": "table-file", "sha256": "4bbd292036b90f11457698e6e04d856167d3f2aff39098b13b6527ecf0180c0f", "size": 4611, "artifact_path": "wandb-client-artifact://ii9bz6su6gvzhkvog68ctsf25derdgvtc9qm5uif72x3j802lj1h21s9l8xnisqaftj7ot3um2ioey4oyjnrkp3mdx7wkwav7u72vajiioqrak7rub1m9zgbwsdxnbcx/test_predictions.table.json", "_latest_artifact_path": "wandb-client-artifact://k0v2aumaj5rv0bnc435jfe9gwwl6wo5ru13ozntt1l1q3rxt4t5x7nva0g143t9b9dzz9d4cpsqz6zkeoo84kucguf5e55p5ft4sd6nzagjedtpy4lc33hdx46qko2ef:latest/test_predictions.table.json", "path": "media/table/test_predictions_130_4bbd292036b90f114576.table.json", "ncols": 6, "nrows": 10}, "test-metrics": {"_type": "table-file", "sha256": "042f84fd4dac0b0c2276f8355fee8624089259e50ab2876b88f72651a1b549d4", "size": 162, "artifact_path": "wandb-client-artifact://euypgz3fvy4wt0p2173885kej7ysmeoo7ialny3nq9v1cxi2yk1ru4g3ohhai00is8q8uc3plnzuy2hbi5g74r7c3og56qmq9d6sjtlr7iuk6sakdwzmvbiylisz095c/test-metrics.table.json", "_latest_artifact_path": "wandb-client-artifact://nwhvkk592ceh4wvk8u4xfuhqljr7gnyzhxedzn2hczpusjgssucagntizd6lkr6l1iohtsc527emi5vehaq8hjn7xyeadjvnxf2djchyijg7nqdeqex6avzs6hdoxrmq:latest/test-metrics.table.json", "path": "media/table/test-metrics_131_042f84fd4dac0b0c2276.table.json", "ncols": 5, "nrows": 1}, "_wandb": {"runtime": 65}}