{"train/loss": 0.0006, "train/grad_norm": 0.01734749600291252, "train/learning_rate": 3.7028824833702884e-05, "train/epoch": 10.0, "train/global_step": 1670, "_timestamp": 1736719776.0315614, "_runtime": 716.2166454792023, "_step": 214, "test/loss": 1.7857515811920166, "test/accuracy": 0.7678571428571429, "test/precision": 0.6996338672768878, "test/recall": 0.6559635245001099, "test/f1": 0.6267593450725981, "test/runtime": 1.8575, "test/samples_per_second": 90.443, "test/steps_per_second": 11.305, "epoch": 10.0, "train/f1": 0.9962103761807655, "train/accuracy": 0.9977528089887641, "train/precision": 0.9938300505464686, "train/recall": 0.9986833672105331, "val/f1": 0.5534841628959277, "val/accuracy": 0.844311377245509, "val/precision": 0.6535714285714286, "val/recall": 0.6616666666666667, "val/loss": 0.9163580536842346, "eval/loss": 0.8719043731689453, "eval/accuracy": 0.8622754491017964, "eval/precision": 0.7094494047619048, "eval/recall": 0.7104166666666667, "eval/f1": 0.6811981566820278, "eval/runtime": 1.8448, "eval/samples_per_second": 90.524, "eval/steps_per_second": 11.383, "train_runtime": 708.8716, "train_samples_per_second": 56.498, "train_steps_per_second": 7.068, "total_flos": 3512627201894400.0, "train_loss": 0.23261752147576076, "label_metrics": {"_type": "table-file", "sha256": "1756b8f7b8550e37ba2551e8a9edbe9ff4e6f150016ca34adeed8e3574588579", "size": 593, "artifact_path": "wandb-client-artifact://hlin8swizi47u06f4qennkiy597h4zp6xnfgpvitert03h7ruqoxczdz5to3j2crg38zsnsnyn00zx3tgo69zh24bqoppvtfxhcavwidug5btp2zn4grzk8bgwqjjwkm/label_metrics.table.json", "_latest_artifact_path": "wandb-client-artifact://5mvfocsfwom8pfws071zd7ai2nsd4537l2enae0rwf0wuyp9pos73zz0sc4xxl69btzvk9p8fylscnmls2xcaq6lj80eblghz8rl08w0ndxasofls8dvy0uwficq1y09:latest/label_metrics.table.json", "path": "media/table/label_metrics_210_1756b8f7b8550e37ba25.table.json", "ncols": 6, "nrows": 5}, "test_predictions": {"_type": "table-file", "sha256": "71d323d062121ddc154147bdc20cafaae21eca1b43ca5aec7e68fc91c9d55e84", "size": 53550, "artifact_path": "wandb-client-artifact://3qkkkphxjnsd666m7bb82e75wbelpv8ob30wjsasm3un8ca7q091igr7n4m6oxfw7b48h3i9ygsta6cvtbxdjxsswd3i6j17b5hln6z8obmtpzoqchsniez2dqxwiq1u/test_predictions.table.json", "_latest_artifact_path": "wandb-client-artifact://aozkjfwghe1ntg4kus20l1f37337ccyomly8rcl9jbo7l8worb2vxaoiphgp1zrp0cslagtms0muqnytxhkpijccgij7ajqzxak9oq6gfxw5v9tgl4sv3bac6jqqn3qp:latest/test_predictions.table.json", "path": "media/table/test_predictions_211_71d323d062121ddc1541.table.json", "ncols": 8, "nrows": 168}, "test-metrics": {"_type": "table-file", "sha256": "380edfc3967dcdb5a9d0fdec20d76e3ad4530583325877cbb1c997b5f3a85219", "size": 195, "artifact_path": "wandb-client-artifact://21qsm04qmp7rfdtymfz5pjldzy33tryrgfm43dzegcy1l1s6lr2y2k07zirnvqdtwchrnw6qv736nbe3w7ossx5g67kisk8vytnd15ql5rpdew1r1d11x2npf2isfpqx/test-metrics.table.json", "_latest_artifact_path": "wandb-client-artifact://rzevag0wvs58gwoyrdi3v5ihmoafrkbxd7u3y7fyuog3dj456ooq4a41kc3m2n0lk2d6hp274e2f6jyh2pznd85bqd6ikbsizaow06qpg7vfynwhffx1m4urdqud8xx5:latest/test-metrics.table.json", "path": "media/table/test-metrics_212_380edfc3967dcdb5a9d0.table.json", "ncols": 5, "nrows": 1}, "test_connective_metrics": {"_type": "table-file", "sha256": "2ea526aa529bf68e7e8f10779d978c9e795e55f1eb137a5afbccd466762a92cd", "size": 409, "artifact_path": "wandb-client-artifact://lk15s3sm9n5zgyo86odsbw6ciaz2qxltzmmg3s8hmflony4m9uo64phz262rn8nknceinv80g7wde04stobd2oy0iwdll1wooqyxcqmhk6jsmeyvsnnqwuu5cded8xm4/test_connective_metrics.table.json", "_latest_artifact_path": "wandb-client-artifact://9ou6cdeld3i4wtdr87bbq9qfskfux7gqcx57dwj5wlf5h9pc3bmtddbaddwajpq5ll02sbyh7pjyy6w6lqx7ug0dag1hztl3zbbb6yech5y3k9m8clbq90b83r3jx2rn:latest/test_connective_metrics.table.json", "path": "media/table/test_connective_metrics_213_2ea526aa529bf68e7e8f.table.json", "ncols": 6, "nrows": 3}, "Exclude_counts": {"_type": "table-file", "sha256": "1a3d918c3f53b28b05bc7e06d7cc4103e58474eb9b0eaf7e5c9ed70b55818bea", "size": 75, "artifact_path": "wandb-client-artifact://isolg7qfv1xu05i4875ypaksdo3fga3vgouuddj4vw5b937ot7obwy3j3y6gc6f7vuvwd1g5azeoti6ldj1ig1f43ysa2fvyd4llkyzfvc7k89cdiehihx681hqmi48j/Exclude_counts.table.json", "_latest_artifact_path": "wandb-client-artifact://e5cwstdlwzunnjrkhm0216k0yyuv9r7czwz0nquwqzlv7i8dufgh2cdn429de67y5if55jhblq0g1002eko1g6r6ip44afajvax3oo264psf2lovpvhuizftkq5z2pss:latest/Exclude_counts.table.json", "path": "media/table/Exclude_counts_214_1a3d918c3f53b28b05bc.table.json", "ncols": 2, "nrows": 1}, "_wandb": {"runtime": 724}}