{"test/loss": 1.6330105066299438, "test/accuracy": 0.2, "test/precision": 0.2222222222222222, "test/recall": 0.2, "test/f1": 0.16, "test/runtime": 0.1149, "test/samples_per_second": 87.037, "test/steps_per_second": 17.407, "_timestamp": 1721571912.5568953, "_runtime": 59.33435130119324, "_step": 131, "epoch": 30.0, "train/f1": 1.0, "train/accuracy": 1.0, "train/precision": 1.0, "train/recall": 1.0, "val/f1": 0.22142857142857145, "val/accuracy": 0.3, "val/precision": 0.18333333333333332, "val/recall": 0.3, "train/loss": 0.6988, "val/loss": 1.508771538734436, "eval/loss": 1.5393229722976685, "eval/accuracy": 0.5, "eval/precision": 0.48888888888888893, "eval/recall": 0.5, "eval/f1": 0.4666666666666666, "eval/runtime": 0.1155, "eval/samples_per_second": 86.583, "eval/steps_per_second": 17.317, "train/epoch": 30.0, "train/global_step": 60, "train/grad_norm": 10.59778118133545, "train/learning_rate": 6e-06, "train_runtime": 54.7397, "train_samples_per_second": 5.48, "train_steps_per_second": 1.096, "total_flos": 78935442739200.0, "train_loss": 1.2211973985036215, "label_metrics": {"_type": "table-file", "sha256": "84745d9fe4423980a32cf9326d701c595d4d3e380a9832864a21f7923ce72556", "size": 291, "artifact_path": "wandb-client-artifact://kw62enaesqh0roupmixzexo7eetne69ys3uy77zsd4e3m07mx6zp1ggy5e1qgm265i8qp4uneqicgoulpm3ipv2j2p6t5o8wvc2bmfq1xa2qk167dpme259w8jy7f7zk/label_metrics.table.json", "_latest_artifact_path": "wandb-client-artifact://ttccowk8t69bo6hog4owq2u9m6cel59b1y5j1gr34uq4u4t5ip9amv7khzfa3kdchsed4n4y8yew75qz2mutkykov84nwcjjett0lc08dokp08v7r4ewjy7bx4oo6x6e:latest/label_metrics.table.json", "path": "media/table/label_metrics_129_84745d9fe4423980a32c.table.json", "ncols": 5, "nrows": 4}, "test_predictions": {"_type": "table-file", "sha256": "54f5300fee3312822249b147513c69e596e22838bf7899a0c958aca1062c4d7b", "size": 4497, "artifact_path": "wandb-client-artifact://xusvmpurwtwtfw2ao5jf6kv2pzbpxqjajgijma9mwnrfu9vcstdfhq93w1mzlpa00hi4ddp7nbjgk4gdi5iidh9exp1b7i2bujchs2selrl7meb85l6aaakcy2rlnahx/test_predictions.table.json", "_latest_artifact_path": "wandb-client-artifact://2f2r3z6m0fedqde8h6akg9d4lcieerodyejok3iuqrtl3pbs79nfpt5sdd8ypxuzxunm8tf86wz5dxinkq5sh9mcagbfykpo8syvf24qf0j7l9m11zsnweoy8lb26xtj:latest/test_predictions.table.json", "path": "media/table/test_predictions_130_54f5300fee3312822249.table.json", "ncols": 6, "nrows": 10}, "test-metrics": {"_type": "table-file", "sha256": "3efc4baa173eef39bab8c8e7c248fc33a6a0a1550f1c8ce7e914e777525c4b01", "size": 147, "artifact_path": "wandb-client-artifact://3df0r9kan0bm7fg2alc0bad4g1p0db1zfpcpxge8867b3f5d9r7zd9ivgpldzj4uqkfnlthivk9bw7vf6xlu6587h42aap07u81swe7wkql437iswa4wudqy0zghncn7/test-metrics.table.json", "_latest_artifact_path": "wandb-client-artifact://f256rmmo0qbmmjqkzefmrjk5j22s76n780bj5jv1c9wkoo1pfxu97m2l5ygte570io351y746qsdo7ttug5rsxzg7m7wpe0ri1n6suhb6xdir2ydk6i9da8qct3oisj9:latest/test-metrics.table.json", "path": "media/table/test-metrics_131_3efc4baa173eef39bab8.table.json", "ncols": 5, "nrows": 1}, "_wandb": {"runtime": 63}}