{"train/loss": 0.0014, "train/grad_norm": 0.008835752494633198, "train/learning_rate": 3.7028824833702884e-05, "train/epoch": 10.0, "train/global_step": 1670, "_timestamp": 1736799463.1418395, "_runtime": 723.5310864448547, "_step": 214, "test/loss": 1.0951080322265625, "test/accuracy": 0.8273809523809523, "test/precision": 0.7295391705069124, "test/recall": 0.7683080641617227, "test/f1": 0.7134239486729012, "test/runtime": 1.8819, "test/samples_per_second": 89.27, "test/steps_per_second": 11.159, "epoch": 10.0, "train/f1": 0.9775988924164318, "train/accuracy": 0.9940074906367041, "train/precision": 0.9976851851851851, "train/recall": 0.9594473730228825, "val/f1": 0.6359348724949057, "val/accuracy": 0.874251497005988, "val/precision": 0.8017292784734645, "val/recall": 0.6745833333333333, "val/loss": 0.8252390027046204, "eval/loss": 0.6194859743118286, "eval/accuracy": 0.9041916167664671, "eval/precision": 0.8541125541125542, "eval/recall": 0.7816666666666666, "eval/f1": 0.8098322851153039, "eval/runtime": 1.8685, "eval/samples_per_second": 89.376, "eval/steps_per_second": 11.239, "train_runtime": 716.0691, "train_samples_per_second": 55.93, "train_steps_per_second": 6.997, "total_flos": 3512627201894400.0, "train_loss": 0.2416216615445265, "label_metrics": {"_type": "table-file", "sha256": "b5c03466d223e3638f9fcb532d970a4ee3067065311ebada49252280ce8089cc", "size": 693, "artifact_path": "wandb-client-artifact://5zi8e4cwszq7reafuqxdl567m5k8o07v5gmbpwcanzslch5av9lltjr43oh3n2w4brorx8zz6q6pfc24nea4h7njb0nor4rwjdsu4biww0opwmfbbhzh6gklr5opgtd7/label_metrics.table.json", "_latest_artifact_path": "wandb-client-artifact://ltmuf56z1a7nj86eswg761gmi5mwly2cbjaxnlpj0z0x7wmvysg3tiv8jjndmwrte45deo37ial1lhxj6p6ifvfni9s2otw042sw2vpu9k9xb7llm2jpmkhqnf2af52r:latest/label_metrics.table.json", "path": "media/table/label_metrics_210_b5c03466d223e3638f9f.table.json", "ncols": 6, "nrows": 5}, "test_predictions": {"_type": "table-file", "sha256": "dfe963354489318640272def5579b9c82ad6971307fdafb638512a5842fc092a", "size": 91774, "artifact_path": "wandb-client-artifact://n8cevu65q7sr5ka2f2jvhti1fqq52yfdilq28yrfyv2yiabfigochri78w08nq6x6ody8oe8qufuccpfr9bnp5fc0p8tqi5kwna7qc88ndg6lrw29kc22fyd155ghrsg/test_predictions.table.json", "_latest_artifact_path": "wandb-client-artifact://om0r3en6iz89du8vckckcewqgd4my94v3zdpc6yig8gsohpcco452pdlay3o0rmeuju8u9bwo1w420ht1ahr9luy28ltczekmu5ooz3s736hqpcbl65r8odgf4zq49l4:latest/test_predictions.table.json", "path": "media/table/test_predictions_211_dfe96335448931864027.table.json", "ncols": 8, "nrows": 168}, "test-metrics": {"_type": "table-file", "sha256": "41d395269706639b05963894d3fa85110b4699c01e01a8fc0983267dc956365c", "size": 212, "artifact_path": "wandb-client-artifact://1e4l1hj8t8dbc6qf1nx7rtlcmxia3ac7zek7zptktke2nn53xk4pcq5wylu7irrfm8gekjsquvbz8oxlsjws8pkm918xlbcllxbzhmlzviak3txxs29sdvb2p5ivwgze/test-metrics.table.json", "_latest_artifact_path": "wandb-client-artifact://5ojzisezs6g45zok76upvevbuq0z1aq8ug2q046zy47nxg9gzdnpe65sxdts5tzlm443wc6qtznp5io4h8nydrk3cz3bx4w8ek9qg5oq6hqpmqv31j2lompfrieqpnel:latest/test-metrics.table.json", "path": "media/table/test-metrics_212_41d395269706639b0596.table.json", "ncols": 5, "nrows": 1}, "test_connective_metrics": {"_type": "table-file", "sha256": "40c8a7b625d2821cfe1722caee2d90d2e3377a1063a7407828200dda98723a93", "size": 476, "artifact_path": "wandb-client-artifact://yh25jfm0k6sc6grv7rlcbczins8uy7ugiu8nqu2upkpb1iwwdxa0nzis1ay8r4g6gv1npb9se49g394w7krhq06xji96qshq86irlpxa2oze2ug5vuup3odetlcf9m6e/test_connective_metrics.table.json", "_latest_artifact_path": "wandb-client-artifact://p764guf90gn8op34qzaenett9z2ev0u9vh3oyuxhyydj7o1ahb6rittnxp0enp4e8wnkmumkz1p85a0ubwhlpz16d7vjmu5t2j1q5kz88holvdpu28p2gbgbdhwq38b6:latest/test_connective_metrics.table.json", "path": "media/table/test_connective_metrics_213_40c8a7b625d2821cfe17.table.json", "ncols": 6, "nrows": 3}, "Exclude_counts": {"_type": "table-file", "sha256": "25a1c51bc7d78f8f0c485181ff588729b74bed10d613faf3814f153d95fa71a3", "size": 90, "artifact_path": "wandb-client-artifact://p9ygmiyv0ihdms2flabiwiejzwhopzl3qswwvnb7hewyn9jm2pzl9eh69h7az744fsdu1lx0qd1mwnrkkb1kceemnghjrn4c6lhj9iffjtfijee8ft0djsuvh1el08vg/Exclude_counts.table.json", "_latest_artifact_path": "wandb-client-artifact://btp0byw3cngf3ha85o1jukp6tg6vnh4au8hyyvc0rre5jeab0w3prb9nt5pftd3evg1y2an1u2qqvxbuqhshh2mzrhydg7ooewkdgu4f67xqe2g2qzyivosozyu3u6nk:latest/Exclude_counts.table.json", "path": "media/table/Exclude_counts_214_25a1c51bc7d78f8f0c48.table.json", "ncols": 2, "nrows": 1}, "_wandb": {"runtime": 732}}