{"train/loss": 0.0021, "train/grad_norm": 0.03993340581655502, "train/learning_rate": 2.971175166297118e-05, "train/epoch": 14.0, "train/global_step": 2338, "_timestamp": 1738566205.2852635, "_runtime": 1018.8213844299316, "_step": 296, "test/loss": 1.1885509490966797, "test/accuracy": 0.7976190476190477, "test/precision": 0.7830987917555081, "test/recall": 0.7075214238628873, "test/f1": 0.7126706166337502, "test/runtime": 1.9009, "test/samples_per_second": 88.378, "test/steps_per_second": 11.047, "epoch": 14.0, "train/f1": 0.972607623679654, "train/accuracy": 0.9925093632958801, "train/precision": 0.9842393739547506, "train/recall": 0.9628926449953206, "val/f1": 0.5295795732300379, "val/accuracy": 0.8263473053892215, "val/precision": 0.6538450794157554, "val/recall": 0.5783333333333334, "val/loss": 0.920904815196991, "eval/loss": 0.814939558506012, "eval/accuracy": 0.8502994011976048, "eval/precision": 0.755462962962963, "eval/recall": 0.6212500000000001, "eval/f1": 0.6483333333333332, "eval/runtime": 1.8932, "eval/samples_per_second": 88.212, "eval/steps_per_second": 11.093, "train_runtime": 1011.1864, "train_samples_per_second": 39.607, "train_steps_per_second": 4.955, "total_flos": 4917678082652160.0, "train_loss": 0.31455440711731153, "label_metrics": {"_type": "table-file", "sha256": "8fec2ed73d4beb5e496fa85516f61bbc68e8b8b207a3464f4982dd8825d6e42e", "size": 657, "artifact_path": "wandb-client-artifact://8ivwcvat9h372vs1ep4mlquvtzcwsvo5swisyr6mj1c2otd955fbmd1oir0os4cmc5om5xxwviu56cpnh94khd3d8jjiixey42lro38fc0mtfim3a6g9ef8ooa79tgry/label_metrics.table.json", "_latest_artifact_path": "wandb-client-artifact://1gbvpywtheykicbobdmkpqxidoks1zspnaznxxmnqloo7s2onsgq2iarna5lf696n94arb4ipaf259lazq99rnc0ev7ebbf034if3t7pldkyqe9p6i9cjdb8jzun14e2:latest/label_metrics.table.json", "path": "media/table/label_metrics_292_8fec2ed73d4beb5e496f.table.json", "ncols": 6, "nrows": 5}, "test_predictions": {"_type": "table-file", "sha256": "649315db4700eef5e931e8e263366cd9bf8d557081ed8033154b9bc3b2dcdc47", "size": 139733, "artifact_path": "wandb-client-artifact://0wohtmwg5w8tj7m48bqs965nf9kpy0qlbhyibuspzb3v464sunxtpz7b338ger5ocyyurzzdinsmb8ad5w9wj3jqzgeqifcvk5pqf8a5qnpr3i033ev5dvye2pqd99ih/test_predictions.table.json", "_latest_artifact_path": "wandb-client-artifact://e8g1u6k5yhbfgemyqub27fwsl1b6buxbbn5buwxhof6vooitum39iygvoqnma7ruf0r7dxingp8pi4kgdmpabxyprcovpzcojgzd9grivkk0k8aptmjdsaalwtxpkhgw:latest/test_predictions.table.json", "path": "media/table/test_predictions_293_649315db4700eef5e931.table.json", "ncols": 8, "nrows": 168}, "test-metrics": {"_type": "table-file", "sha256": "f3ca84fd24420a0a5c7e60d99ad9dabb693bafbee618edb924c0299dcca5144d", "size": 214, "artifact_path": "wandb-client-artifact://noi727pvcucudu20ofni68k5y2yjj78thxjtamsv6u88tg363qrxwmnf5glfjngmghtt766d7uoojfjweue9gmpzzhejpsjezv29yj8q522at1cad082n0tfifw0t3yv/test-metrics.table.json", "_latest_artifact_path": "wandb-client-artifact://0jz236dthvv0fvd86cg507zrbso0d3mpg2csq5q3lgfs5u38ijs3bp5fczkranlcz5e7vpfk1iefmx9hs2gvz03w83zr5qbzbovl8uec4718zu3cjirbf2jsrfeq8z68:latest/test-metrics.table.json", "path": "media/table/test-metrics_294_f3ca84fd24420a0a5c7e.table.json", "ncols": 5, "nrows": 1}, "test_connective_metrics": {"_type": "table-file", "sha256": "2b486589ad64589f1340f566a358a9a5266d71171b8db27e1fbbc60ec188ab5e", "size": 465, "artifact_path": "wandb-client-artifact://d8a1t7lg8yr3ex7uida8gzat08yextgqnoini1lsu4f6eqd72yd870h6un5c50ujzrzvgh0ivaddu686uithlsyg0123lgacatljnu4iwg5egyko288va0pk3fyfrncc/test_connective_metrics.table.json", "_latest_artifact_path": "wandb-client-artifact://1ebm0i2vc8bxnv0exy5pvw51uknbvkdhy5f2x7xtn2miyq2d96ke6dfuovx5k6njqlgnr1a36o0oecv1uf6o3zodz4yqfj2rkci9x8jw26yj0ycmnoc2flawxw2bo59t:latest/test_connective_metrics.table.json", "path": "media/table/test_connective_metrics_295_2b486589ad64589f1340.table.json", "ncols": 6, "nrows": 3}, "Exclude_counts": {"_type": "table-file", "sha256": "c34a277c71c512b8edf166c56baf83d9cf5f1d112b0d9e9e2b7fd47129239695", "size": 93, "artifact_path": "wandb-client-artifact://y7acgx7a4v3l6j4d5ije3k1oclxjeqh59bfr75mlog4ih5kdmp7zllhw38c1n80b8mmoggbh0z4yzx87o0ir8o0lce8pqgr9opdm79glvfiqymb4otvy9pjrlcaj6szw/Exclude_counts.table.json", "_latest_artifact_path": "wandb-client-artifact://xpk9s443cs1emf8ufrhjwbw7m111kmliocmb2it1p1nqvrhsw8wcybana7tvi8bp3k2g2oysnrtk8pvuxca4nnr6xkstyuyawf5tdjvwg565be1pwu3xnt38kxv6yk8c:latest/Exclude_counts.table.json", "path": "media/table/Exclude_counts_296_c34a277c71c512b8edf1.table.json", "ncols": 2, "nrows": 1}, "_wandb": {"runtime": 1026}}