{"train/loss": 0.1436, "train/grad_norm": 0.009480733424425125, "train/learning_rate": 3.52549889135255e-05, "train/epoch": 11.0, "train/global_step": 1837, "_timestamp": 1736766701.496606, "_runtime": 798.8552780151367, "_step": 234, "test/loss": 1.1506164073944092, "test/accuracy": 0.8392857142857143, "test/precision": 0.7559632395783675, "test/recall": 0.7749879147440123, "test/f1": 0.7480660349246082, "test/runtime": 1.8863, "test/samples_per_second": 89.065, "test/steps_per_second": 11.133, "epoch": 11.0, "train/f1": 0.9791819705283824, "train/accuracy": 0.9940074906367041, "train/precision": 0.9742521018568923, "train/recall": 0.985683433012994, "val/f1": 0.8416471506635441, "val/accuracy": 0.8922155688622755, "val/precision": 0.8410138248847925, "val/recall": 0.8525, "val/loss": 0.9078113436698914, "eval/loss": 0.6176326274871826, "eval/accuracy": 0.9221556886227545, "eval/precision": 0.8698267716535433, "eval/recall": 0.8654166666666667, "eval/f1": 0.8605918642760748, "eval/runtime": 1.8685, "eval/samples_per_second": 89.377, "eval/steps_per_second": 11.239, "train_runtime": 790.9867, "train_samples_per_second": 50.633, "train_steps_per_second": 6.334, "total_flos": 3863889922083840.0, "train_loss": 0.2477986347733829, "label_metrics": {"_type": "table-file", "sha256": "45cffb821bd9ba39a9779585b925db2b119b02d1b0feaac72212a4af6e89e137", "size": 652, "artifact_path": "wandb-client-artifact://kj1t74oie6hbpo146wkn7r7wra3kpobx56zh99hirt4u9mq37j4vvjd32dy1okrrczg8e50t0svmf4e7q1cd81qgez1hq4mj2oz5c2lfoftmk1atyl3do2300mbahhqx/label_metrics.table.json", "_latest_artifact_path": "wandb-client-artifact://q117b6mhulqx2wqa1ba5x306f4lwe1c7b01vwdq07lvj8alln22zmpq03cngyxdw3ivav4q5iketdyeoj7zki5xwyu75i4xgug5gsgtlo0fmo63zkexvbp9wjt7whmfi:latest/label_metrics.table.json", "path": "media/table/label_metrics_230_45cffb821bd9ba39a977.table.json", "ncols": 6, "nrows": 5}, "test_predictions": {"_type": "table-file", "sha256": "0c57f808e6216983b2c4a45e03feccd09797e1f949ca5a91cf5b70d809849654", "size": 88138, "artifact_path": "wandb-client-artifact://708qafoy1txzxi49ecj3fouhpjqvd6ljjcbeu3g5vmrjt8thx45cfx3pct7cs9o1h975ola3uh5kn0ss7znsh96ys7u7n7uqac03jklgvlryaivao2n7haw9bghfeqen/test_predictions.table.json", "_latest_artifact_path": "wandb-client-artifact://zrxnaip0223fmmp70ggfoih2g0xgazhuw55r0tu5vlxan66agwow77nyl9e35r8hummqhleb73t289un07pe8anm3e4ijjmzyoyqcwf8eyn8x0ocxsrn4z71skakryqm:latest/test_predictions.table.json", "path": "media/table/test_predictions_231_0c57f808e6216983b2c4.table.json", "ncols": 8, "nrows": 168}, "test-metrics": {"_type": "table-file", "sha256": "2850ea77ef152d1296a33d030fe54db038c1ebf7afc375559a65b4b75034c0d7", "size": 201, "artifact_path": "wandb-client-artifact://yhldwm1jv6d0teq89sn36yi2l2dsommoczufpqif4zk72epdxtjb5bmyyxa33o8mah9dygaqs09wfvoj9mhcd4207oizjme86wxvlhjadylc8q8us63nznp55lmtnbgh/test-metrics.table.json", "_latest_artifact_path": "wandb-client-artifact://5rdq7ypa9pxmxbyv9hlng1emu1wg44hfse7h2ng34m28wedu48qly21bza05ctfdrutmlhfvzqk191c7klscu83vhdg7j02qmdiwqay8e01ey3xk7ivodv689j7xpquf:latest/test-metrics.table.json", "path": "media/table/test-metrics_232_2850ea77ef152d1296a3.table.json", "ncols": 5, "nrows": 1}, "test_connective_metrics": {"_type": "table-file", "sha256": "0644eb9ce0655bde05eb2448701c8e7f523eb1f1758afb038c2df82fba1d4663", "size": 443, "artifact_path": "wandb-client-artifact://gdrzx9e07nm716by0qketk1bptjsloio5jpvbgtt96sj0m3xu6i5l96eug2ifgq6m03s6nt62vdaw6qyb509b10krh1c90ej7rksadlox8gutambzhftq7q1enxpri2w/test_connective_metrics.table.json", "_latest_artifact_path": "wandb-client-artifact://wlwt84kf7l477dahf4ptcaiwym5tflal5xiuj3gu7yqkunmhmorfq4z4jmk83exa2cutuavi60huo8f7cvcpavkfrddsrs53ek5r20q9d5ch8a1bsg2xfxrxm78szycl:latest/test_connective_metrics.table.json", "path": "media/table/test_connective_metrics_233_0644eb9ce0655bde05eb.table.json", "ncols": 6, "nrows": 3}, "Exclude_counts": {"_type": "table-file", "sha256": "77258b7129a4391441f72a7439756a1d881e220753ec917f090c57798cc106a7", "size": 79, "artifact_path": "wandb-client-artifact://vqydjpxohdfhdvhnzvc74600hp8hbfmdfwdvmdesnt9x39w2qmwlai303lm91zztrykvpk8t1haum2ple7p4b09ft9m2cpcj9fc1iczaput6h339k6fz4b8z8opi0s1m/Exclude_counts.table.json", "_latest_artifact_path": "wandb-client-artifact://77caladq4h86wmxsft2wn1u2ail1qqhpe986qz7ss6b6oen5g1d69k0k8ex9aj8ea2a1xbd8ahxvmme3lnukzu4lnyxh2n6k1km46vjb7x71zt5p89uisl7jr30yki3l:latest/Exclude_counts.table.json", "path": "media/table/Exclude_counts_234_77258b7129a4391441f7.table.json", "ncols": 2, "nrows": 1}, "_wandb": {"runtime": 807}}