{"train/loss": 0.6082, "train/grad_norm": 0.4554518759250641, "train/learning_rate": 4.26829268292683e-05, "train/epoch": 7.0, "train/global_step": 1169, "_timestamp": 1736775748.959714, "_runtime": 512.3721339702606, "_step": 151, "test/loss": 0.6624334454536438, "test/accuracy": 0.7678571428571429, "test/precision": 0.7256195043964828, "test/recall": 0.4564908811250275, "test/f1": 0.42988961321164715, "test/runtime": 1.8739, "test/samples_per_second": 89.655, "test/steps_per_second": 11.207, "epoch": 7.0, "train/f1": 0.8645787509353692, "train/accuracy": 0.9400749063670412, "train/precision": 0.8918410290468035, "train/recall": 0.8524738364786708, "val/f1": 0.5333757745522452, "val/accuracy": 0.7784431137724551, "val/precision": 0.6203389830508474, "val/recall": 0.5879166666666666, "val/loss": 0.6796461343765259, "eval/loss": 0.5104119181632996, "eval/accuracy": 0.8502994011976048, "eval/precision": 0.7397127329192547, "eval/recall": 0.5895833333333333, "eval/f1": 0.5540899898887766, "eval/runtime": 1.8583, "eval/samples_per_second": 89.867, "eval/steps_per_second": 11.301, "train_runtime": 504.4495, "train_samples_per_second": 79.393, "train_steps_per_second": 9.932, "total_flos": 2458839041326080.0, "train_loss": 0.5031874864860107, "label_metrics": {"_type": "table-file", "sha256": "cff7c5f1b1e24163947785bd3531b10cec08bf8a60587b564fe8672acaa2a092", "size": 677, "artifact_path": "wandb-client-artifact://4d7khga5se9hjsc7md8euxighisn3xtj9951gefg91bx0kydvvuzwm1wa6f105edb3f3ewbqd6wf1w60is6jzl5nxow6vbzadpo1u0g1le6kh4zgs185cycjszhlg99f/label_metrics.table.json", "_latest_artifact_path": "wandb-client-artifact://4lvmgdlp8s70m4q507xwgib9khnyrcgq3lhp8qgc6gi61bt25ltex4zffpvczfyx0luph48lwolhifefwwv12tnf0xd2t3m6ylp8kqsladbur63m1dvoir9y0cfdsq3l:latest/label_metrics.table.json", "path": "media/table/label_metrics_147_cff7c5f1b1e241639477.table.json", "ncols": 6, "nrows": 5}, "test_predictions": {"_type": "table-file", "sha256": "20ca412116e35bda3a8f13098a8a5022abf453c791b26258dd3fe913771ca373", "size": 91307, "artifact_path": "wandb-client-artifact://3ce85o2sw4qk6wja59poclx6sj6aedheeyihy4sjqzl1oa8on0r1x0jv4k9vi5112vvd6ioviddgfmzabqijlrs7i1xk0hius3pnl6wk6f8n9ax7yllb76y4czk8ldbf/test_predictions.table.json", "_latest_artifact_path": "wandb-client-artifact://24ztuqz79z4jjdr2ltpmk7t7he694orvt6xx4uxr7pfwymac0r8fr9d1qaqfh7cnbighbd9qhtboml5bdb1euibokeuldpdo5hh97hdeo5go4ai33pvkajaolyf6d11w:latest/test_predictions.table.json", "path": "media/table/test_predictions_148_20ca412116e35bda3a8f.table.json", "ncols": 8, "nrows": 168}, "test-metrics": {"_type": "table-file", "sha256": "f7d41cd3162b05c10748cc22f67d6cb18952626d8d1af88dd55d72dc3576547a", "size": 215, "artifact_path": "wandb-client-artifact://3hjr4575cg2pcoz9gcq6xcj82fkem46jm6ggqcmqvqmgwehgzn5qvpisn722fh842kt7xhn4fgdtv8080ythi3d0nfcv007avkdsxxomn6iw1bxgl0mkcjahnxog5ikx/test-metrics.table.json", "_latest_artifact_path": "wandb-client-artifact://aw7akxxfbhwaenirer6hkx8wfoj743ldzinfakw8xqtm6wusssk2fdb1g9f2v97itudohxtkydf5n627fr0jpyjc945hof8q77ivuou21xauyep0gc2anvrxr7ghdjv1:latest/test-metrics.table.json", "path": "media/table/test-metrics_149_f7d41cd3162b05c10748.table.json", "ncols": 5, "nrows": 1}, "test_connective_metrics": {"_type": "table-file", "sha256": "b35d78cfe8269212b92fe8dacce044a9785023ba0093a88640cc9a39b775de36", "size": 482, "artifact_path": "wandb-client-artifact://ntzrky6xzi0ldeh2v310vsjbmh4t2c1y67feav98m2be8h5fes0bwuhl65t5v3er39ltsuqezh2djqno761aee7rzpmd429r8z71629sds8zqpxodps02iw33sexnph6/test_connective_metrics.table.json", "_latest_artifact_path": "wandb-client-artifact://89j87ogeq97nl0tij2h9ynn9ldou3zsxnd7r4dnjdlfauvizpdj3s9jma6mpardpalmf9stydepgd9d0j7jqymy6oc50roqodbtqkiy129kjgidlcp8riyaftf4d8gum:latest/test_connective_metrics.table.json", "path": "media/table/test_connective_metrics_150_b35d78cfe8269212b92f.table.json", "ncols": 6, "nrows": 3}, "Exclude_counts": {"_type": "table-file", "sha256": "c34a277c71c512b8edf166c56baf83d9cf5f1d112b0d9e9e2b7fd47129239695", "size": 93, "artifact_path": "wandb-client-artifact://ud2zueqfqbmpn7lfs0m5w42ruge648ibn3r93w9g7g6qrl9ufhws5fdekej1u5rl3o2w74tyd9e1u7n2sqa8zhauhl7nh3xrfac0lqmb62xvedv15gepo4bkj5wx81nc/Exclude_counts.table.json", "_latest_artifact_path": "wandb-client-artifact://9q91wfxe3izmufllzxunytnx116wcjq6sgq4h5apa89b425klmjyqgklp3xrabunu60zuig403l41hucreknm5l7gm7kslclj7x983zeqhosevv0xjow2dafysu5a8hs:latest/Exclude_counts.table.json", "path": "media/table/Exclude_counts_151_c34a277c71c512b8edf1.table.json", "ncols": 2, "nrows": 1}, "_wandb": {"runtime": 520}}