{"train/loss": 0.667, "train/grad_norm": 17.86098861694336, "train/learning_rate": 4.26829268292683e-05, "train/epoch": 7.0, "train/global_step": 1169, "_timestamp": 1738569571.4590147, "_runtime": 513.8165416717529, "_step": 151, "test/loss": 0.7237805128097534, "test/accuracy": 0.7797619047619048, "test/precision": 0.6905717761557177, "test/recall": 0.5144451768842013, "test/f1": 0.47559627927158327, "test/runtime": 1.8978, "test/samples_per_second": 88.525, "test/steps_per_second": 11.066, "epoch": 7.0, "train/f1": 0.6933108476000254, "train/accuracy": 0.8734082397003745, "train/precision": 0.8419879414334119, "train/recall": 0.7283114625673545, "val/f1": 0.5406060606060606, "val/accuracy": 0.7425149700598802, "val/precision": 0.7084482758620689, "val/recall": 0.5449999999999999, "val/loss": 0.6269068121910095, "eval/loss": 0.4792879819869995, "eval/accuracy": 0.844311377245509, "eval/precision": 0.7711352657004831, "eval/recall": 0.5879166666666666, "eval/f1": 0.5894485049833887, "eval/runtime": 1.8915, "eval/samples_per_second": 88.288, "eval/steps_per_second": 11.102, "train_runtime": 506.3416, "train_samples_per_second": 79.097, "train_steps_per_second": 9.895, "total_flos": 2458839041326080.0, "train_loss": 0.5101656290177508, "label_metrics": {"_type": "table-file", "sha256": "5a4a4df8f56607af69286862b2495df67fc839995f695cd0fb055cd61beac978", "size": 687, "artifact_path": "wandb-client-artifact://26ooh8f14elyj9xjeq1iecmaoqkhiuc0hoowia7vggzj52b78w42cs79x36sydzbjitbjtvk6hbidk89fsypfh8hm4cjlpy9zwq11sgkday66bmbf4ohiwvux68zs87j/label_metrics.table.json", "_latest_artifact_path": "wandb-client-artifact://9hjfp5xybkmb2i9tbfld0gn6kcvv25bl61c1fnz0yo6vf2ezivta528fun48cq7amcb7vxdj6s893ormoh7msunpqcipp2p3bws20jdbnv266f12flwik2oozv2ag1kv:latest/label_metrics.table.json", "path": "media/table/label_metrics_147_5a4a4df8f56607af6928.table.json", "ncols": 6, "nrows": 5}, "test_predictions": {"_type": "table-file", "sha256": "773a3d5254189336c2e0b43245bc56c8dcf94fd027984a7467416a26b658adc2", "size": 139739, "artifact_path": "wandb-client-artifact://bk95fxzlxy3t86qyvbp0dnmxij9c79etbpif4f7mjtna5vvdem1zla8kdyt1s7e6aldw06rbg7ftlwcro9x1udqtodjpt6x2gdo53cpyqjaj5lgqezz6yp5gkg9yjozn/test_predictions.table.json", "_latest_artifact_path": "wandb-client-artifact://95iv6f3iy7dw9u56wndk72eir8q2epmu2h5mmdkg69vuyj31g3qin82sxe2b0wq3njobx39ooetdnri2z0zi4wtkhuszhl4psa3e4nvlol74hvoyhsjaanpv47uwdlsk:latest/test_predictions.table.json", "path": "media/table/test_predictions_148_773a3d5254189336c2e0.table.json", "ncols": 8, "nrows": 168}, "test-metrics": {"_type": "table-file", "sha256": "0b750a24d182dab7e61ecf81334d74add03c490d11a439b30223bd271adac233", "size": 215, "artifact_path": "wandb-client-artifact://xow9itdb6kykg6ozedtr8cbzb5q7iecbc2xhsv5tvcjijoxkgrevt2m5hcc61y838kpamx43g5scaj75iya00q45yfjaesc3slyclvmqo9oy2jn64cuitp8x9mqmvgmd/test-metrics.table.json", "_latest_artifact_path": "wandb-client-artifact://usdjgcdjiyaks6bderiqpwpm06jlne0c0lkz49x36vmzuufsp15ay0toyftkugyeec1zl129ahlqlvnnewocurddx31o73l07phcs8xzumk6t3ql68qzrxlmtetufyhu:latest/test-metrics.table.json", "path": "media/table/test-metrics_149_0b750a24d182dab7e61e.table.json", "ncols": 5, "nrows": 1}, "test_connective_metrics": {"_type": "table-file", "sha256": "90790cd171fe71b2bac0af49b3e4da1f98ecb2c9937402924af53e71cfa7dfd2", "size": 479, "artifact_path": "wandb-client-artifact://kpl9j41f2kqdmeyd0o64dyqzh0q18y0rjfea83p02i2glglobruldmgjmmikdx5kuan5nuz92dbtdpczi5y46da9t4oqcujwztrsldpdoac313i44iqzvkyfotdaipqe/test_connective_metrics.table.json", "_latest_artifact_path": "wandb-client-artifact://61ac7f0frp4nxtk2pv05m5xi9iykaygipw8kzudiy3yef5q5atdavl67g39hl905u0na6bi2mjlkimjsruo3kenu2dx6z7xsb8nhq1mfva3v8tgyzbv675b8xidvcki8:latest/test_connective_metrics.table.json", "path": "media/table/test_connective_metrics_150_90790cd171fe71b2bac0.table.json", "ncols": 6, "nrows": 3}, "Exclude_counts": {"_type": "table-file", "sha256": "c34a277c71c512b8edf166c56baf83d9cf5f1d112b0d9e9e2b7fd47129239695", "size": 93, "artifact_path": "wandb-client-artifact://gwgrl5fxuf48vd384t7n4ur9qff32jc4hgyhwbl33qiwj92c24o7vejh4bhuqfvg3pc3bb0mu7mvm3gndwh2n4pd2pgqeu320btjsrp5d7hi1ad9c4fleb447lbbngdp/Exclude_counts.table.json", "_latest_artifact_path": "wandb-client-artifact://lz1lov8skml0hm4o3h66qz2fe3oc4iyt9dd2ysqbvkeu4pklv4nhffm5crbw76mmg1w9k3obrnlxyzbgwmauqbg1iq6ian5fk88dqsba5wgf2wbl921jrj5g4mvo72kn:latest/Exclude_counts.table.json", "path": "media/table/Exclude_counts_151_c34a277c71c512b8edf1.table.json", "ncols": 2, "nrows": 1}, "_wandb": {"runtime": 521}}