{"train/loss": 0.0006, "train/grad_norm": 0.009122733026742935, "train/learning_rate": 3.7028824833702884e-05, "train/epoch": 10.0, "train/global_step": 1670, "_timestamp": 1742992983.2011456, "_runtime": 722.3391556739807, "_step": 215, "test/loss": 0.737960934638977, "test/accuracy": 0.875, "test/precision": 0.8697511070392426, "test/recall": 0.8224544056251373, "test/f1": 0.8300052409274089, "test/runtime": 1.8791, "test/samples_per_second": 89.404, "test/steps_per_second": 11.175, "epoch": 10.0, "train/f1": 0.9775911498091971, "train/accuracy": 0.9940074906367041, "train/precision": 0.9984158415841584, "train/recall": 0.9587295426286252, "val/f1": 0.8319568287695777, "val/accuracy": 0.8922155688622755, "val/precision": 0.901353226925746, "val/recall": 0.81375, "val/loss": 0.5469205975532532, "eval/loss": 0.571789026260376, "eval/accuracy": 0.8922155688622755, "eval/precision": 0.8836329984135378, "eval/recall": 0.8320833333333333, "eval/f1": 0.8375705102977828, "eval/runtime": 1.8697, "eval/samples_per_second": 89.32, "eval/steps_per_second": 11.232, "train_runtime": 714.4389, "train_samples_per_second": 56.058, "train_steps_per_second": 7.012, "total_flos": 3512627201894400.0, "train_loss": 0.2771835573943343, "label_metrics": {"_type": "table-file", "sha256": "0139e7c8f1bcae986913abb9e3014e11c2cc2206470dc181c890fffce05d964e", "size": 610, "artifact_path": "wandb-client-artifact://9auens98uwu1j2f1h1bgkd7l57nbr6iu0j5hacei9h4w6eqlc3bsnpz7ipi3wb1pjj5ftxxrwalfh11bk6c34hne3guiew38zy8fk95bms8l0ozfkrvpg1mn668eyabd/label_metrics.table.json", "_latest_artifact_path": "wandb-client-artifact://64gogowr15b5915e3gh6j1g5um2g5eopb8bl5nmj04lc62il465s30db8bicqip0hjnxe625lbtvskwmqvhkgyw78tscrzpsf9tyc2ehaktp3lz2h90hdel8pjwuqbru:latest/label_metrics.table.json", "path": "media/table/label_metrics_210_0139e7c8f1bcae986913.table.json", "ncols": 6, "nrows": 5}, "test_predictions": {"_type": "table-file", "sha256": "b2919ba9b3ddbe6ffa96aaee6985f4aad194b3a654357f8f8ca1c627a1ae3750", "size": 90951, "artifact_path": "wandb-client-artifact://aa96i52qfo8kixnufhmnv43nq87vkl27ufofzbi4hkqgalysl2aohf4m3ixsmhtbdgui4zex179pf0f57jdwmzibop83hulxavn1lebiu6psu62ls4qq517ggxpowgrv/test_predictions.table.json", "_latest_artifact_path": "wandb-client-artifact://01f9jpy0hz4js0xgvv9mafo58mt2j3yfhojprl0tid0ttocjpcq16qx6eh8okwemo4jbd1wzw7iry1jkh2c6teqvm1srkudq0hkcaky5e3ka5iuw54bhvkok75h2sfiw:latest/test_predictions.table.json", "path": "media/table/test_predictions_211_b2919ba9b3ddbe6ffa96.table.json", "ncols": 8, "nrows": 168}, "test-metrics": {"_type": "table-file", "sha256": "9201d036f95e2f4a12cb601b42c373edb58d844ebcd7bd04c109d690ee11170f", "size": 183, "artifact_path": "wandb-client-artifact://kwtt7map0xiyttq84r4fhhfwygrg8661x0vklo34zrxy5bx7q0qwgvdz97x6ry0edo9s1xm6qi5skm3zg95ltep3cdugjoy1xyjrs6z3m2xu4yib92i1a6j3jl6bkq0z/test-metrics.table.json", "_latest_artifact_path": "wandb-client-artifact://57kgaymp4dhe4kg0mmq3v8z5kc9hzuaw2g6sq3b505tydryqpieq0nm0iprwnfn5j7zvyllreug3m25vxtpyu96mzcytbkbjn3gag8of9kigky111jn4cg6hnix7nxlq:latest/test-metrics.table.json", "path": "media/table/test-metrics_212_9201d036f95e2f4a12cb.table.json", "ncols": 5, "nrows": 1}, "test_connective_metrics": {"_type": "table-file", "sha256": "79931e2e2d558019194c73c71861c5ae31bb9593df0cc735cba2a55c6a1911bb", "size": 439, "artifact_path": "wandb-client-artifact://r00kzb5ix6bx9joqiy4cinznb2soltupxz4wl3ktx93ne6yo92xyddad7zk08b2uhsv3chrg08zx6mbyyggy971e9tuw7biy6yp23ulkavkm8ldtut4cjd29k2wtkslq/test_connective_metrics.table.json", "_latest_artifact_path": "wandb-client-artifact://jjjhi6162exruz40a8mid8rqs7seg9litsyhee0b5wi3mg5pu9xcfo7agjiyk00luc627wd7abkd6vcv02wgd4gfsunhfll3o45zyx125gv9m9v974sjbs37l7j4hn5h:latest/test_connective_metrics.table.json", "path": "media/table/test_connective_metrics_213_79931e2e2d558019194c.table.json", "ncols": 6, "nrows": 3}, "Exclude_counts": {"_type": "table-file", "sha256": "1b351f34479cdfe9bb187a7d7913779d5623e98ab90b705bfa6a94767059f967", "size": 72, "artifact_path": "wandb-client-artifact://1lsv3bg45yhe1hj45o2p6ecfied88vcg7vxcepqcfy2nl01wday8c0kmdsne3xm0sz2pjc4lpffyj472arv148f2yr7gks6pbfhgl0fbjwjgnuvvcav77vrf7lulba7a/Exclude_counts.table.json", "_latest_artifact_path": "wandb-client-artifact://jxdvwk0wbi1v9ohqiw3ou9xtxsv5vw2gyfgp74lekq5ef0rhanmgcsnq3h1uksgstrycwpt0o09hj95etat9819ot9jrz3jkxtz6n9p2roc8vwbvi905euibloig3nji:latest/Exclude_counts.table.json", "path": "media/table/Exclude_counts_214_1b351f34479cdfe9bb18.table.json", "ncols": 2, "nrows": 1}, "_wandb": {"runtime": 730}}