{"train/loss": 0.0005, "train/grad_norm": 0.01469510793685913, "train/learning_rate": 0.0, "train/epoch": 10.0, "train/global_step": 1670, "_timestamp": 1735265337.3373601, "_runtime": 813.2966191768646, "_step": 212, "test/loss": 0.9069328308105469, "test/accuracy": 0.8630952380952381, "test/precision": 0.7791397849462365, "test/recall": 0.7732256646890793, "test/f1": 0.7296298357521013, "test/runtime": 1.8668, "test/samples_per_second": 89.994, "test/steps_per_second": 11.249, "epoch": 10.0, "train/f1": 0.9777065025555134, "train/accuracy": 0.9940074906367041, "train/precision": 0.9938492063492064, "train/recall": 0.9632918465921267, "val/f1": 0.8460735544217688, "val/accuracy": 0.8862275449101796, "val/precision": 0.9132352941176471, "val/recall": 0.8233333333333335, "val/loss": 0.6887906193733215, "eval/loss": 0.7360432147979736, "eval/accuracy": 0.8862275449101796, "eval/precision": 0.9132352941176471, "eval/recall": 0.8233333333333335, "eval/f1": 0.8460735544217688, "eval/runtime": 1.8527, "eval/samples_per_second": 90.138, "eval/steps_per_second": 11.335, "train_runtime": 719.4474, "train_samples_per_second": 18.556, "train_steps_per_second": 2.321, "total_flos": 3512627201894400.0, "train_loss": 0.26754262977569715, "label_metrics": {"_type": "table-file", "sha256": "979497755098d6d7a62a156e3f75edabadca12e2ae914dc266afa83453727416", "size": 478, "artifact_path": "wandb-client-artifact://i3z7lqno8g8p0y6w83qezm5elbryymyo1wnad4x53chpfv6fbtch716jkjwdu8bylu9owpwtcc0h79iennwqvvu43y30nsfoyvedebmrsysedxjly3d5l4xkkq0exbcp/label_metrics.table.json", "_latest_artifact_path": "wandb-client-artifact://sv7djptv6cz01882ayvo18d31qyq1tmhddst0negpjn368gs2qkpwwcb380fvjcq4jsxpgar6sojned0w2bp9nfmwjo1ln6zf5xjoffyp9pl8p2nachjjtnq9l6a83bz:latest/label_metrics.table.json", "path": "media/table/label_metrics_210_979497755098d6d7a62a.table.json", "ncols": 5, "nrows": 5}, "test_predictions": {"_type": "table-file", "sha256": "509859cc975655ad03e923fab4326aa3bb06ed3027fca3eb357cc215d7fdefe8", "size": 84492, "artifact_path": "wandb-client-artifact://xpjjvmve1oqigpr605qivrmxtr4x47daw6h2sldy9gb24dfciv5g5tjsniu5cr3bbv46cmj0ehxdeqxnsf67jxkxteidd88siz4wdfoz2r0lfzirgza423uppogp3ymh/test_predictions.table.json", "_latest_artifact_path": "wandb-client-artifact://s4psxw4b4w4cjff6h68a76cn25ebny2kgg482ajzcl0lcs6zatuj1lofbkw98h29no733cm72l3g7yye0v2lbeozh8p12562hsh8e8fjwh3sx80pfmfaljtyjbjpopzh:latest/test_predictions.table.json", "path": "media/table/test_predictions_211_509859cc975655ad03e9.table.json", "ncols": 6, "nrows": 168}, "test-metrics": {"_type": "table-file", "sha256": "5e9c3fdf78371dd3f13d90c82fb3fb206407328c31003be314023b3e84026d2f", "size": 194, "artifact_path": "wandb-client-artifact://eyhi78996lh0gya20ch97r1lp5tutt8ym6y8nvxlbwhfu5j8nsknne5nel8xcrd6tuwailpxn66fezdpir3kfwb5qdgvjyab6lvu6xg6ahf8euib7pkqkyaypalrgkea/test-metrics.table.json", "_latest_artifact_path": "wandb-client-artifact://ms5cfd0esmd4zg750cz3v2ooogtszygq96mauks99x71f32rdtr1h4dblgewzqtxr67z3tr8me1jep4y8o4ej30x2mgtu1elz2lilpoa4gkdi3qo2iysca3n3esh30sn:latest/test-metrics.table.json", "path": "media/table/test-metrics_212_5e9c3fdf78371dd3f13d.table.json", "ncols": 5, "nrows": 1}, "_wandb": {"runtime": 817}}