{"test/loss": 1.736624002456665, "test/accuracy": 0.0, "test/precision": 0.0, "test/recall": 0.0, "test/f1": 0.0, "test/runtime": 0.299, "test/samples_per_second": 33.448, "test/steps_per_second": 6.69, "_timestamp": 1735973340.1366124, "_runtime": 30.061299324035645, "_step": 31, "epoch": 6.0, "train/f1": 0.08, "train/accuracy": 0.1, "train/precision": 0.16666666666666666, "train/recall": 0.08333333333333333, "val/f1": 0.19428571428571428, "val/accuracy": 0.3, "val/precision": 0.5, "val/recall": 0.22916666666666666, "train/loss": 1.7106, "val/loss": 1.6387462615966797, "eval/loss": 1.6428571939468384, "eval/accuracy": 0.3, "eval/precision": 0.5, "eval/recall": 0.22916666666666666, "eval/f1": 0.19428571428571428, "eval/runtime": 0.2479, "eval/samples_per_second": 40.343, "eval/steps_per_second": 8.069, "train/epoch": 6.0, "train/global_step": 12, "train/grad_norm": 18.021900177001953, "train/learning_rate": 1.0000000000000002e-06, "train_runtime": 25.5099, "train_samples_per_second": 11.76, "train_steps_per_second": 2.352, "total_flos": 15787088547840.0, "train_loss": 1.707727313041687, "label_metrics": {"_type": "table-file", "sha256": "051e6ccab4c60a7b7c3b903e41169df9216252423cf9bbae8e4375dc0c031b82", "size": 300, "artifact_path": "wandb-client-artifact://1346w1xcm37udplp37xsri2fpicjgilezsmnyc6dt3u4m5b1d7msat6sj9d5e13zfwosr97k8gvtusvda3j3o090ffxmi2lbrawts3nu57wvnsssthd9p4wwfwc3do3f/label_metrics.table.json", "_latest_artifact_path": "wandb-client-artifact://pdaj4qngcqf5lfeytf8yuvudlv07j6jy9c798itjt8u8czyc5ylvi8uu94kx67ucbtfima1qvk159v6r9pc73tvvk20x3u2bcxed7reoz3n6l0t09e9mg7wgpw953o3y:latest/label_metrics.table.json", "path": "media/table/label_metrics_28_051e6ccab4c60a7b7c3b.table.json", "ncols": 5, "nrows": 4}, "test_predictions": {"_type": "table-file", "sha256": "2c8c8c40f8cabae2b8f06ab0b654fe2f7c782167b0ddb986022ac63e7efa1aaf", "size": 2205, "artifact_path": "wandb-client-artifact://6vwzaeuflov8in24u69dwmy28qhwxg1vc0pukzamj2pupprpweml8feuy8sbz36gt2jn2tmiclthd2kvczhmh03bw7h0q3ivx5gol1pc3h3aue2xbgdo07a2dpvt8m5l/test_predictions.table.json", "_latest_artifact_path": "wandb-client-artifact://fc9683jr6pzxehxfqob64j8632secmrekn3riz08i0icv11aoo25g6lx4n5k66qul0da2grp33f2lxv8vltcvychr3mfa8hwyji3twgv7azl8b10f40edswtcaoxk60u:latest/test_predictions.table.json", "path": "media/table/test_predictions_29_2c8c8c40f8cabae2b8f0.table.json", "ncols": 7, "nrows": 10}, "test-metrics": {"_type": "table-file", "sha256": "c730c6f2361c4aaf8a5df2018a920a70db262c01618143b708085bce34b970be", "size": 135, "artifact_path": "wandb-client-artifact://hw9mbbdp4at3v8gpilwhrli5tbs2t4n8qg1fiixa9helcg8xgb6vqptugo8p7oti248g4a94vl6abcl5730ny5ypmsig0ducwc9d1le5r6c5hnk7znydlr8h9chtbdo7/test-metrics.table.json", "_latest_artifact_path": "wandb-client-artifact://4wgw2rf3x4qki3bowfkv7hgrw8txktr3yjv8jc1h6n5z9ox1wyg11xx51t1uzvnbp6a7332ikoeoju09mst8if0z4jqp2kcjgy3yd4wmbjfh1h5x3nqi1zituhzajcpt:latest/test-metrics.table.json", "path": "media/table/test-metrics_30_c730c6f2361c4aaf8a5d.table.json", "ncols": 5, "nrows": 1}, "test_connective_metrics": {"_type": "table-file", "sha256": "971c0ae2c6810d9eb497b51b53c00cb176dcbe45e5057472bda1b8b946ddef0a", "size": 156, "artifact_path": "wandb-client-artifact://w6o4s4cmg651o3c34h0gny9j58too6k8sojv1u179wjw84kp2t6gpdkcqr6stsuialf343pwcs7w8p53hcr1zba7ftqejgqjf4hl5td2vycdjyseakxf1thrgs0rgdh1/test_connective_metrics.table.json", "_latest_artifact_path": "wandb-client-artifact://65htk6x986jmcobgrhig3jcqn67nqrioa4gmjozwnq9miyak31ulfnmi7bddmf92pa8vrfgok1fztktrfmwcrs9ga231kg0am3qivr0zrzkrydqfqyd359a1sjm8ayrr:latest/test_connective_metrics.table.json", "path": "media/table/test_connective_metrics_31_971c0ae2c6810d9eb497.table.json", "ncols": 6, "nrows": 1}, "_wandb": {"runtime": 35}}