{"train/loss": 0.1205, "train/grad_norm": 0.026797518134117126, "train/learning_rate": 3.52549889135255e-05, "train/epoch": 11.0, "train/global_step": 1837, "_timestamp": 1736813515.39332, "_runtime": 794.9451541900635, "_step": 234, "test/loss": 0.8517485857009888, "test/accuracy": 0.875, "test/precision": 0.855902226922851, "test/recall": 0.8314238628872775, "test/f1": 0.8297017938264833, "test/runtime": 1.8819, "test/samples_per_second": 89.272, "test/steps_per_second": 11.159, "epoch": 11.0, "train/f1": 0.9775988924164318, "train/accuracy": 0.9940074906367041, "train/precision": 0.9976851851851851, "train/recall": 0.9594473730228825, "val/f1": 0.7432872503840245, "val/accuracy": 0.8862275449101796, "val/precision": 0.8479166666666668, "val/recall": 0.7683333333333333, "val/loss": 0.8519806265830994, "eval/loss": 0.666735053062439, "eval/accuracy": 0.9101796407185628, "eval/precision": 0.8968852459016393, "eval/recall": 0.89, "eval/f1": 0.886125604600678, "eval/runtime": 1.8675, "eval/samples_per_second": 89.426, "eval/steps_per_second": 11.245, "train_runtime": 787.3374, "train_samples_per_second": 50.868, "train_steps_per_second": 6.363, "total_flos": 3863889922083840.0, "train_loss": 0.22535793093389542, "label_metrics": {"_type": "table-file", "sha256": "56ae9dc5833cb120584fabab3860aac98ec190df7e711a2975defc33356486bc", "size": 660, "artifact_path": "wandb-client-artifact://3nn4ha8v6yx4ddtv6w8stexj01cu4k5f5hdne8hhxilsildi8z72ij3g54psg92zymrdygp56wz0johmoh6iig3uzl3vx1bvek03hwbig0j1izs8qevyoslxbf2hfp36/label_metrics.table.json", "_latest_artifact_path": "wandb-client-artifact://sekrhsvay5flkgyqhj3fetxe2iecw2chklq44y1k9kihn3pkgktv5y7stfjrkcqeensayjo9vp8056r5hyfjxggwczy7h7n1ny3ebxhml8iutzdce16zuov05wb5j64k:latest/label_metrics.table.json", "path": "media/table/label_metrics_230_56ae9dc5833cb120584f.table.json", "ncols": 6, "nrows": 5}, "test_predictions": {"_type": "table-file", "sha256": "e8ea870372f13daad8af9f533ac4292fb8b44993ec488858ce5b68ba39e98bdc", "size": 89062, "artifact_path": "wandb-client-artifact://pa4drwcmkepny5xt805v9c4znnqu95q6ebc19wxdngftegur3rj1ylg563m7yqi72nncssvc0z5trexie5jcml3z2yabigkz31quh2dygm2bauniq95xs614d2ujmzvg/test_predictions.table.json", "_latest_artifact_path": "wandb-client-artifact://n7tmly2cibh32ow4kqhnzbnwt7o01ngqv2ksoicail5ahrvhgosqv3h6i1dsg427v37die6qklnal2ac96cmvwdh0a1pp2uizzl4r0fak9fdx7cpjec41rqha079nn0p:latest/test_predictions.table.json", "path": "media/table/test_predictions_231_e8ea870372f13daad8af.table.json", "ncols": 8, "nrows": 168}, "test-metrics": {"_type": "table-file", "sha256": "672781e9f36295dc69792bbae15e755e18982a0a2dec422efa48e6f1a784a745", "size": 189, "artifact_path": "wandb-client-artifact://u7w60vye68k94i5wxc9stjt3ptlz82iud8i536jirj87alq64icda41qjxtfb3pobgpgkv6g0wbjwqnbzm86f5mr5f37kzhzgvxl3rcp8ajsvpy6jo30wf80e5gvt4h2/test-metrics.table.json", "_latest_artifact_path": "wandb-client-artifact://p3g08e8s50cqxbtccag0m3mjm11j61fikjyhp16ul96q1pz7ojjezf07sfc5f5qc17r2szu6fwgsd58xj6u2l9vni0g0voh4oa3vvum0lpk3tr7llpnozgckmvpozhdm:latest/test-metrics.table.json", "path": "media/table/test-metrics_232_672781e9f36295dc6979.table.json", "ncols": 5, "nrows": 1}, "test_connective_metrics": {"_type": "table-file", "sha256": "3b4dc1400131bafd91e9ffecac45e8f4e912165db8a6665c983c40774b734d06", "size": 461, "artifact_path": "wandb-client-artifact://qltaff25vc4dlzkuh7cs0v7qe6fupxy1mm0qpr6x8ghi50ecj3a0j1a4j9pvkhkd435g6bsh7ko570r9ny6t7i3v0ze4wuyjrgekgfg569fumz6h4v1jb11lfxp8pdsq/test_connective_metrics.table.json", "_latest_artifact_path": "wandb-client-artifact://gmt55gcc4svpyr55qxy24o7gb1gfqe3tazi22qiz2hg590destxpl1q5mpyhms6aj09l22kxslh2xu5modilsrjvkcglwhyv4ljb8ov6kubxvw6indheg7s3xwo6czct:latest/test_connective_metrics.table.json", "path": "media/table/test_connective_metrics_233_3b4dc1400131bafd91e9.table.json", "ncols": 6, "nrows": 3}, "Exclude_counts": {"_type": "table-file", "sha256": "547cae2440c483556c6bc9f26fe482e70b5ab8e6358db48cca1b14065bf1a37d", "size": 81, "artifact_path": "wandb-client-artifact://832dvo8mwqhvtrxa04ajt6trx3ksdt9oku42ugdjpdhyqq4jd6m00u1xwvz26bfr65ofmnchfqqo8rlqibc4dvph96uu54e7yuxhaiex3p27nixi9fvrl8rl6blsyyui/Exclude_counts.table.json", "_latest_artifact_path": "wandb-client-artifact://h24m9txb337flfhquv2txfyjbwe0v8ft0dc341eiaxipd8dxsxmgh68ot580a6bksq3p5e1f7i5yjs6h2431nvpjov01bbtsv9wqibem5idktrf4pqc05jzatbrei83u:latest/Exclude_counts.table.json", "path": "media/table/Exclude_counts_234_547cae2440c483556c6b.table.json", "ncols": 2, "nrows": 1}, "_wandb": {"runtime": 803}}