{"train/loss": 0.1577, "train/grad_norm": 0.14594285190105438, "train/learning_rate": 3.52549889135255e-05, "train/epoch": 11.0, "train/global_step": 1837, "_timestamp": 1736765886.6807368, "_runtime": 804.1207468509674, "_step": 234, "test/loss": 0.8451346158981323, "test/accuracy": 0.8392857142857143, "test/precision": 0.82498687664042, "test/recall": 0.7085915183476159, "test/f1": 0.7127707420996566, "test/runtime": 1.8799, "test/samples_per_second": 89.368, "test/steps_per_second": 11.171, "epoch": 11.0, "train/f1": 0.9777142435865084, "train/accuracy": 0.9940074906367041, "train/precision": 0.9931193263698234, "train/recall": 0.9640096769863842, "val/f1": 0.789695308953621, "val/accuracy": 0.9041916167664671, "val/precision": 0.8337844611528823, "val/recall": 0.79375, "val/loss": 0.8814923763275146, "eval/loss": 0.5372766852378845, "eval/accuracy": 0.9041916167664671, "eval/precision": 0.8578125, "eval/recall": 0.85125, "eval/f1": 0.8468049155145929, "eval/runtime": 1.8623, "eval/samples_per_second": 89.672, "eval/steps_per_second": 11.276, "train_runtime": 796.425, "train_samples_per_second": 50.287, "train_steps_per_second": 6.291, "total_flos": 3863889922083840.0, "train_loss": 0.2399163363937686, "label_metrics": {"_type": "table-file", "sha256": "4ade054726a2c6ca5ebafa3afb4a94c3ea48157f243857ab4601ed15f3ffebf6", "size": 650, "artifact_path": "wandb-client-artifact://4chh65wxuzv31ezutjjoceg8pl86ya494lj3vn9yspwsntxtvxv6b5wqgjrr9n6ivpvb2n5ly2cdo9wr864kwe78oohlozedn74jrsts50q993hgozgnuea51dfrl3or/label_metrics.table.json", "_latest_artifact_path": "wandb-client-artifact://st1et7hi8hc00ubef9d8e6iadv4zb1mm6tqch0m3ascf9bttsthic1elrva4wf8bgtl9fwbav57rsfajarj6lwxnmy2bxy2yge147hkeckv4d2serukw67fkt6j3zs2g:latest/label_metrics.table.json", "path": "media/table/label_metrics_230_4ade054726a2c6ca5eba.table.json", "ncols": 6, "nrows": 5}, "test_predictions": {"_type": "table-file", "sha256": "2a01550a22616497fba69aba02a7aec8adc08ffc6da46d3e9fe4546b689b4217", "size": 88180, "artifact_path": "wandb-client-artifact://g04wo16gza1mmv7v9dtjj233gt1506dpqvn0ktxgotlbp4fr94t0e3qy9swwdjfxzq1xzora2znnuranw9tl7xf465m59a5851f7s9r5dkvkwdeschbjp6iov328nsjz/test_predictions.table.json", "_latest_artifact_path": "wandb-client-artifact://clrjsesghinzo34us5t7nnyaz20nh2wq9k49dl132avognyy5ra9tn98tj5ianr721wub9jdpypqyue1jixu3rcrgfg7b1h7hv23j1ct4dpxkxdh0eq7lsvomccl64k7:latest/test_predictions.table.json", "path": "media/table/test_predictions_231_2a01550a22616497fba6.table.json", "ncols": 8, "nrows": 168}, "test-metrics": {"_type": "table-file", "sha256": "9da928fab815c1fbf2f1a8975c86d8b5b50fcee80869bd862f11ec53ac430f66", "size": 199, "artifact_path": "wandb-client-artifact://39a96edsdbyeogqzm6ogay3l1vna7dxqi98v6e6bfugq1r4vq4t1blszqw2pen03hngmn1jx4fias06a7q575pfbgtfcl1679vd79rpt8ycp7zror46lix4i1cbfef3b/test-metrics.table.json", "_latest_artifact_path": "wandb-client-artifact://g9fmy0ydpa4cgs0zmfeq8oozxxrd4umspqnz210v765tncnykketltpggopbtqky2fzm459fjng4bg2768ggzpbr38szjwlj8yhyqkukjlln2qx8wj7ag8sv61l5znmc:latest/test-metrics.table.json", "path": "media/table/test-metrics_232_9da928fab815c1fbf2f1.table.json", "ncols": 5, "nrows": 1}, "test_connective_metrics": {"_type": "table-file", "sha256": "64538a679a42b84dc6edce12650056ac09f46b467acb0813a594dfd01192a924", "size": 425, "artifact_path": "wandb-client-artifact://sks24vzo6byoqakja3wkook3uzt4cbijwfom0qb9yz423iiepxl063xzdkvucqdqp0qz4tnc3wgrk3bia8unqkpim64oy6mv68yvcjiio2fvh18emev0rcj167tkozd5/test_connective_metrics.table.json", "_latest_artifact_path": "wandb-client-artifact://3frmnen5ep13yaqa0f8ku3kw4habjautqac3bhce2z42ni6nf9i6z0quotcjkr8oghpzkyvbc0a7qg1izykrvr5os73ovkxu7mqcsds8w03x0nxajtetg5jbdc8z5oje:latest/test_connective_metrics.table.json", "path": "media/table/test_connective_metrics_233_64538a679a42b84dc6ed.table.json", "ncols": 6, "nrows": 3}, "Exclude_counts": {"_type": "table-file", "sha256": "77258b7129a4391441f72a7439756a1d881e220753ec917f090c57798cc106a7", "size": 79, "artifact_path": "wandb-client-artifact://pt45svk1ca4k14giu8vrkd59b0ezaaimkn58s417xdtgaixha5bg0nchtxjwibzgba09m4lylacnb04zxk6bypr7lx7jywhw512zl42z75larybhxp6qcliwkcjuuqib/Exclude_counts.table.json", "_latest_artifact_path": "wandb-client-artifact://fexfb0d43gjajz63t67be92h9owi7py43xkmv8re6wrkn0vinyu99psss6yxxcpwrz941znrgdhbk1ig0gv5wafeemg19bb8svk6g8ambz0zf0wazanavfb664jcjbdi:latest/Exclude_counts.table.json", "path": "media/table/Exclude_counts_234_77258b7129a4391441f7.table.json", "ncols": 2, "nrows": 1}, "_wandb": {"runtime": 812}}