epoch,loss,accuracy,precision,recall,f1
,0.0652601069319034,0.2574850299401197,0.184818442427138,0.2304166666666666,0.1232575757575757
0.0,0.0574943855137168,0.5748502994011976,0.2049019607843137,0.1691666666666666,0.1679276315789473
1.0,0.0486994739064199,0.7065868263473054,0.143030303030303,0.1966666666666666,0.1656140350877193
2.0,0.0432962179183959,0.718562874251497,0.1437125748502994,0.2,0.1672473867595819
3.0,0.0394835322203036,0.718562874251497,0.1437125748502994,0.2,0.1672473867595819
4.0,0.03706259427670233,0.718562874251497,0.1437125748502994,0.2,0.1672473867595819
