{"train/loss": 0.0025, "train/grad_norm": 0.055769868195056915, "train/learning_rate": 3.7028824833702884e-05, "train/epoch": 10.0, "train/global_step": 1670, "_timestamp": 1736778202.0934448, "_runtime": 726.250659942627, "_step": 214, "test/loss": 0.9079957008361816, "test/accuracy": 0.7976190476190477, "test/precision": 0.7873563218390804, "test/recall": 0.6552076466710612, "test/f1": 0.6945110676021101, "test/runtime": 1.8733, "test/samples_per_second": 89.681, "test/steps_per_second": 11.21, "epoch": 10.0, "train/f1": 0.9718522784865522, "train/accuracy": 0.9865168539325843, "train/precision": 0.9956892440917848, "train/recall": 0.950273061096277, "val/f1": 0.5568075322234157, "val/accuracy": 0.8562874251497006, "val/precision": 0.5969251336898396, "val/recall": 0.5587500000000001, "val/loss": 0.771793007850647, "eval/loss": 0.7693589329719543, "eval/accuracy": 0.8203592814371258, "eval/precision": 0.6997175141242937, "eval/recall": 0.5779166666666666, "eval/f1": 0.5921848739495797, "eval/runtime": 1.8582, "eval/samples_per_second": 89.872, "eval/steps_per_second": 11.301, "train_runtime": 718.7509, "train_samples_per_second": 55.722, "train_steps_per_second": 6.97, "total_flos": 3512627201894400.0, "train_loss": 0.3853732563242941, "label_metrics": {"_type": "table-file", "sha256": "e522a1a31e387306e3bb68326cc9bdb964b4f16dfdb99b97f78657542e5d086e", "size": 692, "artifact_path": "wandb-client-artifact://19r1zkxgg1wubh288za6yjb77hqhkqzqi1tbhgd1b65dy9dzdj52wuuik0a12euav79u9j8gw8fpo70v1x1dg4s7qrnm9inlyiezxuaomcoi4hxlkgfqopzm74vgs26e/label_metrics.table.json", "_latest_artifact_path": "wandb-client-artifact://a236nlum6xfluwjczkn3tynvu7nz0a6q4adttteb3frpmlry8omi7fxt12spgtri1ggpd02o22h9un4pz5ea08anlm7o39t8kvyrw0e3hbdyf8uibgkjwb1pclgp4yus:latest/label_metrics.table.json", "path": "media/table/label_metrics_210_e522a1a31e387306e3bb.table.json", "ncols": 6, "nrows": 5}, "test_predictions": {"_type": "table-file", "sha256": "00607c21e2318c40e77bbe44a5a3d9087663ccee36fb2a0e01b951b9e66425e6", "size": 91451, "artifact_path": "wandb-client-artifact://uj8ia9yxblniiprbytwty43h4gab7qew03fyor241ufqz1s8ndbxl7va228d6lcfihl4kymu4z2kz79ttvtbcykpune10ol6pkogy92du0j2ej3wnd8m5ww9l0ai7z4j/test_predictions.table.json", "_latest_artifact_path": "wandb-client-artifact://9mpigjr18jcbmec9z22l067lxazsboznx6m7xr2khggvt4dz5nfmtbroty1ax36nm3um87bfglrh63d5x8rqgqu6c8rho1mi6e3s2cwjnx5gi6f2z8bpryefv0wjpdev:latest/test_predictions.table.json", "path": "media/table/test_predictions_211_00607c21e2318c40e77b.table.json", "ncols": 8, "nrows": 168}, "test-metrics": {"_type": "table-file", "sha256": "7acfa936060a273df3d5f1da32ada9660724b91f8200c99e835cd6bd99384e43", "size": 214, "artifact_path": "wandb-client-artifact://uaf5ahdid1gscxi64a552phzum2fn7w86y2h1hg263a0zwomrn5zvoc4raecohamr01xzkczldy8pc41v6zgfvpc33unt9xjcz2dtcu2w1pfl7mj1adw97frwxybi9bb/test-metrics.table.json", "_latest_artifact_path": "wandb-client-artifact://i16xh3rtbpb230q8b2ye0ds211y9fzx06gy1ilye2y8zbcytd7c2z39qfbknd8746zguy3dn0ytw6npfsv4dmg5ls3l0f14hj8rgcq07x18i2jssknm8mzqyrzcct02f:latest/test-metrics.table.json", "path": "media/table/test-metrics_212_7acfa936060a273df3d5.table.json", "ncols": 5, "nrows": 1}, "test_connective_metrics": {"_type": "table-file", "sha256": "d87dcd8040de3230fc6d56fd43a6b7269435763783bd97f7d48c4fc19107b43b", "size": 451, "artifact_path": "wandb-client-artifact://fcqoakz74ku2oe3d0hdt0hp5lgqe69zq27ma6cgbm7fu1ty5qdkj4air152sp2jhtd9dv4x1pv315cmejxtek2a8h36wo8e1iy7wuh2lmio4d9eytlc5kn4pz85981gu/test_connective_metrics.table.json", "_latest_artifact_path": "wandb-client-artifact://35n99h2n0a7bqbh9nsq60abcd9dtehm6zkw61ilyzl0nb5c54i7yh4hj5jtk09qnjlxv8atjzjgzcibq1mv1jzugyfrfe6lkdlqi8dmrgybez9sr1rxqc791yi6fc2a3:latest/test_connective_metrics.table.json", "path": "media/table/test_connective_metrics_213_d87dcd8040de3230fc6d.table.json", "ncols": 6, "nrows": 3}, "Exclude_counts": {"_type": "table-file", "sha256": "c34a277c71c512b8edf166c56baf83d9cf5f1d112b0d9e9e2b7fd47129239695", "size": 93, "artifact_path": "wandb-client-artifact://c6s549xx02vgw6m3v5ll0pj79yv60kom569eb0a8c41vnrr695s1vp2w3szh214f2ljgv3oj89u93w9od1dknqfbamsbaasz45s3ofdlu2q9a36sz46n9w0i9esfzslf/Exclude_counts.table.json", "_latest_artifact_path": "wandb-client-artifact://7wzjihwhtro9i1iazyq6ud75ipe1xpf14z1dho1wak8i6od7sn55gnexkt0k5a5kfz4hwm70bexafdkmqtevbweiqvjfuudsz0ik8fl5k2be3vz2nx8vfj747vnmpc32:latest/Exclude_counts.table.json", "path": "media/table/Exclude_counts_214_c34a277c71c512b8edf1.table.json", "ncols": 2, "nrows": 1}, "_wandb": {"runtime": 734}}