{"train/loss": 0.8073, "train/grad_norm": 5.8444342613220215, "train/learning_rate": 3e-05, "train/epoch": 1.7964071856287425, "train/global_step": 300, "_timestamp": 1735971301.1455197, "_runtime": 248.0580358505249, "_step": 33, "test/loss": 0.7564661502838135, "test/accuracy": 0.7245508982035929, "test/precision": 0.8614457831325302, "test/recall": 0.20625, "test/f1": 0.17995337995337995, "test/runtime": 2.9833, "test/samples_per_second": 55.978, "test/steps_per_second": 7.039, "epoch": 1.0, "train/f1": 0.17740076070477284, "train/accuracy": 0.7528089887640449, "train/precision": 0.5650433308214017, "train/recall": 0.20275229357798166, "val/f1": 0.17995337995337995, "val/accuracy": 0.7245508982035929, "val/precision": 0.8614457831325302, "val/recall": 0.20625, "val/loss": null, "eval/loss": 0.7573295831680298, "eval/accuracy": 0.7245508982035929, "eval/precision": 0.8614457831325302, "eval/recall": 0.20625, "eval/f1": 0.17995337995337995, "eval/runtime": 3.7291, "eval/samples_per_second": 44.783, "eval/steps_per_second": 5.631, "_wandb": {"runtime": 251}}