{"train/loss": 0.0345, "train/grad_norm": 0.022879553958773613, "train/learning_rate": 3.148558758314856e-05, "train/epoch": 13.0, "train/global_step": 2171, "_timestamp": 1739687351.4065769, "_runtime": 1985.4743328094482, "_step": 277, "test/loss": 1.3285012245178223, "test/accuracy": 0.8095238095238095, "test/precision": 0.7309873949579831, "test/recall": 0.4942166556800703, "test/f1": 0.5124392301203895, "test/runtime": 4.4425, "test/samples_per_second": 37.817, "test/steps_per_second": 4.727, "epoch": 13.0, "train/f1": 0.7770416384972432, "train/accuracy": 0.9887640449438202, "train/precision": 0.95877323769611, "train/recall": 0.7882918465921268, "val/f1": 0.6094574084613925, "val/accuracy": 0.844311377245509, "val/precision": 0.7715489821882952, "val/recall": 0.6479166666666667, "val/loss": 1.1541131734848022, "eval/loss": 0.9073684811592102, "eval/accuracy": 0.8682634730538922, "eval/precision": 0.8005226057365095, "eval/recall": 0.7054166666666667, "eval/f1": 0.6619527222431787, "eval/runtime": 4.4028, "eval/samples_per_second": 37.93, "eval/steps_per_second": 4.77, "train_runtime": 1972.5752, "train_samples_per_second": 20.303, "train_steps_per_second": 2.54, "total_flos": 4566497253626880.0, "train_loss": 0.29928811516836695, "label_metrics": {"_type": "table-file", "sha256": "6f83a7aed4846b646e171f755bb73925281e86fbd1caaac5ce162c5d77ea2991", "size": 608, "artifact_path": "wandb-client-artifact://mq19ibh72ebgwtgxvtq7txjyq1hi1l3kle3wrlaq5kqikip5x0u5ytzgxmqsu1g6rkgp6tl8tqxm0nmultuuhex5y5adayv7sc3mewwtxdbqhek4qiezpo252gqnonjw/label_metrics.table.json", "_latest_artifact_path": "wandb-client-artifact://dsn89gfze26k95eujw14nql967y3e4dqdkxm7t2s6h52p2rajyxxav5t0aoaai33c3dkxvnh8e2s4z1iuvwyrs37s10ssphtr4g2bmkf0qxb5csr4vl10npbrrv844i4:latest/label_metrics.table.json", "path": "media/table/label_metrics_272_6f83a7aed4846b646e17.table.json", "ncols": 6, "nrows": 5}, "test_predictions": {"_type": "table-file", "sha256": "9b175deffcd591eb424c47ab61a9d95b9b33d6193a107abe4912a104eb46d6de", "size": 88258, "artifact_path": "wandb-client-artifact://4w98c0fj8kqrmyzlouon7bgn8esnryknkhvqpxysqdcd66n6a8qg7rbzhf1euanwj7s4er7fcdbtgt0f7f2fbiplqck0j8vpqfv8mr9uk2cmetbvum6z4rew9ex3h53k/test_predictions.table.json", "_latest_artifact_path": "wandb-client-artifact://7khs0n9jn1p1b9qn5vloblck1zswvejua7k86g7vdo8l8pmqfyas46msl7aw6h2sdvf28um46m9egd545ghenc4m7znhwjuq5pluj3q6e2ivyo6oxka7gg3kok591e1s:latest/test_predictions.table.json", "path": "media/table/test_predictions_273_9b175deffcd591eb424c.table.json", "ncols": 8, "nrows": 168}, "test-metrics": {"_type": "table-file", "sha256": "8aa0a7f2b938eaaf3736caa12978d73dd3798dc840778f214987ca5049460654", "size": 201, "artifact_path": "wandb-client-artifact://2809xs4iof7dh0horewtbenb2qt45h1y1higf0l1n2hq27z26mtnrluy5o2e7fwxkolacgyzfvu4psk1mdrbqo7vzdk5usfbph3a0rbylo3l6j6ziqm87l7wx3yoni4r/test-metrics.table.json", "_latest_artifact_path": "wandb-client-artifact://81b02sv3arklxkjf3x50vgsp6nj2gkcvt31gdmqg6l391llvsy7f49sin5a9k9r69887fiuhef0nqawixedxdaittv0kftwafjf5k2f1l65xk0lx9ao9nqn8ra73qvof:latest/test-metrics.table.json", "path": "media/table/test-metrics_274_8aa0a7f2b938eaaf3736.table.json", "ncols": 5, "nrows": 1}, "test_connective_metrics": {"_type": "table-file", "sha256": "71510bbf8667876fed23524d67e1466a1697bd15c5f98d85b47a3f8010120b55", "size": 427, "artifact_path": "wandb-client-artifact://531rk3b2tjmku72ta8gnnz9qog9nq0ec7ofo1qe0auoipxj8vvorlrdtdjpueh36fll9sjenes4z8bpx6904mg1w52ofkfy6k0qq0hlymg6nwirtix8tsoy1ls0swq70/test_connective_metrics.table.json", "_latest_artifact_path": "wandb-client-artifact://tg7jd5npy8o1n670u9q515zf7x2nvr87xzx4gihgw3hus8ezz5uy5lf47p2knrkr22bfacd5z62jx23723rmkbux541siuilg1s73s53pyz1y5veqgjtplr5rwvyf7gt:latest/test_connective_metrics.table.json", "path": "media/table/test_connective_metrics_275_71510bbf8667876fed23.table.json", "ncols": 6, "nrows": 3}, "Exclude_counts": {"_type": "table-file", "sha256": "77258b7129a4391441f72a7439756a1d881e220753ec917f090c57798cc106a7", "size": 79, "artifact_path": "wandb-client-artifact://34znoa8560t42fmb6zciuatudnlihw5di2gira1byp4gv3hgxua5sikc6snvrhw81pg6ejldyhr7zeuua28rkfrztgzri5k9ko1aeyfap3wtmpr7iy9jfi1pu5kenioh/Exclude_counts.table.json", "_latest_artifact_path": "wandb-client-artifact://a1yayijkuyhovhhu16jois9ihnu0ndrjcxqmyt6p9da47wtowxmrd2dilpgds1xtf391yq59xisxt6qx8zwelird3qocv654ct536yvy42xfe6j8mxqfo9m16wch1e9q:latest/Exclude_counts.table.json", "path": "media/table/Exclude_counts_276_77258b7129a4391441f7.table.json", "ncols": 2, "nrows": 1}, "_wandb": {"runtime": 1993}}