{"train/loss": 0.0095, "train/grad_norm": 0.008212628774344921, "train/learning_rate": 2.971175166297118e-05, "train/epoch": 14.0, "train/global_step": 2338, "_timestamp": 1742994006.6901717, "_runtime": 1008.3529407978058, "_step": 297, "test/loss": 0.7704254388809204, "test/accuracy": 0.8809523809523809, "test/precision": 0.8763725490196078, "test/recall": 0.8393781586464513, "test/f1": 0.8438210678210678, "test/runtime": 1.874, "test/samples_per_second": 89.646, "test/steps_per_second": 11.206, "epoch": 14.0, "train/f1": 0.9775911498091971, "train/accuracy": 0.9940074906367041, "train/precision": 0.9984158415841584, "train/recall": 0.9587295426286252, "val/f1": 0.7536753574432296, "val/accuracy": 0.8982035928143712, "val/precision": 0.8533577533577533, "val/recall": 0.7808333333333334, "val/loss": 0.7030523419380188, "eval/loss": 0.5677966475486755, "eval/accuracy": 0.9101796407185628, "eval/precision": 0.8802519685039372, "eval/recall": 0.8324999999999999, "eval/f1": 0.8271929824561404, "eval/runtime": 1.8693, "eval/samples_per_second": 89.339, "eval/steps_per_second": 11.234, "train_runtime": 1001.0282, "train_samples_per_second": 40.009, "train_steps_per_second": 5.005, "total_flos": 4917678082652160.0, "train_loss": 0.2015662614967781, "label_metrics": {"_type": "table-file", "sha256": "cb60c39720fab765d67690e436bf611581d28afcd3ecbf1feab8f89004491b88", "size": 612, "artifact_path": "wandb-client-artifact://fqf778q1emtrqvyotmdutmr59eyh9nyaya2epcnhv03dekoee0yn93k1yo0ey29s08mnywb7tcm3hdh1fd9viti9m5mr6ad365xebkjtoe0fdtxhvbere9foj1adp2dw/label_metrics.table.json", "_latest_artifact_path": "wandb-client-artifact://1dwput5t3ngr1aw9nfdsdu69ibv8qpi4vgzbzg5xu94ku9s2wu2jyhqpqjj8mh89xbtuss8y6qksvymqqwrgsw531biwsleug7734l9wz59v2dh28hsa27fjdejfvktn:latest/label_metrics.table.json", "path": "media/table/label_metrics_292_cb60c39720fab765d676.table.json", "ncols": 6, "nrows": 5}, "test_predictions": {"_type": "table-file", "sha256": "f8da5a46d6396fc53a655e97237dd5de2605cdd5cc789d190e3f7a914bcc8163", "size": 90927, "artifact_path": "wandb-client-artifact://kct7fmtf9ikdlk0tg1rxubl23lxkjdjkusu5ccd1uvovrmo1h1y69d0eofgq102z9g2obiec3ikogomk4keutnbq5mk0gh5b1hcp5dis7xk13aedasyak4vjnwl7mwy2/test_predictions.table.json", "_latest_artifact_path": "wandb-client-artifact://yzf49sp0lnhq20o2llz36gdi04ueejhh441zgz7kwfdtlla9iqvgejvt3fdjh1f2k15dr8ml6p1k2npp32fd79csyvw35griujo4xnoictrsoc1nrtu0pd8ln9lzx4fi:latest/test_predictions.table.json", "path": "media/table/test_predictions_293_f8da5a46d6396fc53a65.table.json", "ncols": 8, "nrows": 168}, "test-metrics": {"_type": "table-file", "sha256": "c6f605668032adce5696126c79069883479353bd8c28cde1a24bb65d80ebfd86", "size": 196, "artifact_path": "wandb-client-artifact://2m9qupyrariwwq5qf29s0niu7yawj4q8v98vvfkunk0a7coy3d2rbcku05mqev1nbj6lvrtdyjbnghff9ahqxnlcgx0csrm9u45gcltmoojfk19m7j13w6bvfbbm6u7g/test-metrics.table.json", "_latest_artifact_path": "wandb-client-artifact://x5575mqtayss86nwtstfbroyqo50ab6f0bm71nxm70ecnvlm6o4qe73sx5i0kkuvoxrp7jz5omscefbkh52kjroddflyskhk3q0s2gygr0iyixg5x8s8jowbmgw45aiw:latest/test-metrics.table.json", "path": "media/table/test-metrics_294_c6f605668032adce5696.table.json", "ncols": 5, "nrows": 1}, "test_connective_metrics": {"_type": "table-file", "sha256": "2e118151ae08a0609da9b7e74f0c601d50f9459380f2ef1d3f895a982afc4980", "size": 428, "artifact_path": "wandb-client-artifact://e9fdvazubmyuq84tah6xkzdizxkzvf06lrior2kdd7kzyxkl5j2sal1w30qa6fw8yxnq3ze8wlu8xyzpoe03sth41052dm9p11nrnib44j3iqdyhnftkovl88n5cr29m/test_connective_metrics.table.json", "_latest_artifact_path": "wandb-client-artifact://hplx3qw3l06oabckwk7lx021wq0gnirazf0ercys8lko78tf6qz2r132msduhm8451jt91ssn6efh7guiuc4l8b2xnvja8fqshlcssqmfpylux6msl53o5grchtsjx3o:latest/test_connective_metrics.table.json", "path": "media/table/test_connective_metrics_295_2e118151ae08a0609da9.table.json", "ncols": 6, "nrows": 3}, "Exclude_counts": {"_type": "table-file", "sha256": "1b351f34479cdfe9bb187a7d7913779d5623e98ab90b705bfa6a94767059f967", "size": 72, "artifact_path": "wandb-client-artifact://767y395t4cscoqjy8smxdusch1shlhkzhip958lyflnax043keyqc7t22sklf26kk5hjcan6pirvphu8o6euwjqzrujvgmfz83bf6wffodyf4v9e4lckg5tmhqc20iay/Exclude_counts.table.json", "_latest_artifact_path": "wandb-client-artifact://llrdw35e5z6qb1tvrdr5zz0hscw6fztydc732fbtsvszpq0wqq4j80xdrz7nlppkrz2vgz3nsh8fwig2balzi8slgifjochrbgq61krn4zaq24uiuptj9uojwv80eczs:latest/Exclude_counts.table.json", "path": "media/table/Exclude_counts_296_1b351f34479cdfe9bb18.table.json", "ncols": 2, "nrows": 1}, "_wandb": {"runtime": 1016}}