{"train/loss": 0.0531, "train/grad_norm": 0.021127333864569664, "train/learning_rate": 2.7827050997782704e-05, "train/epoch": 15.0, "train/global_step": 2505, "_timestamp": 1739957960.899351, "_runtime": 2284.4187269210815, "_step": 318, "test/loss": 1.3371342420578003, "test/accuracy": 0.8392857142857143, "test/precision": 0.7300204918032787, "test/recall": 0.7129422105031862, "test/f1": 0.6922938836302349, "test/runtime": 4.4432, "test/samples_per_second": 37.811, "test/steps_per_second": 4.726, "epoch": 15.0, "train/f1": 0.9775988924164318, "train/accuracy": 0.9940074906367041, "train/precision": 0.9976851851851851, "train/recall": 0.9594473730228825, "val/f1": 0.6691642228739003, "val/accuracy": 0.8802395209580839, "val/precision": 0.788868400621118, "val/recall": 0.6783333333333333, "val/loss": 1.2488399744033813, "eval/loss": 0.6194169521331787, "eval/accuracy": 0.9161676646706587, "eval/precision": 0.8765394402035623, "eval/recall": 0.8083333333333332, "eval/f1": 0.8276208961467926, "eval/runtime": 4.4143, "eval/samples_per_second": 37.831, "eval/steps_per_second": 4.757, "train_runtime": 2271.7961, "train_samples_per_second": 17.629, "train_steps_per_second": 2.205, "total_flos": 5269035292646400.0, "train_loss": 0.22219581592985116, "label_metrics": {"_type": "table-file", "sha256": "04d856320b28f20288eb8a959328102c87938ba1c9e675c670c41321cd3a8e40", "size": 663, "artifact_path": "wandb-client-artifact://hatqgsezhzxvva9331q0eckv9cekuq9fkc7buyxu0kq7my1arcza0kwzygxhnj33ja10c10kiqob075ags3iyfwwa29dh4fx6qqcu9tat14h25vh0y9s13wqs2lhl4ho/label_metrics.table.json", "_latest_artifact_path": "wandb-client-artifact://1zfv70ie72t11g6sqy945h2fz211w7obq6fug09bke7nvq10i2px0nh530mngpg6rqhm9utkjkq7pcc16wygwcm9tawcfh3if088ky1xm7uvsqawmw03x9uvh5qck60y:latest/label_metrics.table.json", "path": "media/table/label_metrics_313_04d856320b28f20288eb.table.json", "ncols": 6, "nrows": 5}, "test_predictions": {"_type": "table-file", "sha256": "db86fc0b0fb7ff1739b25a35f8647a38e14838e86449768459cc643e60e354e5", "size": 92872, "artifact_path": "wandb-client-artifact://imfo2fmnwiibnnxee7wfzdwpvpn47m223i6fgdjdm2j3vhfn8mzw2fs3g2o9mz2h12uh2dh6l9mjk0uje408mrdyck99bzwjjork9pdypvvim942hh4yqp362tbpoazy/test_predictions.table.json", "_latest_artifact_path": "wandb-client-artifact://3b2ca2nr35of3d9zw2mddvkepgsf7oyf2wow0euwg2ck8v8pkri7o89b6loy8qnqd0azet91czdyqidexw9ydo6dt92ee4iopytqrd8n3127x7w0lteqdb5cw7tdus0s:latest/test_predictions.table.json", "path": "media/table/test_predictions_314_db86fc0b0fb7ff1739b2.table.json", "ncols": 8, "nrows": 168}, "test-metrics": {"_type": "table-file", "sha256": "305fda48a92d8cf6be838d5236aee1eaa9c978965a0086e01d7c3e96e2d7f7b6", "size": 212, "artifact_path": "wandb-client-artifact://w3faimyskz99jskf00iw3zt2wmqsiav7id8ei1l051cciu0fhhqc63240oclqhurdzezkh2q1pnobq9e74xez9grer26wey82a5lqwhsz49n0g5cz6uquktw9zy62ajq/test-metrics.table.json", "_latest_artifact_path": "wandb-client-artifact://rn1vlw2825oi1y92bbkilyojhaoum9daq2ykid8x1ui8hiro7v8eskcc9dw7oa5kwtfh8xiq4w5oie1nz6wayurpobfbhhvl216469jf3v090tgbjl2n6rrp8ndna3rm:latest/test-metrics.table.json", "path": "media/table/test-metrics_315_305fda48a92d8cf6be83.table.json", "ncols": 5, "nrows": 1}, "test_connective_metrics": {"_type": "table-file", "sha256": "8ff986ba1b8b5f032902f73b48dcb7ebe972e0dbb1d8f956d3c2829acd2b9e6a", "size": 461, "artifact_path": "wandb-client-artifact://nhw0r2pq8aghmm37srasppmehek30pab6b6foriwkkgz78ftoffag1vn7oeo8r5j55guzhwq8adf4yebjqbd85llovxhhlhpc6ueczcq31c01x3dn61qhfcmgwdvmdwj/test_connective_metrics.table.json", "_latest_artifact_path": "wandb-client-artifact://tpc6gik9uhbxkb46ea20ijwojhxs703wpmv3g0qgvioo0me00oax9u364bq4n4pyroq17uqqbomigqc5srcefwdgewyuz0zxs8f7ij8mt0zcwa8biiyhsdcqqcutpuuv:latest/test_connective_metrics.table.json", "path": "media/table/test_connective_metrics_316_8ff986ba1b8b5f032902.table.json", "ncols": 6, "nrows": 3}, "Exclude_counts": {"_type": "table-file", "sha256": "25a1c51bc7d78f8f0c485181ff588729b74bed10d613faf3814f153d95fa71a3", "size": 90, "artifact_path": "wandb-client-artifact://hro3lq91lxv1g9jb2n5vtiyclcyg17rz80yo9totutc5hj420ygetoh3zoj0oiixnzledxvysd7bzoqq27z2bnx5wicql1up9wq6r6tka9djfvekp8ynb60lz1hkjlyi/Exclude_counts.table.json", "_latest_artifact_path": "wandb-client-artifact://i8lmoocgprf44l8ojrcou9hhvzjxujy0vlp0uxahci1h4gxtbf37gmciluv1myg22h8zsdiaxop0ojtw31wcf1cqmth38tq6cmc5u7ljecnt94ga2hl5fsf7w7z9vcw9:latest/Exclude_counts.table.json", "path": "media/table/Exclude_counts_317_25a1c51bc7d78f8f0c48.table.json", "ncols": 2, "nrows": 1}, "_wandb": {"runtime": 2291}}