epoch,loss,accuracy,precision,recall,f1
0,0.0018675386682431795,0.8052434456928839,0.2772387742975978,0.3107601311139189,0.2927759195985532
