{"train/loss": 0.0373, "train/grad_norm": 0.01215875893831253, "train/learning_rate": 3.148558758314856e-05, "train/epoch": 13.0, "train/global_step": 2171, "_timestamp": 1735974230.5869894, "_runtime": 1169.9326684474945, "_step": 269, "test/loss": 1.6586815118789673, "test/accuracy": 0.7724550898203593, "test/precision": 0.5634680280349571, "test/recall": 0.5025, "test/f1": 0.4597366094280795, "test/runtime": 3.945, "test/samples_per_second": 42.332, "test/steps_per_second": 5.323, "epoch": 13.0, "train/f1": 0.9770336843910272, "train/accuracy": 0.9932584269662922, "train/precision": 0.9974840389978565, "train/recall": 0.958529941830222, "val/f1": 0.4597366094280795, "val/accuracy": 0.7724550898203593, "val/precision": 0.5634680280349571, "val/recall": 0.5025, "val/loss": 1.5950018167495728, "eval/loss": 1.638695240020752, "eval/accuracy": 0.7904191616766467, "eval/precision": 0.6129918981481481, "eval/recall": 0.5166666666666666, "eval/f1": 0.48906853428449926, "eval/runtime": 3.9273, "eval/samples_per_second": 42.523, "eval/steps_per_second": 5.347, "train_runtime": 1166.7023, "train_samples_per_second": 34.328, "train_steps_per_second": 4.294, "total_flos": 4566415362462720.0, "train_loss": 0.3423407732242356, "_wandb": {"runtime": 1169}}