{"train/loss": 0.0399, "train/grad_norm": 0.18984773755073547, "train/learning_rate": 2.7827050997782704e-05, "train/epoch": 15.0, "train/global_step": 2505, "_timestamp": 1739606165.7882886, "_runtime": 2290.5062506198883, "_step": 318, "test/loss": 1.1842443943023682, "test/accuracy": 0.8571428571428571, "test/precision": 0.8882108554835828, "test/recall": 0.7093781586464514, "test/f1": 0.7534693276072586, "test/runtime": 4.4354, "test/samples_per_second": 37.877, "test/steps_per_second": 4.735, "epoch": 15.0, "train/f1": 0.9775911498091971, "train/accuracy": 0.9940074906367041, "train/precision": 0.9984158415841584, "train/recall": 0.9587295426286252, "val/f1": 0.5833033552404012, "val/accuracy": 0.844311377245509, "val/precision": 0.696568783068783, "val/recall": 0.6570833333333332, "val/loss": 1.20244562625885, "eval/loss": 1.0203272104263306, "eval/accuracy": 0.8622754491017964, "eval/precision": 0.7296875, "eval/recall": 0.7291666666666667, "eval/f1": 0.7007219662058372, "eval/runtime": 4.4015, "eval/samples_per_second": 37.942, "eval/steps_per_second": 4.771, "train_runtime": 2277.7614, "train_samples_per_second": 17.583, "train_steps_per_second": 2.2, "total_flos": 5269035292646400.0, "train_loss": 0.24761521325896527, "label_metrics": {"_type": "table-file", "sha256": "39b07f9996f68da2cd0fe7f638cc4f47f60754ea5553d84a63107159fda22f9b", "size": 614, "artifact_path": "wandb-client-artifact://dzwbjvbkztd0q2819c6w42fb7d81v7i256gbk15k3opti7eycygx9h4kj2ytq7u2e3mqf05ntsp02c9hb8uyp30w2rubsyql117ulrxfre5144ue1fmnqa9msda7duyo/label_metrics.table.json", "_latest_artifact_path": "wandb-client-artifact://ve394uwcz838ki8mny7y0dmw84x8btb2qc6tt7fjmoydqfhf4qwmeo9td8ddhj2ngluch6e9xvmukp0hfwwjz6y12x5s1ug1nvbyrz19n4wfr4anylhit0wnoaqus8ii:latest/label_metrics.table.json", "path": "media/table/label_metrics_313_39b07f9996f68da2cd0f.table.json", "ncols": 6, "nrows": 5}, "test_predictions": {"_type": "table-file", "sha256": "ed75eafff9d0d775db05e2b911b60c8800ddbbb35bd286f69d8a51611c1daae1", "size": 90477, "artifact_path": "wandb-client-artifact://6m4ma2se3b56e9425qsupfvwzexdeciaik2q2dahxq4hi0hemsygb9q4m68t93l6vl1c1kltb82tvgcn4heybyt0d9tpg0aplrntbmviiub38l8nyixh7yi9lv1tttbe/test_predictions.table.json", "_latest_artifact_path": "wandb-client-artifact://npt0esfjvpk4sgue9jdh8wc02qb3k5p01g2kfu4dudq4w4nneqs5w0ja7zck9338fxlvscjf06mg0rae83vtczqh3jg7b4w37dfy1w6bv1rsb7pdk1kp630tyvv6x47j:latest/test_predictions.table.json", "path": "media/table/test_predictions_314_ed75eafff9d0d775db05.table.json", "ncols": 8, "nrows": 168}, "test-metrics": {"_type": "table-file", "sha256": "7d0d3171331b8fa0e95663d1476deae56a811249f9993bcec6d7e83411b74cc7", "size": 194, "artifact_path": "wandb-client-artifact://gjifrcmvz1gikgrjyt2n65iqpuzy3whqxdvfvglm374lsas5i7tgszopd6i90lm185e948txi60oh695ht34ytuz493vy4ggiqy0jl7g69e2ih7emrvtpr7whxi7d1sj/test-metrics.table.json", "_latest_artifact_path": "wandb-client-artifact://r5rt6akxatdqr7y1y4ijyyt3508hrjdz1u8q8mwm7ozp6k2us9ry5l045c4ozgab1pyt63cchfselxzwbc021cdinnsvg9l2s25etxq6f3dqzplejm82uz3tlytsmokk:latest/test-metrics.table.json", "path": "media/table/test-metrics_315_7d0d3171331b8fa0e956.table.json", "ncols": 5, "nrows": 1}, "test_connective_metrics": {"_type": "table-file", "sha256": "47066e7d7fd1db124fa59c5bbc7c42e882e147e390246b0ebf95f5fce1445594", "size": 403, "artifact_path": "wandb-client-artifact://dk2ko45dryxga20aht5n5448il7hz96m7ulsyedwrlrk2bjzo5j0ze7w1r9lhefjxoxmo9r0gh8vsm6gm5ei8x0bijbdtk2c37ejte4wjqw0pz6azv4y01r3b5dy2i1a/test_connective_metrics.table.json", "_latest_artifact_path": "wandb-client-artifact://sj8vhm5l27j6edngwmztpbbyfpi223jt4nb8tbe9029vm8fo0hu5hg6wkc4ktvavsg43tjnxxuyacbx4poq9zl2n6sx8mqhtiotlacymentue5tsjdqe3sv1m6qoy1m1:latest/test_connective_metrics.table.json", "path": "media/table/test_connective_metrics_316_47066e7d7fd1db124fa5.table.json", "ncols": 6, "nrows": 3}, "Exclude_counts": {"_type": "table-file", "sha256": "082fcc874914d75958d68e780085931cf5c17034575e8b060f4acd16accf2d9e", "size": 71, "artifact_path": "wandb-client-artifact://fv3l4mkxy3cmheop61ushd59446fzo72fi01kcfndn4qs3j0tkalpr6ytf1q6yssx0trwxrbe3qzf3o3mb9afqonb38ci3fir72uevkcuugheo6jukmlgfzmx8zpkt0f/Exclude_counts.table.json", "_latest_artifact_path": "wandb-client-artifact://wg2jqdyu2uce6jarly119uulu5t2035cyabfjxqwfrug09tnzvlp8e75ao4lskri07n55ds23h92bvcmmvxlietv8w85g57y6flhwghiuzd539tgz0srx7a8pqkw84uk:latest/Exclude_counts.table.json", "path": "media/table/Exclude_counts_317_082fcc874914d75958d6.table.json", "ncols": 2, "nrows": 1}, "_wandb": {"runtime": 2298}}