{"train/loss": 0.0924, "train/grad_norm": 0.1856883019208908, "train/learning_rate": 3.8913525498891355e-05, "train/epoch": 9.0, "train/global_step": 1503, "_timestamp": 1742989150.3797624, "_runtime": 650.6528995037079, "_step": 194, "test/loss": 1.1033724546432495, "test/accuracy": 0.8214285714285714, "test/precision": 0.8747772657450076, "test/recall": 0.6580641617226983, "test/f1": 0.7117413213885778, "test/runtime": 1.8809, "test/samples_per_second": 89.318, "test/steps_per_second": 11.165, "epoch": 9.0, "train/f1": 0.9593713383755699, "train/accuracy": 0.9917602996254682, "train/precision": 0.9519974783293932, "train/recall": 0.967973178554676, "val/f1": 0.6899158465268863, "val/accuracy": 0.8802395209580839, "val/precision": 0.7172063492063493, "val/recall": 0.70625, "val/loss": 0.7231388688087463, "eval/loss": 0.6560604572296143, "eval/accuracy": 0.8862275449101796, "eval/precision": 0.9245315904139433, "eval/recall": 0.7816666666666666, "eval/f1": 0.8264852607709752, "eval/runtime": 1.8686, "eval/samples_per_second": 89.372, "eval/steps_per_second": 11.238, "train_runtime": 643.3373, "train_samples_per_second": 62.254, "train_steps_per_second": 7.788, "total_flos": 3161364481704960.0, "train_loss": 0.3051793893095272, "label_metrics": {"_type": "table-file", "sha256": "aa97d8a2b5e18da1609ef14d1190db85b68a848ea55049e06779f2770baa80a8", "size": 552, "artifact_path": "wandb-client-artifact://iir1p7e5rhlqnradon7pcb3n6rtjzstyj6mukpwh5usb5xd55hgefjptnas27tajnz5p94yjcb4q9wmqly6gf17j2oypkypoih2ppjjead1f0vy5jw3w9e7xk6uxwlhr/label_metrics.table.json", "_latest_artifact_path": "wandb-client-artifact://71ap4cd2g7kcduoj1teeds9cqbdxhxnv3cb7gsa9r06wz4bj7covccj8g9cbcx6ikr7tky51xs0idqnqjeo62chcq7mb0uiqe7o5ll7nvcw78ftv1ea8sronakoi84mf:latest/label_metrics.table.json", "path": "media/table/label_metrics_189_aa97d8a2b5e18da1609e.table.json", "ncols": 6, "nrows": 5}, "test_predictions": {"_type": "table-file", "sha256": "b4192de29a6db26f68dcfb03d4d929990a81ff3dde9594ba84552851a4173bab", "size": 90981, "artifact_path": "wandb-client-artifact://ohcydoeb913pbketzqcimth9x7oylx5lzner6mg5amx0r56e2k4o6ivwxhyqnrqf9wfqm1jgf56hs6lhyut291nb1811o5c42hjrq9uxhk6fr7mlau2xciueaz8oj9u7/test_predictions.table.json", "_latest_artifact_path": "wandb-client-artifact://z4s1fggy4l0tzg85dcr92h6uh2irhwycrqe4lx5f19jne6kkvjjnaqngrs51dxh523lksq8mot9av7wz49bpwbd6nnqcv8lg7r6h1i260mgbbfgg5tuzbqr6bqh82guq:latest/test_predictions.table.json", "path": "media/table/test_predictions_190_b4192de29a6db26f68dc.table.json", "ncols": 8, "nrows": 168}, "test-metrics": {"_type": "table-file", "sha256": "3bf6f0ade774137d9ab8be6b4b209310b818177940986cd4089d9a5a80bd6baa", "size": 196, "artifact_path": "wandb-client-artifact://sdnjlb80u2ox02hy2af3k7870ls6lopdu7ipzwotjj48d9p4zsq7gicc8xkh9ja8t8rkbkb3si3ycnsa2g01h98zg42fb2a3ce5yao6h5owl8infhm27u42kn7mn7udw/test-metrics.table.json", "_latest_artifact_path": "wandb-client-artifact://abpgwwpufkhxjqmzm747q7y3d0lqz6que2f37xjhr1yig3qg22q9pz0qwe72qhm50tlt41kzxhsln8e9fkypekpp2yug2d4h2a0hj1qemcayblukt0ux91y6f7vrtx4g:latest/test-metrics.table.json", "path": "media/table/test-metrics_191_3bf6f0ade774137d9ab8.table.json", "ncols": 5, "nrows": 1}, "test_connective_metrics": {"_type": "table-file", "sha256": "43ad9acea9c6bc485f09b1ef8e3bdf181473c5984cb32cc9a6d46e6704200e15", "size": 409, "artifact_path": "wandb-client-artifact://4v9zd06kmn1xxcms6eb4ls93e8nrg3t6tdufi74et4jwdgojdzia999o199cpw3f9z2k7qfuocv9skqdecochyej3h1tokz6eb8xoq6a05eu5v17a1dzu2ip1l30a20j/test_connective_metrics.table.json", "_latest_artifact_path": "wandb-client-artifact://bb2qrj55hc6zutxtaw9zwtwia0kux6gtbffj4gb335ih07xvy9v7oflaq74s7eppnwgnoxrf0fxsjyjnf2lz8mj3bm5m90l2lcltwhr42s2lb9gtbx27vn8fo9edsc4t:latest/test_connective_metrics.table.json", "path": "media/table/test_connective_metrics_192_43ad9acea9c6bc485f09.table.json", "ncols": 6, "nrows": 3}, "Exclude_counts": {"_type": "table-file", "sha256": "1b351f34479cdfe9bb187a7d7913779d5623e98ab90b705bfa6a94767059f967", "size": 72, "artifact_path": "wandb-client-artifact://xvmi04zufgagmsml1upoens1jtis45328owsfdsry80ic4hwg2z0cn2j7stdn9dvkuxg3tjcs6scig14z9foyw8lyjt0bb9cflint8hbp81q8tr0zjsw9tt2ygo6cgdk/Exclude_counts.table.json", "_latest_artifact_path": "wandb-client-artifact://ceyj5t292abi8la0cvbkx8wuvtrofre2ay06p00ybod5t6qy4she08eb0ygitf0laljepdp9ghzgm1liogv6bawn5o5uwj5299lviaa53yxjax189ica2j1vgtvfclmu:latest/Exclude_counts.table.json", "path": "media/table/Exclude_counts_193_1b351f34479cdfe9bb18.table.json", "ncols": 2, "nrows": 1}, "_wandb": {"runtime": 658}}