{"train/loss": 0.2067, "train/grad_norm": 0.26041677594184875, "train/learning_rate": 3.148558758314856e-05, "train/epoch": 13.0, "train/global_step": 2171, "_timestamp": 1743032726.3485506, "_runtime": 951.7723264694214, "_step": 277, "test/loss": 1.203857183456421, "test/accuracy": 0.7976190476190477, "test/precision": 0.7982864450127878, "test/recall": 0.5460030762469786, "test/f1": 0.6051675663517768, "test/runtime": 1.8761, "test/samples_per_second": 89.55, "test/steps_per_second": 11.194, "epoch": 13.0, "train/f1": 0.9726450848600312, "train/accuracy": 0.9872659176029962, "train/precision": 0.9903298495226747, "train/recall": 0.9569331354429964, "val/f1": 0.6136932073774178, "val/accuracy": 0.8023952095808383, "val/precision": 0.7098950131233595, "val/recall": 0.6291666666666667, "val/loss": 1.0353410243988037, "eval/loss": 0.8723912239074707, "eval/accuracy": 0.8323353293413174, "eval/precision": 0.7491492520269498, "eval/recall": 0.6070833333333334, "eval/f1": 0.6425974385053669, "eval/runtime": 1.8614, "eval/samples_per_second": 89.716, "eval/steps_per_second": 11.282, "train_runtime": 944.1832, "train_samples_per_second": 42.418, "train_steps_per_second": 5.306, "total_flos": 4566415362462720.0, "train_loss": 0.36875498585584426, "label_metrics": {"_type": "table-file", "sha256": "2c68018368b6fe8988edb088fd8b2665a4b25674ec10bf07ce5ca3988dc1be7d", "size": 694, "artifact_path": "wandb-client-artifact://aqvzit9noz3ymwp11xj8yn69ap90o0v4nl8esvvxmyngtuj5t0gh2so8ujxbnm2b0y4akgyhw5hc1967ybybcwiv8es0s2ud7u56gligcmh6n8cvkgijqoksg2a4tefm/label_metrics.table.json", "_latest_artifact_path": "wandb-client-artifact://4yphiw4vnxt4t3dab5nfkemkk3v4eybn9pi76kdavmzwa9cy9xngalhohuxt2e11zxd6jbtqgv13wop68nvzwzcrenb69mnn3qap6it9kwg2u5i08ityo8np02oi6zs8:latest/label_metrics.table.json", "path": "media/table/label_metrics_272_2c68018368b6fe8988ed.table.json", "ncols": 6, "nrows": 5}, "test_predictions": {"_type": "table-file", "sha256": "72bd8431d1335fbd155648c3811e28d44d863a359a8b0b1d8c37d33fcd2f14dd", "size": 139781, "artifact_path": "wandb-client-artifact://7uw0su144b8uoan035yssufzkk987ppsbxujyaqy2tyineb2qx3u384o5uk6iqxaaijtoo10rt4punatkincig333h3y89dwnmxkhpvgqhc5qnbi4zcp3un6na3s9u5z/test_predictions.table.json", "_latest_artifact_path": "wandb-client-artifact://pmijx946zd30jlhk5f9crzpjyb5ifz0vhjolavd257dx713q1hw3feyeg5hwuwfaajs05r78ipcg33wbtsfqzp0klm9ldolho0cijaea91bgqza3phm5m1y8udr1lc94:latest/test_predictions.table.json", "path": "media/table/test_predictions_273_72bd8431d1335fbd1556.table.json", "ncols": 8, "nrows": 168}, "test-metrics": {"_type": "table-file", "sha256": "a304d335259d49c72db67e90ae55f2b7e2a91bbeb6ada821783b7580844ff0df", "size": 214, "artifact_path": "wandb-client-artifact://jp3yj6cb97wdl64157lbo6e479xbuqae4ah6kp1lsnxk8g900la35v1dr54n8yr7v66d7sztw8r19y8w7v8jylkszxstbbvc549w315nsytelrrpmcifo5rht5o0tmrz/test-metrics.table.json", "_latest_artifact_path": "wandb-client-artifact://kf0zyo2h0leakugkeai5fhrlgsvmm22fizw405v4hqoof5c6vm84dvwxtukq6m8bula0olajryhzkhvhogzspe3cbvocgoud2t2q8jpsr06i170uh0sn5antt6yz373v:latest/test-metrics.table.json", "path": "media/table/test-metrics_274_a304d335259d49c72db6.table.json", "ncols": 5, "nrows": 1}, "test_connective_metrics": {"_type": "table-file", "sha256": "8330d63dd3dec4f638917764f4ec12a0466dc8a96c411fb135e811b6445e8f6b", "size": 466, "artifact_path": "wandb-client-artifact://dwpcdl0ximjwvp02tk1jqjp2m2hfl95g45790gfo73not2zkofeifhja6w0hk5b6f4xpgq7w4mpb4uizqmrmc9l5vxd14ady56ny7s9nfad7aiy07075ns1dlyxnz3hl/test_connective_metrics.table.json", "_latest_artifact_path": "wandb-client-artifact://kdn4nv9s0su2ric8sj9r9twqz4k2584q57jrwb5vm5k3j1xfzmncd0kdhkpxh35vhnrnzi3siggk1g7nh7hm73jyq8azeizukbspvj8gow53uq1tg38pjkf2g60opz6x:latest/test_connective_metrics.table.json", "path": "media/table/test_connective_metrics_275_8330d63dd3dec4f63891.table.json", "ncols": 6, "nrows": 3}, "Exclude_counts": {"_type": "table-file", "sha256": "c34a277c71c512b8edf166c56baf83d9cf5f1d112b0d9e9e2b7fd47129239695", "size": 93, "artifact_path": "wandb-client-artifact://sxqn7oxj3vkxwg15klxozllhgv8ymnhpj1d07z7badlwv3gfscm2a7a7s73rcpreaf01c4jv7ub2r4dq4envn5j0ldcs452p35m63wlyhiphphw7uba4i323jsmh78oj/Exclude_counts.table.json", "_latest_artifact_path": "wandb-client-artifact://g3v36a7s0qhiigu4hvs4jbxfnthbaa6vfhazdmexgi3w68muxdq2en1pm6lbvf0md8421z0ux6zeuc9flxrqqf4s0217s84f3v3i0ephwowitd3840subwhqwlai7c03:latest/Exclude_counts.table.json", "path": "media/table/Exclude_counts_276_c34a277c71c512b8edf1.table.json", "ncols": 2, "nrows": 1}, "_wandb": {"runtime": 960}}