{"train/loss": 0.3081, "train/grad_norm": 3.5232131481170654, "train/learning_rate": 3.148558758314856e-05, "train/epoch": 13.0, "train/global_step": 2171, "_timestamp": 1738580409.6409366, "_runtime": 950.145322561264, "_step": 276, "test/loss": 0.9309983253479004, "test/accuracy": 0.6964285714285714, "test/precision": 0.39657534246575343, "test/recall": 0.23849703361898483, "test/f1": 0.22710977865663073, "test/runtime": 1.8941, "test/samples_per_second": 88.698, "test/steps_per_second": 11.087, "epoch": 13.0, "train/f1": 0.5679266972248612, "train/accuracy": 0.8853932584269663, "train/precision": 0.7805868205736541, "train/recall": 0.5498872805855172, "val/f1": 0.45768009768009765, "val/accuracy": 0.7604790419161677, "val/precision": 0.6404761904761904, "val/recall": 0.425, "val/loss": 0.7937235832214355, "eval/loss": 0.66668301820755, "eval/accuracy": 0.7724550898203593, "eval/precision": 0.6963087248322147, "eval/recall": 0.44291666666666674, "eval/f1": 0.4730253142149053, "eval/runtime": 1.8796, "eval/samples_per_second": 88.85, "eval/steps_per_second": 11.173, "train_runtime": 942.7145, "train_samples_per_second": 42.484, "train_steps_per_second": 5.314, "total_flos": 4566415362462720.0, "train_loss": 0.670713945173108, "label_metrics": {"_type": "table-file", "sha256": "3e4b1aa0ff5c6f6d7f7966204674ac1c933431aef960f8ceddb5adf98d3bcf86", "size": 595, "artifact_path": "wandb-client-artifact://nqogh7usiaejyo2sgygctdndjj4lq4atdntafils2s1ix0qlyhoc1nomunmxlw4f2uigitvsjvizk2lncg616q8umqd01zlfrlfxs2ocbk6qij076o772cbp3i6yd7cu/label_metrics.table.json", "_latest_artifact_path": "wandb-client-artifact://2q26djr4k3y6t1kk07f1ligrzygoxzkpx1kxb2tiffybuj60mxjlcfv9wv7p6t6b8kj4rhhk8sa8ca5l5fetjimjwmslf031rxrk9gpmgtbdtc7qhijybu4g9x1zduvi:latest/label_metrics.table.json", "path": "media/table/label_metrics_272_3e4b1aa0ff5c6f6d7f79.table.json", "ncols": 6, "nrows": 5}, "test_predictions": {"_type": "table-file", "sha256": "509e5d72840c65414d593295653a9b4b9cf12d680b221b557ff9abc475c1f773", "size": 138195, "artifact_path": "wandb-client-artifact://2sou2i3fcm34jpo70bidgg400zl7urcs8yxjdc1jii0c5oragys1c42ki5mmy54p0p0qz1r3jfnwod4vtbaeet29wol83rdc9akrbrn8pzx1y0opcwci4q01wp43ld5p/test_predictions.table.json", "_latest_artifact_path": "wandb-client-artifact://wu78gwwz0o1tnnjvbu43qijbo4ohozp1bh1ng5q1t7xqiyy60cuh2gfsc0968xdipyh4uz2pc4ocbdhzislllhy7a7viyhczsi7ecmk9jypsx6sm6i6dblvqtexam9wo:latest/test_predictions.table.json", "path": "media/table/test_predictions_273_509e5d72840c65414d59.table.json", "ncols": 8, "nrows": 168}, "test-metrics": {"_type": "table-file", "sha256": "7c0d69ffe8b619374b6c01c730bf49f21dda338f28cf65c140c191e24db653a9", "size": 213, "artifact_path": "wandb-client-artifact://1y2gmonc7ut5lykr8a8he1wj9aerts3pho2xyykfbibtqug6eonbxsf555iol12geevb9d17df5boas7f2foykrs2o0gdxtquzsrpeyuqvyv3lorh29nfh9ysinfb6xy/test-metrics.table.json", "_latest_artifact_path": "wandb-client-artifact://j3868cm1mpy3t3y4dijwyb0qllw5enq7jvweodek6oi12o5g5nl8xuumb0gowi79r1wsr8e86phlo37l56syehpm42724opqoehw70se44qn8o5sq095p7vu2442rtod:latest/test-metrics.table.json", "path": "media/table/test-metrics_274_7c0d69ffe8b619374b6c.table.json", "ncols": 5, "nrows": 1}, "test_connective_metrics": {"_type": "table-file", "sha256": "2467a43bf501c6ba6e6ceade413f2d4da76af47f758da7829b13790340663dcf", "size": 456, "artifact_path": "wandb-client-artifact://hmptjpu4ptpgdrgxheipmhgwblczpxavi56y6czt7bkjutgnxt7dyu2gva2an694drfmkhl99cfta23hd187nkc3fm25xyzutnpnf2iaw1iypd9k7zsf90htojb95tvb/test_connective_metrics.table.json", "_latest_artifact_path": "wandb-client-artifact://xeqn8cpmjgho9jufhzg489m7y0h7e2s0kimen3u72v6mlw6nadr9ntcvc4hq812n206225m8a00yzwx3r57djbs7zl1sbkxi98sc8e0ywshdb2j94fxs51n4kdi2bpau:latest/test_connective_metrics.table.json", "path": "media/table/test_connective_metrics_275_2467a43bf501c6ba6e6c.table.json", "ncols": 6, "nrows": 3}, "Exclude_counts": {"_type": "table-file", "sha256": "b29489d20e57d05bb6aec67be60a99d8dcef8e432ded61216e66508bd510be58", "size": 90, "artifact_path": "wandb-client-artifact://epanh61okfr9qxg9vjqintza7usjo8jcn39tes4rlfwyefg4g9bp93zzayhkebdhu8jf1x9ct9prvfojmo3h6t06tj9sdlv74gf1y4mvb9r08l6z9j1abf18n2nczhcs/Exclude_counts.table.json", "_latest_artifact_path": "wandb-client-artifact://8r8s4enys22059w0xkil9ucxka98ve6xvx6b28mdj7wnz1xbyjc68cvehlljsx29mu2y48ppa4pjqlr11gm0t34dbtrl2r7hj4gnkmf8vb7qp4vchxzhyuo3y1m6zams:latest/Exclude_counts.table.json", "path": "media/table/Exclude_counts_276_b29489d20e57d05bb6ae.table.json", "ncols": 2, "nrows": 1}, "_wandb": {"runtime": 958}}