{"train/loss": 0.0108, "train/grad_norm": 0.006839285138994455, "train/learning_rate": 2.971175166297118e-05, "train/epoch": 14.0, "train/global_step": 2338, "_timestamp": 1736733284.0913136, "_runtime": 1008.4224774837494, "_step": 296, "test/loss": 1.0321857929229736, "test/accuracy": 0.8630952380952381, "test/precision": 0.8688172043010752, "test/recall": 0.8065458141067896, "test/f1": 0.818853129904444, "test/runtime": 1.8796, "test/samples_per_second": 89.379, "test/steps_per_second": 11.172, "epoch": 14.0, "train/f1": 0.9777142435865084, "train/accuracy": 0.9940074906367041, "train/precision": 0.9931193263698234, "train/recall": 0.9640096769863842, "val/f1": 0.7447773685133678, "val/accuracy": 0.8922155688622755, "val/precision": 0.8611050527081062, "val/recall": 0.7654166666666666, "val/loss": 0.7440481781959534, "eval/loss": 0.7020087242126465, "eval/accuracy": 0.9041916167664671, "eval/precision": 0.9053083923154702, "eval/recall": 0.8699999999999999, "eval/f1": 0.8762634955406039, "eval/runtime": 1.8641, "eval/samples_per_second": 89.587, "eval/steps_per_second": 11.265, "train_runtime": 1001.0111, "train_samples_per_second": 40.01, "train_steps_per_second": 5.005, "total_flos": 4917678082652160.0, "train_loss": 0.19786967430871227, "label_metrics": {"_type": "table-file", "sha256": "6837c85b9b5f1a95a3b208ab3e64623325f3fe69a80a32ebf421706af5f23e41", "size": 612, "artifact_path": "wandb-client-artifact://4kfo2528zci8p104blkg0rseq3585z88s1qkw47eq5ydbqsl9e7cwa4slqt69dg8i85u4rb6wne5b5y2tiytwzitlxpmemllt1crh6fobr42rm6sageaap7sqovq970j/label_metrics.table.json", "_latest_artifact_path": "wandb-client-artifact://kt6glsz8d1d1pf71ggrwmzfkbuw7abesr9jkdm901kb604jhba3i8i20dy5lehigdh6i2i63rs30qkxko77q27xseub0qncu9jj4da1uowp9ukxr86zbuq87kftpp8r7:latest/label_metrics.table.json", "path": "media/table/label_metrics_292_6837c85b9b5f1a95a3b2.table.json", "ncols": 6, "nrows": 5}, "test_predictions": {"_type": "table-file", "sha256": "b1de5fa9844735d650a132e2ed73e0789388c0cbeb31716b160369f37921fb44", "size": 90915, "artifact_path": "wandb-client-artifact://tdrsdh4k4cm865xv11n9iikk8edhf5wslxlaaevwa8jin71kb8emv0j6tym9cly36124bzhv9jydtz8seghw9ai9z2ok57mpccpcdvmda3vr5v9rvipyd1ku8czc33yo/test_predictions.table.json", "_latest_artifact_path": "wandb-client-artifact://0argbt0vksp2z04ugyenix6zfd33i79jm0uvd1h50dsf512oaqo96yshj0qiw0ajryo4va2q4ox1z0mynsdwwsw8n1z3rfsd2luvpgn9hnx2ueu3mq2viuwto4n0ynj0:latest/test_predictions.table.json", "path": "media/table/test_predictions_293_b1de5fa9844735d650a1.table.json", "ncols": 8, "nrows": 168}, "test-metrics": {"_type": "table-file", "sha256": "219634c7e43d65eda1843aa3decbfd3c1d1814a59d64446058508091ea5c7a67", "size": 195, "artifact_path": "wandb-client-artifact://7sgx9xdnciw3uc5blakxb4wjzmvb8a2l0om5ja890uo9605c6d4cuu4zsbpm5bh60hvdy0wjrq0mhvy407bw3nd0brn8mz5y69s0pclbfo23ji8jhqd5ngmai6ibf9h9/test-metrics.table.json", "_latest_artifact_path": "wandb-client-artifact://mw9mlr4uwkg2zirl90ybn0ine5bms1egjqlmqkoq0j1lgbpmoe1bgkonmd81ewajvijmgpt1hxmcm6fw5bno3sho9tbu2941jszmawxv2a5vsigdc0seivnk31ols3bi:latest/test-metrics.table.json", "path": "media/table/test-metrics_294_219634c7e43d65eda184.table.json", "ncols": 5, "nrows": 1}, "test_connective_metrics": {"_type": "table-file", "sha256": "4b387ef8f0215f254030d400eabed5a0fc51e6f395bd1106ce9d9d8b70366de8", "size": 439, "artifact_path": "wandb-client-artifact://0i6quxayrb13flea3chs999rq5ziqf226xoevxtrpu4535g67zhauspk9kya0htdsve1jmawdjyeprzaerdxa4y8bu9aj308pk5n460oegs90sb9c2qygnwnnmngovpi/test_connective_metrics.table.json", "_latest_artifact_path": "wandb-client-artifact://tr1p8e689g1lr8m4hqacbq5dof94cv7ht9hxfvcoxemz9e1l124cypvr54q8f3mcga1ntjk2szr05nu7ivkn70mr5vx8xltv06ivnjuc07cj2edxf8f8hmm01jof1vwd:latest/test_connective_metrics.table.json", "path": "media/table/test_connective_metrics_295_4b387ef8f0215f254030.table.json", "ncols": 6, "nrows": 3}, "Exclude_counts": {"_type": "table-file", "sha256": "1b351f34479cdfe9bb187a7d7913779d5623e98ab90b705bfa6a94767059f967", "size": 72, "artifact_path": "wandb-client-artifact://9labdad80h99a5dm42st3rbozrwqcbx008ykupf4daqmflggzamy1tlm04h9j5inec2h3zh9ib1yly3qtv1tugt01jvqr6n82xne39l1b0ktaq631meei5wo3xtxrs4p/Exclude_counts.table.json", "_latest_artifact_path": "wandb-client-artifact://bz5lno7pis0ao78ij6drabtqsr2sjj94sa5xkdm3onaz0ocfzvy1vpt0r1x7nr9hcagbhtwv6rt432u6nksx7iu0kx4nxjqjj9mdh64kk687czwe826fyjnttcrhnkyq:latest/Exclude_counts.table.json", "path": "media/table/Exclude_counts_296_1b351f34479cdfe9bb18.table.json", "ncols": 2, "nrows": 1}, "_wandb": {"runtime": 1017}}