{"train/loss": 0.5959, "train/grad_norm": 11.658293724060059, "train/learning_rate": 3.52549889135255e-05, "train/epoch": 11.0, "train/global_step": 1837, "_timestamp": 1736789307.766533, "_runtime": 792.1024599075317, "_step": 234, "test/loss": 0.8552330732345581, "test/accuracy": 0.7083333333333334, "test/precision": 0.57725768321513, "test/recall": 0.26952757635684466, "test/f1": 0.27431457431457434, "test/runtime": 1.8654, "test/samples_per_second": 90.059, "test/steps_per_second": 11.257, "epoch": 11.0, "train/f1": 0.5757272901533165, "train/accuracy": 0.8838951310861424, "train/precision": 0.8970900420196092, "train/recall": 0.5269920165717561, "val/f1": 0.36594087449106033, "val/accuracy": 0.7724550898203593, "val/precision": 0.5265580057526367, "val/recall": 0.3591666666666667, "val/loss": 0.925602912902832, "eval/loss": 0.692633330821991, "eval/accuracy": 0.7784431137724551, "eval/precision": 0.7083333333333334, "eval/recall": 0.43499999999999994, "eval/f1": 0.4770255998517741, "eval/runtime": 1.8541, "eval/samples_per_second": 90.071, "eval/steps_per_second": 11.326, "train_runtime": 784.8763, "train_samples_per_second": 51.027, "train_steps_per_second": 6.383, "total_flos": 3863889922083840.0, "train_loss": 0.6568645247961428, "label_metrics": {"_type": "table-file", "sha256": "1667b89115af9530b884dbd95cb44db5cfb4ada01acdab47819ca7ea0380755b", "size": 624, "artifact_path": "wandb-client-artifact://f82f771rb9hnsgs2bzr7rttcd5ku8cxnkl8lfnsrzzgs2b0cev9zt5ngyotksnjc45wnunxwioe9crydcxfkwumq5vgu59f2715mrfg96hp6vj44lv48wqt1b1qn00fk/label_metrics.table.json", "_latest_artifact_path": "wandb-client-artifact://stafsuu7sylbxbecjrf6ulcowx9o52j2fy3xtlybpd938o259ttjbjv6h20f9bkteltxwap2pv7pdzhkjx50unmzkl80v67yxvhrh8ibxxzrt4b8vckikk2heoe8ng6z:latest/label_metrics.table.json", "path": "media/table/label_metrics_230_1667b89115af9530b884.table.json", "ncols": 6, "nrows": 5}, "test_predictions": {"_type": "table-file", "sha256": "3a72763ca8cd04e1d9f90993e1783719da03d7b11c415680bb564a65de81945f", "size": 86685, "artifact_path": "wandb-client-artifact://qrxbctrkoc6a2qpcwloft6lrzzjy7iyqs9tcxgqqwm4is7waokgla2hlkcq388swdkqhpzo79g9xrjnnos0rfaa8y59rdfv1rp897bfcj3kouegoby5gljxl2dhdq5t9/test_predictions.table.json", "_latest_artifact_path": "wandb-client-artifact://stau9gfjisrvrzsy7pbbyb45alnxuxfm5wh4rjb0gyfem85crkrbmni3bh4fqw2utzwhww5uzo9rc3csg2skh1404lp181tmof4usi7w5bzfakuw2m397f8ous5w0fu5:latest/test_predictions.table.json", "path": "media/table/test_predictions_231_3a72763ca8cd04e1d9f9.table.json", "ncols": 8, "nrows": 168}, "test-metrics": {"_type": "table-file", "sha256": "cb059d86cecf73ef730ea87821bd53d678a28fbb88879b0df8736a87e7fbfc95", "size": 210, "artifact_path": "wandb-client-artifact://w852ly8mb9kkre9v4fm22bm68yequcv8z6hevhz0dzm605tdmuwnpnkwlc5ntqgzt5dhctut34he3pdal437qncd9huggmnpd8rp2sbwqmaaems92wc1ynz56p10w9bb/test-metrics.table.json", "_latest_artifact_path": "wandb-client-artifact://zssrpdlvl81tuzol2io218xz64gzz9qmna5hksu3kp0dnhalym87gupv5yaupg99yksikghz8boh9u1fmygwq50pzf6utpxncia85den76tr2pzchf6mrxdnlkfvkcki:latest/test-metrics.table.json", "path": "media/table/test-metrics_232_cb059d86cecf73ef730e.table.json", "ncols": 5, "nrows": 1}, "test_connective_metrics": {"_type": "table-file", "sha256": "cddefa10c0aab494e193487d970a6d286238612a36e6854431511b5189e7e482", "size": 415, "artifact_path": "wandb-client-artifact://v60m279izvyguf2g204p9v0lut2wxm3e298xx3px6sh0z01y9zttbok35wv2q36ra2qenpp4u1pvqe10hxy50ze3l4d16odod9nq7hb4uas5lwil72nv14znpvs4h0ky/test_connective_metrics.table.json", "_latest_artifact_path": "wandb-client-artifact://bv3gb3a6t6yfvnygq8pkeyarshogd6uqjbc4w4hvlqznhx1ge920rn6c9d0zkocetaeqzl3gbi80pliqwsauet9zipai92wzpmhp5bfmk8a46oof26z9um9cjvq60r9t:latest/test_connective_metrics.table.json", "path": "media/table/test_connective_metrics_233_cddefa10c0aab494e193.table.json", "ncols": 6, "nrows": 3}, "Exclude_counts": {"_type": "table-file", "sha256": "b29489d20e57d05bb6aec67be60a99d8dcef8e432ded61216e66508bd510be58", "size": 90, "artifact_path": "wandb-client-artifact://wx82dbicnhwbnbofxn3qpuvapocmu5gdcysxycnb843796i64kjnww2h0i10rhrz8qetl464nyguqel46ipk185cn0492848oxd69fo43s867o38qzbm11g1whhaa9xj/Exclude_counts.table.json", "_latest_artifact_path": "wandb-client-artifact://b0225k3558enjyv5ccjptvohbp7akbtsl9p1170ysmgqlpqtm9mm6kx10a8yzjbcpx75cxr289wum8nalbmg2phg6o9fqrnhmgrhjz7nj5vv024upikxvsj3md678r6w:latest/Exclude_counts.table.json", "path": "media/table/Exclude_counts_234_b29489d20e57d05bb6ae.table.json", "ncols": 2, "nrows": 1}, "_wandb": {"runtime": 799}}