{"train/loss": 0.0708, "train/grad_norm": 84.21321868896484, "train/learning_rate": 3.7028824833702884e-05, "train/epoch": 10.0, "train/global_step": 1670, "_timestamp": 1739886248.6261477, "_runtime": 1533.272391796112, "_step": 215, "test/loss": 1.3480544090270996, "test/accuracy": 0.7857142857142857, "test/precision": 0.6503080898429736, "test/recall": 0.43881125027466494, "test/f1": 0.4648120300751879, "test/runtime": 4.4246, "test/samples_per_second": 37.97, "test/steps_per_second": 4.746, "epoch": 10.0, "train/f1": 0.7618651577733055, "train/accuracy": 0.9827715355805243, "train/precision": 0.9370207078025848, "train/recall": 0.7775704322778981, "val/f1": 0.5705108710150727, "val/accuracy": 0.8622754491017964, "val/precision": 0.7248637992831541, "val/recall": 0.5691666666666666, "val/loss": 0.81828373670578, "eval/loss": 1.0354188680648804, "eval/accuracy": 0.8263473053892215, "eval/precision": 0.8385480416156671, "eval/recall": 0.6333333333333333, "eval/f1": 0.6424871794871795, "eval/runtime": 4.3994, "eval/samples_per_second": 37.96, "eval/steps_per_second": 4.773, "train_runtime": 1520.6222, "train_samples_per_second": 26.338, "train_steps_per_second": 3.295, "total_flos": 3512690195097600.0, "train_loss": 0.3596802798428846, "label_metrics": {"_type": "table-file", "sha256": "74a92620f87c628036cbe1db6f0743c049adaa4bc75803a63afbe081d6b8d1b7", "size": 633, "artifact_path": "wandb-client-artifact://7nxdvn5mcb8gz1ggg7a3cl0wkwpzxgd97n30x9voxznkp8vl9h1g28zqzhddu89mdikujegvm86s4ye2olme5qdalinld68xxuo4i9cpt1qt9xu8x8iujrgpwbk21ja9/label_metrics.table.json", "_latest_artifact_path": "wandb-client-artifact://bng72u9rbuxq254kr461oivtginfpf1u5isrjzkp20kwo76ohgcd3cmic9fopr8bkziq2ddc3jy09oho48hpc3qrmnpn57pa647fll55e0hvb5vq3tj3emdb1in5qkbi:latest/label_metrics.table.json", "path": "media/table/label_metrics_210_74a92620f87c628036cb.table.json", "ncols": 6, "nrows": 5}, "test_predictions": {"_type": "table-file", "sha256": "cec852170d5692155bf9ce547e225c0fe15b3df477343053cf2283c90e3731ef", "size": 89296, "artifact_path": "wandb-client-artifact://5a9rpklf6cnu5oefi36bvmijd2gorsy3uld3iy92mb2f1xc2sgoat6fqedsx6qcck53kqyv852afsmx0fpq41g2t0ca7uf1ydo9be695luyuhnltzh17s6ufhiavhsnm/test_predictions.table.json", "_latest_artifact_path": "wandb-client-artifact://kvypw49llyahizfs0jach6ez4u9jcdyn5k9wdz2o98p9ciejtt3zzd8tpotobo7k3rwzzcdvcnc04ivhwhg624nw74p22myw7i1ogsxjazpv3ags09k3xfey1trfdf0f:latest/test_predictions.table.json", "path": "media/table/test_predictions_211_cec852170d5692155bf9.table.json", "ncols": 8, "nrows": 168}, "test-metrics": {"_type": "table-file", "sha256": "1f66952ea71044062dd5e8f9aa4e2cb6640bd1496e21ed137e28202cd12e203c", "size": 201, "artifact_path": "wandb-client-artifact://qn5x7kuml2kek094pug3qghvrtuuih6tfjloffbt1wcuookotvgu2uxihvqnn72wh4o4f14lp2iuljl9ago3ckcsa65zu094clwauv9vxohuzrk4tl38agn5x0sm3h47/test-metrics.table.json", "_latest_artifact_path": "wandb-client-artifact://dlvvcowtte67ko12ljngztzok6ewevlwygrlsugqrqc6ox4bdcthjmlf9fr1jhgtxwraqye789bmp6s89kruy4r7ct5enfp33z3fx4eb0jvrpzhxygxlck84rrul5800:latest/test-metrics.table.json", "path": "media/table/test-metrics_212_1f66952ea71044062dd5.table.json", "ncols": 5, "nrows": 1}, "test_connective_metrics": {"_type": "table-file", "sha256": "1ad1440e4f08cd798ea969d1ae4cde31eee6d5486ef2da67aad73877866526dc", "size": 406, "artifact_path": "wandb-client-artifact://fgg1bymo3fdr835z3o9kd2biaps7ki4n6tall1zmzyicmkxxt7bjwajl91ed0tpjmox3f19g5rhvgnoip7d4g5rg9awz60vsjrq4csbomftau81g0nmyvrko88cqgm4r/test_connective_metrics.table.json", "_latest_artifact_path": "wandb-client-artifact://z7t3wrwe2we84yud3v9cgze7te6dvrh6exbo3xovhypcceewvk5zk78zhg7i59ttglcbb9zj9rw3diivhwcik67jobj06jri91sy2lewfr6ibsqs8zoxswym3j9zktru:latest/test_connective_metrics.table.json", "path": "media/table/test_connective_metrics_213_1ad1440e4f08cd798ea9.table.json", "ncols": 6, "nrows": 3}, "Exclude_counts": {"_type": "table-file", "sha256": "1315d459f2edbaf5a26cf162c57611f734e37385686ca35ad763b16ff92f0e5b", "size": 77, "artifact_path": "wandb-client-artifact://uk8c0ljxpq9sxtw7sr1rs5rri6q5we3n6n38qoty5kbq4zi9hkarnoq3i61ram9hl1q6k35uczaj4jbiwgmbwy3gtvr2hnrbot3z1giprizpjinw4qjvinuenuqm2t3v/Exclude_counts.table.json", "_latest_artifact_path": "wandb-client-artifact://gwt4ixdevojcafaigjzlutb3ubv1bm5sqjtsfsmcmtbjkcs8d3rcaqyfzaonuzkhglwhoyec5zeyve1qwpu7e3qt7968s5pchcerbi9880ev9w6xe4s3vk197ro674vj:latest/Exclude_counts.table.json", "path": "media/table/Exclude_counts_214_1315d459f2edbaf5a26c.table.json", "ncols": 2, "nrows": 1}, "_wandb": {"runtime": 1541}}