{"train/loss": 0.1193, "train/grad_norm": 66.72755432128906, "train/learning_rate": 4.0798226164079826e-05, "train/epoch": 8.0, "train/global_step": 1336, "_timestamp": 1739674994.779641, "_runtime": 1231.305485010147, "_step": 173, "test/loss": 1.0248093605041504, "test/accuracy": 0.75, "test/precision": 0.5909138002486531, "test/recall": 0.38802460997582944, "test/f1": 0.412771690954863, "test/runtime": 4.4257, "test/samples_per_second": 37.96, "test/steps_per_second": 4.745, "epoch": 8.0, "train/f1": 0.7366013986013986, "train/accuracy": 0.9737827715355806, "train/precision": 0.9218117816091954, "train/recall": 0.7401547142633776, "val/f1": 0.5066431924882628, "val/accuracy": 0.7844311377245509, "val/precision": 0.7283653846153846, "val/recall": 0.55625, "val/loss": 1.4594477415084839, "eval/loss": 0.7727376818656921, "eval/accuracy": 0.8263473053892215, "eval/precision": 0.8143796992481203, "eval/recall": 0.5125, "eval/f1": 0.5618181818181818, "eval/runtime": 4.3985, "eval/samples_per_second": 37.967, "eval/steps_per_second": 4.774, "train_runtime": 1218.3949, "train_samples_per_second": 32.871, "train_steps_per_second": 4.112, "total_flos": 2810152156078080.0, "train_loss": 0.502395957267793, "label_metrics": {"_type": "table-file", "sha256": "8ee22691214bb0cd49f2bc9a4ef64a91f0d74fa73648de192cccbcaf5c0c2284", "size": 585, "artifact_path": "wandb-client-artifact://6fe4lnjur782h6wluuz30l1n7wd15wr2jw1bgd98yz85ddhrfvy4876evda90on445czl1hzjn5t7q8k6rbthma64avjvp36u6x22y87vwcijr8ipqp50jggiuxjvga7/label_metrics.table.json", "_latest_artifact_path": "wandb-client-artifact://57ab6u1d81tzu405fr2hxwok8tt3k9wlhdwmzycpvwmw9o1m7apspmjuu1m8r04vrtu2dwxp5r0iqix56qguegmz5wsu4weylwsjrjct7qmo4naatwmc4wadkuudepy4:latest/label_metrics.table.json", "path": "media/table/label_metrics_168_8ee22691214bb0cd49f2.table.json", "ncols": 6, "nrows": 5}, "test_predictions": {"_type": "table-file", "sha256": "2dcc549282b6064d9df72f583e521f9c60c05eb71437484af371cbf5ce27ea91", "size": 75106, "artifact_path": "wandb-client-artifact://jt4c3w1cgigfv66uizv2ffi6mbly98hd6ulaco6swkhxzjh1hd221jftj00xlmy9eypvbm6cw4flsn5b778rhnb1gwfm7wkejtkypigj908vo257k7be767zkc1r9ype/test_predictions.table.json", "_latest_artifact_path": "wandb-client-artifact://4s8xdzcsrv91834zox9b1b2wkrr5kcvhkcd50ucakm22r7hizaymbq4dkuzq5ixdq87b82fps0q2uc31e3bako2129hx6egdt707i50ld4e4c65jpx3pfc7dqvsfkui5:latest/test_predictions.table.json", "path": "media/table/test_predictions_169_2dcc549282b6064d9df7.table.json", "ncols": 8, "nrows": 168}, "test-metrics": {"_type": "table-file", "sha256": "4fbfea1f5b7d138a3a6f53e9351e9fdf8b9a581352ba03c2e977633410309c8b", "size": 186, "artifact_path": "wandb-client-artifact://6dhod69749f2lxtn48d83u2qhbvquq8ju0jss2md7w9tcyifuj96qnc446vv2563nag58g2pwroa62xf154icjsg9l0crbm3vj81193g3cfezeshkt80yjdgp07xuf2v/test-metrics.table.json", "_latest_artifact_path": "wandb-client-artifact://2rusounq7j88adblyr63s52iml1skvq9uyj28jg8137227q7ncmoh4oh88373tw55iy9ng7cdlcrsm92cl9jvmpasr70gkr89m0m5vfzotxa47wj38xh1awkp27hx1m2:latest/test-metrics.table.json", "path": "media/table/test-metrics_170_4fbfea1f5b7d138a3a6f.table.json", "ncols": 5, "nrows": 1}, "test_connective_metrics": {"_type": "table-file", "sha256": "7149d6fa4339328c826a344700c0a9d9d141742fe6ef16705c900efc8dcc7f43", "size": 414, "artifact_path": "wandb-client-artifact://4zhgddh9fu2fhtnmhl5rb0bn9mx37bfk36ex1xgz1a99t234s1bfxaf5nzxle68dan4c99heikzsfviopxgu12pp6ul2xgab3sxgtr1udwvcbvwd73fnm5u16mq37euh/test_connective_metrics.table.json", "_latest_artifact_path": "wandb-client-artifact://wdk5m1rzrc4v0feylbq6ci3oeezwqf3mt4ejz69r723o7nbfgqyqzxu61wm1yxryu1hmu63bhh413p0aelhmz36cfh3qtnonho8bjxs86abd8jkus3lhx7kscnslwcjp:latest/test_connective_metrics.table.json", "path": "media/table/test_connective_metrics_171_7149d6fa4339328c826a.table.json", "ncols": 6, "nrows": 3}, "Exclude_counts": {"_type": "table-file", "sha256": "e1c9680c5dbf27c108a9c47e201f13cfb20008c24fc3198b33ecbe61bb69d2a1", "size": 79, "artifact_path": "wandb-client-artifact://4ua1inm7wrmwqti5w4vp6mqvbfzcj0lf1hrgtz43btnml8i3tkfpe2gek3os2u2gftvylc27j1wjpc9reuft14cqfxvglrpsbxvcmjck8jddroje46pma7l5hg4gx751/Exclude_counts.table.json", "_latest_artifact_path": "wandb-client-artifact://evdsg5drjm681dwj7hz0p53bgluyu1sarqs3b6lty4z34asaru7rmjl0mgq3qhcfdowyrbflp89oj2j1z8aux6msorigt0bk3fwddk3co1cz32udz9jm96r8znfzlkka:latest/Exclude_counts.table.json", "path": "media/table/Exclude_counts_172_e1c9680c5dbf27c108a9.table.json", "ncols": 2, "nrows": 1}, "_wandb": {"runtime": 1239}}