{"train/loss": 0.7528, "train/grad_norm": 4.776189804077148, "train/learning_rate": 3.8913525498891355e-05, "train/epoch": 9.0, "train/global_step": 1503, "_timestamp": 1739889634.5540943, "_runtime": 1373.3537743091583, "_step": 194, "test/loss": 0.987244188785553, "test/accuracy": 0.6845238095238095, "test/precision": 0.5353213665315576, "test/recall": 0.4, "test/f1": 0.27233830845771145, "test/runtime": 4.4309, "test/samples_per_second": 37.916, "test/steps_per_second": 4.739, "epoch": 9.0, "train/f1": 0.17157534246575343, "train/accuracy": 0.750561797752809, "train/precision": 0.37556221889055474, "train/recall": 0.2, "val/f1": 0.1672473867595819, "val/accuracy": 0.718562874251497, "val/precision": 0.718562874251497, "val/recall": 0.2, "val/loss": 0.7333964109420776, "eval/loss": 0.8528023958206177, "eval/accuracy": 0.7365269461077845, "eval/precision": 0.520979020979021, "eval/recall": 0.4, "eval/f1": 0.25962732919254655, "eval/runtime": 4.4037, "eval/samples_per_second": 37.923, "eval/steps_per_second": 4.769, "train_runtime": 1360.4244, "train_samples_per_second": 29.439, "train_steps_per_second": 3.683, "total_flos": 3161421175587840.0, "train_loss": 0.7287222431726005, "label_metrics": {"_type": "table-file", "sha256": "c842b3d8270514b7e3013d135253b5625f3ce748646dbc1dcad45c144b169e6a", "size": 598, "artifact_path": "wandb-client-artifact://oyqcox1mgu5rfmr127uk50m302vpf21pq28nrrw04c8vkaluedgn4komnuwtf3qy8gp2butaf7qz21bxmhrzui8iiemqi3hdwtqn7v16zpzl8248il7ypipz9q3ryr6s/label_metrics.table.json", "_latest_artifact_path": "wandb-client-artifact://il8jmo6yjfzabl8nhmmtimzwhdnu1jfg6ernbly6glj3m1xzbakop9iucocft7lb0p1t5d6kn9kh3uws6p7tnik58v9p7mqc7bagxszber8r2bn12eubxq6iq3vw0aqg:latest/label_metrics.table.json", "path": "media/table/label_metrics_189_c842b3d8270514b7e301.table.json", "ncols": 6, "nrows": 5}, "test_predictions": {"_type": "table-file", "sha256": "89ac217fb0e5b8a2b91d01b66e44be34c87d621f00feed4d9ad2d380fb5ca836", "size": 139601, "artifact_path": "wandb-client-artifact://9xjc76t8kil2fvcpzexr4n4qsxpdtf7lrriui0avgbvbionu3nkt0ty3dh3bdx8e683pjs9f1kczs02cbd80nw9x20g0qssqypq4sac4bcjoaskimyujlmx1x3a677u8/test_predictions.table.json", "_latest_artifact_path": "wandb-client-artifact://8jmzrz2eq2xh74y82zck6sqchhfver9s7hwk5gkkuugpir9uzp8uhzwguz9hvkxm5led4yeqkk7pgc01hbudo8fs07y08j3jnsobsnvsvzcrhnpt9vi3g5pzi12im95a:latest/test_predictions.table.json", "path": "media/table/test_predictions_190_89ac217fb0e5b8a2b91d.table.json", "ncols": 8, "nrows": 168}, "test-metrics": {"_type": "table-file", "sha256": "5f00498987fd3cf2f327de76fb111ff21f3eb2793f3817a3ca4c00ea0307e80e", "size": 200, "artifact_path": "wandb-client-artifact://vkxo1j2s05klcfz1aocuvclcwx8gx2tkc18glcig1o87ho3qntgvfs9vu3dmyplgonlfut6zo0bqhmfozws7buxh2xzkk3v4cyzhkpvxwon0v9xzwjuzygqvmrujfjns/test-metrics.table.json", "_latest_artifact_path": "wandb-client-artifact://1d8mjmx787430wtyemaopksqlsrar0ixb1lxrmn5gi5y76cqfrumlo62fo0i2zj51j88u3a69bevstgo1pa4a4iw8aom4lj7y7vl2ga21ciok9a42n4u8e75oiqjflf7:latest/test-metrics.table.json", "path": "media/table/test-metrics_191_5f00498987fd3cf2f327.table.json", "ncols": 5, "nrows": 1}, "test_connective_metrics": {"_type": "table-file", "sha256": "12ba30838c06b2f3b7d9d951fe197ec3189eeb2130bd3833d1d766c95a0356a4", "size": 464, "artifact_path": "wandb-client-artifact://30iq763juppy0g4ka2m7sgbzdi7q6e48e6ir9itrz59rkc9nw8yxh69e5t0e4xfhy8siw6d5olsvutorw7e0wdx36ecvys6nsuci5i2e0hiabx62sc8y8fkwpskjrrn2/test_connective_metrics.table.json", "_latest_artifact_path": "wandb-client-artifact://fjt63c86pbxt3lhgjxitoe0rwiawwp6oskdzloqvxa2ejg61v6b4w6s7sjp8e3b7ebws402px4ktacp44cutbth8o1ft146xyhgbtktb1wlvnf6umwv5dp4yuo6no6n7:latest/test_connective_metrics.table.json", "path": "media/table/test_connective_metrics_192_12ba30838c06b2f3b7d9.table.json", "ncols": 6, "nrows": 3}, "Exclude_counts": {"_type": "table-file", "sha256": "c34a277c71c512b8edf166c56baf83d9cf5f1d112b0d9e9e2b7fd47129239695", "size": 93, "artifact_path": "wandb-client-artifact://a3g567z9rv1itphqgm8gz1d70jdhwodte4mi3hflfhwl1ejv8hjneu4c3vxjf98j0geahjuddmybm0d677w8d7bq2op66utkinimxz6l2b4mjrhzym0icb2gakthj605/Exclude_counts.table.json", "_latest_artifact_path": "wandb-client-artifact://5qel8hk6unx5repvip17n20zslzas5z8sbzetif2mxe9lvpdp1x2c849tsed685wg9tv4dy8t7uzxdtbretnhb3fo5tz0h4h5i8r60l8wz8nh72386k0upwm9bof97mw:latest/Exclude_counts.table.json", "path": "media/table/Exclude_counts_193_c34a277c71c512b8edf1.table.json", "ncols": 2, "nrows": 1}, "_wandb": {"runtime": 1386}}