{"train/loss": 0.0001, "train/grad_norm": 0.00898033194243908, "train/learning_rate": 2.971175166297118e-05, "train/epoch": 14.0, "train/global_step": 2338, "_timestamp": 1739601522.788733, "_runtime": 2134.7990679740906, "_step": 297, "test/loss": 2.3847508430480957, "test/accuracy": 0.7440476190476191, "test/precision": 0.6462828535669587, "test/recall": 0.5413293781586465, "test/f1": 0.5474716854027198, "test/runtime": 4.4203, "test/samples_per_second": 38.006, "test/steps_per_second": 4.751, "epoch": 14.0, "train/f1": 0.9956488363867155, "train/accuracy": 0.997003745318352, "train/precision": 0.9936306491494623, "train/recall": 0.9977659360178726, "val/f1": 0.6570367015811335, "val/accuracy": 0.8622754491017964, "val/precision": 0.7290825285338016, "val/recall": 0.6920833333333334, "val/loss": 1.241385579109192, "eval/loss": 1.2765833139419556, "eval/accuracy": 0.8622754491017964, "eval/precision": 0.7797619047619048, "eval/recall": 0.7545833333333334, "eval/f1": 0.7199333592132504, "eval/runtime": 4.3934, "eval/samples_per_second": 38.012, "eval/steps_per_second": 4.78, "train_runtime": 2121.7262, "train_samples_per_second": 18.876, "train_steps_per_second": 2.361, "total_flos": 4917766273136640.0, "train_loss": 0.2101702045679564, "label_metrics": {"_type": "table-file", "sha256": "47117592f22d7edf75d460e0f530f8172d9123f20fbac1291c571c363dbb8a9f", "size": 609, "artifact_path": "wandb-client-artifact://4lapkndgpz0hnv0hhkgosvxnrhauovgvk0845umnp6qy6aznqx71kb0c5fiztld4olm1ecw0vvr1m7vtbgtjo024f10mt6em5n9agonq066dxbrlufegya17ubcbvrlh/label_metrics.table.json", "_latest_artifact_path": "wandb-client-artifact://8sc7ft8fv56jk4xlm80mjl4mej91ysjnzjp88syvzn4uogs9afili0af70e51b72cd7c557tafuafdcaud75juwyka4qfvzbfg3gbuco5njegao8nipducl6rvnfxl5c:latest/label_metrics.table.json", "path": "media/table/label_metrics_292_47117592f22d7edf75d4.table.json", "ncols": 6, "nrows": 5}, "test_predictions": {"_type": "table-file", "sha256": "35a647e3edc6a8b2b9cdde9de979c72ce99baf12aad69c2c002116f825faf6db", "size": 53550, "artifact_path": "wandb-client-artifact://givsvwc9qjc4z7xnovwpuj8jf8l2any4y6i0d7t951oz3ia12hcvm8l66sov8k7zl9jwfzfkhbzdjvkxqxkoc4kamow1gh9wu1vwdel6sd03fpit1ms7k0tm6ir9wldi/test_predictions.table.json", "_latest_artifact_path": "wandb-client-artifact://nuvpxre7tixawdqnl1knmh39kbej73g16wxx5fw2xe2p4mnydsu103xymvpfi6yeyo2hrvdesop6ssnhkzqy08z1lkvjqc6dvcej5kys15z571a858mtlp6u2bm9hx2e:latest/test_predictions.table.json", "path": "media/table/test_predictions_293_35a647e3edc6a8b2b9cd.table.json", "ncols": 8, "nrows": 168}, "test-metrics": {"_type": "table-file", "sha256": "947e6788e7f54bd9f239c043d3a35d94fe29a4438fdea313bc307e42afb48d2d", "size": 195, "artifact_path": "wandb-client-artifact://n1psmnotsisufvemszu1ukmbycjdv0apow4megdbu4276028t21a4mi38a74snu5zd5eg2d7auo0t84ut0z7e4fne9w6hlrm3arstc75irhh68eddhqrfnw3zeacelpb/test-metrics.table.json", "_latest_artifact_path": "wandb-client-artifact://yfol7u064yafgf2u4uke0cebicwwlzt6224zrotocr32k49ioy8dtxawu7jpl3vl8udda4l8s3316nhadqlkxzf4w7abfmnzpq3w09eamtwj3d79vy80efsl24z5eqg6:latest/test-metrics.table.json", "path": "media/table/test-metrics_294_947e6788e7f54bd9f239.table.json", "ncols": 5, "nrows": 1}, "test_connective_metrics": {"_type": "table-file", "sha256": "5b551fcdd49af89e8888ebee134e2e1592af4e7ff21b613d01c48872433bf223", "size": 410, "artifact_path": "wandb-client-artifact://9u6kxa3wuyaio9jcw7eqb3qri28cx0hdp8stff7x8gwjffzls29zlyxltur9nge9v0ydc8otrr755p5jvdsvdfbj71y6v226kitlaenrujwnclgtu09cztzsbhsrtn97/test_connective_metrics.table.json", "_latest_artifact_path": "wandb-client-artifact://ptt99o04ddxzfxs889ddsz5yfs3la4jho5twq8hqcli52pzc2syvj50b8v7l1n5rn4xyayk8sdybk7n10j3ckvv82rxrpqaymyivtgsz0nihy765lt3t6d08b0du8r72:latest/test_connective_metrics.table.json", "path": "media/table/test_connective_metrics_295_5b551fcdd49af89e8888.table.json", "ncols": 6, "nrows": 3}, "Exclude_counts": {"_type": "table-file", "sha256": "14b17048af7d70db18371f6d087e4493b63d0c540484cbe27bc06c81be6115b0", "size": 74, "artifact_path": "wandb-client-artifact://vlqsxhrijg43rubtkp7s1c6q9l1z6spn0st5gkc6lszzzwze0vkdxe9s0pxst9nr6a2w36wcy8l3laj3zh689chfu9ya4jxncelw05vi34902d8thtduhyg4mz3l5jym/Exclude_counts.table.json", "_latest_artifact_path": "wandb-client-artifact://dg06omxajdf4acuz4hdmckywxwa7x8daau92wwn1se7381egeq8jrh84m0qw48190avp9piugx1tmxufneq3shskc3y0chzmdahbnitlje9qho1s8rff6bz1kppxus9n:latest/Exclude_counts.table.json", "path": "media/table/Exclude_counts_296_14b17048af7d70db1837.table.json", "ncols": 2, "nrows": 1}, "_wandb": {"runtime": 2142}}