{"train/loss": 0.9999, "train/grad_norm": 6.64471435546875, "train/learning_rate": 4.8226164079822614e-05, "train/epoch": 4.0, "train/global_step": 668, "_timestamp": 1739922324.975329, "_runtime": 618.6830058097839, "_step": 90, "test/loss": 1.0000662803649902, "test/accuracy": 0.6607142857142857, "test/precision": 0.6607142857142857, "test/recall": 0.2, "test/f1": 0.15913978494623654, "test/runtime": 4.4319, "test/samples_per_second": 37.907, "test/steps_per_second": 4.738, "epoch": 4.0, "train/f1": 0.17912827849308538, "train/accuracy": 0.753558052434457, "train/precision": 0.662973321858864, "train/recall": 0.20366972477064219, "val/f1": 0.1672473867595819, "val/accuracy": 0.718562874251497, "val/precision": 0.718562874251497, "val/recall": 0.2, "val/loss": 0.9258549809455872, "eval/loss": 0.8942511081695557, "eval/accuracy": 0.718562874251497, "eval/precision": 0.718562874251497, "eval/recall": 0.2, "eval/f1": 0.1672473867595819, "eval/runtime": 4.4047, "eval/samples_per_second": 37.914, "eval/steps_per_second": 4.768, "train_runtime": 605.8079, "train_samples_per_second": 66.11, "train_steps_per_second": 8.27, "total_flos": 1405076078039040.0, "train_loss": 0.8687434978113917, "label_metrics": {"_type": "table-file", "sha256": "689ea66614baa083523e66d161585ca7aea8711a9adc9c0afd338195899c35c1", "size": 532, "artifact_path": "wandb-client-artifact://053udpa4wpck3tfiq1jh0oaq8eag5k4w2d94rskuqm1wdvzecxmnwun9ad639223p37l2qwqtt7t3019604him7rqthrm06uhurf1al8aef6x1osflqa9vs05m3c9mly/label_metrics.table.json", "_latest_artifact_path": "wandb-client-artifact://l2q76nt54bhsui0xabsidhm4lsuqcwmqx9gb4squ93ugtylvfuzr0n3m7oyfs6uhvsdn15r62bxp1qzo7o1h8uhfcfv5w25640bleyv0x8lbp8u7mns83xyvdrsl8u0w:latest/label_metrics.table.json", "path": "media/table/label_metrics_85_689ea66614baa083523e.table.json", "ncols": 6, "nrows": 5}, "test_predictions": {"_type": "table-file", "sha256": "36cfe3ad26f9d390a79e7dfaf7d95868dddeed2436a366b7a815c10c30cfeba1", "size": 138099, "artifact_path": "wandb-client-artifact://uut2t95p8tfcu65s84rbsm8ucqahiq3qa290u4077ctl1oufo5qxbqni7s6z51x1dfvrk49gg9tj14hmye13lwmdi05iivaei253y797b7h8kjmcu15dx98oduxso8ok/test_predictions.table.json", "_latest_artifact_path": "wandb-client-artifact://tdws2bm59egqxrjjtztx8xlu2c22unlx33u9jau1jtqrngbpxro2hzw9jdxm9ahaw7hfwfzaqu64tfkl3qk47fy3c54d7gqxj9s1urn9erenbjpnghhv8ww11wkucke1:latest/test_predictions.table.json", "path": "media/table/test_predictions_86_36cfe3ad26f9d390a79e.table.json", "ncols": 8, "nrows": 168}, "test-metrics": {"_type": "table-file", "sha256": "12dcfc1f30c669826475fbcbad17b941310ea7573ad1d859f27025b8fa7d63e8", "size": 196, "artifact_path": "wandb-client-artifact://0mapaeqa71y35mwswn01yk6iewt6rrio126vpzovnnqevlrzfnvv1o37iys0em2mq6p1q7hvyqjei6v32l9t0hrszs75loh5im6wz0y5l3y5lo52z6fbp6jgh6z5jq71/test-metrics.table.json", "_latest_artifact_path": "wandb-client-artifact://d4trgz7036tebt2txqa5aqn79ouuzx3neo968xordm764s7bj11uaxwlj30rmnsc0xxldvvq7ur4ddyv7yhzjumsmiual01n2znhwvksut9bjny6whil0etuycarzpdv:latest/test-metrics.table.json", "path": "media/table/test-metrics_87_12dcfc1f30c669826475.table.json", "ncols": 5, "nrows": 1}, "test_connective_metrics": {"_type": "table-file", "sha256": "58b6e511316ba7895a115b17316f47cb71bbb44b7fd121edcd4e33af5bbfeaad", "size": 403, "artifact_path": "wandb-client-artifact://3i6q7c28ug6qqhl9en3vb02bfb040ibptbc3y1cey0w6p99rhwp4wijayyr0frx5il9zawle121d9ssptupcng1qyboeee3j5evx80wo4rf9r7bcqbnga65tagxc7vzh/test_connective_metrics.table.json", "_latest_artifact_path": "wandb-client-artifact://bor4pfa7clnbb73gxcx1r6bz52v7desxz4mvp0q7lawirggo1zmzv5x9uuzelvbyimwbf90t2ovb8rxsuc597grq63vlm78tit4h5xe8w9eos852rl8axfrotxky6jpl:latest/test_connective_metrics.table.json", "path": "media/table/test_connective_metrics_88_58b6e511316ba7895a11.table.json", "ncols": 6, "nrows": 3}, "Exclude_counts": {"_type": "table-file", "sha256": "b29489d20e57d05bb6aec67be60a99d8dcef8e432ded61216e66508bd510be58", "size": 90, "artifact_path": "wandb-client-artifact://wmjl28ji5iihptcvstl6yo7fnjzld0ihmdf6oquqgoo4k6lvex4xr783jvbh0qf5plxvq2r33jkul2b77a1abjeikfh46ya0ctb45dhs7m6579pej5ln738tk0wx87ut/Exclude_counts.table.json", "_latest_artifact_path": "wandb-client-artifact://ij6jiw7ozfgkidd269xz39y2odal8qz4tw093zqhwwazashpvu31nkzv6mqgm3ufr6gpc2y5yd6gcu6vnyclors065n6p4x0ss06kg3pzubtqrieot3u7v085vss6s6v:latest/Exclude_counts.table.json", "path": "media/table/Exclude_counts_89_b29489d20e57d05bb6ae.table.json", "ncols": 2, "nrows": 1}, "_wandb": {"runtime": 626}}