{"train/loss": 0.0993, "train/grad_norm": 0.03149282932281494, "train/learning_rate": 3.148558758314856e-05, "train/epoch": 13.0, "train/global_step": 2171, "_timestamp": 1739888240.877809, "_runtime": 1976.9457459449768, "_step": 277, "test/loss": 1.5839635133743286, "test/accuracy": 0.8273809523809523, "test/precision": 0.8190594925634297, "test/recall": 0.6852318171830367, "test/f1": 0.7255835667600372, "test/runtime": 4.4187, "test/samples_per_second": 38.02, "test/steps_per_second": 4.753, "epoch": 13.0, "train/f1": 0.9583834465732928, "train/accuracy": 0.9925093632958801, "train/precision": 0.9897288340935251, "train/recall": 0.9342477722244794, "val/f1": 0.7204299726038856, "val/accuracy": 0.8622754491017964, "val/precision": 0.7804853041695147, "val/recall": 0.70125, "val/loss": 0.9169890880584717, "eval/loss": 1.1031200885772705, "eval/accuracy": 0.874251497005988, "eval/precision": 0.8695559610705595, "eval/recall": 0.7504166666666666, "eval/f1": 0.7899759125440059, "eval/runtime": 4.3931, "eval/samples_per_second": 38.014, "eval/steps_per_second": 4.78, "train_runtime": 1964.2476, "train_samples_per_second": 20.389, "train_steps_per_second": 2.551, "total_flos": 4566497253626880.0, "train_loss": 0.26463555872690436, "label_metrics": {"_type": "table-file", "sha256": "cf085ebcd01dd9aa9506fcbf713d702daf8e40cb9985e55c5b7a99cfe51eb82e", "size": 647, "artifact_path": "wandb-client-artifact://uwp7wvhvhecqyjsfuqztn9omzxsf8blkx3q1ncexrudvo2w0xj9rznnq9q20g2w75rf6oqxnnikt9e96ncvjaou4cw7k6fw6hltj141l82st4vgl8o3zi4572ggaej6b/label_metrics.table.json", "_latest_artifact_path": "wandb-client-artifact://27u9joky1pc26cxs0qflmj6t5cllh5vbpvc1h952bskks4fodybe0zsgiyyqpub4el4fpbn3dnwqjkxqz7olnui1yi7v2yqi93f4tw1xayson1i2f2nayv1b7snhpazx:latest/label_metrics.table.json", "path": "media/table/label_metrics_272_cf085ebcd01dd9aa9506.table.json", "ncols": 6, "nrows": 5}, "test_predictions": {"_type": "table-file", "sha256": "0a703754fbdd4bc1210c164d790b317753d72d41eb50292a95c3ab81ac8628ef", "size": 89146, "artifact_path": "wandb-client-artifact://wiix4ree7lqh1wduj7alqjvpvhyibu53fcfq0lfh9jffh9e3vhk6zo74k8y2wsnbdq3jdwdvkp65nw7le9bxfgol3x883lwy2qwm0fgavghunqc0uxnm1pfhgzzdtfhg/test_predictions.table.json", "_latest_artifact_path": "wandb-client-artifact://q7f6oxpajaegulbx9dg4s60qa119i67psvr0pwne4mlro10wi2oc53wf2mrsoijhj836jm30fu2t63yna5qi2dwvtqf7thejucfi543budqhqbzoaabdmhzo8lrk3e58:latest/test_predictions.table.json", "path": "media/table/test_predictions_273_0a703754fbdd4bc1210c.table.json", "ncols": 8, "nrows": 168}, "test-metrics": {"_type": "table-file", "sha256": "47cf167fdf74fec4a43f5a977ca55c7275338afde7bd72c45edd624dc8964337", "size": 200, "artifact_path": "wandb-client-artifact://aea0ksz88ywgpha8vb8c7yvdcsrlw12fj4lx8k54d363f1zqs8vv27ush7ze3flv9bhq1xy2lbjz9fek5rdpa623m8rxvribmf7t7uohzix12tbckfgr8iqmr896u7wj/test-metrics.table.json", "_latest_artifact_path": "wandb-client-artifact://ep5r8p8w3nlczvi9oodpu0zlrhuc5r026n7vslz4j6bnui53pjhn14ynxotdpmkfsc9x6ppqqn5egu7qh2yxwitz4wlpvmi25mf87ltb5mepitt7zfu59xxtlx142la3:latest/test-metrics.table.json", "path": "media/table/test-metrics_274_47cf167fdf74fec4a43f.table.json", "ncols": 5, "nrows": 1}, "test_connective_metrics": {"_type": "table-file", "sha256": "26aa3ac38df7e560a5e252620d39ee10f39e2c1fd6165adb683fd58ed3426093", "size": 449, "artifact_path": "wandb-client-artifact://q1925aj8fe9flw4g1b5wa9u25w2r21ljqcl48gmetb8mw1qoj1rly70gekkfdq9pfffzti4qhqh20sk4c094ef5ib49fth5od8doha26rmtytf9qwgesdrlu2qvrpcqq/test_connective_metrics.table.json", "_latest_artifact_path": "wandb-client-artifact://bmh84o0kvrdgy631adv1kcfrimtruif6dhmmdar2g7t2m3rjfwr7a2infq2kvfva1j185kr07uf7b4hwzltvc3d9mf4gml6qxiwfmxxb9qha14ejs0r1ex6ayizspi2d:latest/test_connective_metrics.table.json", "path": "media/table/test_connective_metrics_275_26aa3ac38df7e560a5e2.table.json", "ncols": 6, "nrows": 3}, "Exclude_counts": {"_type": "table-file", "sha256": "1315d459f2edbaf5a26cf162c57611f734e37385686ca35ad763b16ff92f0e5b", "size": 77, "artifact_path": "wandb-client-artifact://da4imx7wu0ttbx8jrw5vk0p8pcv10ys4xf4d0emp3h829hscee9vumm5nra2ckb7fdqa22ycgv9hqnqqg0jnred9ky1ityymmcqiuwyu0uyyil5edcbf78ib1q9pkhkv/Exclude_counts.table.json", "_latest_artifact_path": "wandb-client-artifact://vgtwyos2efl3tjxqxdxwb3yyy63icqecl4oi85vb50fw4dypz07mj5rdt4l182rrbnptknam6ztwbdaxhz3rxu1spfkd030c5seq94efw7hywn2ain1ib30msndrep3v:latest/Exclude_counts.table.json", "path": "media/table/Exclude_counts_276_1315d459f2edbaf5a26c.table.json", "ncols": 2, "nrows": 1}, "_wandb": {"runtime": 1985}}