{"train/loss": 0.6623, "train/grad_norm": 8.011881828308105, "train/learning_rate": 1.6000000000000003e-05, "train/epoch": 1.0, "train/global_step": 167, "_timestamp": 1736407260.9521513, "_runtime": 80.55342721939087, "_step": 27, "test/loss": 0.6982911229133606, "test/accuracy": 0.7619047619047619, "test/precision": 0.7395833333333334, "test/recall": 0.28292682926829266, "test/f1": 0.27873303167420815, "test/runtime": 1.8747, "test/samples_per_second": 89.616, "test/steps_per_second": 11.202, "epoch": 1.0, "train/f1": 0.2749774220191276, "train/accuracy": 0.8082397003745319, "train/precision": 0.7224074074074074, "train/recall": 0.2749491842004065, "val/f1": 0.26800964675840544, "val/accuracy": 0.7784431137724551, "val/precision": 0.6898238747553815, "val/recall": 0.27166666666666667, "val/loss": null, "eval/loss": 0.7047081589698792, "eval/accuracy": 0.7784431137724551, "eval/precision": 0.6898238747553815, "eval/recall": 0.27166666666666667, "eval/f1": 0.26800964675840544, "eval/runtime": 1.8555, "eval/samples_per_second": 90.004, "eval/steps_per_second": 11.318, "train_runtime": 73.5057, "train_samples_per_second": 18.162, "train_steps_per_second": 2.272, "total_flos": 351262720189440.0, "train_loss": 0.9688271790921331, "label_metrics": {"_type": "table-file", "sha256": "804e6cee32310d139374990825cd44ef8778f890ca3accef876f36414a2ff838", "size": 440, "artifact_path": "wandb-client-artifact://3earib2wrwy9kd8sbwks8jna2vw8uj20rck6kxbh4lqq8j1zxvroiklk32rdzufbax6yrfdsj76f3nx5v52y9laici1nbszyc65w894g707d4ngx689no8czzlliazf2/label_metrics.table.json", "_latest_artifact_path": "wandb-client-artifact://mlfsi2dnon0zphjjv9yn9gb6bephx30uzu0xgr683hp4cz7rf2jsok6cvl500hu1ld4xhus005oiip3h6vfs0ix0jokkjpnc1dxlpe3gyukg9p8moetexpfz1wyuo4eq:latest/label_metrics.table.json", "path": "media/table/label_metrics_23_804e6cee32310d139374.table.json", "ncols": 5, "nrows": 5}, "test_predictions": {"_type": "table-file", "sha256": "dc0f3abf1811028cdabcd5f2834961568467dcab1b005d10564ddd17fd22a8a5", "size": 88280, "artifact_path": "wandb-client-artifact://bn6akt6ii46l2u83t5xn5ka744vzh7c5qa1o51cyxrfwpvkvvk9hv2jopex0b5e8hdb62cvns0nbxc53xx1oeik17kt4jietc6sxt9a0iec6psjkopzuq6egjxu6em6r/test_predictions.table.json", "_latest_artifact_path": "wandb-client-artifact://28mgjh65ijqx0r3nrits0ttixtbti5woy4vlgrvddhx0j11749eomcwpal5vfaw77oxg5eqpngrp9700zzuwur6y3vvhmv7uxgsec7mwmvxt34wxhweppseeqlshu635:latest/test_predictions.table.json", "path": "media/table/test_predictions_24_dc0f3abf1811028cdabc.table.json", "ncols": 7, "nrows": 168}, "test-metrics": {"_type": "table-file", "sha256": "1b2833facd3dd084b8253b68712faeb75d14bdeb23c5975a0d60cfe73c830c3c", "size": 198, "artifact_path": "wandb-client-artifact://a7fsxpy1prgufmhk4ntkasmykmcxzvmoq8kwzsh8hd7b1wrv7e6n2qibnqvn8k2b0wrdou6yanho876ccorczfuun24anvibq707g8wmaikfu84a63j0dbcuxkwtdhn7/test-metrics.table.json", "_latest_artifact_path": "wandb-client-artifact://49h1irai5ced1xgqxab3h0fxhr4ox91bn3cfmm8da70es1ahh0bz575avfkf38jqztww6z0ec6f8cfdsj05c0yrsut9k75if7j867kkrty7vwwoom9e3qa0799aetjz0:latest/test-metrics.table.json", "path": "media/table/test-metrics_25_1b2833facd3dd084b825.table.json", "ncols": 5, "nrows": 1}, "test_connective_metrics": {"_type": "table-file", "sha256": "8ee186ad29242c2c08d50412cd182ae6a2324cbceb18e8f47becb4faaf706ff0", "size": 412, "artifact_path": "wandb-client-artifact://do6k8lalt1gxh5nsnt4rvciyzn66h8qkg8xvuumn4ab7pjcuz78qlgt54t77h43q8v6daa1q26sju6hxcg0qqsqwuy7r4lsimeauc6enjjiv4iaff5nxxmfu0hs9lako/test_connective_metrics.table.json", "_latest_artifact_path": "wandb-client-artifact://rif2wi9ocgh0qmlk46osdbdjfzew7sbn1181sj1o34pm2y28qwkky2qnfrv5o35kytnzla055fzsgl92gatzo9u0nthaz9hfo2o8b82mjjalzj6xkcw9osw6i33ksu1q:latest/test_connective_metrics.table.json", "path": "media/table/test_connective_metrics_26_8ee186ad29242c2c08d5.table.json", "ncols": 6, "nrows": 3}, "exclude_count": 4, "_wandb": {"runtime": 88}}