epoch,loss,accuracy,precision,recall,f1
,0.08024958201817103,0.14285714285714285,0.18173541434411,0.19364583333333335,0.08701196262068538
