{"train/loss": 0.0534, "train/grad_norm": 0.00893628504127264, "train/learning_rate": 2.7827050997782704e-05, "train/epoch": 15.0, "train/global_step": 2505, "_timestamp": 1736746960.8475065, "_runtime": 1085.9797916412354, "_step": 317, "test/loss": 1.7294179201126099, "test/accuracy": 0.7678571428571429, "test/precision": 0.7584615384615384, "test/recall": 0.6231465611953417, "test/f1": 0.6594545890086769, "test/runtime": 1.8681, "test/samples_per_second": 89.932, "test/steps_per_second": 11.242, "epoch": 15.0, "train/f1": 0.9776141390925502, "train/accuracy": 0.9940074906367041, "train/precision": 0.9962767113364723, "train/recall": 0.9608830338113974, "val/f1": 0.5858456486042692, "val/accuracy": 0.7904191616766467, "val/precision": 0.799512987012987, "val/recall": 0.5495833333333333, "val/loss": 1.4412614107131958, "eval/loss": 1.329811692237854, "eval/accuracy": 0.8263473053892215, "eval/precision": 0.8648236092265943, "eval/recall": 0.63125, "eval/f1": 0.6923986585010207, "eval/runtime": 1.853, "eval/samples_per_second": 90.126, "eval/steps_per_second": 11.333, "train_runtime": 1078.5715, "train_samples_per_second": 37.132, "train_steps_per_second": 4.645, "total_flos": 5268940802841600.0, "train_loss": 0.2831088759626881, "label_metrics": {"_type": "table-file", "sha256": "d90cab36c4667c3e37ca6ee4fca33823b7c980fc85c36369cc1f3513c2156c93", "size": 672, "artifact_path": "wandb-client-artifact://q9koz3blrm030pvld5r00ynficxppd1g5d4t0a2fm3dfogjrbgam6vc15timq6daavucfj9dnlqia4atx1u28dcncdea8ao219mnqqjr7d1jx3dpj7wev6ujupy99trc/label_metrics.table.json", "_latest_artifact_path": "wandb-client-artifact://8nj27zsqv7wsl7hxv13srzgo4r528eaemxc5hl5ego9qouvfkqcsr5bhbt099ohyxrrywm4q3t32l9zf6qtuktoz92yhyc4y64nz7skikfahvehqrv7c35axxsp0vhab:latest/label_metrics.table.json", "path": "media/table/label_metrics_313_d90cab36c4667c3e37ca.table.json", "ncols": 6, "nrows": 5}, "test_predictions": {"_type": "table-file", "sha256": "3f5365416257d2d9258da2ff4af706a152dc75ca29370404ebaeb6fb788303b4", "size": 53069, "artifact_path": "wandb-client-artifact://77upnj0h89vpn66jwxb1ei6fqc0a5oeswjj2nitv933478wymzfrjnn4hs4p8rylv5p7uttdizdwmnduo25vkzs1htnjg259gd0by6ot9g5jfykcv23mim7o6r8u8r20/test_predictions.table.json", "_latest_artifact_path": "wandb-client-artifact://5ibjpap3mwp8z6t29xyt0kjnadz256iug4mjgsbbzlkr4yhoysyz57l6rl4dq41pyrz24s1cpsawdsa8y356r1cqtyguj3ysnz7lh8s4f831fmkuj2kxqngv6u0z2uwn:latest/test_predictions.table.json", "path": "media/table/test_predictions_314_3f5365416257d2d9258d.table.json", "ncols": 8, "nrows": 168}, "test-metrics": {"_type": "table-file", "sha256": "09a7e2ceb1a8ac69d792029bb230ae771d5f7cabdfbea951a0f7514fcf2370f5", "size": 205, "artifact_path": "wandb-client-artifact://wel7eijk77v723gqxaj20ir96m0af7xg15110baupc74eqb2uj5ts10mz3lxrewuq69m2cdxylpux9hyyn5quq36gpw0qr4xmno48rx4ol6p0ewc86nxola2b7wy6pnd/test-metrics.table.json", "_latest_artifact_path": "wandb-client-artifact://ag5xdvfg172b88xvtk9dlc44mzugxqvx921fae2yk61esoih0q6q0aqbib62aarebtp686ym2yq7ng0n0v3jbjjtl9kw91zypwujxyw1isuaxbfa5yu8ddggxnyrbuwv:latest/test-metrics.table.json", "path": "media/table/test-metrics_315_09a7e2ceb1a8ac69d792.table.json", "ncols": 5, "nrows": 1}, "test_connective_metrics": {"_type": "table-file", "sha256": "694a9ca2059a04fb4b04c12b4ddd471d0a3333cc53578be0b2604f18cfac1515", "size": 440, "artifact_path": "wandb-client-artifact://g3juykyvji4otwdsbq0jbc90wisdr4gha00524lwfh3vpr5o1pc3avoolmh4r1tonguhc6uz2xf44flq88lwpnvan0dos0jnbvbvzxaz2x89bijrtwjesgbh57pylkpa/test_connective_metrics.table.json", "_latest_artifact_path": "wandb-client-artifact://qk0om50vnmd0cezvco0p0uqx8ldja6uolw63m4g482xqu8c6le7dhxsybli7dmbxv1zqxxinnhqkozr9m81p6jmqtsmkwmxeclyn0wd30bu6pd1wg37yi03ob7bx55ph:latest/test_connective_metrics.table.json", "path": "media/table/test_connective_metrics_316_694a9ca2059a04fb4b04.table.json", "ncols": 6, "nrows": 3}, "Exclude_counts": {"_type": "table-file", "sha256": "e0904507c7a3e3f62f0831416757fbded3c24349ee8ce39d59ff399ee82bffe7", "size": 84, "artifact_path": "wandb-client-artifact://7i9sj9yoh2pb5bnjib3h1dvokm20buxp8hzo3dgagyqixs454jejuuiz0m0eoad9h2ed47wevl69fdgt8us8chnbvyg5ar0y3fxyh6ecg362mn72mmvawg2p14zhr60v/Exclude_counts.table.json", "_latest_artifact_path": "wandb-client-artifact://hicj9du0nhxbokz50ah77vdr2hf3egwswt73lgzymy0loujovp9jv2c0pixs9ezkkghlefeztood37jihm7df9wox1t9pnuwnvqauz9nr1kq1vbox6dmf72mxrni089e:latest/Exclude_counts.table.json", "path": "media/table/Exclude_counts_317_e0904507c7a3e3f62f08.table.json", "ncols": 2, "nrows": 1}, "_wandb": {"runtime": 1093}}