{"train/loss": 0.237, "train/grad_norm": 0.6178733110427856, "train/learning_rate": 4.445676274944568e-05, "train/epoch": 6.0, "train/global_step": 1002, "_timestamp": 1739818962.2112424, "_runtime": 918.2129533290863, "_step": 132, "test/loss": 0.742851734161377, "test/accuracy": 0.6964285714285714, "test/precision": 0.5288359788359789, "test/recall": 0.42206108547571963, "test/f1": 0.29030402454353704, "test/runtime": 4.4207, "test/samples_per_second": 38.003, "test/steps_per_second": 4.75, "epoch": 6.0, "train/f1": 0.32885236060554435, "train/accuracy": 0.8606741573033708, "train/precision": 0.6749048186298555, "train/recall": 0.3470715027249664, "val/f1": 0.22416974169741696, "val/accuracy": 0.7425149700598802, "val/precision": 0.578228476821192, "val/recall": 0.2341666666666667, "val/loss": 0.9990828037261963, "eval/loss": 0.6922712922096252, "eval/accuracy": 0.7485029940119761, "eval/precision": 0.5621693121693122, "eval/recall": 0.43083333333333335, "eval/f1": 0.30488239641754705, "eval/runtime": 4.3931, "eval/samples_per_second": 38.014, "eval/steps_per_second": 4.78, "train_runtime": 905.5785, "train_samples_per_second": 44.226, "train_steps_per_second": 5.532, "total_flos": 2107614117058560.0, "train_loss": 0.6679400431062885, "label_metrics": {"_type": "table-file", "sha256": "f3a20b359d19f6d2e7f4f3e0240642dbba620375f35f768f8760714e4c9eafa2", "size": 619, "artifact_path": "wandb-client-artifact://ij0kjsid56xfxics53dngm1znikxsc4ngpf6x87rihv81yuju49xgm94pp696zr2tz8qyc6kzxeezryhelrpudnpkn1lkvjr19kl8xak8lzxz9cbvw5z9bxh91ayjl02/label_metrics.table.json", "_latest_artifact_path": "wandb-client-artifact://7ny184sj3wloa7lf8maei6kmuf3n5mogtvvzaci2gyhhd2xwoa3sig5nivhonkhs8v24nno178lqgrltqq6njtbtajesg52cg4u1qf2l2oemdtkoi9saixcg6u4rrjti:latest/label_metrics.table.json", "path": "media/table/label_metrics_127_f3a20b359d19f6d2e7f4.table.json", "ncols": 6, "nrows": 5}, "test_predictions": {"_type": "table-file", "sha256": "d67763f81f62973f1985d20e9d3fc069b36d0ae308e6add6589a8a44ff6ffdf7", "size": 61988, "artifact_path": "wandb-client-artifact://hxk3ep7q900s6wxi55fir1q6x2keh8hwr1d0ml8qx5y4evqk1d3a4og2sdksjch62hewoxo3xucod5qffrggi7jqh184vd10af22r71gcct2j6x5ndiytlye5x9acoxw/test_predictions.table.json", "_latest_artifact_path": "wandb-client-artifact://0prtipw4vdszcwq2abd793t59clyo7p17c0lkn67ce9j2kg91blamshkb7p8hd0bkvmlhdsfrkz2xaljmhdoj4b9r7d3rs7vfce1ieuwff04b0orrmaanzhtizh0s8yh:latest/test_predictions.table.json", "path": "media/table/test_predictions_128_d67763f81f62973f1985.table.json", "ncols": 8, "nrows": 168}, "test-metrics": {"_type": "table-file", "sha256": "9916ccab57d972f831731b74e9cca07265f387ba9bc9dd05cb03d79848187b15", "size": 208, "artifact_path": "wandb-client-artifact://5ueyoh743ezlim95nh80icgzedbc38vd77fh3jnle8a7f5k09i1qxerznx8dgws08dvoztbiqwu9jgekiu496jpnt7vedtok5y5if92sik2oux0bavh3lvty70jo8wli/test-metrics.table.json", "_latest_artifact_path": "wandb-client-artifact://cur74fgxlyn493cz4xjzy4h0xgpkxbj55974tuhrzk63n4oq4j1cf6y12gfu9s3r82krpt7xys7mn6ffzrv5cwjuq1b1ozywvlu2zw9lbbb2w5qdcfvmkxfooo8ro9ky:latest/test-metrics.table.json", "path": "media/table/test-metrics_129_9916ccab57d972f83173.table.json", "ncols": 5, "nrows": 1}, "test_connective_metrics": {"_type": "table-file", "sha256": "de106049e5fd4a7148236f720d132e0421698d12dd2969f1ec6cc4687e5b13ad", "size": 442, "artifact_path": "wandb-client-artifact://fro88l76oiw22upqs2nsrhn90iizll0pplbrdq1su2kodmqcmt0o0oovenmebfer3pasyhynam5gmkyt4u8vsp44on456tdpwj0867cmoy6eugjaacj6jvd99n0ruugm/test_connective_metrics.table.json", "_latest_artifact_path": "wandb-client-artifact://ryn0cncksetkqm3aqy6fdxqtxxob4ub5y3y5z0z0d1l292ndmjz3hkppku4q7ch9fezyhrl5hzwfii3hckbwxx5mka3gobrhwnu3k8s8v20tpgn90rnh7whg7j8zx7xn:latest/test_connective_metrics.table.json", "path": "media/table/test_connective_metrics_130_de106049e5fd4a714823.table.json", "ncols": 6, "nrows": 3}, "Exclude_counts": {"_type": "table-file", "sha256": "92504b126567f736cbedb8586a5e833f3c5632191cd4c7ca2291163d6a06ccb8", "size": 85, "artifact_path": "wandb-client-artifact://bsnz818dz0cmlq3o3iah78at6kvzf9u5e3illg0apg9fh7l96ogz0ho3iqqt9a39xq7cl8timwz0p0iybern5ix6u6x3b7wpwbllgcs1o86tg9uyjdq52se9enszzx7k/Exclude_counts.table.json", "_latest_artifact_path": "wandb-client-artifact://wtt8clag8ufm1uwv0mpmebqkryjy3k3km7okl25oua3p3z0yx4ypcobhytuj1ygm0rxh45mwaqt6scdoyqc4l9x4mok760s1a3xlapqk56f9y2xtwhep0hr6ksqmxmw1:latest/Exclude_counts.table.json", "path": "media/table/Exclude_counts_131_92504b126567f736cbed.table.json", "ncols": 2, "nrows": 1}, "_wandb": {"runtime": 926}}