{"train/loss": 0.6992, "train/grad_norm": 6.0975341796875, "train/learning_rate": 3.52549889135255e-05, "train/epoch": 11.0, "train/global_step": 1837, "_timestamp": 1738574319.5153484, "_runtime": 800.1357743740082, "_step": 234, "test/loss": 0.9021410346031189, "test/accuracy": 0.6726190476190477, "test/precision": 0.35048471290082023, "test/recall": 0.22206108547571962, "test/f1": 0.20529335071707955, "test/runtime": 1.886, "test/samples_per_second": 89.075, "test/steps_per_second": 11.134, "epoch": 11.0, "train/f1": 0.5780804790796285, "train/accuracy": 0.8861423220973783, "train/precision": 0.8183185034305318, "train/recall": 0.5324025726146255, "val/f1": 0.3686147186147187, "val/accuracy": 0.7604790419161677, "val/precision": 0.5034722222222222, "val/recall": 0.35583333333333333, "val/loss": 0.7397565841674805, "eval/loss": 0.657220184803009, "eval/accuracy": 0.7724550898203593, "eval/precision": 0.6673321048321048, "eval/recall": 0.4241666666666667, "eval/f1": 0.4509536396728344, "eval/runtime": 1.8755, "eval/samples_per_second": 89.044, "eval/steps_per_second": 11.197, "train_runtime": 792.5773, "train_samples_per_second": 50.531, "train_steps_per_second": 6.321, "total_flos": 3863889922083840.0, "train_loss": 0.6727561245940598, "label_metrics": {"_type": "table-file", "sha256": "24c014c0dc93cb1d969d610146feaaa786898f6fae23c10c222cf79cc3777c7c", "size": 605, "artifact_path": "wandb-client-artifact://4yakl48d75qxodzvll6372dazzgq1en1g8i7ogfz2e7osgvaytyabki36fpvj7um4s506fs4ryxoseydxkvmcz57yiw18k4lgtzxzdzgc0c9wmuedtjz3ccuxwtnaypc/label_metrics.table.json", "_latest_artifact_path": "wandb-client-artifact://cj3d8iov4wu342jiwg937xcns57qzd7fykydaafmie180zdh5ln0u40gk5efpsn8zl72xmy6tbfrg54mnl50ggmzw4l797vszgm8xzn61gb10a9vpfpvt0z9txw5aaqd:latest/label_metrics.table.json", "path": "media/table/label_metrics_230_24c014c0dc93cb1d969d.table.json", "ncols": 6, "nrows": 5}, "test_predictions": {"_type": "table-file", "sha256": "96988a8cc021f23e41c6e6ea420e966128a27b320e68a1b9528893b1df6365d5", "size": 138195, "artifact_path": "wandb-client-artifact://u662w1fidh2uljfn0fo2lk0sbz8typfpkxtmsmi12mcnisfbqb00h8qw7c2e4l9ce1hisume4owlavvjh8im89kcreqxge3011whdge66u8n3imm6qsjlq8hyq23pin4/test_predictions.table.json", "_latest_artifact_path": "wandb-client-artifact://x4dvpr7iza9sv8osseayl8q9vda29liczrkwasu7nhazql4pw9ezuk7laec3h92a7f530ohoisi8tmmul2r54wiwm2vv8omxtv5t9pp9ab5k5zwfvzhv5qyi5pztm3yf:latest/test_predictions.table.json", "path": "media/table/test_predictions_231_96988a8cc021f23e41c6.table.json", "ncols": 8, "nrows": 168}, "test-metrics": {"_type": "table-file", "sha256": "d60a4e73bc90021c4e0eb40ce8188034eee745d8f1408f8995c92859c1335766", "size": 213, "artifact_path": "wandb-client-artifact://qive6k6zyqn3c60ba4rjfg5flscfbyuv3o6h6gw4vvu7k0k7v3zqhiimt5iwytzp0304s3w7d3y8ldcm2f00n0vziyn2e9fb25dxct07li54jpsb6tlkkrpdznhs098e/test-metrics.table.json", "_latest_artifact_path": "wandb-client-artifact://j477va4zr66u13tthrbxbfzsbasa51pvrx492upx0e5vvct1lejkqk05t3dck2it2d25gkghgr2as2ijpxfnzyw4atgcu2v7euirfsbawrnhjkazl6njx505cxsyz6ws:latest/test-metrics.table.json", "path": "media/table/test-metrics_232_d60a4e73bc90021c4e0e.table.json", "ncols": 5, "nrows": 1}, "test_connective_metrics": {"_type": "table-file", "sha256": "c27938f8c953f92a02a66d0da5049e37015c3e40336e918dd06b72a135123a77", "size": 458, "artifact_path": "wandb-client-artifact://tbjxx4pke8gtijd6wq2ldlhqzf59rsb3z7chzi8p6roe3xsrfvyywnqmeats5sjvstov9ir9yf9x2vfvjwohubstgzg1ci9jbepaucr76vhbh8v0m8oqfez1j17o3tjl/test_connective_metrics.table.json", "_latest_artifact_path": "wandb-client-artifact://j8j3b3a6314zlrqk2lvitpl044ldd6pxt1hnuet79f0kkcu7jle73kwigt10zxsqg8hpmekuixlr27590r3gudyc3hh2b20781soup49a10fw3yhuzpxh8f2hayjub83:latest/test_connective_metrics.table.json", "path": "media/table/test_connective_metrics_233_c27938f8c953f92a02a6.table.json", "ncols": 6, "nrows": 3}, "Exclude_counts": {"_type": "table-file", "sha256": "b29489d20e57d05bb6aec67be60a99d8dcef8e432ded61216e66508bd510be58", "size": 90, "artifact_path": "wandb-client-artifact://uer1u6eccnz0r3esk0cjv2pezydn6cajb65poy32vq79anl6c8fbln94yqj8iraka8ujne6bqnc5wlnp4lrl3kn5qgclf7iuea9wo906tcnrdinkeipoafhw6jc8mb26/Exclude_counts.table.json", "_latest_artifact_path": "wandb-client-artifact://so60izioh61w9g3vx3hvne1zrimxn597v8qmrwww6ugnhla5mvjk4xoczaw2hwix0yohkq6fvu8ve9ehd4zlvofv82e5lfqz8jubprbkrcrfj4tmjjn2n18v1uv3u5uu:latest/Exclude_counts.table.json", "path": "media/table/Exclude_counts_234_b29489d20e57d05bb6ae.table.json", "ncols": 2, "nrows": 1}, "_wandb": {"runtime": 808}}