{"train/loss": 0.062, "train/grad_norm": 37.54057693481445, "train/learning_rate": 4.0798226164079826e-05, "train/epoch": 8.0, "train/global_step": 1336, "_timestamp": 1739685350.4611232, "_runtime": 1230.9949951171875, "_step": 173, "test/loss": 0.7588754296302795, "test/accuracy": 0.8333333333333334, "test/precision": 0.8347653362897265, "test/recall": 0.5680641617226984, "test/f1": 0.5984177162259353, "test/runtime": 4.4334, "test/samples_per_second": 37.894, "test/steps_per_second": 4.737, "epoch": 8.0, "train/f1": 0.771291914611772, "train/accuracy": 0.9857677902621723, "train/precision": 0.954580665952075, "train/recall": 0.7793359867622351, "val/f1": 0.5777003751471836, "val/accuracy": 0.8323353293413174, "val/precision": 0.7515159301130524, "val/recall": 0.6216666666666667, "val/loss": 1.013827919960022, "eval/loss": 0.644320547580719, "eval/accuracy": 0.8682634730538922, "eval/precision": 0.8498062015503876, "eval/recall": 0.6079166666666667, "eval/f1": 0.6363453815261044, "eval/runtime": 4.406, "eval/samples_per_second": 37.903, "eval/steps_per_second": 4.766, "train_runtime": 1218.3394, "train_samples_per_second": 32.873, "train_steps_per_second": 4.112, "total_flos": 2810152156078080.0, "train_loss": 0.4408811792287931, "label_metrics": {"_type": "table-file", "sha256": "ecc52663076a87684771d66b304c1b541324dff21316028f943f39c4c16fd92a", "size": 620, "artifact_path": "wandb-client-artifact://d7aqkrv1liwm47nnm2kh0z1gh4oyxjzd0ieuhc8e0gh2e0s9e1xw1u0ul8divk6bhgoq65m0p5fg6lsk0vy9n2mjmv25hsxbvtd416uy83190q5g6w6857vbw1n7pcug/label_metrics.table.json", "_latest_artifact_path": "wandb-client-artifact://e5ra9bjzhn773m7rk7s0n7vycvyz01m2vw2m2135wpy528esq0ioq8hbboyclnut5ymp4tsij26aexaxq2orqidqaupfhrv2cfbezdeavwmvgaduv7fhmrvr7ndquscw:latest/label_metrics.table.json", "path": "media/table/label_metrics_168_ecc52663076a87684771.table.json", "ncols": 6, "nrows": 5}, "test_predictions": {"_type": "table-file", "sha256": "d775346e77ccf2fcff7d4516a68b2f41b54bcfa996a062aef5ccf48bee53429c", "size": 88204, "artifact_path": "wandb-client-artifact://3kzfdgl8pqet8ddz8aird7ccqcpsxl6i7jhnuqcu0m93gbfmpe618l71rb9xvkrsf6mrslho36ce454imjcpgg9latnuoegyi5hcg7ozot51d61prmd3unc96s197lr8/test_predictions.table.json", "_latest_artifact_path": "wandb-client-artifact://z0rqlbxmhc7x0icul1e3pr3updaemufnrkffoelnwabdvlegpujmftxgitxuhimc3ahabrr99o4zy1821bgy8gvv0lu2ivyu09pkwjzmruwrlfw0wr6w76rvr5v9g3dz:latest/test_predictions.table.json", "path": "media/table/test_predictions_169_d775346e77ccf2fcff7d.table.json", "ncols": 8, "nrows": 168}, "test-metrics": {"_type": "table-file", "sha256": "ed7516195e4c9c9c084b554f3e4b9dc5af9fd7a079c094cce9686b0caa455b3f", "size": 201, "artifact_path": "wandb-client-artifact://ro13p59hhzgrj5mjzbsjs0eem94gnpvmdhf0fi4ps699r19bseow7ksadkj8qzad2zlomixtx4q0pbabg9l20oje6q99uq1dbxp382gvp63db53k69vk5hkkwk8kux86/test-metrics.table.json", "_latest_artifact_path": "wandb-client-artifact://bvdh10a084f5rahvij7ksjr2isehx9qnbu853dce2jgzea3w41ikey1v8zw349izww52z9u34kn3gfb44n5ckq9psyfwt1708ogtpy50h0hly9lf0lsnguxlun4ta7k8:latest/test-metrics.table.json", "path": "media/table/test-metrics_170_ed7516195e4c9c9c084b.table.json", "ncols": 5, "nrows": 1}, "test_connective_metrics": {"_type": "table-file", "sha256": "193c188ff33e0d183c6b7c261104cef1279b4ae5c6b5a8b42c6078218ce08fd6", "size": 454, "artifact_path": "wandb-client-artifact://86bofo7f0siqxr1opr4wcxad4th7cnsji0qpo963ipb4e0u0teq6ol9h9vtol0l9uvbeanz13j1qa72t58rbltqi00iw3awvcw65jdy3u2b2d3kqhtf8bbz1bj1u0x71/test_connective_metrics.table.json", "_latest_artifact_path": "wandb-client-artifact://21qzjb4fpaomxndm7j8vtg79mbene3i1sclm90ny09e4ra7zkfx2tdktj16kgj1g3y252lo9uf7hn7kzplwkb5r618c3jb9w22rn025qed6l6nb24v5q7xaizthjdurj:latest/test_connective_metrics.table.json", "path": "media/table/test_connective_metrics_171_193c188ff33e0d183c6b.table.json", "ncols": 6, "nrows": 3}, "Exclude_counts": {"_type": "table-file", "sha256": "77258b7129a4391441f72a7439756a1d881e220753ec917f090c57798cc106a7", "size": 79, "artifact_path": "wandb-client-artifact://231m9draznnmnk1uvqv9x6l8trhiqm7zmzg60knbxlss9jk2k0hetk5p17rpgmvbrzbozldfrb33sd9ilzghpud52n0ra9lsb1596ww10ica0t9vqmbd09n4rgwffmt9/Exclude_counts.table.json", "_latest_artifact_path": "wandb-client-artifact://g3tizq02or4zbxm29m6eqxb6yer10xqqnntrrk7rgcn55sf6pjlvxbgtlhcdc6evknmjli77i3rulz6quwu75ntsj5swps1xndvdszaiqza8hljfysbqvg6d2w4ar6az:latest/Exclude_counts.table.json", "path": "media/table/Exclude_counts_172_77258b7129a4391441f7.table.json", "ncols": 2, "nrows": 1}, "_wandb": {"runtime": 1238}}