{"train/loss": 0.1479, "train/grad_norm": 0.17909808456897736, "train/learning_rate": 3.8913525498891355e-05, "train/epoch": 9.0, "train/global_step": 1503, "_timestamp": 1739955661.5490131, "_runtime": 1375.331727027893, "_step": 194, "test/loss": 0.8783049583435059, "test/accuracy": 0.8630952380952381, "test/precision": 0.7874262101534829, "test/recall": 0.586058009228741, "test/f1": 0.581262717923335, "test/runtime": 4.436, "test/samples_per_second": 37.872, "test/steps_per_second": 4.734, "epoch": 9.0, "train/f1": 0.8827832499550521, "train/accuracy": 0.9865168539325843, "train/precision": 0.9002491858657755, "train/recall": 0.8667352541615025, "val/f1": 0.6074583628931455, "val/accuracy": 0.8922155688622755, "val/precision": 0.7776472431077694, "val/recall": 0.6333333333333333, "val/loss": 0.8013484477996826, "eval/loss": 0.591432511806488, "eval/accuracy": 0.8862275449101796, "eval/precision": 0.780673076923077, "eval/recall": 0.63625, "eval/f1": 0.6254541353383459, "eval/runtime": 4.4084, "eval/samples_per_second": 37.883, "eval/steps_per_second": 4.764, "train_runtime": 1362.3379, "train_samples_per_second": 29.398, "train_steps_per_second": 3.678, "total_flos": 3161421175587840.0, "train_loss": 0.3336028761353718, "label_metrics": {"_type": "table-file", "sha256": "2e47f616956efbd7aeecd2f02301882d63dbaf3f0c0867426294df8d8e1377c5", "size": 693, "artifact_path": "wandb-client-artifact://agpmm6wpw8bhujuekpa0rcfilecj8pttkps69j8y1y1e4ihijx4664ed8y9i3ny4z8z24w369811d2dq16q88ppfxgrqvedw83exdcg5c0ps2763pjwun3o22sr72ff5/label_metrics.table.json", "_latest_artifact_path": "wandb-client-artifact://9wivknfc7iyyzxbzh46c0pzkhx9dt1sgbhznb9p3lei8b3r3x378bp87u8zju453djstdegvl5ml1ekt3jks4oeq1sdy5bgchibmlh6p5odgeve8xk68siok13yhgfl1:latest/label_metrics.table.json", "path": "media/table/label_metrics_189_2e47f616956efbd7aeec.table.json", "ncols": 6, "nrows": 5}, "test_predictions": {"_type": "table-file", "sha256": "862301fbbcfd39d71ddc2e9d555567919b213d1210481b35b2fe68ae88e0b2e8", "size": 92914, "artifact_path": "wandb-client-artifact://g5zcv8vdj9x0hbvqqfbwp3rhs9ey3984pjicxjit7409389gjdjblejglb21u576megxkkfmjh1ijvk8d521qztwspyye4fj4yrmc82hpuvt12sar51cmv39pgh8vr28/test_predictions.table.json", "_latest_artifact_path": "wandb-client-artifact://md0eeugbplzq9iajsquqns0rige4plrqdcbr4znb0e717wgjhug2ksnp7fpinbvf1gujlqhnpk4ehx8hp1p1xjqzyg3skg17f7f9swsgy550tbkzkbs370yvdet90e8t:latest/test_predictions.table.json", "path": "media/table/test_predictions_190_862301fbbcfd39d71ddc.table.json", "ncols": 8, "nrows": 168}, "test-metrics": {"_type": "table-file", "sha256": "da475384fccaa496e73297574436b225cca8e4d9cd5ffffa13e8633b01c247c4", "size": 210, "artifact_path": "wandb-client-artifact://ovxkoludjnucmt3iqrbm83d4g42q5fdut2hnsfrye2rnyghcumuhc4lkgh259i238fwh7o6grnb75hptd4pu20ym50c8lpoeao5bwjrlarshba97wh3ugxyv1hrmo0yi/test-metrics.table.json", "_latest_artifact_path": "wandb-client-artifact://2bepdnikwt37mc72maur0jyvrti2vy1yyfa2efxymz40ux4nc3m9ks7kunzi47n10tw3f2z8sq0wfyu5w9bnwzz6bufe6hbfj3ddoyz1iczfog9y6za0sk2bevzpkagv:latest/test-metrics.table.json", "path": "media/table/test-metrics_191_da475384fccaa496e732.table.json", "ncols": 5, "nrows": 1}, "test_connective_metrics": {"_type": "table-file", "sha256": "b1573e5ca697345ab9170e13da731c3e2e7b0a5ee5ba63d23afd18a6353ea30c", "size": 489, "artifact_path": "wandb-client-artifact://c911u3frqj1598fhbi48g948kh430ke3riduqw207z9bz9r6ktshx70bvpplkj64ygf8wjfc315y1tcu3ickxxekjoj7168vhnwifn4ib1d7kvy4zdz3rt568fow1u3v/test_connective_metrics.table.json", "_latest_artifact_path": "wandb-client-artifact://e5g6u3kw3s29dyy57c8cxur08eisgnke9d65rpgud1rpvm4te4bvuhvqf5zfm6a1b05tsee65ulahhg09hi7k77sh0xupphcet2pruyjejo14n7b3tzpwb2nl79hmbrz:latest/test_connective_metrics.table.json", "path": "media/table/test_connective_metrics_192_b1573e5ca697345ab917.table.json", "ncols": 6, "nrows": 3}, "Exclude_counts": {"_type": "table-file", "sha256": "25a1c51bc7d78f8f0c485181ff588729b74bed10d613faf3814f153d95fa71a3", "size": 90, "artifact_path": "wandb-client-artifact://3aeuqm7qp4tzos4kfdm76jvvr0gnh039chk9gtcwpnh3osrm8qbf5wjnlql6brtc2ltw5wnm9fv9k40peguu934rzojf3datsvn71r4zy376pm6q9ru9j6vapnkjxe05/Exclude_counts.table.json", "_latest_artifact_path": "wandb-client-artifact://6kabodbt9iglw9g6lrif3fzqllit1ioz4r0ybyrfni6akk7jc31s55acahb1f7kyazcojvygg24mtxuc6pyqgu9cnsrrb7bwfh013vpaugkxrp584kqolo8wufijz3ne:latest/Exclude_counts.table.json", "path": "media/table/Exclude_counts_193_25a1c51bc7d78f8f0c48.table.json", "ncols": 2, "nrows": 1}, "_wandb": {"runtime": 1382}}