{"train/loss": 0.0382, "train/grad_norm": 0.007148056291043758, "train/learning_rate": 1.2468827930174563e-07, "train/epoch": 15.0, "train/global_step": 2505, "_timestamp": 1735632185.8814082, "_runtime": 1076.1578953266144, "_step": 316, "test/loss": 0.7345345616340637, "test/accuracy": 0.875, "test/precision": 0.8459857723577237, "test/recall": 0.7981037134695671, "test/f1": 0.7890318965661431, "test/runtime": 1.8654, "test/samples_per_second": 90.062, "test/steps_per_second": 11.258, "epoch": 15.0, "train/f1": 0.9776141390925502, "train/accuracy": 0.9940074906367041, "train/precision": 0.9962767113364723, "train/recall": 0.9608830338113974, "val/f1": 0.8299453470277, "val/accuracy": 0.9041916167664671, "val/precision": 0.8744677544677544, "val/recall": 0.805, "val/loss": 0.787117600440979, "eval/loss": 0.455734521150589, "eval/accuracy": 0.9221556886227545, "eval/precision": 0.8760888888888889, "eval/recall": 0.8283333333333334, "eval/f1": 0.8467294714495968, "eval/runtime": 1.8509, "eval/samples_per_second": 90.228, "eval/steps_per_second": 11.346, "train_runtime": 1068.6116, "train_samples_per_second": 18.739, "train_steps_per_second": 2.344, "total_flos": 5268940802841600.0, "train_loss": 0.16859020182055173, "label_metrics": {"_type": "table-file", "sha256": "824f887f12de57bb47c80cbe5d171e80eb6a92c9cd55dd519af784e2801383d5", "size": 446, "artifact_path": "wandb-client-artifact://3b3jhojayza09kq0ceyehl6dup1nx7ssznkbm4707980ntdpkpd61gly5kt44moiax8sttpo61tjwr7fjmbslzqbbii04lwjol1g2h6hgl8uritz3jq5uchzgdfoivmg/label_metrics.table.json", "_latest_artifact_path": "wandb-client-artifact://8uppr80ke95rrayvkycg8clmpf8k74pz062lgzfmj9ilbb8zoohbqkqooqn0b342zpxt0rsajqb31wdwfpc8tunnyr2mbgqwjwrfnlj2von2geikg27kw3z6pg98gf4v:latest/label_metrics.table.json", "path": "media/table/label_metrics_313_824f887f12de57bb47c8.table.json", "ncols": 5, "nrows": 5}, "test_predictions": {"_type": "table-file", "sha256": "34edf3c77cc2c4a19de8ef24dd155ef83ff59e69aff8acfb476404ad9c1e0841", "size": 86266, "artifact_path": "wandb-client-artifact://szfekm6s0dq17wsy1wdngsobwvbe89j78u9a197p8bpp15wtn0los74rbp5vzcpn1gdr9dyip9duzb5yvi7zzmt0lswaydqgd19v6etow6oyfsz3b6kth2ibgdrsvrh0/test_predictions.table.json", "_latest_artifact_path": "wandb-client-artifact://sn5lkw2pb3o8424rh33jm30lg8f1srdcbn23rrz9jec8z67fkrp055bb8iv1ut6h8qv6usgfzfdlmnnizi7wdfn8mpxqlulvpeojfny3b4oen0i8hpfjgmbrmn3crdrn:latest/test_predictions.table.json", "path": "media/table/test_predictions_314_34edf3c77cc2c4a19de8.table.json", "ncols": 7, "nrows": 168}, "test-metrics": {"_type": "table-file", "sha256": "8d329513a373a1e7cdcdd3deea2b1e5e931cf0caf90cb8f835345665df3052c2", "size": 177, "artifact_path": "wandb-client-artifact://w72dr0q46bzsa162txc38guktllfwg8oy4rc5xiaenbqlowzfh3dw3xp9233wx8jw3osb3xjqalp0hyzjfzxo4uoy8mdwzlk102ulwmxk4x6l4u1fp4x8qzeovepedi6/test-metrics.table.json", "_latest_artifact_path": "wandb-client-artifact://u94xcxerl58qdck399qz11u0v2byemi2svohwaqexi6vaurstufn039w7h0pwxoyrg9816r6cb93q0ebjll11cw8qs8hel53ewvv2o8cr0iz27mycwwvqjour751zjuj:latest/test-metrics.table.json", "path": "media/table/test-metrics_315_8d329513a373a1e7cdcd.table.json", "ncols": 5, "nrows": 1}, "test_connective_metrics": {"_type": "table-file", "sha256": "de7329eae391911e9f48ccc0b66be7372c75d8b28e1f2b5175239f8e4ceea188", "size": 421, "artifact_path": "wandb-client-artifact://xnnwy0jibk6xvxrmvr55wjxg1wz7gs9vxkpdqfx8f1kf2ybfszhzb7r0ayw63bs6r8zetrujw47tc8cxblmv6nhfu6humzeymatm9524aaympzdjqg49wdvzt429nbfp/test_connective_metrics.table.json", "_latest_artifact_path": "wandb-client-artifact://0y8l8er3rw99p7da0s1hn430jcylnhzgdwsik2v9ayy45xg0bz7fz6tbdetrzrl3uqatohjylrttvvnl9h1b8pvrkj40pljsaz6v9pbnphq7zmuxl4ry5y3c49kgbrmo:latest/test_connective_metrics.table.json", "path": "media/table/test_connective_metrics_316_de7329eae391911e9f48.table.json", "ncols": 6, "nrows": 3}, "_wandb": {"runtime": 1083}}