{"train/loss": 0.0065, "train/grad_norm": 0.1063472181558609, "train/learning_rate": 2.971175166297118e-05, "train/epoch": 14.0, "train/global_step": 2338, "_timestamp": 1738593982.2849333, "_runtime": 1016.6715662479401, "_step": 296, "test/loss": 1.3343180418014526, "test/accuracy": 0.7797619047619048, "test/precision": 0.6797671169073125, "test/recall": 0.6936497473082839, "test/f1": 0.6441380349608198, "test/runtime": 1.8887, "test/samples_per_second": 88.949, "test/steps_per_second": 11.119, "epoch": 14.0, "train/f1": 0.9777065025555134, "train/accuracy": 0.9940074906367041, "train/precision": 0.9938492063492064, "train/recall": 0.9632918465921267, "val/f1": 0.5444882790165809, "val/accuracy": 0.7784431137724551, "val/precision": 0.7133333333333334, "val/recall": 0.5433333333333333, "val/loss": 1.310651421546936, "eval/loss": 1.166870355606079, "eval/accuracy": 0.7844311377245509, "eval/precision": 0.7138827838827839, "eval/recall": 0.7575000000000001, "eval/f1": 0.7224717281584843, "eval/runtime": 1.8728, "eval/samples_per_second": 89.173, "eval/steps_per_second": 11.213, "train_runtime": 1009.2646, "train_samples_per_second": 39.682, "train_steps_per_second": 4.964, "total_flos": 4917678082652160.0, "train_loss": 0.24539656555710299, "label_metrics": {"_type": "table-file", "sha256": "2b9571a83b88c50ae66e83c4a64e2fc07e80b1a4203fa6e82d8075df027c86c7", "size": 665, "artifact_path": "wandb-client-artifact://7d1h14zvjv574dm14jjhp57toffcw3zamzawx6nek2dfi6hsnktfrkjyuggqisxjs975wyc52t25kegnq7nwd6pbk45ocipu1n5olttcba8oogr9vvgcwtmvqqf52ljh/label_metrics.table.json", "_latest_artifact_path": "wandb-client-artifact://tqd55e7fepxx2j7rj50v925ezvwffw7x5vnedy8n7mlp1mg279w108b17830zz0lwhi3yhcd8q0h8mxtoz6sut6568zzxxavdydwx446tmc2pdv6aznano0zu5021lrf:latest/label_metrics.table.json", "path": "media/table/label_metrics_292_2b9571a83b88c50ae66e.table.json", "ncols": 6, "nrows": 5}, "test_predictions": {"_type": "table-file", "sha256": "c0e397315351b1aca8b3813df3019375fe55d42817c847a9da5c09a23dcc06b4", "size": 91220, "artifact_path": "wandb-client-artifact://tcyszqpi0zf9btm9gqj2vjd8vzr37cu2lww3m7kzikhsbk18vy8ekcuupyd9mna7wny4u5c4up9wy5b8orbbbc9l6fur60exrq7t248q9byg81shavdo09tkg3fv3k8s/test_predictions.table.json", "_latest_artifact_path": "wandb-client-artifact://odaow899cbhpmsqiwvn2lo7cydwzpz1okx1x0mbxpa2u85ysnhqz67z7fl6il27z41v8kdw7shazxgmql08e3i31kiq1fkws1l1t4hur0gfij2us45jid9fg3eigzxp2:latest/test_predictions.table.json", "path": "media/table/test_predictions_293_c0e397315351b1aca8b3.table.json", "ncols": 8, "nrows": 168}, "test-metrics": {"_type": "table-file", "sha256": "f25e91c91f6b6f6498f55cedf1a75cc84112f2d24effe539569a682ef825cc2a", "size": 215, "artifact_path": "wandb-client-artifact://xhkqh34vjk3khixk5b8pnszzecoc6tmn8v8zokdlm5ginvusec6203xnxvvgzzstd5kddaf5qule1jw36hajiew0uecf4krcuulc9xpqe134cw4869mjzq0fmgwgckq4/test-metrics.table.json", "_latest_artifact_path": "wandb-client-artifact://1po62meta6n37yfud38f7c84d7ouoew1b9oqljsq6ktyzs1me0fhactv0sn3plfsjl0dmrjn4zaccx5e5wuc83vtav1odxut57t3p13nqnod3r3uhjshzmq3nww57y54:latest/test-metrics.table.json", "path": "media/table/test-metrics_294_f25e91c91f6b6f6498f5.table.json", "ncols": 5, "nrows": 1}, "test_connective_metrics": {"_type": "table-file", "sha256": "8877515ddf0f6887e252c838e74cd68fdd7b41161569e229d8fea85b3e09560b", "size": 495, "artifact_path": "wandb-client-artifact://4alrwt8zy9ybolfzrpw8yjhu5jjjh9b7vctn5lf2muatryhxmid4tvtplya9usmo0nz0e5u2eg7cb2iskiy0npnbu6iuzv2ui3dxo57f0xej7znhjbtz16hz7i6ufb5v/test_connective_metrics.table.json", "_latest_artifact_path": "wandb-client-artifact://wczsmw8p1fde5se1st115qsuz8w0v69bw3xuah4akxxs1p3k6u75e6eurq5iyfv5us2198yl23c2q0um3zt0sdzc2ktn7teonq4bk1gm03gfer4n9hsr4jj3zfnqnpe7:latest/test_connective_metrics.table.json", "path": "media/table/test_connective_metrics_295_8877515ddf0f6887e252.table.json", "ncols": 6, "nrows": 3}, "Exclude_counts": {"_type": "table-file", "sha256": "83103ea35ea937c5aafb1fde568b44549369be67e2f5e61e6a3b2ec01d6ce634", "size": 94, "artifact_path": "wandb-client-artifact://tnfxtmvqwht1fsfft7pe4hsth3irj2811417g1bimkl81ihrcao33o4t04t1i3xj3vfj2thszbw7husz4d7vo04k5dd3vh0vt69fw3qflrgtq56ar2q5ztwjec355skv/Exclude_counts.table.json", "_latest_artifact_path": "wandb-client-artifact://4pu85nbdny9xw0fjkht6kzegpypsiu6pf93ddle5d6qm18vfmijf5layudhx6vlvt90jpj7x0vu5gfqtl3b0d57hw624hrj2f728nfl4142602hhs7j2wt2lc2wnp1rm:latest/Exclude_counts.table.json", "path": "media/table/Exclude_counts_296_83103ea35ea937c5aafb.table.json", "ncols": 2, "nrows": 1}, "_wandb": {"runtime": 1025}}