{"train/loss": 0.0006, "train/grad_norm": 0.00523648364469409, "train/learning_rate": 3.7028824833702884e-05, "train/epoch": 10.0, "train/global_step": 1670, "_timestamp": 1743000979.788324, "_runtime": 720.8675100803375, "_step": 215, "test/loss": 1.6271032094955444, "test/accuracy": 0.6964285714285714, "test/precision": 0.4060606060606061, "test/recall": 0.4956317292902659, "test/f1": 0.4070419394852952, "test/runtime": 1.8705, "test/samples_per_second": 89.818, "test/steps_per_second": 11.227, "epoch": 10.0, "train/f1": 0.9717365058819641, "train/accuracy": 0.9925093632958801, "train/precision": 0.9824773734194874, "train/recall": 0.9628926449953206, "val/f1": 0.37687956125577576, "val/accuracy": 0.7784431137724551, "val/precision": 0.4401162790697674, "val/recall": 0.42458333333333337, "val/loss": 1.7266546487808228, "eval/loss": 1.6161789894104004, "eval/accuracy": 0.7425149700598802, "eval/precision": 0.5373255813953488, "eval/recall": 0.5508333333333333, "eval/f1": 0.458606542882405, "eval/runtime": 1.8641, "eval/samples_per_second": 89.588, "eval/steps_per_second": 11.265, "train_runtime": 713.4247, "train_samples_per_second": 56.138, "train_steps_per_second": 7.022, "total_flos": 3512627201894400.0, "train_loss": 0.3110914842811173, "label_metrics": {"_type": "table-file", "sha256": "22b0cbc370eba76fef147f929de7a21d6cb56d6d09b2cf4016db1b7e6bef3bfd", "size": 681, "artifact_path": "wandb-client-artifact://32hxbbyjgng8ebn0l5cku65mqocxj0rw3iy4xx7e6yc451kperedbzm3ioes3fu91oaxwlt6x7jb030d8lyooyq9gimccn4x3l1tky7y57vo30j3dm89neivkcm26khl/label_metrics.table.json", "_latest_artifact_path": "wandb-client-artifact://mkgo7l8tk8nv0xeruuvqoxc4cefv1byzkft7552lf6yerotmeilquv8gptplhi63fm74hmj7nmik3r6f3hz00y4ghiyw8lcdxq2w60wxwm64lkk07xj183mhchbqfoeq:latest/label_metrics.table.json", "path": "media/table/label_metrics_210_22b0cbc370eba76fef14.table.json", "ncols": 6, "nrows": 5}, "test_predictions": {"_type": "table-file", "sha256": "c19720917156cb6f40b9a44ba209ea5e6ad0c755d88155ae5d5e12c3c6ea1a84", "size": 62288, "artifact_path": "wandb-client-artifact://jks5v9hpbu9cchcrkk2efz0zuhmbgnvn0bcuc22tgkscr4geinyyhwyxz94fseq3qaqvu7k4uwy50rwm5knmdgxsnt9crog5rv0bh7ly5opgx544mj5bcot9fuqot8fo/test_predictions.table.json", "_latest_artifact_path": "wandb-client-artifact://hadszn6heb2wedcsphn4nx2d7qkc445tlmgsvwafzru960mjy4x7ia0akzscxeilgadp0aabpw1ww3grp96bz81zy1076lg4cqkab6wopphnfwkzutbqoonkybuuim5t:latest/test_predictions.table.json", "path": "media/table/test_predictions_211_c19720917156cb6f40b9.table.json", "ncols": 8, "nrows": 168}, "test-metrics": {"_type": "table-file", "sha256": "97d7169aef75aa41e56b369359f1981f44e2eda0df127cad284c9b8d23b713af", "size": 206, "artifact_path": "wandb-client-artifact://9yaiy0kzd1hux83f2iufriwqddgmoelfctri05ffvqmveh4sanzdohbsoxkpr3hpcj0ghjkj28496aeuq2320jxje4khy8othbxer25oyifuca9glatuyy1y5jipy57s/test-metrics.table.json", "_latest_artifact_path": "wandb-client-artifact://1cbing0war00ow21i5igg7ztt10jjv3bmvtcg6x6t1gdiegb568djavwrv65oz6h6qyoh625v2ivamnev2nfbqbpoj3hrslwriarwsxfdg90wl2qhbtf8wa2o1d8l6ug:latest/test-metrics.table.json", "path": "media/table/test-metrics_212_97d7169aef75aa41e56b.table.json", "ncols": 5, "nrows": 1}, "test_connective_metrics": {"_type": "table-file", "sha256": "a61393d64289ae82b7fdc03551027e0e9cb54fcd5fba0f2ac01283471b047586", "size": 461, "artifact_path": "wandb-client-artifact://m9g869hm3p87vot7i0lajkdn9sgr364g3uuwm635pouyqocg4i3avtw1q1mwl6i9dfbd5zj2c99bb80w6dn2ezspxmt7ku4kczloc96sfo9s16vcrub01jyjgpzimv65/test_connective_metrics.table.json", "_latest_artifact_path": "wandb-client-artifact://sboll2mb0rh1xremidrd6mxyoa6qunqmqi9touydovsf557544xahdp1kvj1qhk75ca8ae133nl6d4wew9d67z51lucefqzq6glial6c8sisvlhawyh5m4lwa7032obg:latest/test_connective_metrics.table.json", "path": "media/table/test_connective_metrics_213_a61393d64289ae82b7fd.table.json", "ncols": 6, "nrows": 3}, "Exclude_counts": {"_type": "table-file", "sha256": "92504b126567f736cbedb8586a5e833f3c5632191cd4c7ca2291163d6a06ccb8", "size": 85, "artifact_path": "wandb-client-artifact://2ivnu64lcyl6nk4i7bdthcxaart6et5p5diwgbay9s7s7t28zxxw1u5th86ipoqw3n05mpasnd30jd9k9ht52xvliah8hb3q7t3dl0mwuw5vj6a4wvm79xx3b2cb306c/Exclude_counts.table.json", "_latest_artifact_path": "wandb-client-artifact://fk88kjxey6hqwer7iqal6yz7rixfch2olpwq5332z1f7xnwh0yp5pvvoe4424ffvgxsobvvmokigp5fnl66b2qvs8oibb257luvc9xypkvfa0453wgo03gpaku6d4iy7:latest/Exclude_counts.table.json", "path": "media/table/Exclude_counts_214_92504b126567f736cbed.table.json", "ncols": 2, "nrows": 1}, "_wandb": {"runtime": 729}}