{"train/loss": 0.5832, "train/grad_norm": 4.213617324829102, "train/learning_rate": 3.3e-05, "train/epoch": 1.9760479041916168, "train/global_step": 330, "_timestamp": 1735950874.6310956, "_runtime": 123.79029059410095, "_step": 36, "test/loss": 0.684256374835968, "test/accuracy": 0.7664670658682635, "test/precision": 0.713529411764706, "test/recall": 0.26375000000000004, "test/f1": 0.2631292517006803, "test/runtime": 1.8494, "test/samples_per_second": 90.301, "test/steps_per_second": 11.355, "epoch": 1.0, "train/f1": 0.27962829204628664, "train/accuracy": 0.8112359550561797, "train/precision": 0.7206474868997363, "train/recall": 0.2807724001538208, "val/f1": 0.2631292517006803, "val/accuracy": 0.7664670658682635, "val/precision": 0.713529411764706, "val/recall": 0.26375000000000004, "val/loss": null, "eval/loss": 0.684256374835968, "eval/accuracy": 0.7664670658682635, "eval/precision": 0.713529411764706, "eval/recall": 0.26375000000000004, "eval/f1": 0.2631292517006803, "eval/runtime": 1.8508, "eval/samples_per_second": 90.231, "eval/steps_per_second": 11.346, "_wandb": {"runtime": 131}}