{"train/loss": 0.0397, "train/grad_norm": 0.013446143828332424, "train/learning_rate": 1.2468827930174563e-07, "train/epoch": 15.0, "train/global_step": 2505, "_timestamp": 1735895233.5078008, "_runtime": 1209.5287697315216, "_step": 316, "test/loss": 1.1169238090515137, "test/accuracy": 0.7738095238095238, "test/precision": 0.6933333333333334, "test/recall": 0.5928872775214239, "test/f1": 0.5968847176951032, "test/runtime": 1.8635, "test/samples_per_second": 90.152, "test/steps_per_second": 11.269, "epoch": 15.0, "train/f1": 0.9775911498091971, "train/accuracy": 0.9940074906367041, "train/precision": 0.9984158415841584, "train/recall": 0.9587295426286252, "val/f1": 0.8395392732752727, "val/accuracy": 0.8982035928143712, "val/precision": 0.8611050527081062, "val/recall": 0.8404166666666667, "val/loss": 0.6886980533599854, "eval/loss": 0.5728704929351807, "eval/accuracy": 0.9101796407185628, "eval/precision": 0.860251968503937, "eval/recall": 0.8574999999999999, "eval/f1": 0.8519548872180451, "eval/runtime": 1.8519, "eval/samples_per_second": 90.176, "eval/steps_per_second": 11.339, "train_runtime": 1090.1962, "train_samples_per_second": 18.368, "train_steps_per_second": 2.298, "total_flos": 5268940802841600.0, "train_loss": 0.1885487725710991, "label_metrics": {"_type": "table-file", "sha256": "52581f2d5a41913b6af624d11d31fbb4cfb9d90ade3d7b6cfb56626dd820bf2e", "size": 495, "artifact_path": "wandb-client-artifact://bm7c1e3w6ogbtdga1olyvuikzqyh76z7u6a6jnu8akxejbwhankic0s11j16hpsqelc2zseeqwm5ck6bo0xl5fawg21go3nb2dm16z1invxkb0n6v43rzk3srq0b3m8o/label_metrics.table.json", "_latest_artifact_path": "wandb-client-artifact://3fv8lusaylqj7otsflasl1abgjrmd0lncclynx5cvf6bikde4yefymt51ojl1y87chd0j1gq9j2zczlw28p7rjuejc33nic8hb2lv5g1ro6edkj95icfbp1lnnedunfs:latest/label_metrics.table.json", "path": "media/table/label_metrics_313_52581f2d5a41913b6af6.table.json", "ncols": 5, "nrows": 5}, "test_predictions": {"_type": "table-file", "sha256": "144e9190a1a73e3aacd63e5820fe3ef6e458dfb7455b72eddf5a077f643cab54", "size": 84645, "artifact_path": "wandb-client-artifact://mcqqt1t88w04bmfks2qjvwlwb0rcov8oue99b0evpht7bhoixa5nj4fwfdghcseug7b302ayswhsd2bymfolaumogko4od95w5g0wajked2n15vsxeidr3ifvxua5ww3/test_predictions.table.json", "_latest_artifact_path": "wandb-client-artifact://3e57ks5l410olygzxhqbbq8pxq7bxdb9uwbipb50il4x1axrrvvdw1hrcv1ky52y88oui77h31j0zm5bk7vu7dzk8oatli550k96kh0z9nhgpk5chrmq5mvr82pdl4q3:latest/test_predictions.table.json", "path": "media/table/test_predictions_314_144e9190a1a73e3aacd6.table.json", "ncols": 7, "nrows": 168}, "test-metrics": {"_type": "table-file", "sha256": "118a04ef09b42706d13b9451dc629ccc789e31fff34b0a1c0a8e15c5f65c5e7a", "size": 200, "artifact_path": "wandb-client-artifact://ic7i0se4rwyjf0o4qfeiw0a58oly1beul0zwew307643zwnhfhdaak6e4g8jc5bvudiyzloxueiok2uvlbhv1entpqjfk57idh16segtrmemxa2g1j4cf9exqhw59ci5/test-metrics.table.json", "_latest_artifact_path": "wandb-client-artifact://gx8cvnf240j0o2kihfvckcoe4eo0lp4ohq6c5ck9qhb6jxyyjgbliktl8vf2ntnl5b8tejiqnzpv94okmgr0qh0lz5l75av6epweeq96jqfjf8k62k48odpiek9mvsqz:latest/test-metrics.table.json", "path": "media/table/test-metrics_315_118a04ef09b42706d13b.table.json", "ncols": 5, "nrows": 1}, "test_connective_metrics": {"_type": "table-file", "sha256": "0730d44d5d64518a97750e049f60f82e3299f1393394a1255ebd11bf38a10acd", "size": 442, "artifact_path": "wandb-client-artifact://8akgluxkxidcl0p1jmulwwwbtn8o2vhevbsg53erhqv0zpf0ycjxftk6wmlc4saowwz2gg7sxzgr4jdo9c95mrp1w9ianlc7m2v4vfwfzb0wilxm8o7rywp855jyd9nf/test_connective_metrics.table.json", "_latest_artifact_path": "wandb-client-artifact://d0jo3b5wjg9jkiqac9fzzsgepofs0xyfqqf30w8a4akoqf0y7c8bri8devxygyqrpews02yu793dafl9smzzmuaep8brae3wqg35s7pwmkclj4ljv4636qeocgibrnqe:latest/test_connective_metrics.table.json", "path": "media/table/test_connective_metrics_316_0730d44d5d64518a9775.table.json", "ncols": 6, "nrows": 3}, "_wandb": {"runtime": 1214}}