{"train/loss": 0.0068, "train/grad_norm": 0.0036294306628406048, "train/learning_rate": 2.971175166297118e-05, "train/epoch": 14.0, "train/global_step": 2338, "_timestamp": 1743017344.9907625, "_runtime": 1017.4290425777435, "_step": 297, "test/loss": 1.1417930126190186, "test/accuracy": 0.8392857142857143, "test/precision": 0.8509190263288623, "test/recall": 0.7962623599208966, "test/f1": 0.8061216942408562, "test/runtime": 1.8886, "test/samples_per_second": 88.956, "test/steps_per_second": 11.12, "epoch": 14.0, "train/f1": 0.9793842846997336, "train/accuracy": 0.9940074906367041, "train/precision": 0.9676908527506136, "train/recall": 0.9926545497572252, "val/f1": 0.8318285714285715, "val/accuracy": 0.9101796407185628, "val/precision": 0.9080769230769231, "val/recall": 0.8045833333333334, "val/loss": 0.7056832313537598, "eval/loss": 0.5899019241333008, "eval/accuracy": 0.9161676646706587, "eval/precision": 0.906084656084656, "eval/recall": 0.8637499999999999, "eval/f1": 0.8756999153526644, "eval/runtime": 1.8746, "eval/samples_per_second": 89.084, "eval/steps_per_second": 11.202, "train_runtime": 1009.4459, "train_samples_per_second": 39.675, "train_steps_per_second": 4.963, "total_flos": 4917678082652160.0, "train_loss": 0.19335630513005472, "label_metrics": {"_type": "table-file", "sha256": "a745149840bc5aee34e24407dc5c7b1743de582208dbdd29404d5a28ed46d22c", "size": 637, "artifact_path": "wandb-client-artifact://cqvr2qq2szyvwqqhuttxbppwkf5hoesi3jfv3naj32630m234b1ttulud2tew4pi3x7jjcjj80upva59p8f3nvjarc8d9wk67osuqltab5if6zdjxpz0ikkqr339haou/label_metrics.table.json", "_latest_artifact_path": "wandb-client-artifact://phwoo0ufeer5h49xc08js9o5qbm336zlphnkq29vnlls2arag6pgmf9iext3t90vmdfun346npx08p627vrbu1jbep6gxco17fyndm5q8qs49ixsf8ha892dibz8hztw:latest/label_metrics.table.json", "path": "media/table/label_metrics_292_a745149840bc5aee34e2.table.json", "ncols": 6, "nrows": 5}, "test_predictions": {"_type": "table-file", "sha256": "09db6c4a65e825b8d4ea5018aa5805859ad7a0ae5e4bb0240614c3fbf39e87f3", "size": 88186, "artifact_path": "wandb-client-artifact://m8dnm9xmt73f379az5qlbn6dymwtjmd54d6xfzhbtlsibfomr837ho77n5yjz2yrg39rky0rbcqdrz3w9hxl4rdu529cqxfco9mn0qs94eay8k5xiud6hll07258zrkr/test_predictions.table.json", "_latest_artifact_path": "wandb-client-artifact://mcsapr0f8zd5wk1gyoxzzftu72mry4h5n7tlwq7grfvp2ibrc4kw6ln1wfl4ig0r3v46wxpvplrpf9bmzm7xnrowp2ikctz95ejv7rwrof3h1a38o8ykg6nfr3oox75e:latest/test_predictions.table.json", "path": "media/table/test_predictions_293_09db6c4a65e825b8d4ea.table.json", "ncols": 8, "nrows": 168}, "test-metrics": {"_type": "table-file", "sha256": "8af3ef9a6712126f8563617ecc841012a26c67265e3566674c39164d6e723d20", "size": 201, "artifact_path": "wandb-client-artifact://geui6rs1zozdbu2k2lv6z5ge24jhuuuee6yqjpvdgxq50p2unaeb935a7taolv3xz0obj0v36iy3c5b1yuf4pie3vpjyepkhgvudcio0djyv6y1n0g0fh5iv44h3hwxd/test-metrics.table.json", "_latest_artifact_path": "wandb-client-artifact://87zhqxlcltymazgc37vdsjshdedjdfagnd4rf1vxzn6m95hpjb0jg26h3wn6tf5b21ccnve82adnp5tc71dzucvyxkmb0gnwgdii7qk9dfaep9kbp63o6wsx0r4f8d3p:latest/test-metrics.table.json", "path": "media/table/test-metrics_294_8af3ef9a6712126f8563.table.json", "ncols": 5, "nrows": 1}, "test_connective_metrics": {"_type": "table-file", "sha256": "b239dcadf4295883e555ee18b194b50853c9bef6b41a160f66536e75b981d285", "size": 453, "artifact_path": "wandb-client-artifact://84rnw1h13bydiogcymer4rjlc82vqj6gg49aidua00z4r5aw8x47nnkti0gf808j3ex0okoapug96wucv2qvpqj4svkvrl53cb6qokm9rvw16slmsg6vmc8aav3myd3o/test_connective_metrics.table.json", "_latest_artifact_path": "wandb-client-artifact://5ewmmnyzndd4dbc52b02mfdilxb25of2hsd0py3fdesg4r9a7gyufnswwf0qlnfpfh1vb1f4ax3n8bt1cr55125wrvqb4xxgto9we2jvfa13mvhcbqr3nk2rmqpb7bq2:latest/test_connective_metrics.table.json", "path": "media/table/test_connective_metrics_295_b239dcadf4295883e555.table.json", "ncols": 6, "nrows": 3}, "Exclude_counts": {"_type": "table-file", "sha256": "77258b7129a4391441f72a7439756a1d881e220753ec917f090c57798cc106a7", "size": 79, "artifact_path": "wandb-client-artifact://sh8ism5do4ferldt5lax77jrtg21wh33757y70a7ghek6f45mle03uueuauwltjtos7qxmv3rvtrhkpa0pdn09ltqj1b7ftfkvpfri79g7t3x41l24wfi8wlw7jvbjkf/Exclude_counts.table.json", "_latest_artifact_path": "wandb-client-artifact://1ngp2gyapbhe8rjgjd4ix00ubpu4ybtaseqyvvlowtg1gmhh9l2jnlvih2s5umx7o8m2ji3e7czuc4ss425vycw4seyjau70zcl9n80e97yovoqx25ft73fe875r6djn:latest/Exclude_counts.table.json", "path": "media/table/Exclude_counts_296_77258b7129a4391441f7.table.json", "ncols": 2, "nrows": 1}, "_wandb": {"runtime": 1026}}