{"train/loss": 0.1457, "train/grad_norm": 0.023902693763375282, "train/learning_rate": 3.52549889135255e-05, "train/epoch": 11.0, "train/global_step": 1837, "_timestamp": 1736722862.3142815, "_runtime": 793.3113095760345, "_step": 234, "test/loss": 0.8730799555778503, "test/accuracy": 0.8452380952380952, "test/precision": 0.8556752537080407, "test/recall": 0.7678202592836739, "test/f1": 0.7835782589521013, "test/runtime": 1.8735, "test/samples_per_second": 89.669, "test/steps_per_second": 11.209, "epoch": 11.0, "train/f1": 0.9770336843910272, "train/accuracy": 0.9932584269662922, "train/precision": 0.9974840389978565, "train/recall": 0.958529941830222, "val/f1": 0.7741391212000531, "val/accuracy": 0.9041916167664671, "val/precision": 0.8669918699186991, "val/recall": 0.7916666666666667, "val/loss": 0.729204535484314, "eval/loss": 0.5722541213035583, "eval/accuracy": 0.9041916167664671, "eval/precision": 0.891370928536704, "eval/recall": 0.7775000000000001, "eval/f1": 0.784882613928257, "eval/runtime": 1.8614, "eval/samples_per_second": 89.718, "eval/steps_per_second": 11.282, "train_runtime": 785.9104, "train_samples_per_second": 50.96, "train_steps_per_second": 6.375, "total_flos": 3863889922083840.0, "train_loss": 0.25741897762520366, "label_metrics": {"_type": "table-file", "sha256": "0f7896b68d2a7544b0ce0f0851eca556881c94eeedf7b8f72349219c1769e0a8", "size": 602, "artifact_path": "wandb-client-artifact://zpp0kdpef38eck5a25m5u8p6pug35tziakzz9t2xfuhodvkyk8kj4sqpduoysh8ucqj9ffutfsaqvi03gwnxw2bqiu5a1q661pqwmsyoop2qag9sh5lf2nt78uy8gn2p/label_metrics.table.json", "_latest_artifact_path": "wandb-client-artifact://m0o0rig198yrm43x5d845maq8nc3jkq6upyyujz3qftbcjc8b75wdzcehy8fnfcjnvca967g7um7wf7qjsck5pklgmcjd8jzazsn3lu7rv03wv5x52h00agr0zyesgkb:latest/label_metrics.table.json", "path": "media/table/label_metrics_230_0f7896b68d2a7544b0ce.table.json", "ncols": 6, "nrows": 5}, "test_predictions": {"_type": "table-file", "sha256": "4c74d5fdfa1cee4b21a48129a4f0b5bd5bd7d78200a527f0f28e3369fd5fbeb6", "size": 90459, "artifact_path": "wandb-client-artifact://kiilicjsi5uwh6htb1m8ddua62cr0mqyllt88u6m7ciuuplnqzcegq37xludjzcpuvs42omjfkw8mxp36cr0879es2ta4q2j1g6577hc3vv8g335ixsyagtz8q777srq/test_predictions.table.json", "_latest_artifact_path": "wandb-client-artifact://6m2bqjn6as0mgvsq3thybr2h78n66v78qyy7oaavj8yazcl4rcyu55epey77z6o01cv1g2aax5hskzan57eh0vcudb2vwipamfg0svelbdvg1po9xrsawgcrdej78pf9:latest/test_predictions.table.json", "path": "media/table/test_predictions_231_4c74d5fdfa1cee4b21a4.table.json", "ncols": 8, "nrows": 168}, "test-metrics": {"_type": "table-file", "sha256": "baefd2f9a87ecb2223ff58c13d65ff14907b20d1cc19f35bc514fcfe8afa8173", "size": 194, "artifact_path": "wandb-client-artifact://8hzgk0vfk5zudyg56h3nlzzlkyw4pg46py7uvkis03egfpci6epsrf54fgtpa2pcxbf08o1iho2vku4xwne8fvb52hipjfn3tvgtvx36amsom9czrzj9vtnjqu2fk6xx/test-metrics.table.json", "_latest_artifact_path": "wandb-client-artifact://hq9vjcreie9tre8dhmdgnyqd0kqmnm5klv70r2ury4vr1m2vcw77q40mqduxoykt474r5btsqfoyrwzcdg7cnf5pmfu3h9v9b5u045kzqyylpjjiox4gga7j1pb4o7x3:latest/test-metrics.table.json", "path": "media/table/test-metrics_232_baefd2f9a87ecb2223ff.table.json", "ncols": 5, "nrows": 1}, "test_connective_metrics": {"_type": "table-file", "sha256": "88870d19c75593984403d57462c7607090df3c50107d0ebd1a8099c2b9ff0a8d", "size": 421, "artifact_path": "wandb-client-artifact://uhfkasw6koiniel62ginr7byl4ccx9ktmwxja3psvdnnbw0zs0kniopvb9kffc935qw0c9paeszw74wa9iwgfd1rkcdh7idgo71tab78d4ishs5yh4cvr0eywgia4evn/test_connective_metrics.table.json", "_latest_artifact_path": "wandb-client-artifact://qwapgr3sdiqpo1kkjjstktvwg84pnqp1t30hdgrek31unjknqibgpyd9z68moj3zjftc1ifenxf21k7ii73ku4coucpttcd4ygvbrtykbjhfqdbl0khfstsimwp1v4h9:latest/test_connective_metrics.table.json", "path": "media/table/test_connective_metrics_233_88870d19c75593984403.table.json", "ncols": 6, "nrows": 3}, "Exclude_counts": {"_type": "table-file", "sha256": "082fcc874914d75958d68e780085931cf5c17034575e8b060f4acd16accf2d9e", "size": 71, "artifact_path": "wandb-client-artifact://3g0c0daec0whc3b2a7uw7ge9fzluzekeqqat48bvpowywucorahwrllldjstxhmeskla2k888qnawqwhk33dvvebbv0k3qko9utr9xxr53hvcg7do5oihesni2zj6i7n/Exclude_counts.table.json", "_latest_artifact_path": "wandb-client-artifact://lb5a30yebi3iftvtvs8suybwuvccfh84kxfisrl7z6mya2x7aw7tojzqjy3g5ag8o9tmk2n351hqkg8uibvwaw4qg1sfyiami9xj9aj8vd7vex64ysjykkb1cgvpfwfj:latest/Exclude_counts.table.json", "path": "media/table/Exclude_counts_234_082fcc874914d75958d6.table.json", "ncols": 2, "nrows": 1}, "_wandb": {"runtime": 800}}