{"train/loss": 0.0022, "train/grad_norm": 0.007608929183334112, "train/learning_rate": 4.0798226164079826e-05, "train/epoch": 8.0, "train/global_step": 1336, "_timestamp": 1739602757.3784695, "_runtime": 1219.7276225090027, "_step": 173, "test/loss": 1.2156115770339966, "test/accuracy": 0.7797619047619048, "test/precision": 0.6200882641386074, "test/recall": 0.4723994726433752, "test/f1": 0.46994133719061393, "test/runtime": 4.4154, "test/samples_per_second": 38.048, "test/steps_per_second": 4.756, "epoch": 8.0, "train/f1": 0.8155366761063914, "train/accuracy": 0.9902621722846442, "train/precision": 0.9536904761904761, "train/recall": 0.8156449385733021, "val/f1": 0.5754029304029304, "val/accuracy": 0.8562874251497006, "val/precision": 0.7797453703703704, "val/recall": 0.6420833333333333, "val/loss": 0.9030411839485168, "eval/loss": 0.801048219203949, "eval/accuracy": 0.8383233532934131, "eval/precision": 0.7184570678665166, "eval/recall": 0.5858333333333333, "eval/f1": 0.5791251885369533, "eval/runtime": 4.3895, "eval/samples_per_second": 38.045, "eval/steps_per_second": 4.784, "train_runtime": 1207.0718, "train_samples_per_second": 33.179, "train_steps_per_second": 4.151, "total_flos": 2810152156078080.0, "train_loss": 0.3383291727949692, "label_metrics": {"_type": "table-file", "sha256": "b7e6d5e66b6a38d2d2e75a2dbbf0946d70f1ef7906dee7ab2239d8beaf7a02ba", "size": 585, "artifact_path": "wandb-client-artifact://toq61zfqx2cq0c0yub4xb8fs6uomzskubve236w4pjtklap9xnltiwbeer24n3lfjw73uqss0f7d4f9nqwn4tlnbpzm6fj1jwv7congin045n2t6dzx65wy47zeeijzx/label_metrics.table.json", "_latest_artifact_path": "wandb-client-artifact://kbgtcx4blfyjirvv2h1zvkjjdcxi1tw1meui9gdsbzjlgn4lcsd3v2ih7j37ug4sgwv1un352gkf1ed76b1vm8zb2rjmpo30vmlof1toxlg3nkh1znjhbj6oka7dgrh3:latest/label_metrics.table.json", "path": "media/table/label_metrics_168_b7e6d5e66b6a38d2d2e7.table.json", "ncols": 6, "nrows": 5}, "test_predictions": {"_type": "table-file", "sha256": "aebd82c2073f91d8d031dbdf4d06c22ea26236989f4f08793e1939db94c35a33", "size": 53586, "artifact_path": "wandb-client-artifact://mwx3zsfrzlzm83mo41xebmjlnn08ftqdht3qcujs5b85v6ku3ftbvdckgzkuc3dwla1i8j4x9spsthdwig8s5lfuzfbqjfestwyk9u3wanmynai4wre7d6l1m70mkxko/test_predictions.table.json", "_latest_artifact_path": "wandb-client-artifact://p1v8jntjtgf39tj08n5kq66562axds5m4l89lcap3aadug48g1dimo7dd2wvfkneze4hnpjbxtsz4yobrmed2vxbjduhyr3i6ej38tlq3tqbif5vphpysbmlvclwhs3r:latest/test_predictions.table.json", "path": "media/table/test_predictions_169_aebd82c2073f91d8d031.table.json", "ncols": 8, "nrows": 168}, "test-metrics": {"_type": "table-file", "sha256": "3879906d3c3cee656e6683b5a9740b29d76e303368077c5891e7418bb0344277", "size": 196, "artifact_path": "wandb-client-artifact://9bf9uqki0l5rp6ik24k2tivv44fuhb1evypngytcs0mxntg6ytqlqdpt8rna1dbqs5bldlejbmodur37zfjk7vapwz72ywva7pliktxfxub90x0m13so5ttbdf4q7auh/test-metrics.table.json", "_latest_artifact_path": "wandb-client-artifact://v0ff42v18r5717ald018iobwl58jb2e0rpu5ammodipii59get4n2g7owqm3h28n8pheyoq7t13irensza3kgv409shjxrtwmqqxjd368z2uqrj10h8nxpbsozp9anym:latest/test-metrics.table.json", "path": "media/table/test-metrics_170_3879906d3c3cee656e66.table.json", "ncols": 5, "nrows": 1}, "test_connective_metrics": {"_type": "table-file", "sha256": "2358e85c29f888aeb8c73653ff64c8190badaf6d503fb980860051c0c5029834", "size": 410, "artifact_path": "wandb-client-artifact://f3qkar6xda54l1gfz1wwj1bhch782avfvc9md1ad6zf7605stodyrvp1focl72pcpmvhp72utnuuxikusyekga2xa262u6jct6n3sls1lg7vg1yn4erc206oy7tzmqu0/test_connective_metrics.table.json", "_latest_artifact_path": "wandb-client-artifact://ebyu8rt7s6tdu7l7lvd1pgrmmwfuej15v7wdzh2dwc2205632lmeheqjuem37a7kqdvupj1j7rxxx9fldlzabn5t6mu4xkabyeccgw21suiehs8551js0si8c1fxetao:latest/test_connective_metrics.table.json", "path": "media/table/test_connective_metrics_171_2358e85c29f888aeb8c7.table.json", "ncols": 6, "nrows": 3}, "Exclude_counts": {"_type": "table-file", "sha256": "14b17048af7d70db18371f6d087e4493b63d0c540484cbe27bc06c81be6115b0", "size": 74, "artifact_path": "wandb-client-artifact://1mbft8n4fw0xcegeg2oigaa4raw71czf2whdwdu5nrnvbodl7eisijg6ev14nywig8duqaq3daliug0hbk4wh4s4grdw5etw2g465hcit2vhssp9tgwfevkqasvfalq9/Exclude_counts.table.json", "_latest_artifact_path": "wandb-client-artifact://qb7zvwravf3nzs63uigq1xpccb8pckubc0wmavbacdhgmg1qsgxv2q2k72rltp64goxtfbmw9tedk60w7izv1o49e8vqhfhj8vjpobbd20oerc7gp36fjud9tok33k0c:latest/Exclude_counts.table.json", "path": "media/table/Exclude_counts_172_14b17048af7d70db1837.table.json", "ncols": 2, "nrows": 1}, "_wandb": {"runtime": 1227}}