{"train/loss": 0.0439, "train/grad_norm": 0.02103392407298088, "train/learning_rate": 3.337028824833703e-05, "train/epoch": 12.0, "train/global_step": 2004, "_timestamp": 1736779084.2923367, "_runtime": 865.7404477596283, "_step": 255, "test/loss": 1.0978310108184814, "test/accuracy": 0.8095238095238095, "test/precision": 0.8233587786259541, "test/recall": 0.6403537684025489, "test/f1": 0.6847382920110193, "test/runtime": 1.8765, "test/samples_per_second": 89.528, "test/steps_per_second": 11.191, "epoch": 12.0, "train/f1": 0.9738874839778218, "train/accuracy": 0.9887640449438202, "train/precision": 0.9862350862110141, "train/recall": 0.9633303017918191, "val/f1": 0.5605072136381434, "val/accuracy": 0.844311377245509, "val/precision": 0.6794704861111112, "val/recall": 0.60625, "val/loss": 0.9439987540245056, "eval/loss": 0.7256067991256714, "eval/accuracy": 0.8622754491017964, "eval/precision": 0.7070261437908496, "eval/recall": 0.6458333333333333, "eval/f1": 0.6498249299719887, "eval/runtime": 1.8671, "eval/samples_per_second": 89.445, "eval/steps_per_second": 11.248, "train_runtime": 858.3255, "train_samples_per_second": 46.661, "train_steps_per_second": 5.837, "total_flos": 4215152642273280.0, "train_loss": 0.32642447835990707, "label_metrics": {"_type": "table-file", "sha256": "50c87477943076c5b7caaccb95379cb0d41ba45a49d438978597b2584fc082b9", "size": 671, "artifact_path": "wandb-client-artifact://7l7tn6x9szgtmbvkjmhc2tl6hc1k5l3agk53sq8yjbwpy0i4x63gef4019ntgy425bna49shletxqir6qhmckfo2zoe65qwkg74xkcpv9wssqy2nw5e21as8okhowats/label_metrics.table.json", "_latest_artifact_path": "wandb-client-artifact://r3j7fgktoc6ys8x37jtgw5ux56so5rcsvh33lz8zgckm8rirdwmcs5vju4st49g2w9ddmm2dfp87xs1dkfe3aq731nsgg5at2exxlgtekovii4j88nugbr1ah6wm3yh6:latest/label_metrics.table.json", "path": "media/table/label_metrics_251_50c87477943076c5b7ca.table.json", "ncols": 6, "nrows": 5}, "test_predictions": {"_type": "table-file", "sha256": "a8a8c15f937fd7ab8d985bb4b9ef20c02db2ff52c3b79f2235d0838aa4dd5699", "size": 91355, "artifact_path": "wandb-client-artifact://h7f5t6vm4v6simghtw7rvcdkxoi1uclvysvpxx85g0r8rbvjpcb54v0xztqnxykatcusg57e4ggdtf45al51r5ghpy0fcddvhzrbi5r3q0zxnr3ujarfrbxrkyq0lmxp/test_predictions.table.json", "_latest_artifact_path": "wandb-client-artifact://c0xnz26ms5luvnul1skac2kh1ruby8kf527bnl39k7jz3z54ewhja2pktmolxvj3gtpbzwapv3jgol4vp4kof98mm6vrjkk4cw0z8ckhiobghjmjy1zct1nt8mjxpjro:latest/test_predictions.table.json", "path": "media/table/test_predictions_252_a8a8c15f937fd7ab8d98.table.json", "ncols": 8, "nrows": 168}, "test-metrics": {"_type": "table-file", "sha256": "6f84d248cc357da498ad3fc860bbecfe2ed6178590b7faf385beab2da3dd87a9", "size": 214, "artifact_path": "wandb-client-artifact://1863anx5wwtrz9whx5r37amr3qm2jeieklkq0ah9xeufgszj364agppuz1n9fdpp2hqu4lv5j4pasdzl9kipdekn1vrl22linfbza0b5tfcafhmmwimi9zt0vr9701aq/test-metrics.table.json", "_latest_artifact_path": "wandb-client-artifact://ty6xe0jn3kjqd04pep2j1wotow1x3zvelfmlc6zeqch3wlicialvwahrdhsx5t2il2521yba7xiuuc2gtu7zc6dzxexul9tx5vlmhoiivxxd3nvlknhi4nes0od3d3rb:latest/test-metrics.table.json", "path": "media/table/test-metrics_253_6f84d248cc357da498ad.table.json", "ncols": 5, "nrows": 1}, "test_connective_metrics": {"_type": "table-file", "sha256": "b169fc8c9267287ab192f6cf490247f0255c3d290c5f6cf949e42ceed0f41b31", "size": 494, "artifact_path": "wandb-client-artifact://bw4tbv4o7w26sev1x8npwnk26k0eoeqb0ac1ft1i7u7yv9ype3x4xhroi1scbrlhwsbcsw8hp8rrix3an7dt6cs6c2oihvtbkl9ipy90f48z9t6p9zow0ouqkcjyg5fg/test_connective_metrics.table.json", "_latest_artifact_path": "wandb-client-artifact://a6yof58kk7fetbl6oeggqjstjjktmv5qwbaoaqbeklalnuvevwkn2qll4d8f4b1ntivujqi5d1ysynt36wvpxkesxr4b9n7yubznc6eo8bb1mfd027a068hhfvuokjrz:latest/test_connective_metrics.table.json", "path": "media/table/test_connective_metrics_254_b169fc8c9267287ab192.table.json", "ncols": 6, "nrows": 3}, "Exclude_counts": {"_type": "table-file", "sha256": "c34a277c71c512b8edf166c56baf83d9cf5f1d112b0d9e9e2b7fd47129239695", "size": 93, "artifact_path": "wandb-client-artifact://tupi9l1wjuq1crreyscd2a28bfbipan16206cytrhgt4r4r2mbyv1y3pc1k4qpog9mx7rt1t67xw1vg10rlhiynfthqm6h4tnfnljrw1c2kfm3geitjhrklxjm3jtl5i/Exclude_counts.table.json", "_latest_artifact_path": "wandb-client-artifact://0vxcbnggnd56g87ka6rfvzwvwigpzwlbrb0rmfpphiczzhga3j14kuy332oibycb77bg6x77vhoxg66r0sjqqo705mjmdcmnlkhu2du4pmkaztpnr1vwt8xepxw99tqt:latest/Exclude_counts.table.json", "path": "media/table/Exclude_counts_255_c34a277c71c512b8edf1.table.json", "ncols": 2, "nrows": 1}, "_wandb": {"runtime": 874}}