{"train/loss": 0.129, "train/grad_norm": 0.01964518055319786, "train/learning_rate": 3.52549889135255e-05, "train/epoch": 11.0, "train/global_step": 1837, "_timestamp": 1736701287.9535239, "_runtime": 789.0796229839325, "_step": 234, "test/loss": 0.8289777040481567, "test/accuracy": 0.875, "test/precision": 0.8727777777777778, "test/recall": 0.804256207426939, "test/f1": 0.8173593073593075, "test/runtime": 1.8597, "test/samples_per_second": 90.338, "test/steps_per_second": 11.292, "epoch": 11.0, "train/f1": 0.9775988924164318, "train/accuracy": 0.9940074906367041, "train/precision": 0.9976851851851851, "train/recall": 0.9594473730228825, "val/f1": 0.8317068762989066, "val/accuracy": 0.9041916167664671, "val/precision": 0.868923611111111, "val/recall": 0.8095833333333333, "val/loss": 0.8312856554985046, "eval/loss": 0.6107333302497864, "eval/accuracy": 0.9101796407185628, "eval/precision": 0.8713630796150481, "eval/recall": 0.8158333333333333, "eval/f1": 0.8368568480023588, "eval/runtime": 1.8464, "eval/samples_per_second": 90.445, "eval/steps_per_second": 11.373, "train_runtime": 781.4293, "train_samples_per_second": 51.252, "train_steps_per_second": 6.411, "total_flos": 3863889922083840.0, "train_loss": 0.2418832080337337, "label_metrics": {"_type": "table-file", "sha256": "c9fa0caec6e31ca8440f0b7348d852b719914a860f34a7f53f564c4624b1f310", "size": 554, "artifact_path": "wandb-client-artifact://xzalqv2cc5omeuppbvcdnzyevqfysauuzdz1d3in1cjeagxehjvfu7w3b1mgf8bqv93fusa789srd7h3zo49v2xsxev1lp5nchzjoxxia6gnqhtnudz8lp36qx9gphbr/label_metrics.table.json", "_latest_artifact_path": "wandb-client-artifact://hucf6rns2s7q7zry4q9d266vn7mc1i87jdhz0mg35iqzh0ceq3pl3hfgcbmy8fr7ykrdv1ws1kaarwfh74jjzf6iq0hmh75h1jajlpqi31zakk6ftndgbcpb3plyk4fu:latest/label_metrics.table.json", "path": "media/table/label_metrics_230_c9fa0caec6e31ca8440f.table.json", "ncols": 6, "nrows": 5}, "test_predictions": {"_type": "table-file", "sha256": "72cc785cc338c41147eb3a913ece0785e8f44fdc7e1fe58767e1adf4c91f72e8", "size": 88001, "artifact_path": "wandb-client-artifact://aycd3rsrhsie4hajjfhe9n3rk1k6z5xb29yjj4qsite7tse48gqjmo24juvjebz2mn3o4hagontfey1ibdyixtpgpqe96dldrpgpdu5adt7rmu36735qjqgi2xlkdz58/test_predictions.table.json", "_latest_artifact_path": "wandb-client-artifact://ml5pd28a88qy2ynl81treub4cua6uiy2oliihyu49a2079udsdxns9fxcow2bwroipbaikdgfsyi6arxotxy2c095v123l36jnreannb9vdlctyv40yhgq0gmza96bp2:latest/test_predictions.table.json", "path": "media/table/test_predictions_231_72cc785cc338c41147eb.table.json", "ncols": 8, "nrows": 168}, "test-metrics": {"_type": "table-file", "sha256": "1f55340bb2781c5757dea63e3fc68e628505f01186f6c102da4acd4212583bd1", "size": 176, "artifact_path": "wandb-client-artifact://jvp13hn41tb2yp37xmreqj5u6uhmqgo2fgikezet4pfeblaudvsb7e8t20hhm3ms81l7sgnow951c7etqtb5ntxmtpaldut0jwlpmj694l3p78tae0ofpphkcboh20ct/test-metrics.table.json", "_latest_artifact_path": "wandb-client-artifact://g85zjspcsnk9k4k4sn0r523h4y11aezdcg4vu56clp3x9ua75sprwfbx0v01dgwr7lfgjk48teo2m1qhw70iovob9uhlhk47fgqfayeg2mw1shd7ksbn80gll9r5nptm:latest/test-metrics.table.json", "path": "media/table/test-metrics_232_1f55340bb2781c5757de.table.json", "ncols": 5, "nrows": 1}, "test_connective_metrics": {"_type": "table-file", "sha256": "5e4825fe95d4a3824cc7d47cd20b185f95213f19773035a0b20dd93ec39d0416", "size": 421, "artifact_path": "wandb-client-artifact://l2reajmictzsfefjrygntlq7pdhgqpltrulvlspxi5j7apr7rlytf5u9dlrtg2rnvvak4d1nzam27i8v9gpkjsj116khx6ooxw6inazs5z6pd6q3cxljdutzs2c1axj3/test_connective_metrics.table.json", "_latest_artifact_path": "wandb-client-artifact://pq77q4e7bpkhdsrixh11j1cu5076x0w80gasgxohfheml4xyocsm6qdf3w0bmj2eu4prsub1niz4pgpvt36tumsvc2p4ou9cep9ded53psd6hms9aqwa3wnqsylyl59x:latest/test_connective_metrics.table.json", "path": "media/table/test_connective_metrics_233_5e4825fe95d4a3824cc7.table.json", "ncols": 6, "nrows": 3}, "Exclude_counts": {"_type": "table-file", "sha256": "3a3e16eee488be4d9705c81c282778d2e17c222f184cef71ed7ae945012d1110", "size": 66, "artifact_path": "wandb-client-artifact://pribxjcpuns6xazxnw05tzul8ko0hmhfax6gn7stp0g1auw4aqip858r92ugv7qq3k1yf3dzjgi67gbypvlpbwhiixstr15r6teruynr6w4aivt1bz8dpiqi1cbt90m3/Exclude_counts.table.json", "_latest_artifact_path": "wandb-client-artifact://h79o34l20qzkl9bjk0jmz80wl9pv3k76ambi6ivt8gycu8sra6fmo9xtmy3e7foolsopvdi84rvtkhdbvty44z6aoykbyy98n23m9mynq82d3a2vcjohwkceypiif7py:latest/Exclude_counts.table.json", "path": "media/table/Exclude_counts_234_3a3e16eee488be4d9705.table.json", "ncols": 2, "nrows": 1}, "_wandb": {"runtime": 797}}