{"train/loss": 0.1315, "train/grad_norm": 40.836544036865234, "train/learning_rate": 3.7028824833702884e-05, "train/epoch": 10.0, "train/global_step": 1670, "_timestamp": 1739661412.9558344, "_runtime": 1535.519299507141, "_step": 215, "test/loss": 0.9723013043403625, "test/accuracy": 0.7738095238095238, "test/precision": 0.7412329272794389, "test/recall": 0.5249483629971434, "test/f1": 0.47901895206243034, "test/runtime": 4.4265, "test/samples_per_second": 37.953, "test/steps_per_second": 4.744, "epoch": 10.0, "train/f1": 0.7624672660928065, "train/accuracy": 0.9737827715355806, "train/precision": 0.9508087614268745, "train/recall": 0.7653689173724333, "val/f1": 0.5177310924369748, "val/accuracy": 0.7904191616766467, "val/precision": 0.7196759259259259, "val/recall": 0.5029166666666667, "val/loss": 1.0393377542495728, "eval/loss": 0.8734217882156372, "eval/accuracy": 0.7964071856287425, "eval/precision": 0.6882233796296297, "eval/recall": 0.5791666666666666, "eval/f1": 0.5616203233617121, "eval/runtime": 4.4005, "eval/samples_per_second": 37.95, "eval/steps_per_second": 4.772, "train_runtime": 1522.8678, "train_samples_per_second": 26.299, "train_steps_per_second": 3.29, "total_flos": 3512690195097600.0, "train_loss": 0.5041058051996602, "label_metrics": {"_type": "table-file", "sha256": "f4ee6a92aa0cf61e9415afe6ecdc22ebe1905d189b49a1ce50ab5d66028a4a32", "size": 657, "artifact_path": "wandb-client-artifact://6nezra8tix6swzxildd4hodzgn8ahs27gbcjoevzw8reib8zbc31ddta7laltk3oseg2h1o1g5r9bkvgl5cuv4469442xe9d27dn7v7ljgbdmwc8vw49x0bf00o8bgk8/label_metrics.table.json", "_latest_artifact_path": "wandb-client-artifact://fq8oir550ovx7q6yhk1o40t9rcbs2h1mt7cbcsy11v2rvmqvh797lt02zdabyj2l7wi6eeodexr61j2py9gbtcl97psck7jv4az96lv1hyfeyrvlozpcvcg7kh7oi9b6:latest/label_metrics.table.json", "path": "media/table/label_metrics_210_f4ee6a92aa0cf61e9415.table.json", "ncols": 6, "nrows": 5}, "test_predictions": {"_type": "table-file", "sha256": "75a22af74721ad98fe1d016479755b10c2f7441a3eefdca0e54637b2651d2c4b", "size": 53015, "artifact_path": "wandb-client-artifact://rxax964dngv9wptcbkblcdphfsnog859wq0oumntbqs9asqs1scuqvva1bqvpowq0r6hn8674z3gdoo5fme8208usgels50etseu1689vm1u5cgqe1gks1j3c3cf1cj2/test_predictions.table.json", "_latest_artifact_path": "wandb-client-artifact://bomlkt5tfors83po0ehwzex7sqnk2laj37488me9k8v5i47pyd8rvuxn3rqtepfg1n6qnc3bh4xzrh5wd3ilhilsqhx48wxjny3nyolywoq3klfds1tzcwrau6uiiwre:latest/test_predictions.table.json", "path": "media/table/test_predictions_211_75a22af74721ad98fe1d.table.json", "ncols": 8, "nrows": 168}, "test-metrics": {"_type": "table-file", "sha256": "fc8fd1ba128b07456f86519c8bb56067a9c287b23155816c455d1f018b5979bc", "size": 206, "artifact_path": "wandb-client-artifact://4eznnakynpa5olhxae1uo5uuhgnnw18ztn5ima3wt91lbxpnwzteedm74lpjzb9ffvnim6dtufcs8c8fr8xacqokoj0fh12ekz95r9qrbck79qldweojub69l2dmfclz/test-metrics.table.json", "_latest_artifact_path": "wandb-client-artifact://ighocg19ylyn1k0tj1m76ldwpxibfvxm2p934b2rzfc2kyh2hiyiypakahgeeg9kzic4w1cgqxt08tfdfzj05akbwgzy3h6fuf6f5asvz2dlqb11572kbaj8bcdotwko:latest/test-metrics.table.json", "path": "media/table/test-metrics_212_fc8fd1ba128b07456f86.table.json", "ncols": 5, "nrows": 1}, "test_connective_metrics": {"_type": "table-file", "sha256": "18ee335741ad4ffc9b7b01c91d7bc42c9534d813df5015044d34bd4dea3ae4f8", "size": 438, "artifact_path": "wandb-client-artifact://zwts2vtf0ml6o5s4xf0mlo6a526pnxaoszmh95yk1dvkgjj57cp8c4wru7duwohnyj11bwj6kjzobrseoi1zimbwfnsii5e1kp9g2sotqa1pxsuhsjdunkt3t1tm1oi2/test_connective_metrics.table.json", "_latest_artifact_path": "wandb-client-artifact://tzd93du8n153k5fkni74tfysrmfv5h3pl2bzpqgdrxcffxl1yix6dtgsdrwzj2r7xbf94t4nsx87bpeak5hxkmdqvfubmfnjxluew1vfnru08ea4ymp7dxz6h3ba8kte:latest/test_connective_metrics.table.json", "path": "media/table/test_connective_metrics_213_18ee335741ad4ffc9b7b.table.json", "ncols": 6, "nrows": 3}, "Exclude_counts": {"_type": "table-file", "sha256": "e0904507c7a3e3f62f0831416757fbded3c24349ee8ce39d59ff399ee82bffe7", "size": 84, "artifact_path": "wandb-client-artifact://loc2xsg1h1l909hs1lmab19x0alwu3ad5kcomflmzh6qr4o7zzyfm3ktfxnczd4e5cmtcobq7xk3i6yg8ihk1g15w6mscenxnva81abzm2danwgqkb7cbtoxq412nc3t/Exclude_counts.table.json", "_latest_artifact_path": "wandb-client-artifact://rh331uzd5tcadov1hmsfrmftyyitojoj7g843paordjohcq0hpdizzyma244assbqux1wqbiwavfxaulwjkl4euiiyfeqywm6m3uksmqkq0t24vr6jooyvtkcy0gaf6k:latest/Exclude_counts.table.json", "path": "media/table/Exclude_counts_214_e0904507c7a3e3f62f08.table.json", "ncols": 2, "nrows": 1}, "_wandb": {"runtime": 1544}}