{"train/loss": 0.0007, "train/grad_norm": 0.02274441160261631, "train/learning_rate": 1.2468827930174563e-07, "train/epoch": 15.0, "train/global_step": 2505, "_timestamp": 1735909465.1336865, "_runtime": 1081.1109066009521, "_step": 316, "test/loss": 1.6556040048599243, "test/accuracy": 0.8095238095238095, "test/precision": 0.83918295445013, "test/recall": 0.6552318171830367, "test/f1": 0.6733282095561608, "test/runtime": 1.8515, "test/samples_per_second": 90.739, "test/steps_per_second": 11.342, "epoch": 15.0, "train/f1": 0.9967698967698968, "train/accuracy": 0.998501872659176, "train/precision": 0.9940298507462687, "train/recall": 0.9996007984031936, "val/f1": 0.6812348178137652, "val/accuracy": 0.8622754491017964, "val/precision": 0.7876241013351593, "val/recall": 0.7291666666666667, "val/loss": 0.9548960328102112, "eval/loss": 0.8966944217681885, "eval/accuracy": 0.8682634730538922, "eval/precision": 0.7877171215880894, "eval/recall": 0.74, "eval/f1": 0.688907189475307, "eval/runtime": 1.8361, "eval/samples_per_second": 90.954, "eval/steps_per_second": 11.437, "train_runtime": 1072.665, "train_samples_per_second": 18.668, "train_steps_per_second": 2.335, "total_flos": 5268940802841600.0, "train_loss": 0.1580254343726362, "label_metrics": {"_type": "table-file", "sha256": "39e3223655010f64ffd20736f3ba9b2438a0c704056d59b216a93890282a29fd", "size": 509, "artifact_path": "wandb-client-artifact://e2xt628a467ud5tsu33rwv3c6m7qeoh2dx0p16xjryhoxa9ylgnz4etekkqcwua94m8kxcvtls5ppqpzuli9mxv2h5i4g3bi2icp5tn7funpyz2twlae81l3u113vb45/label_metrics.table.json", "_latest_artifact_path": "wandb-client-artifact://hnth6lt47wolk4avl533aia3jxvf2lmef12fq1eni6kyc3h4afvveyvz61vef2xux9tze3lcfn4ocexkbt2ylsov4a22xn5hzzht2qekhetxovh5ce9xx1eh3b3p677o:latest/label_metrics.table.json", "path": "media/table/label_metrics_313_39e3223655010f64ffd2.table.json", "ncols": 5, "nrows": 5}, "test_predictions": {"_type": "table-file", "sha256": "f135cf47e8b16c5d84726468440a187ae2b064c04f06ee91687f89c6e3078b55", "size": 51053, "artifact_path": "wandb-client-artifact://b8nrnknv579rbv9rw0j2vkii6822ge3rwzanp6da8j57kz9p9ozuo88zc7c0z6pftdjg6skaast4o06etk44h8wzs97n2zcgpkj4fpbgcnpmnll5wotcpxw95zyoevkr/test_predictions.table.json", "_latest_artifact_path": "wandb-client-artifact://3nth93htsfgax4y9mfqnxs0hyi5w7gz73sgg0uyohr44i5nalq67bwfwhsqcch0szqy70ltk78td4qcimjvj7jxvot9a13a8e7jo3u04y1n62823ablryd2vzmrnwlao:latest/test_predictions.table.json", "path": "media/table/test_predictions_314_f135cf47e8b16c5d8472.table.json", "ncols": 7, "nrows": 168}, "test-metrics": {"_type": "table-file", "sha256": "4e8cd815526fc8dd2e647468fa01c657356742ea7c6fbb979d55010b47dc04d9", "size": 193, "artifact_path": "wandb-client-artifact://g1j7tv4tlfb29tjvsts2otg3ctmpv3eqj8hww3bu99f2q1cwu1gt3uhqv3n04imdnvg49b5hnultc8z8ndjo3idox3dzzy0slo3aentouqr8nluvqbrujuz1arcy7xqx/test-metrics.table.json", "_latest_artifact_path": "wandb-client-artifact://iez4qvpxhl0e6tberhsya6y78avaqkp6bw9pnulskkgyluebo70nsfhq4b8oe45jhkvr3y1ps7otaeq8gir9m989ldeie5v66ynkxftnu2xbgas2cvs02g60cad1ki6s:latest/test-metrics.table.json", "path": "media/table/test-metrics_315_4e8cd815526fc8dd2e64.table.json", "ncols": 5, "nrows": 1}, "test_connective_metrics": {"_type": "table-file", "sha256": "7d0824dc1fc9d5bfb49b7dc3f7a3c88fe9a89af9f8e16fc7b7abfd41c7ce24a7", "size": 434, "artifact_path": "wandb-client-artifact://fvt8l20w572upydtzg942qbvf2yix8b0fdvupuavlvbqhce1j5rjlrhogddk6ee1ht4p7tj03vrxb8ynxwrwgyjh84r6v6rxxjwffvi59bakw3hllhb1oiv83h1vbrgv/test_connective_metrics.table.json", "_latest_artifact_path": "wandb-client-artifact://wmx0qv5uy7lbgii55d0twz6i59pcxsohat3z20tqqmka0dzni0bgs3e6a5m33d7qv3fidm0pc6yur1xp2lcc5534txq0qqmtn6fi4fa52ifok13nnwp88vxnyslwcb0p:latest/test_connective_metrics.table.json", "path": "media/table/test_connective_metrics_316_7d0824dc1fc9d5bfb49b.table.json", "ncols": 6, "nrows": 3}, "_wandb": {"runtime": 1088}}