{"train/loss": 0.0013, "train/grad_norm": 0.023058781400322914, "train/learning_rate": 2.4168514412416855e-05, "train/epoch": 17.0, "train/global_step": 2839, "_timestamp": 1739944258.9635074, "_runtime": 2586.4123845100403, "_step": 359, "test/loss": 1.5629116296768188, "test/accuracy": 0.7916666666666666, "test/precision": 0.7522476675148431, "test/recall": 0.5052318171830367, "test/f1": 0.5660299415379629, "test/runtime": 4.4375, "test/samples_per_second": 37.859, "test/steps_per_second": 4.732, "epoch": 17.0, "train/f1": 0.9775911498091971, "train/accuracy": 0.9940074906367041, "train/precision": 0.9984158415841584, "train/recall": 0.9587295426286252, "val/f1": 0.5921402827426924, "val/accuracy": 0.7964071856287425, "val/precision": 0.8422105526381596, "val/recall": 0.5416666666666666, "val/loss": 1.7618757486343384, "eval/loss": 1.3681528568267822, "eval/accuracy": 0.8263473053892215, "eval/precision": 0.8969182923381396, "eval/recall": 0.6679166666666667, "eval/f1": 0.7275864469111818, "eval/runtime": 4.4082, "eval/samples_per_second": 37.884, "eval/steps_per_second": 4.764, "train_runtime": 2573.6456, "train_samples_per_second": 15.562, "train_steps_per_second": 1.947, "total_flos": 5971573331665920.0, "train_loss": 0.2271499532446224, "label_metrics": {"_type": "table-file", "sha256": "0c61d8194352abb6b518b398ac7e9135733e753b6308ad487a1daf55e86e3ea3", "size": 649, "artifact_path": "wandb-client-artifact://n8v9z18oms5ykdxhy74f4rzdz2ajvz1mvwuw2hflheovf6d15gqaqbolrodou6odgrq0qfw0zlnz4nhtna867xv0dyi45og7p5hyvxl8ch4yv8piltgnds90he9cw0at/label_metrics.table.json", "_latest_artifact_path": "wandb-client-artifact://dgsllcq5qvtu4m6vbzx0mrun6l1ftozmcagzioicj5ybdyh6r4ayzi1vm496ksvtlbzou3q0x30lz3blf3geq1dq1e7zrj8mjpjz0rmvyjx3v0cdm7qjs3gjnzjrtyz1:latest/label_metrics.table.json", "path": "media/table/label_metrics_354_0c61d8194352abb6b518.table.json", "ncols": 6, "nrows": 5}, "test_predictions": {"_type": "table-file", "sha256": "e01cd1e408db71be3b2e210fef9931616662a1be91aea665fcf3dbfff55b39e0", "size": 87202, "artifact_path": "wandb-client-artifact://0xyfyhvopftkj87cfc4pkxcy8n0iref9axcyvc951cvsskfuq58ee0edatx9yxemc8nmmb9k7c1db64c6qteydz5fn5wcyuip8zzcmag7eaufzkk71zkt2f9b02tym94/test_predictions.table.json", "_latest_artifact_path": "wandb-client-artifact://xedtoyh4tjrapfahmfhlef9dyw5aw9a1pbxxtdotw5i2u9psn9pcu7j5h1emn52gi7vavtvvhrrhjm24uytoep3k1jrc6k6vcxahxpgiky33am4mz25pf1erk2859lua:latest/test_predictions.table.json", "path": "media/table/test_predictions_355_e01cd1e408db71be3b2e.table.json", "ncols": 8, "nrows": 168}, "test-metrics": {"_type": "table-file", "sha256": "fdf3eb6966695ef2f4f0cc39a16429740f3315bb1997b6fdc437b5beb707a5ec", "size": 203, "artifact_path": "wandb-client-artifact://yf9u1blpjd60lxwjc4xye9qhstddautz8l8e79gdfo0vtoaqzv3w6ag405ajfywv5mt7mogcl1bskyweu0faa6l055y9k53j36nvsbs6w3ftefd73ymht7yqvzyxh168/test-metrics.table.json", "_latest_artifact_path": "wandb-client-artifact://yhtel825lczczcmsxl8hfqpo82w5j4egjtbbbk0g6biy97kaps36z6m8uta8g7fx6uvkcet5jrsuafgnorck0jabv763hqnm3e6yi3pl1w0zm9e4fj4mycu4k0ol5za8:latest/test-metrics.table.json", "path": "media/table/test-metrics_356_fdf3eb6966695ef2f4f0.table.json", "ncols": 5, "nrows": 1}, "test_connective_metrics": {"_type": "table-file", "sha256": "6de1a3c14b812aacb7beed43481a07d7aacc77f229b07f0d9ca5d238603db57f", "size": 429, "artifact_path": "wandb-client-artifact://a6f9lyicdelrt3wvppj97t72rdgmx0yheyrhvh7gw3hk6nxo0rv3n1qtg31tneiacjsytm1xfmmdnnt8rqv5plecmkr7iuq303vc26kibwakm9e5ldgqqllvg2et0fqa/test_connective_metrics.table.json", "_latest_artifact_path": "wandb-client-artifact://b4l33wefohzv8gz42ntsyuc7rwvp1nooqy9reqbnuu6jlj53gpa5bi45ehg5voa3dk3x8pi267y6qnvob8nyoei3oopig3ysfjt6rwitohhqenqlmvlo6i13omjpf90x:latest/test_connective_metrics.table.json", "path": "media/table/test_connective_metrics_357_6de1a3c14b812aacb7be.table.json", "ncols": 6, "nrows": 3}, "Exclude_counts": {"_type": "table-file", "sha256": "ef52b237b8fb84fe8f03bdad3c5f8451ff086bce62bb1cbf03795a0e9e806bb3", "size": 81, "artifact_path": "wandb-client-artifact://fzl9c74fxkpvki5jp7mwro9hau7wmyr10qgtcm8eed39xsqa26ix7yer4yx7t53df4kq2sdq05q6bl00c9j7j54dau77h6rtedn6fgbytobohcxa1scdyuju7pcl6m41/Exclude_counts.table.json", "_latest_artifact_path": "wandb-client-artifact://duo2buqmzj2747kgrsv0rcnj3x5cd300qm3h6hpyr4jdy5a9ymyu0m501iuuhvds6xpakct75s7037l74l0f7ike1c66jho0juvwa0ki6s8g3htdav9fafgcokr5r2ez:latest/Exclude_counts.table.json", "path": "media/table/Exclude_counts_358_ef52b237b8fb84fe8f03.table.json", "ncols": 2, "nrows": 1}, "_wandb": {"runtime": 2594}}