{"train/loss": 0.7038, "train/grad_norm": 6.575877666473389, "train/learning_rate": 1.6000000000000003e-05, "train/epoch": 1.0, "train/global_step": 167, "_timestamp": 1736582911.587076, "_runtime": 96.47889184951782, "_step": 27, "test/loss": 0.7181649208068848, "test/accuracy": 0.7202380952380952, "test/precision": 0.7426799007444169, "test/recall": 0.24878048780487805, "test/f1": 0.24099136730715678, "test/runtime": 1.8577, "test/samples_per_second": 90.436, "test/steps_per_second": 11.305, "epoch": 1.0, "train/f1": 0.2652029599827574, "train/accuracy": 0.797003745318352, "train/precision": 0.7702088215747316, "train/recall": 0.26118771631049825, "val/f1": 0.2311984558694508, "val/accuracy": 0.7544910179640718, "val/precision": 0.7130801687763713, "val/recall": 0.2375, "val/loss": null, "eval/loss": 0.6992608904838562, "eval/accuracy": 0.7544910179640718, "eval/precision": 0.7130801687763713, "eval/recall": 0.2375, "eval/f1": 0.2311984558694508, "eval/runtime": 1.8422, "eval/samples_per_second": 90.652, "eval/steps_per_second": 11.399, "train_runtime": 89.2375, "train_samples_per_second": 14.96, "train_steps_per_second": 1.871, "total_flos": 351262720189440.0, "train_loss": 0.9580463991907542, "label_metrics": {"_type": "table-file", "sha256": "ba5882b82ea5c7d2db50614f825bf93fc85b6880cecf01ed4a6758d113f5847e", "size": 522, "artifact_path": "wandb-client-artifact://jj2gu9ezreocezcpr4zidz6opdeyqenzv50ma95u3qdchwcsilfkgzr5cstrsby8nji1edzcheauv000v0jmmmv83h7htgl3ffmjxrcv0b0ervwdweke1j98cqwa35oz/label_metrics.table.json", "_latest_artifact_path": "wandb-client-artifact://eydo6uk4hsp6oz3g3on0ncvyv8d5b48grzkwnn0zc9ayckpseoyn7j452t34hmjdygsdq8btrbmyonamsvnro3s3cmda43fuyvjwp2lbm36os8gvaqmx0b9w060qhbpi:latest/label_metrics.table.json", "path": "media/table/label_metrics_23_ba5882b82ea5c7d2db50.table.json", "ncols": 5, "nrows": 5}, "test_predictions": {"_type": "table-file", "sha256": "cebc148a5f6206c54604f015b7088cbf1775a01ccafce0856311f05d101914f3", "size": 91834, "artifact_path": "wandb-client-artifact://6mn6j22nkf0pax3vorfl7whq700bib7b3v9mgjcx0ijjmedms3i38a769tmt9304admpyerysmmn1rmg665kscubjcwnmax18u0zlbyagncjcup7vq3fnncldd21g8xh/test_predictions.table.json", "_latest_artifact_path": "wandb-client-artifact://m3mi4xi4xysgehi4mvo4dxu68e76yc9tqukljitidn338d1u4xv7r0chjqaob41hhbdbejl8qjqtz9iz16cv0vcx07davodnfhhkmng9xvg640n8xh0uyoykj5c2dj09:latest/test_predictions.table.json", "path": "media/table/test_predictions_24_cebc148a5f6206c54604.table.json", "ncols": 8, "nrows": 168}, "test-metrics": {"_type": "table-file", "sha256": "64bcfc3287298a0e0e6eb91b7113de306c9fd238e2ec9374e0c3d8ee1f5f4208", "size": 214, "artifact_path": "wandb-client-artifact://jttgmnwxz8mu7nzw4gcjivejt6qr1oo1e625fhrkms3hx7rp1x2jpvwz239tgec46b7o0qpyd28ow3pjgyjdece5m67vsgg3cia6ycw0muv88cda1y3fdkdokvhusv5i/test-metrics.table.json", "_latest_artifact_path": "wandb-client-artifact://xdxpb4phhrte7plue5oxtahclept4av5a7xbalyw296h8ed0mv2ufzc8hgw7ahpcsboet9uosv7s7b2rkcjitnnqro7659tamhpab57fdn0czt7iuw8swot4d62pgpb5:latest/test-metrics.table.json", "path": "media/table/test-metrics_25_64bcfc3287298a0e0e6e.table.json", "ncols": 5, "nrows": 1}, "test_connective_metrics": {"_type": "table-file", "sha256": "59238c4c3becacb59bc1bcdf28a4e79cf7da15faec7c0f099600604a83008d5b", "size": 447, "artifact_path": "wandb-client-artifact://7h60rvtxn04vee73s7j8fok8cotpouwja2ycsyoyk3ie884c0172ykd48llfbe08bggf46n42t6hzbib2sh68342p5p8kmr57e8vwy1j5bmwmmv5llobbbyvzo4kuitk/test_connective_metrics.table.json", "_latest_artifact_path": "wandb-client-artifact://2li34uhi8xe85ue0uzxu2dugcl9g6fcm345p366pbc2pu38j2qw327kfv2icncs3xok25ab3c6ndjkeuirdzi1odv2e0m9rhitky3sso1apr5srl42wihnjtrx9r0qdt:latest/test_connective_metrics.table.json", "path": "media/table/test_connective_metrics_26_59238c4c3becacb59bc1.table.json", "ncols": 6, "nrows": 3}, "Exclude_counts": {"_type": "table-file", "sha256": "25a1c51bc7d78f8f0c485181ff588729b74bed10d613faf3814f153d95fa71a3", "size": 90, "artifact_path": "wandb-client-artifact://j3mlu16nn3nqbec6t8c2nu2ihjaozxx9vrc5lx07zdfkswjo4cs9dqkak7u55o8glf4e1i31vf39uyvpmk9v388d3qcmpwaibk7vy9iykjsr6ojvv79o3906l05o9rni/Exclude_counts.table.json", "_latest_artifact_path": "wandb-client-artifact://vailzl6nkq7zq28f7ap77thcfpueap65iw4xt02qzhmphqcuvbrcnb9xykw8xkcnu1z5y9t8rvf2bfo34v3vmr0bxqrqtsvezy4atio8og7nbmmm8wqwehffyqez0izh:latest/Exclude_counts.table.json", "path": "media/table/Exclude_counts_27_25a1c51bc7d78f8f0c48.table.json", "ncols": 2, "nrows": 1}, "_wandb": {"runtime": 104}}