{"test/loss": 1.6637099981307983, "test/accuracy": 0.1, "test/precision": 0.13333333333333333, "test/recall": 0.1, "test/f1": 0.11428571428571428, "test/runtime": 0.1145, "test/samples_per_second": 87.327, "test/steps_per_second": 17.465, "_timestamp": 1721571602.1378088, "_runtime": 58.70919871330261, "_step": 131, "epoch": 30.0, "train/f1": 1.0, "train/accuracy": 1.0, "train/precision": 1.0, "train/recall": 1.0, "val/f1": 0.06666666666666667, "val/accuracy": 0.2, "val/precision": 0.04, "val/recall": 0.2, "train/loss": 0.8741, "val/loss": 1.7061586380004883, "eval/loss": 1.7637073993682861, "eval/accuracy": 0.2, "eval/precision": 0.13333333333333333, "eval/recall": 0.2, "eval/f1": 0.16, "eval/runtime": 0.115, "eval/samples_per_second": 86.939, "eval/steps_per_second": 17.388, "train/epoch": 30.0, "train/global_step": 60, "train/grad_norm": 11.6050386428833, "train/learning_rate": 6e-06, "train_runtime": 54.8489, "train_samples_per_second": 5.47, "train_steps_per_second": 1.094, "total_flos": 78935442739200.0, "train_loss": 1.3643651008605957, "label_metrics": {"_type": "table-file", "sha256": "90889c5cbf501e11c7670db7f5f89e137f3f59d72063d3f8d9cc17195d52c646", "size": 335, "artifact_path": "wandb-client-artifact://d20yoh750b8n9iptuizkbdp2cr9q6zk67zaxcm23pp45ozffrh7yhbfspzphkcpeun8osmg2vhqc6nutxf93mhf33e7vhuwoji2gn9csthwnbacwvgrghxpesibirrme/label_metrics.table.json", "_latest_artifact_path": "wandb-client-artifact://4r46t1dxifgdaiwqsjwzl5iqva0wup67wut0ekbt9ch19t8amqnrzgn639mojuzgsl31664uv64vqhplqmud96e3ht5u2dhg073zuishgzbw9ulb8egelqrvumtb4pna:latest/label_metrics.table.json", "path": "media/table/label_metrics_129_90889c5cbf501e11c767.table.json", "ncols": 5, "nrows": 4}, "test_predictions": {"_type": "table-file", "sha256": "9a1b54c515f29920f03219653a542206e43fa855590ed6ee59154160ee30e556", "size": 4599, "artifact_path": "wandb-client-artifact://utfmh8ssgfxaw01arrf3f7wy091bqg4sujl0cp79ccipq3iztp4nuv0byn89sfroju0rhdiln5zf3duvf0r4khr09g6no12t18uwi5bos574bqt87bhdnmxstqu4rs47/test_predictions.table.json", "_latest_artifact_path": "wandb-client-artifact://2c0trqgulgwulm4a9zu5ssgprmse24pozuz32v107sfndyo9lxmoz5bea55pq7j32oyo7ol3y2cwd9cy6zobewakiofhpv7yt8mjcuauc4s9fcygrgooqqdbld9afe7l:latest/test_predictions.table.json", "path": "media/table/test_predictions_130_9a1b54c515f29920f032.table.json", "ncols": 6, "nrows": 10}, "test-metrics": {"_type": "table-file", "sha256": "6a37f3e826b7c89e08e9af62e51275bca4f738ab1461f82e79d4086441332075", "size": 169, "artifact_path": "wandb-client-artifact://6p3sdvcqf8tous2dz05q3x1w9xee3alvy2lhwibnlqv6eci4wkcfk0lwab3enbnk1jcj3gdcbnt1gvctjhybfavyrmewn1hlyhkig5yiy5tims4gkqk734i9b5ny5f5l/test-metrics.table.json", "_latest_artifact_path": "wandb-client-artifact://ha2wy6vyxiofyx9viczeflsyctn4mc9m9a3ynmprwb4smpy71xlhwlbzvsdmdj9yy1ci6ldbe9u2x3e1tctam74g51n7y1uibop850bkanti1jkllgzzp348wpy259bs:latest/test-metrics.table.json", "path": "media/table/test-metrics_131_6a37f3e826b7c89e08e9.table.json", "ncols": 5, "nrows": 1}, "_wandb": {"runtime": 63}}