epoch,loss,accuracy,precision,recall,f1
,0.065226243641562,0.2574850299401197,0.184818442427138,0.2304166666666666,0.1232575757575757
0.0,0.0279768016523943,0.718562874251497,0.1437125748502994,0.2,0.1672473867595819
1.0,0.0284231155218478,0.718562874251497,0.1437125748502994,0.2,0.1672473867595819
2.0,0.0300613227718604,0.718562874251497,0.1437125748502994,0.2,0.1672473867595819
3.0,0.0300087139991943,0.718562874251497,0.1437125748502994,0.2,0.1672473867595819
4.0,0.03012533673269306,0.718562874251497,0.1437125748502994,0.2,0.1672473867595819
