{"train/loss": 0.0977, "train/grad_norm": 0.030784470960497856, "train/learning_rate": 4.445676274944568e-05, "train/epoch": 6.0, "train/global_step": 1002, "_timestamp": 1742997140.8625271, "_runtime": 435.50941610336304, "_step": 132, "test/loss": 1.1541266441345215, "test/accuracy": 0.6964285714285714, "test/precision": 0.4101046012810719, "test/recall": 0.3800153812348934, "test/f1": 0.33119245674228026, "test/runtime": 1.8702, "test/samples_per_second": 89.83, "test/steps_per_second": 11.229, "epoch": 6.0, "train/f1": 0.8863064144617916, "train/accuracy": 0.9857677902621723, "train/precision": 0.9723062870387977, "train/recall": 0.8585488092269941, "val/f1": 0.309837709460351, "val/accuracy": 0.7305389221556886, "val/precision": 0.5009578544061303, "val/recall": 0.42125, "val/loss": 1.2473551034927368, "eval/loss": 0.9685294032096863, "eval/accuracy": 0.7604790419161677, "eval/precision": 0.6092846270928463, "eval/recall": 0.44333333333333336, "eval/f1": 0.37585452994187596, "eval/runtime": 1.8635, "eval/samples_per_second": 89.618, "eval/steps_per_second": 11.269, "train_runtime": 428.0691, "train_samples_per_second": 93.56, "train_steps_per_second": 11.704, "total_flos": 2107576321136640.0, "train_loss": 0.4820474024096173, "label_metrics": {"_type": "table-file", "sha256": "ca26a77c7690ec90085a28f461fe3010be31923a8993004295941b8c03d129d1", "size": 636, "artifact_path": "wandb-client-artifact://xplu26toarikl9vop33nss3k428egl9jyavnqrrh59zh9oo37fvdvh292pf2wd1umgesjgng66q2oowz13e2ces2doystcw0hdzwueg3t6u6dy9zled3u29cx8a7hl8w/label_metrics.table.json", "_latest_artifact_path": "wandb-client-artifact://rawfa7aqft222js59tjzlfjhfrigptf9r7hbj15u598mzjlt8ajo74e1rl6nnv7geripwvuh3w3cq153je4qxrb4oet6x1wfj6d210nk16tpd45cavm9ecqv38brhfm9:latest/label_metrics.table.json", "path": "media/table/label_metrics_127_ca26a77c7690ec90085a.table.json", "ncols": 6, "nrows": 5}, "test_predictions": {"_type": "table-file", "sha256": "86cf99fb48499f0de7459844992bcee734dd312bd747c6624367462d06d4cf9c", "size": 62156, "artifact_path": "wandb-client-artifact://icsy3ta32rvnab48ofqcxc1i31zn8q4k6xrtn3qe1d7udd39pntbklkqc1vkwmpqs5vmju6zmzwo4myzgghp8rr72jvdc4y8ellwqecb156i8n168y0qc2gx9x1ztzb7/test_predictions.table.json", "_latest_artifact_path": "wandb-client-artifact://iewneec5fthf840a0ddkxehd7fyzqet5krrjooipc60o3yggb5dzhyqbal572w2papsweutxgam5qehr1mryquoq972ae578vym317mid6tzgl4cjc8dhsos2debhfkk:latest/test_predictions.table.json", "path": "media/table/test_predictions_128_86cf99fb48499f0de745.table.json", "ncols": 8, "nrows": 168}, "test-metrics": {"_type": "table-file", "sha256": "df83f99ec5f2af900cb9d60903114cc21fd4e614cb6a37207253bdec7b06e440", "size": 207, "artifact_path": "wandb-client-artifact://mpmqriej4qhtfx0w4l9fxykw3alvh0nioxda1t6xbwqo33qljc0zw4zeqgdmdw673nqelrab7dta4mxpjfwi3w8cl96fm8fpuzt686oolnvvus16vljty3a80sn64gfh/test-metrics.table.json", "_latest_artifact_path": "wandb-client-artifact://dq24rt9yp82zq24ibwm62s06a54pklhisnycn413p5c8ke7epu0q1e7p8y9b5dtmhagmnn7pljvfkjfrsrk2iatqci62j261h7jfjglaq088cdi2j2zrqacyyzqzivp3:latest/test-metrics.table.json", "path": "media/table/test-metrics_129_df83f99ec5f2af900cb9.table.json", "ncols": 5, "nrows": 1}, "test_connective_metrics": {"_type": "table-file", "sha256": "b99beb26bf7f407c10820cda8bec0b19da5b658415938474b0f09e33c9dfc8d7", "size": 461, "artifact_path": "wandb-client-artifact://rz3xg0mg3ks3xnrmvomdic2bqh0u1cc6jkpmr05y7ttyvp74h8p1mwcbnbi6qx5r0akh2lz5koa9pd14e66gl9lfcm1yxiw6pzah6k5puuphv2waszwrgtab24kdpl4t/test_connective_metrics.table.json", "_latest_artifact_path": "wandb-client-artifact://jz1u78xe24n3oflpzco74wasir5ufx5e036vud51jjxcnr44wmeh4v7bbkd2ho4d0scd74cws4x674zq4qqr68kkoddsn7dus949w79bk7t8apla5lb86fco5u81wj8l:latest/test_connective_metrics.table.json", "path": "media/table/test_connective_metrics_130_b99beb26bf7f407c1082.table.json", "ncols": 6, "nrows": 3}, "Exclude_counts": {"_type": "table-file", "sha256": "92504b126567f736cbedb8586a5e833f3c5632191cd4c7ca2291163d6a06ccb8", "size": 85, "artifact_path": "wandb-client-artifact://3hne9wp3o852a3b6k35g6xupujspmcx13gpkxwu0haga6ytz0nch7d306mokdra0ebjk7vk4trpe6pcunh84web1l2sgjcsrjwcmszkzwsy9bq4qjwwoq8jfawa43bge/Exclude_counts.table.json", "_latest_artifact_path": "wandb-client-artifact://otaw5785yuxs34ii2d9hk4i95a9i0lcew7k7zzpk71znkuzyv66j7gf1eph04g3vwj7zeojgijqdwtanzdx7itqhief0nn702yyztpx5gtj0g5dhawas1o32l8e011ui:latest/Exclude_counts.table.json", "path": "media/table/Exclude_counts_131_92504b126567f736cbed.table.json", "ncols": 2, "nrows": 1}, "_wandb": {"runtime": 444}}