{"train/loss": 0.0577, "train/grad_norm": 0.052904728800058365, "train/learning_rate": 4.26829268292683e-05, "train/epoch": 7.0, "train/global_step": 1169, "_timestamp": 1736793607.6910734, "_runtime": 512.4681594371796, "_step": 151, "test/loss": 1.0895071029663086, "test/accuracy": 0.8035714285714286, "test/precision": 0.7766241947029349, "test/recall": 0.6172775214238629, "test/f1": 0.6242831678125796, "test/runtime": 1.8695, "test/samples_per_second": 89.863, "test/steps_per_second": 11.233, "epoch": 7.0, "train/f1": 0.9465695223122117, "train/accuracy": 0.9895131086142323, "train/precision": 0.9396604718691371, "train/recall": 0.9546546155596861, "val/f1": 0.5357142857142858, "val/accuracy": 0.8502994011976048, "val/precision": 0.709090909090909, "val/recall": 0.5241666666666667, "val/loss": 0.7218190431594849, "eval/loss": 0.7218190431594849, "eval/accuracy": 0.8562874251497006, "eval/precision": 0.8875506893755069, "eval/recall": 0.5633333333333332, "eval/f1": 0.5949698047432083, "eval/runtime": 1.8568, "eval/samples_per_second": 89.941, "eval/steps_per_second": 11.31, "train_runtime": 505.0078, "train_samples_per_second": 79.306, "train_steps_per_second": 9.921, "total_flos": 2458839041326080.0, "train_loss": 0.3601947520334525, "label_metrics": {"_type": "table-file", "sha256": "972351967aa920ae054c738bec9d8ba199bfe205ddce032dd36dedcaadc9cfec", "size": 631, "artifact_path": "wandb-client-artifact://0z8l4adfymt69ov78jauwfbpdf70fkalvvk3xf7bi15pgxr12cgtd4o2oqxodpesdgj9c47wnfp822i6fs7t7fffw2fsrg56q58w5ay5z7h8kdsirtqjh7hrm0qv4jfm/label_metrics.table.json", "_latest_artifact_path": "wandb-client-artifact://l02geh6g2janmuuepm3wz8gnnexiy1p6tb9mar53s8n9cr8r32klccjb73hqqo6mm4npluxuggv0ne98jeeurqsoj75lssa5ebd7gqfti4billsm7qxmv9u2yffaugcl:latest/label_metrics.table.json", "path": "media/table/label_metrics_147_972351967aa920ae054c.table.json", "ncols": 6, "nrows": 5}, "test_predictions": {"_type": "table-file", "sha256": "0ec491936c84f8c019d652dda7a3e2c49f6e12e6d8aaada9533bb025ef9007e9", "size": 86974, "artifact_path": "wandb-client-artifact://0lkxu4mps8ixtv96uejnew2oj6xq1t1v7tt2praoyqbzadnktl00atll5w7fr1apbyddv8r2wf1zsfih0l5y8gfixhkwsh3xms24gw4pbv0n0uydplwkz002jgb9sdyc/test_predictions.table.json", "_latest_artifact_path": "wandb-client-artifact://k1ho0vgpcrjz56yjlo7a34fg9mqkz3uevhaebfqjj0ehjfeozb8ka0xocigqvm5swsqy7ccz41w1br3ifz30nvi49psp9cb4x3czgv6gj0a4138rq82r1oqkg65zwwgp:latest/test_predictions.table.json", "path": "media/table/test_predictions_148_0ec491936c84f8c019d6.table.json", "ncols": 8, "nrows": 168}, "test-metrics": {"_type": "table-file", "sha256": "b448800cdd22d8065501ec532b9ea1cd30de026f0df1204eafef85dfa014fd35", "size": 203, "artifact_path": "wandb-client-artifact://x6te3hrbra5hn3tuwrt7nmmndsg09gxh63804oigbuh55quxfux5enpromhs6yuqjj7m0gppvalna4gtyb7cej2ugsttuu0mv92ppjcbwfcojmza7us6d8pwo1rkmpc1/test-metrics.table.json", "_latest_artifact_path": "wandb-client-artifact://wvwyqk1uemiq83okimf1m16dzhr3fak8seeel7agbrx4g6wcycaln6wbe7ui3o7mx03qisd4ti3pp4x75aeez2dqigpogz63jglk9y4gmxm37n5b2gnh1jcb1oly1tx2:latest/test-metrics.table.json", "path": "media/table/test-metrics_149_b448800cdd22d8065501.table.json", "ncols": 5, "nrows": 1}, "test_connective_metrics": {"_type": "table-file", "sha256": "a260b3ee8871992076acddbb066ab7d2b1582fa4c96a5684815f94b21455a7b9", "size": 457, "artifact_path": "wandb-client-artifact://2cl8m1suzz0b8dawuh67xyoxlezvfpv4mgsh2neasjx0dciehvw4a4ea4ksjh77wxmkds2g70soxf059ux1y5622o0ryu9y1f6ui79sw061rzq3pw1ci1g96ohewgim8/test_connective_metrics.table.json", "_latest_artifact_path": "wandb-client-artifact://0cyh1cl9vq8ojb5o3xhzsck5ptnejkzel3ve54anyu5t1zgd00duuriglnp7nt4v3f6rlk50r3ukptngxtybqrwfk4znwr15iv4b30k5ed20ilccckg174h6mcdlfv52:latest/test_connective_metrics.table.json", "path": "media/table/test_connective_metrics_150_a260b3ee8871992076ac.table.json", "ncols": 6, "nrows": 3}, "Exclude_counts": {"_type": "table-file", "sha256": "6b61ed8104e7789baa2a078cd4b3e82ab1d17bd9254552ac8bfb5d3efebbd3dd", "size": 81, "artifact_path": "wandb-client-artifact://enz5hio9yp5wvh5dvy0zcs0fzxsdpf8lz0vwpyrqyougjqg4dsa82y6lyir59yof6sd0sfyaryjulwg67habljk3s8vb89msyczh5gdn5vdglmuzzhp7o3qg5g6sb9o8/Exclude_counts.table.json", "_latest_artifact_path": "wandb-client-artifact://o97x3mq3rxozlh9haw6axjsxopw8amt82huc5fbnc2fekh50qajx1i7mv5mk32cfq79hzhmejbdfjyb7mvtjm36cjndugwy13qii7y709bc6c2ou821vqzwgrp6oi4am:latest/Exclude_counts.table.json", "path": "media/table/Exclude_counts_151_6b61ed8104e7789baa2a.table.json", "ncols": 2, "nrows": 1}, "_wandb": {"runtime": 519}}