{"train/loss": 0.0019, "train/grad_norm": 0.8705505728721619, "train/learning_rate": 4.0798226164079826e-05, "train/epoch": 8.0, "train/global_step": 1336, "_timestamp": 1739952125.1541572, "_runtime": 1224.5849342346191, "_step": 173, "test/loss": 1.1261857748031616, "test/accuracy": 0.8214285714285714, "test/precision": 0.7656148340923877, "test/recall": 0.4109118874972533, "test/f1": 0.41146022436345014, "test/runtime": 4.4395, "test/samples_per_second": 37.842, "test/steps_per_second": 4.73, "epoch": 8.0, "train/f1": 0.7710023918970956, "train/accuracy": 0.9850187265917603, "train/precision": 0.9632997699701161, "train/recall": 0.7714474388253436, "val/f1": 0.5503090659340659, "val/accuracy": 0.844311377245509, "val/precision": 0.7252450980392158, "val/recall": 0.5549999999999999, "val/loss": 0.580801248550415, "eval/loss": 1.0551910400390625, "eval/accuracy": 0.8323353293413174, "eval/precision": 0.8166571100917431, "eval/recall": 0.6254166666666666, "eval/f1": 0.6266593886462882, "eval/runtime": 4.4115, "eval/samples_per_second": 37.856, "eval/steps_per_second": 4.76, "train_runtime": 1211.6941, "train_samples_per_second": 33.053, "train_steps_per_second": 4.135, "total_flos": 2810152156078080.0, "train_loss": 0.36897745615144645, "label_metrics": {"_type": "table-file", "sha256": "84af3ce14ee29fe085b09e4e62a86f85869f661c53337d9def01c0276b3728a0", "size": 649, "artifact_path": "wandb-client-artifact://it5hlq8yv1dvwz61cbzfsmvatb5ny3rzad0mhn8298ax221xufs99l367s3k76xjb9n9pcfulaxt994j35fycnnfv4i5dbhh5w9n6ugfcr1zop8xucz7d605fyaswwah/label_metrics.table.json", "_latest_artifact_path": "wandb-client-artifact://43lg1700y5zm12lhvjm8px394jx4q8rk1wc0r0dshqm3vc2cs43rdbufg01tc0pr08hb5rhnzarksswvgjycjssfguw4xtdmhtptcq1fp2joqz3sylxa3djfsy0hb2yc:latest/label_metrics.table.json", "path": "media/table/label_metrics_168_84af3ce14ee29fe085b0.table.json", "ncols": 6, "nrows": 5}, "test_predictions": {"_type": "table-file", "sha256": "666be3ae1864e6007bc150e80fdbb80c0374aba3a31b02def210535798f9b1a1", "size": 93142, "artifact_path": "wandb-client-artifact://q3t9ssfdbxqga3ntvlob2amemqd6vtzc3tye8wfdumtqn3d1xecyfudbfu53olcpcwmett8vcqiyyd2icdxttz60bcshh5vqe6t4xcs4pd3gqf9b2odw6zn1ms0qbfs6/test_predictions.table.json", "_latest_artifact_path": "wandb-client-artifact://1swzw1gv3m1f9ld2odrx27mxq7txu3y20vxafii7gbuczxebbkdbf73b5fu6d7kplzy665762nmsmfk3c01tbicnwq1d7r7iwprcmrmenmx2zdr1ofspf2v6muw45swj:latest/test_predictions.table.json", "path": "media/table/test_predictions_169_666be3ae1864e6007bc1.table.json", "ncols": 8, "nrows": 168}, "test-metrics": {"_type": "table-file", "sha256": "506276f75c7f6b2c40e7d26a339ba23f79e58e91fb7f17dc01dc24456f1e366b", "size": 213, "artifact_path": "wandb-client-artifact://c9zlkejdcn143obczpbmq6sb5z6bta00gomg019014enzmrw7hicbafr4no9mnl8a8oizdk8goqx2tjsri2bljypdx7pephz3q34mrvyymsjyzhpzruvuovliu0z4ih0/test-metrics.table.json", "_latest_artifact_path": "wandb-client-artifact://wny7wqgesla5zahj9m3ot5swd7clkqt2m3zfes7v0l1cnzxukklwmlio9w600r0z332jnqw96ltv67p5mizk1jziquqk1fe5dfknu4nh9rhqgc7snsk3uckehl7oeslo:latest/test-metrics.table.json", "path": "media/table/test-metrics_170_506276f75c7f6b2c40e7.table.json", "ncols": 5, "nrows": 1}, "test_connective_metrics": {"_type": "table-file", "sha256": "2fc041bc94425cba3df1b029605dd255dc8d47eac92333f016f93cf0b7cf02fd", "size": 461, "artifact_path": "wandb-client-artifact://yhu6pvs2gf3hwhzob7xh7dbxx3zey0j5npfk0b7v5t6n73uw003jfzcb6ze5z8563yfc1xdd92z8zmfbw4ukipd6whn8rceuhro0hkr1cnbgzh9nfbers8sqzax3tslq/test_connective_metrics.table.json", "_latest_artifact_path": "wandb-client-artifact://tm3743y6qpteuuqww11727cibdfz1cb22t2k3kpv0ncg9jdpcs4vr9g4lrf8s3292yfq8irj2rb1otcj0h2j7a8d8y04p3eg178391obkolti7w5bf4yv8btexvls9sh:latest/test_connective_metrics.table.json", "path": "media/table/test_connective_metrics_171_2fc041bc94425cba3df1.table.json", "ncols": 6, "nrows": 3}, "Exclude_counts": {"_type": "table-file", "sha256": "25a1c51bc7d78f8f0c485181ff588729b74bed10d613faf3814f153d95fa71a3", "size": 90, "artifact_path": "wandb-client-artifact://7pntnzysx7jmz8bsurb69se8ww6cny5puy5gkmfuf4epigk9s6x5kcqnu833sbj9snhuujkeumazh8rkeh69qlvwthuc7j6dnpthfavduufxlwb3h68hobo2dm8ht1ti/Exclude_counts.table.json", "_latest_artifact_path": "wandb-client-artifact://vfrtszcu1afjcxzfxu8yu707hlb1vc3pxrsg5ykblud50brypmc833wotoatp4hj8ksn16scw24s73qy0jbzl56n03twml9h7lht0oi9m1wbw29tk72hk9lcqpr7gs92:latest/Exclude_counts.table.json", "path": "media/table/Exclude_counts_172_25a1c51bc7d78f8f0c48.table.json", "ncols": 2, "nrows": 1}, "_wandb": {"runtime": 1231}}