epoch,loss,accuracy,precision,recall,f1
0,0.006999063849002681,0.6329588014981273,0.24893682293164607,0.18231945424605978,0.18598511904761905
