epoch,loss,accuracy,precision,recall,f1
,0.0652601069319034,0.2574850299401197,0.184818442427138,0.2304166666666666,0.1232575757575757
0.0,0.057541165523186416,0.5808383233532934,0.21868613138686133,0.17083333333333334,0.16948154380060992
