{"train/loss": 0.1649, "train/grad_norm": 0.01042074803262949, "train/learning_rate": 3.8913525498891355e-05, "train/epoch": 9.0, "train/global_step": 1503, "_timestamp": 1743015715.1945446, "_runtime": 651.3623895645142, "_step": 194, "test/loss": 0.8422114253044128, "test/accuracy": 0.8333333333333334, "test/precision": 0.8485119047619047, "test/recall": 0.7067897165458141, "test/f1": 0.7349725449395988, "test/runtime": 1.8888, "test/samples_per_second": 88.946, "test/steps_per_second": 11.118, "epoch": 9.0, "train/f1": 0.9777065025555134, "train/accuracy": 0.9940074906367041, "train/precision": 0.9938492063492064, "train/recall": 0.9632918465921267, "val/f1": 0.796603830951657, "val/accuracy": 0.8922155688622755, "val/precision": 0.8789473684210527, "val/recall": 0.7858333333333334, "val/loss": 0.690855085849762, "eval/loss": 0.5556832551956177, "eval/accuracy": 0.8862275449101796, "eval/precision": 0.932, "eval/recall": 0.7887500000000001, "eval/f1": 0.8405333333333334, "eval/runtime": 1.8752, "eval/samples_per_second": 89.055, "eval/steps_per_second": 11.199, "train_runtime": 643.6199, "train_samples_per_second": 62.226, "train_steps_per_second": 7.784, "total_flos": 3161364481704960.0, "train_loss": 0.292165665381668, "label_metrics": {"_type": "table-file", "sha256": "177126dd4f35e488162e8f40839d5bf2d676b927ba134feb607d545636697e8c", "size": 625, "artifact_path": "wandb-client-artifact://sl4btbyeaybc7dl1brn6trg2jm2dw9ci7kr666c81dv5lbgqehr545pa0nj6b8hgdo91p95avbykqml8n9vfidl2tbm2e59w43qq34cfu0i89jo6bwwjoz8ggkvrfjnw/label_metrics.table.json", "_latest_artifact_path": "wandb-client-artifact://d3m1c8hgsxqqb49uaequ2e4wwso3je6m6tj9pg19ig1xrr4uncxvt6tti7orxk8u3yqmgobdklfykvqewac9picc9kk8pls5c40z19gqynb7fq1l7rw66w08007o9bt4:latest/label_metrics.table.json", "path": "media/table/label_metrics_189_177126dd4f35e488162e.table.json", "ncols": 6, "nrows": 5}, "test_predictions": {"_type": "table-file", "sha256": "954cbcc1641c894b73fa5fe3bfa37be9ad8337e95a9e6b90fb31c58a8bd49613", "size": 88204, "artifact_path": "wandb-client-artifact://kxn62espqdj9d5wyhac5ibxv9ige69dn5sftoy2dgxwf2faksrtac1gl3nnq8c6blat9f7l99egmj4th512x8cw3zaa8q4d1mc2372s3kr1q817wj9ptmj1jolh474wu/test_predictions.table.json", "_latest_artifact_path": "wandb-client-artifact://x3merpv48zm9xoxojmtr1tnmfoldtjeyim6rqdk3bkhw3q36xslmx4j2flir2mkq50zi3691gr2e76z6fq9f5gepn5d40hctyxpfp8sywyrbrdrkgdmun29fb5gpkzau:latest/test_predictions.table.json", "path": "media/table/test_predictions_190_954cbcc1641c894b73fa.table.json", "ncols": 8, "nrows": 168}, "test-metrics": {"_type": "table-file", "sha256": "3b1a36c8f3c4a09a2809b27792f31fedbe1fe48b9d76e0cc4c3a308647163128", "size": 201, "artifact_path": "wandb-client-artifact://2o6zf5ydf0ucvmve03yifxv2mzoiq265vqzzvrkgoqg7m40w2nx9jp3572fd4uxz9ftoht5ut27a7bhrymcc78emtlzi2lrznnri5f6sqvd4vqk7yv2du46ettwt4jmp/test-metrics.table.json", "_latest_artifact_path": "wandb-client-artifact://vozhh7dxmqsm476iizjbws5zi5eeiqbl84ul2c51bdnvfdmpppg1p1gz29f4gdca3914dnrx9ceib2p1m43c364pmylp0bh2qy8li6rydj1q5x9njlevnmyj69tlopc0:latest/test-metrics.table.json", "path": "media/table/test-metrics_191_3b1a36c8f3c4a09a2809.table.json", "ncols": 5, "nrows": 1}, "test_connective_metrics": {"_type": "table-file", "sha256": "cf6e50ad363fffda4fe029a19e7faa4f7153e1afb577c43ecfbf180e079e4555", "size": 455, "artifact_path": "wandb-client-artifact://qzw9hblmhee93fxc04ok3qcl6y6mkpyo8lhc8ied7n90rqjri1b4qhooqn1ka70ysqciofjtx1p8erbafi5g78yul59pzzw8vrcfa887xz7x4phd6x2gj3liqux1tqo4/test_connective_metrics.table.json", "_latest_artifact_path": "wandb-client-artifact://g3rkmqod58k6gi28ys0avw1q0vjo5ehanttzlaf78wb3kq8tthzr28qvunrs8qscnizknv7dp0zgz9za2z84p122z3s6r3t87wu3prv7bdc6z3vy49l7mwgcdd4s3uvj:latest/test_connective_metrics.table.json", "path": "media/table/test_connective_metrics_192_cf6e50ad363fffda4fe0.table.json", "ncols": 6, "nrows": 3}, "Exclude_counts": {"_type": "table-file", "sha256": "77258b7129a4391441f72a7439756a1d881e220753ec917f090c57798cc106a7", "size": 79, "artifact_path": "wandb-client-artifact://z0j0c4jcnqmrbbnqo6rtt23hkktfqf2zlg645tpjp4w392gjxkbpbzjajesfsdf704usb3bihrsh2btorkcpryr0xqy38jx5t3qrwlxrnmkypjd1aamomgvw0jwmdgvs/Exclude_counts.table.json", "_latest_artifact_path": "wandb-client-artifact://l317wn28ph2dgwus04e1tuyr127irxn11lax8avxjwotuomtw7mj50toylbh2yjxvujmhcvlkkv9lukkjr595ej6ldlm6ag8qz5v8vsuxwse6hkq9rvi7zus1ykxwomo:latest/Exclude_counts.table.json", "path": "media/table/Exclude_counts_193_77258b7129a4391441f7.table.json", "ncols": 2, "nrows": 1}, "_wandb": {"runtime": 659}}