{"train/loss": 0.733, "train/grad_norm": 1.3457039594650269, "train/learning_rate": 4.26829268292683e-05, "train/epoch": 7.0, "train/global_step": 1169, "_timestamp": 1739920752.3968296, "_runtime": 1071.3820135593414, "_step": 152, "test/loss": 0.8847387433052063, "test/accuracy": 0.6785714285714286, "test/precision": 0.6404907975460122, "test/recall": 0.21463414634146344, "test/f1": 0.1881307521421771, "test/runtime": 4.4251, "test/samples_per_second": 37.965, "test/steps_per_second": 4.746, "epoch": 7.0, "train/f1": 0.17150192554557125, "train/accuracy": 0.750561797752809, "train/precision": 0.750561797752809, "train/recall": 0.2, "val/f1": 0.1672473867595819, "val/accuracy": 0.718562874251497, "val/precision": 0.718562874251497, "val/recall": 0.2, "val/loss": 1.0463718175888062, "eval/loss": 0.806790828704834, "eval/accuracy": 0.7245508982035929, "eval/precision": 0.48769338959212377, "eval/recall": 0.21083333333333334, "eval/f1": 0.19073521670468502, "eval/runtime": 4.3978, "eval/samples_per_second": 37.973, "eval/steps_per_second": 4.775, "train_runtime": 1058.5357, "train_samples_per_second": 37.835, "train_steps_per_second": 4.733, "total_flos": 2458883136568320.0, "train_loss": 0.8276113741820036, "label_metrics": {"_type": "table-file", "sha256": "b4222a6be8aedfbc11b1c15af4860fe7b805908ca173bcd301046806971e5d9f", "size": 580, "artifact_path": "wandb-client-artifact://cy9fede6qkna4wehe1x7mri96im9chm87lst8l7xghjidrugx2x88pafubq0lmj01eqldbm65edn9idzp0ag684jh79o007lqckuaettn1pjpbsqgxyzsnuxacprxv7b/label_metrics.table.json", "_latest_artifact_path": "wandb-client-artifact://jgtxl8clzfd07vppqq037vwd7g9v2792b14azo6iczbo502e3a9it305i76otsyxjg7v6mt0ygl11j9pwg7ekrmue79twgnm60kvtzbbcrxy46kfmbury73xhxtipe8f:latest/label_metrics.table.json", "path": "media/table/label_metrics_147_b4222a6be8aedfbc11b1.table.json", "ncols": 6, "nrows": 5}, "test_predictions": {"_type": "table-file", "sha256": "8e874d0a69e36f0941419080a55661fdcc46122622c5de1b05cb1ede0eb86d93", "size": 138129, "artifact_path": "wandb-client-artifact://v5ah7huyq7hjm82cwjyy7k2m6f4wck48yf22ieep6vpoja9055ifl1j6iow78xef95wm1gv8a89dx6czduulopo8vh7229hipaelve9rsj4or77ue6jl0twm2epml37y/test_predictions.table.json", "_latest_artifact_path": "wandb-client-artifact://slgs4v17vtlbbk8b4m1jtyqdrq5p73dkcddudtsbqrxatq84071xuzh4z1frsqbzqe9nk6aq5yx8n55yztwh55dq26wsj09ry40nbu5h1jugc279mcpdzjf7g61g2uty:latest/test_predictions.table.json", "path": "media/table/test_predictions_148_8e874d0a69e36f094141.table.json", "ncols": 8, "nrows": 168}, "test-metrics": {"_type": "table-file", "sha256": "a836dbdd394b919b66234929e9f52aecadf21ae5e398330bd6cd2d19839ebda0", "size": 211, "artifact_path": "wandb-client-artifact://nn82bcr1e9uxkdeybrxyeow7ieb9wptuvkufmerfrthllrhajph5qo65o4mwztom6vyc3hcsn6ysi6dfqjlsv8wbn8lax4zmclxerk49hwaaocxolc2pwrnd45qgctjk/test-metrics.table.json", "_latest_artifact_path": "wandb-client-artifact://pneez893vqu3l90jh0kdj2h73yltz25wze4ptgllk0vst6y6rw7ggoetq99s3b1na2papkl65jueuy2l5hk8d3rcd9ynx736zh0w2gtofuuratf6isgzmply1qo99yt2:latest/test-metrics.table.json", "path": "media/table/test-metrics_149_a836dbdd394b919b6623.table.json", "ncols": 5, "nrows": 1}, "test_connective_metrics": {"_type": "table-file", "sha256": "4fa597660c67dfbeb3fc4bb4055345dbfe226b9563ce5da5a6b08b62bd7f0ff0", "size": 437, "artifact_path": "wandb-client-artifact://wpswnmsjryithse3ddxpjc8gmhwdfd06sz6xykcwwy2oalx2kttn5jjhs16cpl925d0cuuplgpm51jidoz3ob49imr84ffitojplb5tqzkpftdecuegwfd404fy43n4i/test_connective_metrics.table.json", "_latest_artifact_path": "wandb-client-artifact://bpyymujnbk0rp4w9yvcq7agnxoa8c6xve9uf0fls9ult8vcqwzk68g81xgc8hd6ekujfilgkcfmpu2sbgn2gw2dr1k66ppat19ssvc65h67sj68mnvguxt8arb1htqqo:latest/test_connective_metrics.table.json", "path": "media/table/test_connective_metrics_150_4fa597660c67dfbeb3fc.table.json", "ncols": 6, "nrows": 3}, "Exclude_counts": {"_type": "table-file", "sha256": "b29489d20e57d05bb6aec67be60a99d8dcef8e432ded61216e66508bd510be58", "size": 90, "artifact_path": "wandb-client-artifact://gsfwzrq3zume88sbawcf31p4abwurh2feyujvlxoryc6nlnpwqe7t9wrscsb3zehlqt9t2xl2opnk5ir0lqycu2i9s57hmwgm6dxu646s0000wy9u0nljg7ur901gomt/Exclude_counts.table.json", "_latest_artifact_path": "wandb-client-artifact://qk22mmveif57rht4n8sniytf663iaf25trsqo9n7esceik6401yu1eflnrj8tw2jjutcqff26nh3g74cnrtzt200tk3dfof0r16bym90zj5eycsq6n7vycuy9ay4vaxx:latest/Exclude_counts.table.json", "path": "media/table/Exclude_counts_151_b29489d20e57d05bb6ae.table.json", "ncols": 2, "nrows": 1}, "_wandb": {"runtime": 1081}}