{"train/loss": 0.0944, "train/grad_norm": 15.824787139892578, "train/learning_rate": 2.971175166297118e-05, "train/epoch": 14.0, "train/global_step": 2338, "_timestamp": 1739736386.9828386, "_runtime": 2125.629569530487, "_step": 297, "test/loss": 1.6597449779510498, "test/accuracy": 0.7976190476190477, "test/precision": 0.7024390243902439, "test/recall": 0.624704460558119, "test/f1": 0.6309824109824109, "test/runtime": 4.421, "test/samples_per_second": 38.0, "test/steps_per_second": 4.75, "epoch": 14.0, "train/f1": 0.986125385782364, "train/accuracy": 0.998501872659176, "train/precision": 0.9775783759831616, "train/recall": 0.9960056457304164, "val/f1": 0.7281301709873139, "val/accuracy": 0.8263473053892215, "val/precision": 0.8198476512907321, "val/recall": 0.6995833333333333, "val/loss": 1.610790729522705, "eval/loss": 1.2035361528396606, "eval/accuracy": 0.8383233532934131, "eval/precision": 0.8003703703703703, "eval/recall": 0.7166666666666667, "eval/f1": 0.7386339151045034, "eval/runtime": 4.3966, "eval/samples_per_second": 37.984, "eval/steps_per_second": 4.776, "train_runtime": 2112.8834, "train_samples_per_second": 18.955, "train_steps_per_second": 2.371, "total_flos": 4917766273136640.0, "train_loss": 0.28727100964817254, "label_metrics": {"_type": "table-file", "sha256": "0ba146ef6a001dd4e66c8bd3f1032ef1636cc2bdaa347ca7ad5d1392bbc07980", "size": 563, "artifact_path": "wandb-client-artifact://utw32jfneopckw3wu6l484nudqaqte4rcy726ozyua5iwpdt50jjfzzdp2mu0rmv9tzme055rtfax6r1jen3gscr33vxa7dbzvfozxfa945mrail9dle2562vxqyqw0x/label_metrics.table.json", "_latest_artifact_path": "wandb-client-artifact://qo2qh9tbsa7rm7b58jb2tzfrc05nizva46eqenog71ulsfs6nrfpff6yc83ivgkla53pepmpi6jsga593wfiekwngvwrsc3ef53ljvvpw79eq18j0iak022gtsrfcnnc:latest/label_metrics.table.json", "path": "media/table/label_metrics_292_0ba146ef6a001dd4e66c.table.json", "ncols": 6, "nrows": 5}, "test_predictions": {"_type": "table-file", "sha256": "a65da91c79784fb567b87558855393d92a71e3a04eedd92fde8da38cc2ad8753", "size": 55226, "artifact_path": "wandb-client-artifact://e3tsn7lw1hcatvdltza4gmfnwxbd874jgpq8eci8kit7c39ey62pk3bfnbcw6kq34pdccrm2tpkwgr4sclxj54zmw4evlnm43ox3sowlx6lzok3zoy8ytrek8xa2jum7/test_predictions.table.json", "_latest_artifact_path": "wandb-client-artifact://sjctx5ut75ub4kyj7mdhrnlydowu3i08kb6nh8160h4a7vyigoa1chcckstk5lr4kkivyd5wvjizzu3oce4f17y22p3xq531j0o2y4vvr2wmcg8kfw5orz0yqb7bwa0f:latest/test_predictions.table.json", "path": "media/table/test_predictions_293_a65da91c79784fb567b8.table.json", "ncols": 8, "nrows": 168}, "test-metrics": {"_type": "table-file", "sha256": "c2ad694a4f05b8f25d4d827d64aa7780c67def1ad2793c3ab25661464be1f0e5", "size": 194, "artifact_path": "wandb-client-artifact://3mtmo1dtrt3idat6oxw0fcm7apguhjybhceox9vbvv3ubb3uc3qrmx4r6cwkjpqkmmi1ax2rospouzmyqhhlss8bwu0ri0vgrqlpkciyw0zpo3c6bpbvz6tgablio8ll/test-metrics.table.json", "_latest_artifact_path": "wandb-client-artifact://9m7qtpkn2ymmjpetw2rdsl2azfdy9ndjwkruolra8vhdx0l8qaaukh0bh5flzmm8z3uzp7kufdz72ya3eew1cqgc389ffm3ccj4r27f3tknd0ay5g74l6cjdapjms5a5:latest/test-metrics.table.json", "path": "media/table/test-metrics_294_c2ad694a4f05b8f25d4d.table.json", "ncols": 5, "nrows": 1}, "test_connective_metrics": {"_type": "table-file", "sha256": "f0d169ef72138849b0dc63c3467f55350515539d8267b3d6a0207956c5adb15d", "size": 434, "artifact_path": "wandb-client-artifact://k3chqka492vc53cqdhym3hgmr7ofqihblcvm1b5km0ro33izf192iq0uofduok5hx4jx5v8dhu0qatj306mvmyw23zw16n41dp33brlts3ee7v1lhoq5etzqp02jez9t/test_connective_metrics.table.json", "_latest_artifact_path": "wandb-client-artifact://cpgc7kttz8h4x08cmgqs8mc6fxswbef879yo9zujnwwos2i9fcr9ib9x3j9jt1dc8zxwhgxtctsomw1jbobwesol2xeoma936xelljrln00f2x8xdhetj3i12ujffifx:latest/test_connective_metrics.table.json", "path": "media/table/test_connective_metrics_295_f0d169ef72138849b0dc.table.json", "ncols": 6, "nrows": 3}, "Exclude_counts": {"_type": "table-file", "sha256": "fa22c4da7120bb2d050f2b48bfbb63b94fd3760be735d6d12002cc9214cc8ce6", "size": 74, "artifact_path": "wandb-client-artifact://hk2wzekkprwdk9v8nqiuwhyadvtu66wycez6i3ndlhlxp20sgtuar167plgrn8m6txyxx2tr7maggoisfxtsuxcig9dd9x16ft28r9p5wi6i7o6j2mg2des7fgnsxqxz/Exclude_counts.table.json", "_latest_artifact_path": "wandb-client-artifact://46mlse5wozjhq6ousxcqh37j7b8chdnzmaemgfsdr94jq9dphxu97wsqkx0g32axk3cffvz1m5p3qgh4wtj4k657ms1ry6wkigggz4a662z769whyg19dsymuhksiuej:latest/Exclude_counts.table.json", "path": "media/table/Exclude_counts_296_fa22c4da7120bb2d050f.table.json", "ncols": 2, "nrows": 1}, "_wandb": {"runtime": 2133}}