{"train/loss": 0.0064, "train/grad_norm": 0.0492277517914772, "train/learning_rate": 2.971175166297118e-05, "train/epoch": 14.0, "train/global_step": 2338, "_timestamp": 1736661619.4061997, "_runtime": 1003.2661817073822, "_step": 296, "test/loss": 1.1007658243179321, "test/accuracy": 0.8452380952380952, "test/precision": 0.8603174603174603, "test/recall": 0.8101098659635244, "test/f1": 0.8173332983899853, "test/runtime": 1.8668, "test/samples_per_second": 89.995, "test/steps_per_second": 11.249, "epoch": 14.0, "train/f1": 0.9775911498091971, "train/accuracy": 0.9940074906367041, "train/precision": 0.9984158415841584, "train/recall": 0.9587295426286252, "val/f1": 0.8706013655462185, "val/accuracy": 0.8862275449101796, "val/precision": 0.9402777777777779, "val/recall": 0.8420833333333334, "val/loss": 0.888923168182373, "eval/loss": 0.6961541771888733, "eval/accuracy": 0.9161676646706587, "eval/precision": 0.9703030303030303, "eval/recall": 0.9170833333333335, "eval/f1": 0.9350427350427349, "eval/runtime": 1.8547, "eval/samples_per_second": 90.041, "eval/steps_per_second": 11.322, "train_runtime": 995.9318, "train_samples_per_second": 40.214, "train_steps_per_second": 5.03, "total_flos": 4917678082652160.0, "train_loss": 0.18682266786586776, "label_metrics": {"_type": "table-file", "sha256": "d2b46dcacc21d051381cb41d8b3450b11f619627e8825d67c013b59af2328510", "size": 485, "artifact_path": "wandb-client-artifact://et6ea7rojr5ow1revh59r55oxsyopiwh7of2dcbzhns0j1454d2yv5rrhzk70tqv1fs8jzs1yxvj7smbv1wkbflp4oio4f253t0lqhwthagqfuonceh1u4xa5pcod4e2/label_metrics.table.json", "_latest_artifact_path": "wandb-client-artifact://z6mxq7huxf0x2cz00x5tvs1zcg14ifuipss4nuyizfv21wapgdt4ccx3bagegrmw1vqql1mlctuowtdlv5vfbe2i46i4yhl6gw9u7qwhlvi03zj4zo07pg7e6j94a0yn:latest/label_metrics.table.json", "path": "media/table/label_metrics_292_d2b46dcacc21d051381c.table.json", "ncols": 5, "nrows": 5}, "test_predictions": {"_type": "table-file", "sha256": "f8c0fc85bf3e8eab8ad3255e79aa46b4b49dad554248491f463e6383ebd6cf63", "size": 87941, "artifact_path": "wandb-client-artifact://ur13q8q8x0hzfld2hxsshc2kpx41po1621vbx8v3o591v8z2pz7kjdb869hfesag2xmcjzwh2vp5kurskyl6i9c884aebukwieby0jpad6ol0hrt8fxm95dvg6s9m176/test_predictions.table.json", "_latest_artifact_path": "wandb-client-artifact://dmnrb0qd88ummlih146dtxt6ajsko71tt9zqknowe87gu61ib64ofb7k4mss1byintut90jivb534tekyqo1hhzosra4iglyjf27fbphco76nghadm4gdzoc77ntmiz3:latest/test_predictions.table.json", "path": "media/table/test_predictions_293_f8c0fc85bf3e8eab8ad3.table.json", "ncols": 8, "nrows": 168}, "test-metrics": {"_type": "table-file", "sha256": "f48607f8056e2975fc42198b5a1306172323561a8e38f4bba60aac3fc3860d87", "size": 190, "artifact_path": "wandb-client-artifact://ot3f6z5t5x31oewnnbb24cxytvm8r3e19pkz4rhuafv1ui01mvstbdmq392p415up2icm0mkhos8r1fp8yb930f87c24pd7dutqpaja0tgzyl6xu5fo797fovqn2khvw/test-metrics.table.json", "_latest_artifact_path": "wandb-client-artifact://5542mf4hvkk3h1lgjdw70krmv3dazf0vs09j3j710dq5qlah3yuvx590itflxdsboreko8wojm6hpbqy7zhuzb6s8188ow2h3qbsbs3pxn2xo47ddgim1u5z2m9luphy:latest/test-metrics.table.json", "path": "media/table/test-metrics_294_f48607f8056e2975fc42.table.json", "ncols": 5, "nrows": 1}, "test_connective_metrics": {"_type": "table-file", "sha256": "9304ecbf2ad45e467d48fb2a4a084037896473d197457e0b5c55cf85812b89bc", "size": 422, "artifact_path": "wandb-client-artifact://h0r8407fvwzo88b115yyzzs4zq37hmqlqnbw7rz6fpxtcs62eim9exeimskl4gi9kzw6l6m3celfv6ycv7kcqo8byixjzfbghrozd4e4vhadf7dkm2382rl7o8b0oz7f/test_connective_metrics.table.json", "_latest_artifact_path": "wandb-client-artifact://19fhq4zq9eqw8kypj5hi3cpvhrh8j7syd4oywcmz21i8s1d2nqgia4k2ploqf4os34jx09qu24kqxhi54662f5ah8viss5mir7wlze9noab9u8oxlm3a799lzectybnn:latest/test_connective_metrics.table.json", "path": "media/table/test_connective_metrics_295_9304ecbf2ad45e467d48.table.json", "ncols": 6, "nrows": 3}, "Exclude_counts": {"_type": "table-file", "sha256": "3a3e16eee488be4d9705c81c282778d2e17c222f184cef71ed7ae945012d1110", "size": 66, "artifact_path": "wandb-client-artifact://6w2cnrwth8ta08y7u3zasnnykwbb1biromwcna29echz1vax8ulh509bk9tai6075i0qvoc5028tippn40xkee31nf13zzcehxq62ogv3bdt6dsy4h9lfhwse4qyl7h9/Exclude_counts.table.json", "_latest_artifact_path": "wandb-client-artifact://rbazhi56gkkxyfzmhgi4qng3vp0jc7oswkx97osummzhucdjn49yycbrkr31724htr6485vcdbzbz7xe3tlj54io12jroui8sp8ed9xud5szph6xuqxtlff7hxv9wz6s:latest/Exclude_counts.table.json", "path": "media/table/Exclude_counts_296_3a3e16eee488be4d9705.table.json", "ncols": 2, "nrows": 1}, "_wandb": {"runtime": 1010}}