{"test/loss": 1.5987545251846313, "test/accuracy": 0.2, "test/precision": 0.21666666666666667, "test/recall": 0.2, "test/f1": 0.17142857142857143, "test/runtime": 0.1151, "test/samples_per_second": 86.875, "test/steps_per_second": 17.375, "_timestamp": 1721572555.8771188, "_runtime": 55.95357394218445, "_step": 131, "epoch": 30.0, "train/f1": 1.0, "train/accuracy": 1.0, "train/precision": 1.0, "train/recall": 1.0, "val/f1": 0.21333333333333332, "val/accuracy": 0.3, "val/precision": 0.18518518518518517, "val/recall": 0.3, "train/loss": 0.8211, "val/loss": 1.4965169429779053, "eval/loss": 1.4636170864105225, "eval/accuracy": 0.6, "eval/precision": 0.6296296296296297, "eval/recall": 0.6, "eval/f1": 0.58, "eval/runtime": 0.1145, "eval/samples_per_second": 87.369, "eval/steps_per_second": 17.474, "train/epoch": 30.0, "train/global_step": 60, "train/grad_norm": 11.221868515014648, "train/learning_rate": 6e-06, "train_runtime": 52.2941, "train_samples_per_second": 5.737, "train_steps_per_second": 1.147, "total_flos": 78935442739200.0, "train_loss": 1.2784067153930665, "label_metrics": {"_type": "table-file", "sha256": "4465cade6856f704830cf0334d90b82f7cea0852a25333dddbe6b348c7ee7d12", "size": 342, "artifact_path": "wandb-client-artifact://f10p67rg6llxf1xmsgata0f27gtq89unc2vbg91nswadcu0y644jb2o10cvtzehgzwqnt2v18puog98qzdfp2ctq2zxld6fgfpklctang5hsgelmecyv6n79u3773fr7/label_metrics.table.json", "_latest_artifact_path": "wandb-client-artifact://sneqdc7r8b676p9lxmei22styqvrdhy3qjwueyogkvgx6034xvqhztnyqnbqdhu72con9kqb9usfc8qkpi9a6h4dlf1s74iltu4rtq5teojddbgbhcow3r9ypp9zq06r:latest/label_metrics.table.json", "path": "media/table/label_metrics_129_4465cade6856f704830c.table.json", "ncols": 5, "nrows": 4}, "test_predictions": {"_type": "table-file", "sha256": "eb88565879edac69dd39d31cb2cab38c4daca471a9232013780e2b6b22896a7e", "size": 3483, "artifact_path": "wandb-client-artifact://lt7bmh0re621h5hr7jkyi5wbwomejg1jgdpb5kpyqmmczfbnfz10ll8lb5gx6rcovmul94pt36v6jz7d2k7irk3548s2wrro6807ac6fn3e0b8zer6vfecuoinmqfmx4/test_predictions.table.json", "_latest_artifact_path": "wandb-client-artifact://vhdsul60n2eathjpt8jkdaiw5s0xqg7a6lc9e3g2adrhf9u79v2bclduvnl8wrw8vj0tt8wxvcrwvl3nani1fadp0hw0qhnnq2pbr6fj2khadj2s8rgutcsepl7mp7wt:latest/test_predictions.table.json", "path": "media/table/test_predictions_130_eb88565879edac69dd39.table.json", "ncols": 6, "nrows": 10}, "test-metrics": {"_type": "table-file", "sha256": "3cbdeb2fedeb7b5d7c7e00e808048f921f216d1f3d092e619d1315556c6a7ebe", "size": 167, "artifact_path": "wandb-client-artifact://lveau2wd4xza6odmxcky1s5rf832l4t0ddc8xkaec1tggmxci8ejiypxjzvib7crglaj6jtj1g057s9mhxdrqqxxaabjg8tqm4o4g011xzpjih7wsqwp1g3vhciuepro/test-metrics.table.json", "_latest_artifact_path": "wandb-client-artifact://h5fk3cgiwi12rnigav7eg7h4ewa8k6bmtrha4xlut0wna98z6mnl5n22gz39s5ku4vckatd3sycx1jod2n6d28husxrv1642bt1i2o9ebb9ghxm65428gwd96histw7g:latest/test-metrics.table.json", "path": "media/table/test-metrics_131_3cbdeb2fedeb7b5d7c7e.table.json", "ncols": 5, "nrows": 1}, "_wandb": {"runtime": 60}}