{"train/loss": 0.4247, "train/grad_norm": 5.822512149810791, "train/learning_rate": 3.337028824833703e-05, "train/epoch": 12.0, "train/global_step": 2004, "_timestamp": 1738576247.5230212, "_runtime": 872.6512262821198, "_step": 255, "test/loss": 0.8473753333091736, "test/accuracy": 0.6964285714285714, "test/precision": 0.6035714285714286, "test/recall": 0.2508020215337289, "test/f1": 0.24109937063340842, "test/runtime": 1.8898, "test/samples_per_second": 88.898, "test/steps_per_second": 11.112, "epoch": 12.0, "train/f1": 0.5394285714285714, "train/accuracy": 0.8868913857677903, "train/precision": 0.8395266876883085, "train/recall": 0.49942557067536464, "val/f1": 0.34055857078245133, "val/accuracy": 0.7544910179640718, "val/precision": 0.7404279279279279, "val/recall": 0.3120833333333334, "val/loss": 0.7328367233276367, "eval/loss": 0.6887712478637695, "eval/accuracy": 0.7664670658682635, "eval/precision": 0.7047619047619048, "eval/recall": 0.39458333333333334, "eval/f1": 0.40307692307692305, "eval/runtime": 1.8748, "eval/samples_per_second": 89.076, "eval/steps_per_second": 11.201, "train_runtime": 864.9021, "train_samples_per_second": 46.306, "train_steps_per_second": 5.793, "total_flos": 4215152642273280.0, "train_loss": 0.6704125157492365, "label_metrics": {"_type": "table-file", "sha256": "9ba0079ebf2d5c5655a020124920b1e5955150edec815861778f4b9d5eea0567", "size": 609, "artifact_path": "wandb-client-artifact://f6wqpg2og7g6snxif3209gckl817ykyuoq2w5wuss4k3avamxbnn3qxfqm4l9vo5jm0d4fcwca1t9khvgpcnvi8nt97neb74lcdh4qp8d6qz0b8r0yw174cg9kgsa6zq/label_metrics.table.json", "_latest_artifact_path": "wandb-client-artifact://kyc7c7mfbw2eyginl3pj3u4jj8q3vj7t8yx2ougehu87ydlq9tr4ggfwwh9bpkr9dqh3lcxh3fnxbuann27lk4kyv5uy6471v1epb7kr45707gjpfblh3p10pdeud9vl:latest/label_metrics.table.json", "path": "media/table/label_metrics_251_9ba0079ebf2d5c5655a0.table.json", "ncols": 6, "nrows": 5}, "test_predictions": {"_type": "table-file", "sha256": "4a63ddca2e71ac95f045305e7f8dea68dfd8e82ae5c98ee00458eba973d4d7f7", "size": 138267, "artifact_path": "wandb-client-artifact://uo037yggfccld2eu5csjzlba01raa8xtilb7vvc7wzuk2yyuwv441bxgjke8fx7ya5z8f55xy9a0f0hcmktnoo1ib1rcxmnwp2keebz1y699xqixt8sxdqohlndq4npl/test_predictions.table.json", "_latest_artifact_path": "wandb-client-artifact://edu3nybqnkl9jha6e2tijcjkeiyrx4t73lwm0pf25fwm58moihv8506o48lx40l1uqb61tdoc0j3c7yevw5jhua8emtw7dm2dqk5mt5dvrfpkjhkso6qj18j525fn540:latest/test_predictions.table.json", "path": "media/table/test_predictions_252_4a63ddca2e71ac95f045.table.json", "ncols": 8, "nrows": 168}, "test-metrics": {"_type": "table-file", "sha256": "64e7308096abe8f850709f3ed0c7278986757e6b43a9a3a3e60567d099470867", "size": 211, "artifact_path": "wandb-client-artifact://h17vnds9pteckroq57j4vwb3tuj2v7ht2b3fieiuqihfh5o0123ygqkqw5vj8jjgmcl8spswopxlh2kjtii629kz41low3jx1siarrh1fr0jyrfz73lx3gv4tn8v8jvc/test-metrics.table.json", "_latest_artifact_path": "wandb-client-artifact://mtjj7w0ns6urvrf3oghxuhqmuwdqo4fyqxa06mo2bdu0lhh04w2zsz4xo1ilbnvzjlzp1ydun9sdy7md0z2hl8oo2n2kor6uvfia0hxomamk4gscmjqhwaajyrg9jrrk:latest/test-metrics.table.json", "path": "media/table/test-metrics_253_64e7308096abe8f85070.table.json", "ncols": 5, "nrows": 1}, "test_connective_metrics": {"_type": "table-file", "sha256": "729592a0a5c4bf604d77c4a1aca60a6e7f63e1d31486b9fa350b59934639de72", "size": 443, "artifact_path": "wandb-client-artifact://rdcyoaawvucns1xmmvugr6ceypaz7virmcwiqks2drkriaw0r7zzg120s33h90j43us8q55btsgcn1dlt7l6yb87k9p5ozpn8miacp2p163guaq8iynmasuy8jbdiup5/test_connective_metrics.table.json", "_latest_artifact_path": "wandb-client-artifact://f4amddbrjdt4w5cdt1shd06x8ukervn8yynxbgai4ewkdebpo6kwe3cify6x4ebu6tbpb3vifp5celpjhf46ie6xso0h8fqoqyo76lgaia5s5fyfspupydo0tpvvggpw:latest/test_connective_metrics.table.json", "path": "media/table/test_connective_metrics_254_729592a0a5c4bf604d77.table.json", "ncols": 6, "nrows": 3}, "Exclude_counts": {"_type": "table-file", "sha256": "b29489d20e57d05bb6aec67be60a99d8dcef8e432ded61216e66508bd510be58", "size": 90, "artifact_path": "wandb-client-artifact://fevovp6x6xaq3brm1nrv9a9cnv0n45zblpv8n4tx4blfvbymmx7gi6gs3ezotunwdcae6grrtkia5iilwg8utd6ifw0sdnotgvqxwd1qgfeotdeva1d59a186pf6inpa/Exclude_counts.table.json", "_latest_artifact_path": "wandb-client-artifact://fytemtk70d3uwilzlfx2i4lchh5flj0vxmaa2sr67eehx1y3fxgdws59ej8lr4v78ilx6m3fb6fi4m9h3dlm4gvah5avo5bpujm14skwwwqyc528kwtu5v2vxdkg0mcp:latest/Exclude_counts.table.json", "path": "media/table/Exclude_counts_255_b29489d20e57d05bb6ae.table.json", "ncols": 2, "nrows": 1}, "_wandb": {"runtime": 880}}