{"train/loss": 0.267, "train/grad_norm": 0.024305187165737152, "train/learning_rate": 4.26829268292683e-05, "train/epoch": 7.0, "train/global_step": 1169, "_timestamp": 1736768731.0776818, "_runtime": 516.5825507640839, "_step": 151, "test/loss": 0.639351487159729, "test/accuracy": 0.8452380952380952, "test/precision": 0.8951878707976269, "test/recall": 0.5714238628872775, "test/f1": 0.6227106227106227, "test/runtime": 1.8632, "test/samples_per_second": 90.165, "test/steps_per_second": 11.271, "epoch": 7.0, "train/f1": 0.8856368214284046, "train/accuracy": 0.9865168539325843, "train/precision": 0.9594493950390524, "train/recall": 0.8709695288322438, "val/f1": 0.6057633294975068, "val/accuracy": 0.844311377245509, "val/precision": 0.7123868778280543, "val/recall": 0.69875, "val/loss": 0.6506309509277344, "eval/loss": 0.4139927923679352, "eval/accuracy": 0.8982035928143712, "eval/precision": 0.8681052474657126, "eval/recall": 0.7279166666666667, "eval/f1": 0.705814390567195, "eval/runtime": 1.8503, "eval/samples_per_second": 90.257, "eval/steps_per_second": 11.35, "train_runtime": 509.1692, "train_samples_per_second": 78.658, "train_steps_per_second": 9.84, "total_flos": 2458839041326080.0, "train_loss": 0.3651364292747081, "label_metrics": {"_type": "table-file", "sha256": "89385c86540e5014a8f8d640db3f91411507c2d8d6f621482d8eb21817f70360", "size": 617, "artifact_path": "wandb-client-artifact://myh5j9xyv55w08w8zsof29u94fy6r6mchiytxr59vtnhy4e9jo9j2y2aehgey88tmyqiofmv2k3rv5bmgn29thlt5teujnzjxxvdh4eepecmpguibg4pixmapfwp154u/label_metrics.table.json", "_latest_artifact_path": "wandb-client-artifact://dgddisdxgaaoapkz9nwueb1kdo1c1gfcsqyg2l67v9tofy40ad76gx8c0y2e9ht7wb6mhul8haltl4ihgvljauify72oxei4skq093zkthmh4mfty6zu4jmi43ir5g5h:latest/label_metrics.table.json", "path": "media/table/label_metrics_147_89385c86540e5014a8f8.table.json", "ncols": 6, "nrows": 5}, "test_predictions": {"_type": "table-file", "sha256": "8015869ed5cc952f2145611360055280bc399e85029d3d431bbe93d2e9d25c14", "size": 89260, "artifact_path": "wandb-client-artifact://k4yk87sv7f5v6phswmesaswd6f32uv96rfiar72fgatftpyml2gq03qf0qra5zbcx0k9pfv012g1cbo6bpp7isuwhcdbeiibd7v58i9c82p3zda319klbzs3qwki2nwx/test_predictions.table.json", "_latest_artifact_path": "wandb-client-artifact://2dupb3kfs4himfz8rkv70ja22j1rejphd029i1i08ikwwc9b0sq06h2vdm0mugn24258l38imm8o889naonvbgfsmnpat8tl7letvd4v3sni0ew6iogi84no53at9j01:latest/test_predictions.table.json", "path": "media/table/test_predictions_148_8015869ed5cc952f2145.table.json", "ncols": 8, "nrows": 168}, "test-metrics": {"_type": "table-file", "sha256": "c3b15f409cda64f6bed61736f444c327d5565f17b25918b4eab2b0f1b41fdf03", "size": 200, "artifact_path": "wandb-client-artifact://bcs2fpn58od6gih79fawvqrm10eggfj52y1ioxvynd7gbi5uxuteqvqf9bi1zvuswxsein9pcr7p2qmls0ebemg1xuw8w5are1ss1k1cgadouo0fk6c35hwi9hwlnoro/test-metrics.table.json", "_latest_artifact_path": "wandb-client-artifact://cjrc2rxh9chi0ptqcoyhk837i8kvwfxlsvbeovhe57k8bdwbuw7f8pjh5h9kifj14327e5hr5y13p7luuudxwh1xjkdkjcdm8z9buawv0wtrb7wdkctnx9ompszpsbve:latest/test-metrics.table.json", "path": "media/table/test-metrics_149_c3b15f409cda64f6bed6.table.json", "ncols": 5, "nrows": 1}, "test_connective_metrics": {"_type": "table-file", "sha256": "aaefa67def4d1df7455b8a29d9e1fb1b120abb1447d971f165133c8e58879914", "size": 428, "artifact_path": "wandb-client-artifact://dlhhlorfxq6gs2kkppdcwkphujj37u9x9oxy7wnolhgiavlpu2v17bkdvbmwg4lyoyens1e1xayl6tyscchrqg4aafpz9l05b67d0ascgangxkw1of8a64cyspmb01hb/test_connective_metrics.table.json", "_latest_artifact_path": "wandb-client-artifact://eoemlk6e5jmgh1d2mp3zvrttoggolz3xl4fii5rmyafneoqkk67w2fu0mkwuz16forbnwfznwdbji0piiatrp7dirlm51hnphspfub37seqp4oennyw1547wrezvt5wg:latest/test_connective_metrics.table.json", "path": "media/table/test_connective_metrics_150_aaefa67def4d1df7455b.table.json", "ncols": 6, "nrows": 3}, "Exclude_counts": {"_type": "table-file", "sha256": "1315d459f2edbaf5a26cf162c57611f734e37385686ca35ad763b16ff92f0e5b", "size": 77, "artifact_path": "wandb-client-artifact://308xuktdpb8j7n3e50uaqnl7vv8551o3j8d69k90js9glxgxpduxbht7ti3h6d3l6dce0hzxgekvb2uv6v6fuqptuzmhk33wdmyzwd8d159mqufe3btf56woltjwrwda/Exclude_counts.table.json", "_latest_artifact_path": "wandb-client-artifact://mpv2vzwacfyje0gcq14n8mqkjtz42x16r9ce74hhwdp9zmat05ae0p2gzm9aoq4ftyrs407pyepyqmskglzw2v8g8hw9lgt6rywi4x56aqvdckyma7jlqvy1k7oxi5uu:latest/Exclude_counts.table.json", "path": "media/table/Exclude_counts_151_1315d459f2edbaf5a26c.table.json", "ncols": 2, "nrows": 1}, "_wandb": {"runtime": 525}}