{"train/loss": 0.0592, "train/grad_norm": 0.004480272531509399, "train/learning_rate": 3.148558758314856e-05, "train/epoch": 13.0, "train/global_step": 2171, "_timestamp": 1736791606.2629085, "_runtime": 945.9895484447479, "_step": 276, "test/loss": 1.3452883958816528, "test/accuracy": 0.8035714285714286, "test/precision": 0.655050505050505, "test/recall": 0.49397275324104595, "test/f1": 0.5005844825968665, "test/runtime": 1.8829, "test/samples_per_second": 89.223, "test/steps_per_second": 11.153, "epoch": 13.0, "train/f1": 0.9775988924164318, "train/accuracy": 0.9940074906367041, "train/precision": 0.9976851851851851, "train/recall": 0.9594473730228825, "val/f1": 0.648368462138954, "val/accuracy": 0.8502994011976048, "val/precision": 0.8370967741935484, "val/recall": 0.645, "val/loss": 1.0148744583129883, "eval/loss": 0.92909175157547, "eval/accuracy": 0.8802395209580839, "eval/precision": 0.8226164079822617, "eval/recall": 0.6670833333333334, "eval/f1": 0.6625261158594491, "eval/runtime": 1.8659, "eval/samples_per_second": 89.501, "eval/steps_per_second": 11.255, "train_runtime": 938.6467, "train_samples_per_second": 42.668, "train_steps_per_second": 5.337, "total_flos": 4566415362462720.0, "train_loss": 0.22730378643911212, "label_metrics": {"_type": "table-file", "sha256": "3b1e03ece52832acd1a3356274b63ab85fe0095615ccda3bf8403cd4ed97c7df", "size": 608, "artifact_path": "wandb-client-artifact://ix9ug2wg00zlub9eaeaobp6e3axy3h8iw6h7dwfqdao1kdu1kmwudg6ehcy9qvi9brgf5k3gipxtiwwhdh8c4loazxzjjrwybg8r0ms9ifbyq6iwimiklkhedgiwhu45/label_metrics.table.json", "_latest_artifact_path": "wandb-client-artifact://9gjcjeo5l7btsjlacvbheijucs7r2zzcq4jh8c0o8n39jyvund5j102ep5opt7ult1bgl17tsp4hlcl1se42du32jqwz52l93e7v9epyvxc0qco00hyz9xu8mddf51eu:latest/label_metrics.table.json", "path": "media/table/label_metrics_272_3b1e03ece52832acd1a3.table.json", "ncols": 6, "nrows": 5}, "test_predictions": {"_type": "table-file", "sha256": "472cd672920aeefa512d0e5ad6f7dc64a475b09fa1fd1495f61587b924eb3765", "size": 87178, "artifact_path": "wandb-client-artifact://byaftvcwks0qg9e6w3gb0vtpwq4leuil5nnejkuzoph6ywxza7nwbnaxq1g00x9yh7tzna1c3emyuofvae2nbotp6y5op10pohnyz5asw2mu87zjxkqhfggqqbmkbjah/test_predictions.table.json", "_latest_artifact_path": "wandb-client-artifact://9fh014h4y6ce0og8hsnvfkc484xh8yr72sreuan5cqahxsctljulgsj6pfm5b1qxi8t6qlmj5pv37of198qf93umw6bkk7z9o4vibpih28ycr032179195b6aafja4xg:latest/test_predictions.table.json", "path": "media/table/test_predictions_273_472cd672920aeefa512d.table.json", "ncols": 8, "nrows": 168}, "test-metrics": {"_type": "table-file", "sha256": "a5c333209193dae430493d1cdc104885c8292602fa47831e53311bd23e32a2c6", "size": 203, "artifact_path": "wandb-client-artifact://9qda5gs0627n5mx2luypphp8unp8utzci2sx3idixoiu7k95unfjtk48dk303rwcnd4n4wihj3ebrtsqc5z0estpxgx3bvjystvws0jq47yoguggcqa3u6jh276zkazx/test-metrics.table.json", "_latest_artifact_path": "wandb-client-artifact://dp3h398rh84e7lkrsag6mjbu03gridwxfp2fkxw8dp5sxzcux6ck4onz1do1s34x9h3yn6jh53rxhc8gbsys0sopp0li1dthq3ru2sesyz2bn0zwknmbrmalsyxvwc4q:latest/test-metrics.table.json", "path": "media/table/test-metrics_274_a5c333209193dae43049.table.json", "ncols": 5, "nrows": 1}, "test_connective_metrics": {"_type": "table-file", "sha256": "658cbbe267b50bd1bb45a3a1d4bec213f32e67fb4020f1f3188120dc7eae180e", "size": 436, "artifact_path": "wandb-client-artifact://8aejgyinq8k4ggcbot3pzztocuxnyesxb3x9u9pp30bjamt8159a79z3m6b8li5bhph3notvdp148dly021qhqxgor4na5dj6zqykhghup36jb0xhgeehtge6591hsng/test_connective_metrics.table.json", "_latest_artifact_path": "wandb-client-artifact://9c5zxsob263gyk39h0086vg79lfgp8oiz88sitqahey3lq2o2mte8tnyowlto3mpftegqw8hg1ryk5wku5poug7q73qtvo6jboeynt0gk3c7mgtnkc1lf4jmz2g1594t:latest/test_connective_metrics.table.json", "path": "media/table/test_connective_metrics_275_658cbbe267b50bd1bb45.table.json", "ncols": 6, "nrows": 3}, "Exclude_counts": {"_type": "table-file", "sha256": "6b61ed8104e7789baa2a078cd4b3e82ab1d17bd9254552ac8bfb5d3efebbd3dd", "size": 81, "artifact_path": "wandb-client-artifact://vfnvf3a7kjr0ge7p3wdtyf215ma4unhhq2xvk71r6xw44w56ty1d0o9clrc4dxk9l0f2p8bdmm7vg3sa9vya6dhnb5lv97v9hoy067p7kv08384hc4tcjkyyx1tumc61/Exclude_counts.table.json", "_latest_artifact_path": "wandb-client-artifact://vhultcr3vfwdqt22185x571g0f72m3m1c539j677rp27wejqet6vz28kwwwuro29wy3rboymo34doihah7rc4li04if9krfjl3jgd091do7bqfjuvgjbv7oj4qxy8ujt:latest/Exclude_counts.table.json", "path": "media/table/Exclude_counts_276_6b61ed8104e7789baa2a.table.json", "ncols": 2, "nrows": 1}, "_wandb": {"runtime": 952}}