{"train/loss": 0.5227, "train/grad_norm": 3.106226682662964, "train/learning_rate": 4.445676274944568e-05, "train/epoch": 6.0, "train/global_step": 1002, "_timestamp": 1739921690.4279668, "_runtime": 920.7525367736816, "_step": 132, "test/loss": 1.0058506727218628, "test/accuracy": 0.6666666666666666, "test/precision": 0.8323353293413174, "test/recall": 0.22000000000000003, "test/f1": 0.1960758665794637, "test/runtime": 4.4293, "test/samples_per_second": 37.929, "test/steps_per_second": 4.741, "epoch": 6.0, "train/f1": 0.17150192554557125, "train/accuracy": 0.750561797752809, "train/precision": 0.750561797752809, "train/recall": 0.2, "val/f1": 0.1672473867595819, "val/accuracy": 0.718562874251497, "val/precision": 0.718562874251497, "val/recall": 0.2, "val/loss": 0.9318228960037231, "eval/loss": 0.8972460627555847, "eval/accuracy": 0.7245508982035929, "eval/precision": 0.8614457831325302, "eval/recall": 0.225, "eval/f1": 0.2122766122766123, "eval/runtime": 4.4023, "eval/samples_per_second": 37.935, "eval/steps_per_second": 4.77, "train_runtime": 908.0761, "train_samples_per_second": 44.104, "train_steps_per_second": 5.517, "total_flos": 2107614117058560.0, "train_loss": 0.8437282282435251, "label_metrics": {"_type": "table-file", "sha256": "e125521e314d2d3008497fe7537e0cb74bdcafe952240ceac13af126dcd92078", "size": 564, "artifact_path": "wandb-client-artifact://9dgcz82rhvjjwpbpgb05zktjp3holxggu3llqub54rjkokqocj4bzxrk2hu3ft01ponvsbwzwe0notaavzs7qalvejbx72pk1dddzdaqojga0qtkdi10ytsipfxqcn8l/label_metrics.table.json", "_latest_artifact_path": "wandb-client-artifact://mxraj3g5alun8wxt76nvhwrnxqs4ttcf4x87rzg4vgy34du1aadp4pq6sat4hhjue1r9tztsca5ncm3qc9ut44krtdfl2vykkx25fnyoffieomkdsboipljws3njrsyz:latest/label_metrics.table.json", "path": "media/table/label_metrics_127_e125521e314d2d300849.table.json", "ncols": 6, "nrows": 5}, "test_predictions": {"_type": "table-file", "sha256": "90c0252d0bf593b35e6b0ad708251b05ef055f4f036ed4483db1dc66e3eaa209", "size": 138093, "artifact_path": "wandb-client-artifact://xestcs0rttd1s0m4kk4yi0c75gamvmt23rke442wmuzqlsob3c5on85auo7veoodjcg2knxt2i7elbprz6jsd6ghj92gs27gbcm1tta1s78l3hdi7ib1d7bwyqdqo4yi/test_predictions.table.json", "_latest_artifact_path": "wandb-client-artifact://4z2szfe6w1kp6jt88ydgaus2cplnrdybk121e49klxwdc3tpyndexb04m7np59v79gbdyqf0zbz8pm2xx7v6j9t3b7gjkttf75ookh7ywif24b8ljnnkavmkuf8tezla:latest/test_predictions.table.json", "path": "media/table/test_predictions_128_90c0252d0bf593b35e6b.table.json", "ncols": 8, "nrows": 168}, "test-metrics": {"_type": "table-file", "sha256": "674949341918fee81c86a7e65b2f0a03e46981da8bd0517496a57f11cad75f6f", "size": 211, "artifact_path": "wandb-client-artifact://9xt22807aatdy0m7w336opvv90tg7cne7yqhm6hyavbw30v10o6ixb7pfxurmmlnj2lp34yq8esoe2t9ggtmvaxu4tbxxnrfnmhthxv98tr0glj3ee46wa920epcvrdn/test-metrics.table.json", "_latest_artifact_path": "wandb-client-artifact://ra4avdcaajne0u88rv8stqxuokvy3nm6myqyw2a1eica1ct7ekwbjecok7uufn9xj42y5icx66p87cirocja51nessffx7k6oppssbb9pkcubciol4hf8artq8v0hmli:latest/test-metrics.table.json", "path": "media/table/test-metrics_129_674949341918fee81c86.table.json", "ncols": 5, "nrows": 1}, "test_connective_metrics": {"_type": "table-file", "sha256": "381767a9bf9b6d1170d9d7ac5843b6ea92114832b83babbafd4c07582d20acc4", "size": 405, "artifact_path": "wandb-client-artifact://7uk4z2jilytl1kroyhnq999a9yg368xp70wq21rwovzl6sxaz6m8ioigrfc30vttiz1sjfz03ng6wxlj3ixh08bnj6oxifyvpcl3topzx9uswu2worbsd5kub9jcd7ru/test_connective_metrics.table.json", "_latest_artifact_path": "wandb-client-artifact://q4mr0hwcdn5u5oar1zvbhj4xat1bqqovvjk144dhiztpbq7jyru86736lqr6wsl303wvycpddzlc7d3ab6lyqtgxipgdhcex6tqviof7awl22elymh8ey3yaezl0dehr:latest/test_connective_metrics.table.json", "path": "media/table/test_connective_metrics_130_381767a9bf9b6d1170d9.table.json", "ncols": 6, "nrows": 3}, "Exclude_counts": {"_type": "table-file", "sha256": "b29489d20e57d05bb6aec67be60a99d8dcef8e432ded61216e66508bd510be58", "size": 90, "artifact_path": "wandb-client-artifact://ej3rjhgzq1k2h9su3cydqqbh2ja3o4bpmsjjpt5qda65nzhp037drgxr743em1xmrsc742f4dxnpal4h7scsw2kzuoacmm3jz1g51cwbs5lxwdm5msup25jdfz4jd6k5/Exclude_counts.table.json", "_latest_artifact_path": "wandb-client-artifact://eiba2jhzpeoa36f9ygr52hjdatx8emuues6ma2bt7mlmvztw8cwj5yqbg8vixijypw62f0qbcogutkdn5i6rjfl1ty25ixx5partck931itjocp0hwsgk2xm5vn2vwiz:latest/Exclude_counts.table.json", "path": "media/table/Exclude_counts_131_b29489d20e57d05bb6ae.table.json", "ncols": 2, "nrows": 1}, "_wandb": {"runtime": 930}}