{"train/loss": 0.7349, "train/grad_norm": 9.052011489868164, "train/learning_rate": 1.6000000000000003e-05, "train/epoch": 1.0, "train/global_step": 167, "_timestamp": 1735270536.4242055, "_runtime": 85.13215661048889, "_step": 28, "test/loss": 0.724917471408844, "test/accuracy": 0.7321428571428571, "test/precision": 0.7204908453447605, "test/recall": 0.25853658536585367, "test/f1": 0.25222426954461696, "test/runtime": 1.8585, "test/samples_per_second": 90.396, "test/steps_per_second": 11.3, "epoch": 1.0, "train/f1": 0.263189267317264, "train/accuracy": 0.7962546816479401, "train/precision": 0.7160356589371841, "train/recall": 0.26242377630060976, "val/f1": 0.21607684529828108, "val/accuracy": 0.7305389221556886, "val/precision": 0.6022727272727273, "val/recall": 0.22625, "val/loss": null, "eval/loss": 0.7202768921852112, "eval/accuracy": 0.7305389221556886, "eval/precision": 0.6022727272727273, "eval/recall": 0.22625, "eval/f1": 0.21607684529828108, "eval/runtime": 1.8407, "eval/samples_per_second": 90.728, "eval/steps_per_second": 11.409, "train_runtime": 77.5703, "train_samples_per_second": 17.21, "train_steps_per_second": 2.153, "total_flos": 351262720189440.0, "train_loss": 0.9385256310422977, "label_metrics": {"_type": "table-file", "sha256": "f6c16e439ba07c74f10d6fd0e678cc15cc6b75fa81caebedea82a6c4b74b4594", "size": 431, "artifact_path": "wandb-client-artifact://rwym2h9kvvnxz8dljv5f7cw7jfzlfwcczkd2oqxrr56xmm0357itv8yr3ot2j7vqvwpsk4xqbdgdk5kh9d9npjf9w48sr58kyu79019f68g2nxxygphph1mg96rkqq34/label_metrics.table.json", "_latest_artifact_path": "wandb-client-artifact://qwpk4m6qsnljoeag2ac4fymywruvzsdlw0wkvirmgblxvzfzv3i5wi6ai4cc8xab7dhbkmllgmwqnnftzet1p0yv0lb7eiv0zwx116e6rghunma6hnsif8tncrr2zxsz:latest/label_metrics.table.json", "path": "media/table/label_metrics_23_f6c16e439ba07c74f10d.table.json", "ncols": 5, "nrows": 5}, "test_predictions": {"_type": "table-file", "sha256": "b2d334fde96a86a449d596b2268b853c899fde989da0148723ba47607dabadfa", "size": 88118, "artifact_path": "wandb-client-artifact://3zp7zkya2yw2eyhp3gy3qkdzg2g7w5187x8m01vjziihna5b1ma478x982s013qg8m8p594l3gho14pctdeiunq5ktu3wnr3xv52mb95785p2c3m8bozw14t5d6247ut/test_predictions.table.json", "_latest_artifact_path": "wandb-client-artifact://nekyx9yuusq6230rqj607s8btumuvugp36wwv6udecbhe92evs6kpz1pvt3gznxc2oldbfev1t1b1oavau9yrul4uv0fxm5osn3k2movqo0yavvyy9y128wh3vo5yxtj:latest/test_predictions.table.json", "path": "media/table/test_predictions_24_b2d334fde96a86a449d5.table.json", "ncols": 7, "nrows": 168}, "test-metrics": {"_type": "table-file", "sha256": "35519a417f49cb4cf23b277b3252463da4c33bc998291c3d413086137fdc90f8", "size": 196, "artifact_path": "wandb-client-artifact://0jwpczyqwj9452ueed56h98m0s2rvvv14qeqlpzzkduc8d34uom2qrrc4j50hnu7hs6hzqxvwqw2lz6uhu0v1ltapf9tvfr2d2a35oah40xc45vhqohuqkxvtvsttm9r/test-metrics.table.json", "_latest_artifact_path": "wandb-client-artifact://xyn40jubrr4t4ec37km2msp9iiveff9ny2bfc2rgjxv317b48024e6vnlpikih7yjty1cv40sj20xgt3qqgox3dt1lviiz9s90bcr6bjrjpf7csq3o32l5blmhtiremi:latest/test-metrics.table.json", "path": "media/table/test-metrics_25_35519a417f49cb4cf23b.table.json", "ncols": 5, "nrows": 1}, "test_connective_metrics": {"_type": "table-file", "sha256": "eb3a8df560dd16f2c8d87cfec7cf42a28b88c4af600499b6130404a9e00974cc", "size": 155, "artifact_path": "wandb-client-artifact://9umre7qvfshs1baq5o2nqbgp0u65ubi1n93hfvbsrduf8s6w00yvvhch41t8rgha80k2ox1usux6gz3ineaz2srsk4dy8ewlokj7seuqdqedofzj6xj1n6g1prvmgcn8/test_connective_metrics.table.json", "_latest_artifact_path": "wandb-client-artifact://m5iry1s1gae8w0uly3el9qxhwf1gsl4qm012ydqrt5bgyxi4vu4yndwj9vhgp82t7tr2m55odi0geaiioqr1h8tu9vi9qoxzzc53djt7c0fj3fp6b5dqvmim6zmh0ma0:latest/test_connective_metrics.table.json", "path": "media/table/test_connective_metrics_26_eb3a8df560dd16f2c8d8.table.json", "ncols": 5, "nrows": 3}, "_wandb": {"runtime": 91}}