{"results": {"_type": "table-file", "sha256": "7d4e968405af255a5dc4df5de0baaf80c5b741582fbb0825270a3886c73dab57", "size": 130595, "artifact_path": "wandb-client-artifact://9znwbyfn3joqd2co6z7srr0dkn6gczqoya85yr70evchvweaeefbpriz7np3j2x2scu6rrmbjadv5wqeeb0kvmcq4ocgu1en93ge6jypbasl7sw5f3ih0vg76v7ax4e5/results.table.json", "_latest_artifact_path": "wandb-client-artifact://287st7ln4jvsp4s5rq86a6pkrmoyg7sp55g665j6ba8zvkwyvgsz9rkuz2qnvl7k4twurm18sh1nmf3yrhksb2tu146xpkymb6zja6o683z94p4elpg6shr4i9xo5g7f:latest/results.table.json", "path": "media/table/results_11_7d4e968405af255a5dc4.table.json", "ncols": 3, "nrows": 168}, "_timestamp": 1715501277.4436, "_runtime": 246.2182948589325, "_step": 14, "\u9006\u63a5\u30fb\u8b72\u6b69": {"precision": 0.5306122448979592, "recall": 0.6341463414634146, "f1-score": 0.5777777777777778, "support": 41}, "\u540c\u6642\u9032\u884c": {"precision": 0.8319327731092437, "recall": 0.8918918918918919, "f1-score": 0.8608695652173914, "support": 111}, "\u6642\u9593": {"precision": 0.0, "recall": 0.0, "f1-score": 0.0, "support": 2}, "\u5834\u6240": {"precision": 0.0, "recall": 0.0, "f1-score": 0.0, "support": 4}, "\u305d\u306e\u4ed6": {"precision": 0.0, "recall": 0.0, "f1-score": 0.0, "support": 10}, "accuracy": 0.7440476190476191, "macro avg": {"precision": 0.2725090036014406, "recall": 0.30520764667106126, "f1-score": 0.2877294685990338, "support": 168}, "weighted avg": {"precision": 0.679164522952038, "recall": 0.7440476190476191, "f1-score": 0.7097941108810675, "support": 168}, "valid/loss": 0.03214060475012499, "valid/accuracy": 0.7964071856287425, "valid/precision": 0.28632668144863266, "valid/recall": 0.33166666666666667, "valid/f1": 0.3057396577864414, "trains/loss": 0.0016437995299864352, "trains/accuracy": 0.7955056179775281, "trains/precision": 0.27237546315356115, "trains/recall": 0.31247230310022156, "trains/f1": 0.2898938448360255, "test-metrics": {"_type": "table-file", "sha256": "d992f0fe1edd20f9fe6c07ac108f68955fa22a9442c4c4df5777ff1d1d3aca45", "size": 214, "artifact_path": "wandb-client-artifact://3by1kqmpbofxcg8xr2ny2l43hw4e3kt0k8o79z3xgx0fvgdumydtajn8659p008lce0dakydj2pp3c5obdm15t9c5vokpjrormfte63fbzr17ue40gueccql2vrvqjyl/test-metrics.table.json", "_latest_artifact_path": "wandb-client-artifact://5drodwrddoe2qo187ocyugdzc8m87cwo5x9n7innnweedg57o1bznayolb1i4c054aako1h8mzmifw4z3d5he8ep7lwopbdyek0p37e9r0ujxm94c89bicuolvej0k9l:latest/test-metrics.table.json", "path": "media/table/test-metrics_13_d992f0fe1edd20f9fe6c.table.json", "ncols": 6, "nrows": 1}, "save_directory(best f1 for valid)": "./models/cl-tohoku_bert-base-japanese-v3_2024-05-12 17:04:25.270911+09:00", "_wandb": {"runtime": 237}}