{"train/loss": 0.4703, "train/grad_norm": 0.20050834119319916, "train/learning_rate": 4.26829268292683e-05, "train/epoch": 7.0, "train/global_step": 1169, "_timestamp": 1736776272.4705658, "_runtime": 508.99787187576294, "_step": 151, "test/loss": 0.9984052777290344, "test/accuracy": 0.7916666666666666, "test/precision": 0.7751879699248121, "test/recall": 0.6257196220610854, "test/f1": 0.6525114978446549, "test/runtime": 1.8705, "test/samples_per_second": 89.817, "test/steps_per_second": 11.227, "epoch": 7.0, "train/f1": 0.8994072501405885, "train/accuracy": 0.9752808988764045, "train/precision": 0.9669891061341463, "train/recall": 0.8664173779671225, "val/f1": 0.5624934383202099, "val/accuracy": 0.8502994011976048, "val/precision": 0.7055659203980099, "val/recall": 0.6174999999999999, "val/loss": 0.669299304485321, "eval/loss": 0.669299304485321, "eval/accuracy": 0.8562874251497006, "eval/precision": 0.7237886382623224, "eval/recall": 0.62375, "eval/f1": 0.5747965589397814, "eval/runtime": 1.8561, "eval/samples_per_second": 89.972, "eval/steps_per_second": 11.314, "train_runtime": 501.546, "train_samples_per_second": 79.853, "train_steps_per_second": 9.989, "total_flos": 2458839041326080.0, "train_loss": 0.48373097306240104, "label_metrics": {"_type": "table-file", "sha256": "bdc8ba48d67fcc26dbf692158b539d0d4ed6f90baae2de665df35eff7dec21d9", "size": 722, "artifact_path": "wandb-client-artifact://ww59nvsk7lmsz7b0nh4me62cz9g7llbw9c7nzqeb7b40xz1vlk3rfkgyqk5hbysa78d2j2zy8l85dff6hcq049i4zoj4z7g3xa6ku81erczkreae8f627mqpn96zz5wj/label_metrics.table.json", "_latest_artifact_path": "wandb-client-artifact://u5txr7r638vrd5zbk0quetmm9dufgcz3bn7npxhjetj0rq32qop0dv7b8jqziqp3j638soah8s7g050rj8c0o2vp6xzz9erwu85tr2mdjq4pi3hoe512n8brvu1x7ana:latest/label_metrics.table.json", "path": "media/table/label_metrics_147_bdc8ba48d67fcc26dbf6.table.json", "ncols": 6, "nrows": 5}, "test_predictions": {"_type": "table-file", "sha256": "f9bbcd7b3152085da802693f359dfb270b7d153467b1853d97726477e4cb67fa", "size": 91313, "artifact_path": "wandb-client-artifact://t3vph7mdkbkkc1ybi0ziim93sslzv4959r3048ousyttsrgpqz64kq7xtxtg2j7v83l2nqqrpujjp9uqp1j9iod0f9lm8rxpqzz5jbd12y6w6chrq5cjizn3my9rganq/test_predictions.table.json", "_latest_artifact_path": "wandb-client-artifact://5pgn6iz2p62skvqznxv76aau24dsqlvdeot9hp8ieps6pfxew103jb9i8u75hnu9txqv29fgw5d7khb52bk1vk31hrdz1r9viknrj2n4tdnr9cq8frjcpydytfx9s455:latest/test_predictions.table.json", "path": "media/table/test_predictions_148_f9bbcd7b3152085da802.table.json", "ncols": 8, "nrows": 168}, "test-metrics": {"_type": "table-file", "sha256": "5b8799b78d43594c1a70bae2a93f34be32f2926bfd0055302aa656206c426d94", "size": 214, "artifact_path": "wandb-client-artifact://q1qrd58sk2n5k7vhyua0suy5c1qxruct9036vem6zu1i50oyrj3k0iqwcscqo7juchbwx78uw5ggc4gndnx24nln7agj910vc2sdneqd0mfqwjbpyd8cqgzwbcuc7br9/test-metrics.table.json", "_latest_artifact_path": "wandb-client-artifact://rpstd8259ua138ro57ml7e10et7yguwsodh9kr56bski1jhsvxsbbmke4u14u2h6ejqh5udnwpa75xnntl1qa61s88a4d54q3fz3tj44cl77stg79ckj8fyaxgb6th3u:latest/test-metrics.table.json", "path": "media/table/test-metrics_149_5b8799b78d43594c1a70.table.json", "ncols": 5, "nrows": 1}, "test_connective_metrics": {"_type": "table-file", "sha256": "e8fa1158645f0f149cabe8392f4c7e181cc7f80832c7ab5ba922decd39ebdffe", "size": 494, "artifact_path": "wandb-client-artifact://tfjtl2g6lp6t199yi57pjxx1p7eh7vaxzwad13l5ae9cvzppxterv9l05go288kqjrns9tf5su2b8ut8uubvp67mdemque219u7axojbt9ja719zazo4ff6vk1n4gipr/test_connective_metrics.table.json", "_latest_artifact_path": "wandb-client-artifact://lff8dj64i5gy6olrptbhktzk73nym3g9xi3qofk8nq63oti3xd0klxh7cphemnz9kdf6itsghdpmih2at5imyzhymrf6k1hgc6d8tw3ri0ykxqbms8zdx27ha8yut286:latest/test_connective_metrics.table.json", "path": "media/table/test_connective_metrics_150_e8fa1158645f0f149cab.table.json", "ncols": 6, "nrows": 3}, "Exclude_counts": {"_type": "table-file", "sha256": "c34a277c71c512b8edf166c56baf83d9cf5f1d112b0d9e9e2b7fd47129239695", "size": 93, "artifact_path": "wandb-client-artifact://zxrqk4uc6wpt8gtpovhm32v2buyi2906x4ih9pqli2fqk06eo7fz8f1t507tg5xss5svztv8hkb9lm4i7vzmp56m0p12l8tx8tzpk279pl102hk07gpfu3ww3c98mrd0/Exclude_counts.table.json", "_latest_artifact_path": "wandb-client-artifact://8i4h0bre9czobyqvdgry0j5f03l3mjgzp1oqvtozzecz959l1qs6tken8geg3qvyvmzu8oe4ftoa5re156tw4tqvnivwcntkhu2amqrr9jqwqq03xi6vdxalstw3kjcn:latest/Exclude_counts.table.json", "path": "media/table/Exclude_counts_151_c34a277c71c512b8edf1.table.json", "ncols": 2, "nrows": 1}, "_wandb": {"runtime": 516}}