{"test/loss": 1.7156795263290405, "test/accuracy": 0.0, "test/precision": 0.0, "test/recall": 0.0, "test/f1": 0.0, "test/runtime": 0.1143, "test/samples_per_second": 87.466, "test/steps_per_second": 17.493, "_timestamp": 1736695485.516007, "_runtime": 11.157800912857056, "_step": 23, "epoch": 4.0, "train/f1": 0.0, "train/accuracy": 0.0, "train/precision": 0.0, "train/recall": 0.0, "val/f1": 0.21333333333333332, "val/accuracy": 0.4, "val/precision": 0.275, "val/recall": 0.2708333333333333, "train/loss": null, "val/loss": 1.599637746810913, "eval/loss": 1.602423071861267, "eval/accuracy": 0.4, "eval/precision": 0.3125, "eval/recall": 0.2708333333333333, "eval/f1": 0.22999999999999998, "eval/runtime": 0.1141, "eval/samples_per_second": 87.649, "eval/steps_per_second": 17.53, "train/epoch": 4.0, "train/global_step": 8, "train_runtime": 7.2799, "train_samples_per_second": 41.209, "train_steps_per_second": 8.242, "total_flos": 10524725698560.0, "train_loss": 1.698500633239746, "label_metrics": {"_type": "table-file", "sha256": "d0fa3d4514044cdf6a9e71f37d1b7fbc42896565f9afe4009a546c6073cd0206", "size": 327, "artifact_path": "wandb-client-artifact://g1zgnu4wvc2um7565bk3mpibv23t7brjb5j9mpxo6qde3lipyzhadpk90553ied1tm00et4ai1ay6qnwyt3j0btvud8htg5h8m6aq96lig67d5h9tjr54kcs4vxobd1v/label_metrics.table.json", "_latest_artifact_path": "wandb-client-artifact://mgt7ic7lrq7l90nujqd877m915qp8xqppyefqwpnvpi219b2x4fxh3h2hbxkl2qninnqtylrgpf37ai0rml81n2k8gx3e56f3uokzf561deisvfwbh42royc0sh75wor:latest/label_metrics.table.json", "path": "media/table/label_metrics_19_d0fa3d4514044cdf6a9e.table.json", "ncols": 6, "nrows": 4}, "test_predictions": {"_type": "table-file", "sha256": "9a3c75a25d66f89e6b038ff7bf8a6acf75ffdeeef9290ffe549522ff8827dff0", "size": 4964, "artifact_path": "wandb-client-artifact://l1w2oitwazrxeb21j58dkhb9xfhy8vv9sz12sb0e2t5ajjvfsvhxueoi0qwxgek1o70a267qvkct42lin5n17721f6k6xjpr050dv3pmc0re8vk63w0kkfw61kr34bgg/test_predictions.table.json", "_latest_artifact_path": "wandb-client-artifact://slpvq6xboh51umh0mizezg5wpa0vyyikj1nsrd0hkipoj8dfyz8wihp6i4mxd5ed78tbwoge8v4cn1rxfond2w9lq8lkhdbmf5yb8fhas9a2ga9eicgu4gkadsqm5h2h:latest/test_predictions.table.json", "path": "media/table/test_predictions_20_9a3c75a25d66f89e6b03.table.json", "ncols": 8, "nrows": 10}, "test-metrics": {"_type": "table-file", "sha256": "7a0e23bdb900e7860a58ddb09d3747f1ea33fbf4e078a89879ce1718efa23a46", "size": 130, "artifact_path": "wandb-client-artifact://u3vh9k45lgx30gruj6k96ov5lg2b63xikcy0vw8d4pjph78m5tnnwifava5kb6cmlpeetb6swnbxy05ifu5v2dk8xsnmafqymavvrsb1fkwyogtfktbredppnl8hckj0/test-metrics.table.json", "_latest_artifact_path": "wandb-client-artifact://8uree8lvum8ocl9ifns1nkw30wz0usijyq7savcv1thve1acifz988cic2y65dlx8xh2o8hyv4lb24pxm9xnguf0ndx470l5683xyc761hh4ul89vpqn4ffyhr7fcy0u:latest/test-metrics.table.json", "path": "media/table/test-metrics_21_7a0e23bdb900e7860a58.table.json", "ncols": 5, "nrows": 1}, "test_connective_metrics": {"_type": "table-file", "sha256": "2460a33ae9e4ea33d9a8d20258d1cf0602079f79ddf1c7b00d711745ae8f9533", "size": 151, "artifact_path": "wandb-client-artifact://9ehmlw3ys3dnuxd0x384fm6g0dgg60x3cya8jcpapd3zvcwg0qrbdb0anlynftwfvssoyp3eeiz1pxfg70dfixuh0678d885q62e60weklwpo8fok4oon06snt7o9opf/test_connective_metrics.table.json", "_latest_artifact_path": "wandb-client-artifact://klv21i0hoby2t7o5zkwi3k5b3bggggq5yr8kfgjpuudr8xyl98w95g3jui1i22egbm7e5qsd26923ajcz83xx1gkzg2z9v2m49wa00328c1rol7xwbckcxvwe6p0khro:latest/test_connective_metrics.table.json", "path": "media/table/test_connective_metrics_22_2460a33ae9e4ea33d9a8.table.json", "ncols": 6, "nrows": 1}, "Exclude_counts": {"_type": "table-file", "sha256": "3a3e16eee488be4d9705c81c282778d2e17c222f184cef71ed7ae945012d1110", "size": 66, "artifact_path": "wandb-client-artifact://1kurny0jyympmoykxlzhn3gw9i0l4of1gghmao5xbkfl06xlkjsezo5ip8f6i4i9mvo3t9uwj9318rbjul9q73pgm4a3zp3g7yn6wkaqipr9ykalnhy3g57nvzyshwmd/Exclude_counts.table.json", "_latest_artifact_path": "wandb-client-artifact://i3ig2s018c589zutv2jza1sg47p7e5yju82d0zxpypzpu4xyy61oc77rrq9vf8f4rgppvfn4j2uu6hs3hame80h7ye6ai4s1a690a8emen0ws5ncdkzesm8h6qtvcwfu:latest/Exclude_counts.table.json", "path": "media/table/Exclude_counts_23_3a3e16eee488be4d9705.table.json", "ncols": 2, "nrows": 1}, "_wandb": {"runtime": 19}}