{"train/loss": 0.1802, "train/grad_norm": 0.02130976691842079, "train/learning_rate": 3.8913525498891355e-05, "train/epoch": 9.0, "train/global_step": 1503, "_timestamp": 1743010977.3102138, "_runtime": 653.8089027404785, "_step": 194, "test/loss": 1.2480617761611938, "test/accuracy": 0.7619047619047619, "test/precision": 0.6852355072463768, "test/recall": 0.3675214238628873, "test/f1": 0.39477602718566573, "test/runtime": 1.8678, "test/samples_per_second": 89.946, "test/steps_per_second": 11.243, "epoch": 9.0, "train/f1": 0.9538132451114059, "train/accuracy": 0.9910112359550561, "train/precision": 0.9801927546610383, "train/recall": 0.9348157219183972, "val/f1": 0.5097318007662835, "val/accuracy": 0.8083832335329342, "val/precision": 0.679915828851999, "val/recall": 0.53625, "val/loss": 1.0867252349853516, "eval/loss": 0.9577489495277405, "eval/accuracy": 0.8203592814371258, "eval/precision": 0.8352702783240956, "eval/recall": 0.54875, "eval/f1": 0.5906388302447416, "eval/runtime": 1.8558, "eval/samples_per_second": 89.987, "eval/steps_per_second": 11.316, "train_runtime": 645.8282, "train_samples_per_second": 62.013, "train_steps_per_second": 7.757, "total_flos": 3161364481704960.0, "train_loss": 0.4299492355180794, "label_metrics": {"_type": "table-file", "sha256": "1b7716dcd6778044c15d06b81990ef9d7f4a5bb4a11e421f90033b0842cffeb0", "size": 614, "artifact_path": "wandb-client-artifact://nkwe6f5nix75fthce6abozfay67bb2crxcd00lar5f4vp6pwvdwcfvojebde7uuu5zvafhe57tw7f4oof8988u31nlczu7oovhkse66qg049j49uhpsxfuv3if85f7s3/label_metrics.table.json", "_latest_artifact_path": "wandb-client-artifact://pqzgj1zb319z55u0m3518u3r1e8xgtqf67q8p17obdr9tn3vaohxo6ajxmpleynl2viryq2qf6jf5ibf8qhlt3hs2s8h7espoyf1exbftxfcryh6vjb7kewka0h4j8up:latest/label_metrics.table.json", "path": "media/table/label_metrics_189_1b7716dcd6778044c15d.table.json", "ncols": 6, "nrows": 5}, "test_predictions": {"_type": "table-file", "sha256": "a0f85e1d7b9c51fd6898bd53d33ccf4a02b14b05316fa0a8e2e8ec5c5ce9095c", "size": 53051, "artifact_path": "wandb-client-artifact://2azxu09g343kebllql5vw56ksrov9zjq3ue7t0q4ipqt1wx3wusl3w9xo0nbbt8x0l1z9xq99witdjwhqegxazbwlw89xjgofocvzk3t7r6mxm8mpcqiqq55949cnery/test_predictions.table.json", "_latest_artifact_path": "wandb-client-artifact://9ny1eaytskl25c9z882ruhf46zirdxo2zkd46zkobbh03gmrxdx7ga62twzg09z5n1vcc8ystxrje6f9v6a152918kbgw70rjt4akl6j97fgr2q4tfs9cnftjl7ppigg:latest/test_predictions.table.json", "path": "media/table/test_predictions_190_a0f85e1d7b9c51fd6898.table.json", "ncols": 8, "nrows": 168}, "test-metrics": {"_type": "table-file", "sha256": "081a7188464cc035ac65ff02e00ce234a5efbc352281e041c136c42785e91bad", "size": 206, "artifact_path": "wandb-client-artifact://lkiqgd7l2qual8ncc1sxqgm1vdo67q67w55h3485awlla6ej606eijoyqm8lud3vb50730c87sph48wnrxa81o963nqg0joa6sw93s026xx9lmy3jxtaexgg54z1m4d3/test-metrics.table.json", "_latest_artifact_path": "wandb-client-artifact://vbfc0auem1iotmibj9fim707bftm1b5rtft3nxe6ap662jtesm0fmbpkdk395celi6dfvsm43vtk9tybxdry1ndvdqyp6tnktmv0mxhog6wh0a4tbjhy98qo9d7zv8t5:latest/test-metrics.table.json", "path": "media/table/test-metrics_191_081a7188464cc035ac65.table.json", "ncols": 5, "nrows": 1}, "test_connective_metrics": {"_type": "table-file", "sha256": "77a709362e3b820fce374db73bd8ad7c69ff85dfaa40657da9dffbd01d73a956", "size": 442, "artifact_path": "wandb-client-artifact://yrvlladgqdop7ykyqecx1xuub8jqlvp7opb3smpoweh1aadzcf7gd3959hu1x6tzl9xlfklhrnl7kskptrny2ovcwqzm582687neupe0e20k8m3kmeu8augqnya3w84a/test_connective_metrics.table.json", "_latest_artifact_path": "wandb-client-artifact://rr6l2ej3knbhlywhq0b2jky3n6ex2ze2ink32eiqbxhwp00ichsniez7wyiv5vw7u6z6crkfaevr422u33310btz1y2iqsx1ztj7aj53y4c3bclj33tcvps8cjcir7v7:latest/test_connective_metrics.table.json", "path": "media/table/test_connective_metrics_192_77a709362e3b820fce37.table.json", "ncols": 6, "nrows": 3}, "Exclude_counts": {"_type": "table-file", "sha256": "e0904507c7a3e3f62f0831416757fbded3c24349ee8ce39d59ff399ee82bffe7", "size": 84, "artifact_path": "wandb-client-artifact://k3vr42grpfba9zyzzoad9mwkizd89d08mpeia14clcm83u8u5y8qy2epgxu608riaoa6q4t3ue5ngsm43z96ieektc8edqwua8u67sw3finj348psm5x3swtkoyh9va7/Exclude_counts.table.json", "_latest_artifact_path": "wandb-client-artifact://eu17vciir6fg57rw7bvs5fy6872xgx6f173rhftszh7tp1yk6ka9hpgjy80esbka6aoeyjjt02ykhx1tv8rw0dym1y468ap4gwf99euzr3oti1htf0k0x5997liggwxf:latest/Exclude_counts.table.json", "path": "media/table/Exclude_counts_193_e0904507c7a3e3f62f08.table.json", "ncols": 2, "nrows": 1}, "_wandb": {"runtime": 662}}