{"train/loss": 0.0037, "train/grad_norm": 0.022056087851524353, "train/learning_rate": 4.0798226164079826e-05, "train/epoch": 8.0, "train/global_step": 1336, "_timestamp": 1738594578.544559, "_runtime": 580.5316069126129, "_step": 172, "test/loss": 0.7879378795623779, "test/accuracy": 0.8035714285714286, "test/precision": 0.6084819486733363, "test/recall": 0.45294221050318617, "test/f1": 0.4626742325040012, "test/runtime": 1.8937, "test/samples_per_second": 88.716, "test/steps_per_second": 11.09, "epoch": 8.0, "train/f1": 0.8478686361354976, "train/accuracy": 0.9850187265917603, "train/precision": 0.9589586906620508, "train/recall": 0.8299476558527263, "val/f1": 0.5335093675342637, "val/accuracy": 0.7904191616766467, "val/precision": 0.7024641468157511, "val/recall": 0.5954166666666667, "val/loss": 1.0744439363479614, "eval/loss": 0.7588884830474854, "eval/accuracy": 0.8143712574850299, "eval/precision": 0.7191939890710383, "eval/recall": 0.5462499999999999, "eval/f1": 0.5370280343542375, "eval/runtime": 1.8761, "eval/samples_per_second": 89.014, "eval/steps_per_second": 11.193, "train_runtime": 572.9876, "train_samples_per_second": 69.897, "train_steps_per_second": 8.744, "total_flos": 2810101761515520.0, "train_loss": 0.3983076607374876, "label_metrics": {"_type": "table-file", "sha256": "ebfe2f9e91aae77d98432a6ff04e5aff3624c10f8fcddf0630cfd4d625a3de3f", "size": 663, "artifact_path": "wandb-client-artifact://jbd8wi4ss7rp456j31h04zma9p6dzpcq4fq3ageb739242auihrora4tkrk37n1barmo95erd445redmpk4clypisxanxtk473rfj4j9vz7l9a3jo9y468k0snl79x3m/label_metrics.table.json", "_latest_artifact_path": "wandb-client-artifact://hm9lvaqgssa2883b4dlh4kym7abkl2a17dy1oqdh4jdvt8wvtzd1hejrxqqbgv5ntepnm6uwhq2mzk9zj3s5wjqn61el69ebk840yw1amgdxa064pqapbkm7kkp5tuoa:latest/label_metrics.table.json", "path": "media/table/label_metrics_168_ebfe2f9e91aae77d9843.table.json", "ncols": 6, "nrows": 5}, "test_predictions": {"_type": "table-file", "sha256": "a9930bdd1751df6cf0e60cc7e09096aa28acf4991f2dbfa55e709f80f35687db", "size": 91286, "artifact_path": "wandb-client-artifact://mkdyt4d57tk9ovyox6z3y3ino9kmnx3coyw8iu3luuegy5gjt6vgankxg7cfemxwaeisaq097j6dtk50lmlys83a58nzjm30l3sb4rllm9ck8pa8dgkx9fi07o22oq1t/test_predictions.table.json", "_latest_artifact_path": "wandb-client-artifact://2n9b1w4c5yey6kw8y5w5gbqvr0kkv3izi1c9ejboi7lynuskzwaf1ssv78nxv9dj2nrcu9pyhepq7yjrcin07plgexxdsvb2othomgm0jbnn5wm99j0mk0byse45vbwy:latest/test_predictions.table.json", "path": "media/table/test_predictions_169_a9930bdd1751df6cf0e6.table.json", "ncols": 8, "nrows": 168}, "test-metrics": {"_type": "table-file", "sha256": "b84940adec1083bc8ecf54f9773e7ffb1584efe0bd1106708b26bed2ff40dd38", "size": 216, "artifact_path": "wandb-client-artifact://oi3sg0hv8f0aai1vwye6he9qtb4e0ybrx6p2ae4o2j3c0v17t6uzkmgialkxxngrqidd27talmll50f25lfiuzyhvwu09a4985fkrakr92kopj52aztxqayqetvwi60b/test-metrics.table.json", "_latest_artifact_path": "wandb-client-artifact://opg3j2qymr6a7tba2i2rvnh0yn2b7zaw1ev16tby11flgdjxi8q06hcf3zi2a17re9ginmxeoixs1s6q2m0lp4t8tfks850h84boykgu677pzcb05juzoib2pil2djw1:latest/test-metrics.table.json", "path": "media/table/test-metrics_170_b84940adec1083bc8ecf.table.json", "ncols": 5, "nrows": 1}, "test_connective_metrics": {"_type": "table-file", "sha256": "c4bee94cb871ad44fc21c840c380bc0ad707f147945766a0abd40b86c033684e", "size": 452, "artifact_path": "wandb-client-artifact://ob4f1xtzpjj8obu1gprd59hwjon532qij47ohdfgfto7ogjeoslm9zjmk2i0nma7q0hd4h78pgdyvsf54onpfbfuqcpe8j5cify66enal5pemvkxgvz0zwmc2vzyeybn/test_connective_metrics.table.json", "_latest_artifact_path": "wandb-client-artifact://h1fgwgez9jonv4vj7r1qgxtef2lcskkuyketx9fmjrug4eesc91tyz6v41bh7old2c0phb7i74lsih1omizgkrj8uepdlog37n2t3qmhirx0po4hwy4s4byba5h46bvm:latest/test_connective_metrics.table.json", "path": "media/table/test_connective_metrics_171_c4bee94cb871ad44fc21.table.json", "ncols": 6, "nrows": 3}, "Exclude_counts": {"_type": "table-file", "sha256": "83103ea35ea937c5aafb1fde568b44549369be67e2f5e61e6a3b2ec01d6ce634", "size": 94, "artifact_path": "wandb-client-artifact://vux8at0rqom53si78yybv7dxv051cvddgn5glbk356tfygmx4kok3ksc8980d338smt2oqfdtgb2v05i7e99enea95t1u2f650ldrvuoruhr2l8knpylayndkwq8utsz/Exclude_counts.table.json", "_latest_artifact_path": "wandb-client-artifact://269jwokx09evbybg2ay933n7p8cc702pfw0w6jhij2hgoojg4ldoa8fny8lgl73kyjwcp91db1fq7k0urh0y40vqim13oyuuidc55wj2dlcexln20ml6qpipdpotafti:latest/Exclude_counts.table.json", "path": "media/table/Exclude_counts_172_83103ea35ea937c5aafb.table.json", "ncols": 2, "nrows": 1}, "_wandb": {"runtime": 588}}