{"train/loss": 0.0271, "train/grad_norm": 0.013840180821716785, "train/learning_rate": 4.0798226164079826e-05, "train/epoch": 8.0, "train/global_step": 1336, "_timestamp": 1739618346.9259348, "_runtime": 1222.147872686386, "_step": 173, "test/loss": 0.8052186369895935, "test/accuracy": 0.8273809523809523, "test/precision": 0.7861664870689655, "test/recall": 0.5685915183476158, "test/f1": 0.5394963753122749, "test/runtime": 4.4247, "test/samples_per_second": 37.969, "test/steps_per_second": 4.746, "epoch": 8.0, "train/f1": 0.779649904586759, "train/accuracy": 0.9865168539325843, "train/precision": 0.9590307581489778, "train/recall": 0.7929731785546761, "val/f1": 0.6294586927133908, "val/accuracy": 0.8682634730538922, "val/precision": 0.7842090859332238, "val/recall": 0.6729166666666667, "val/loss": 0.9895501732826233, "eval/loss": 0.4450022876262665, "eval/accuracy": 0.8862275449101796, "eval/precision": 0.8176691729323308, "eval/recall": 0.7108333333333333, "eval/f1": 0.6493187630783539, "eval/runtime": 4.3961, "eval/samples_per_second": 37.989, "eval/steps_per_second": 4.777, "train_runtime": 1209.0848, "train_samples_per_second": 33.124, "train_steps_per_second": 4.144, "total_flos": 2810152156078080.0, "train_loss": 0.39158391046008756, "label_metrics": {"_type": "table-file", "sha256": "76917a0e0971246eb4a7cf45850229b5ed47cb415609851111cc0ecd1e0f68ec", "size": 580, "artifact_path": "wandb-client-artifact://u8zqgm364mad4vcddkfpeaxa6zu46txseey1v7zd1bvg0kg5pc0fr5reu9lwjwxfeawt7mmbp5oth16wskb4tv921d1zuif4gyfak120oey6rdz7i19s5xardors9pjb/label_metrics.table.json", "_latest_artifact_path": "wandb-client-artifact://rfqwjtp9owurfy311h6ugay56nedny27luuq5b76rbylvchj0ynr8a197vkpvtc2rgi13nfsbhporm3vy2jagvdbkiisgin1p1kr222jsb2yeim4pxj37h1i3f3x5i84:latest/label_metrics.table.json", "path": "media/table/label_metrics_168_76917a0e0971246eb4a7.table.json", "ncols": 6, "nrows": 5}, "test_predictions": {"_type": "table-file", "sha256": "093818d36f46faa70a1da0e502d69a725dce8d5f9d535254ff185f7fa7d1c6c4", "size": 90411, "artifact_path": "wandb-client-artifact://i2utda0x9pnavmkg02uvsncukg8k8q8awc41sc9xh4xlrgbz6ak0u6jb7fn6qydf03vv82zexsca1uhu2itkrvoa8dpi6ypfbokpsolwjpxyu04oc2uoxv3xncrum075/test_predictions.table.json", "_latest_artifact_path": "wandb-client-artifact://plubp8k33t059ow7suqqv1mpynip80494ch3j851px65gmp2yhvk9ojn2w3vowmvep09m9l3ztmlrelo99ovy1y6yvw6k4co79kdpv69yan8gh1wl3fajcp742n237zq:latest/test_predictions.table.json", "path": "media/table/test_predictions_169_093818d36f46faa70a1d.table.json", "ncols": 8, "nrows": 168}, "test-metrics": {"_type": "table-file", "sha256": "ad6c20cf30c8fa4a8071a0e852585cb7e2150ed55c57ca9e3006ea5cd7fc9b1e", "size": 194, "artifact_path": "wandb-client-artifact://41jrwcn4dx6glyi209z97ky6bae9bm59x5vr7y1uavxtk6buvubjqdd8liga0wtiqy7rf2v92gsyrv7gnw9437wwnfnyty9pqiv499184fmcbzxqrkvi5xorjvutm4ix/test-metrics.table.json", "_latest_artifact_path": "wandb-client-artifact://bkek46yuugzgeknxlmt1492t6ym5ptmhlxzfyx393t7o9komicesaxn41rmhlaru48kx1p7ah6hfh1009q0sq33u56y18lzhypq4ha5yb3wckhty3g9w53y4gtiu34oz:latest/test-metrics.table.json", "path": "media/table/test-metrics_170_ad6c20cf30c8fa4a8071.table.json", "ncols": 5, "nrows": 1}, "test_connective_metrics": {"_type": "table-file", "sha256": "e8737b3ebeda7fd120031de2681319ec6157ed6163366f003b26b47832baa633", "size": 391, "artifact_path": "wandb-client-artifact://190vo5819yh6yf15q2wzpdjcj20hbsqmvt2iw91xjsmg6sl4ikwhwrum9nuv4p4c85mu03nf3zn8o84duqtysnc4uzh9fwisjomggy538ic3p4r7aohnn4yiyb11zz3l/test_connective_metrics.table.json", "_latest_artifact_path": "wandb-client-artifact://pq7i96i410dqb6jyzw3tgar97jecm03k21xmn3gttpeft9oh2s7spiq9xyav5gl8p4wqxle4jkfeubxrfqvf3mexy061y8c3mlt37jhj8cw1nkr7gd5it2n8gjsl1nqa:latest/test_connective_metrics.table.json", "path": "media/table/test_connective_metrics_171_e8737b3ebeda7fd12003.table.json", "ncols": 6, "nrows": 3}, "Exclude_counts": {"_type": "table-file", "sha256": "082fcc874914d75958d68e780085931cf5c17034575e8b060f4acd16accf2d9e", "size": 71, "artifact_path": "wandb-client-artifact://f06ddpijasrwwue6arauvpftx7dvqnkwi3vczaompamy3ak6obtvx258hz1lfqnd7zf445ho9x9c6mozdj44ix8s73xzvtrxluiz6yvugw1o1arvxlok3rgy47bvegeu/Exclude_counts.table.json", "_latest_artifact_path": "wandb-client-artifact://gqoqlvyv59rcee04qta5y7mts9p3ts0jwva9svp7q2483h9sbdp7fhoh0oienuujwnjal4be22ydapq94xdamxayztdzhezra4ian5psn7xdhwef8mqwtq7poxx63uzn:latest/Exclude_counts.table.json", "path": "media/table/Exclude_counts_172_082fcc874914d75958d6.table.json", "ncols": 2, "nrows": 1}, "_wandb": {"runtime": 1230}}