{"epoch": 14, "valid/loss": 0.053798729788043544, "valid/accuracy": 0.8982035928143712, "valid/precision": 0.6376373626373626, "valid/recall": 0.71375, "valid/f1": 0.6446221678517725, "_timestamp": 1715569577.357759, "_runtime": 343.17763090133667, "_step": 31, "trains/loss": 1.1255851796782864e-05, "trains/accuracy": 0.9940074906367041, "trains/precision": 0.9889871490469101, "trains/recall": 0.9685719809498856, "trains/f1": 0.9778241911282549, "results": {"_type": "table-file", "sha256": "ebab8daeebf61091c37aa6cfad4ed28d87aa02b51d2fb0c2ccd39dfcd8bd70b3", "size": 130481, "artifact_path": "wandb-client-artifact://uu85ptxbmoi16l7b368v65hmm71po7izl185v6qjz8sdj48ys4smn5d20ckc05pnudxciexqgp97a5bwmknno7s6nfy8u4ty98qh9a7ogp54vwt9opuxq8bs1z7h3wnn/results.table.json", "_latest_artifact_path": "wandb-client-artifact://n02zzuft1xj1bwye034pfhbq4ui3v9riuug0abpopfzh3x9taujvh5gbg2vfqziybqdkfomp4d6lfqh1vf149x96lk1g61gfhm1gv6nswh6v6xhg224xxbg93kzd9ast:latest/results.table.json", "path": "media/table/results_31_ebab8daeebf61091c37a.table.json", "ncols": 3, "nrows": 168}, "_wandb": {"runtime": 370}}