{"train/loss": 0.3372, "train/grad_norm": 0.9209256172180176, "train/learning_rate": 3.7028824833702884e-05, "train/epoch": 10.0, "train/global_step": 1670, "_timestamp": 1736593945.3614988, "_runtime": 727.383181810379, "_step": 214, "test/loss": 0.9351937174797058, "test/accuracy": 0.6845238095238095, "test/precision": 0.5731884057971015, "test/recall": 0.24412217095143923, "test/f1": 0.23306748119237514, "test/runtime": 1.8599, "test/samples_per_second": 90.327, "test/steps_per_second": 11.291, "epoch": 10.0, "train/f1": 0.6072924189457719, "train/accuracy": 0.8943820224719101, "train/precision": 0.8903123918944271, "train/recall": 0.561461233194464, "val/f1": 0.372513013302487, "val/accuracy": 0.7724550898203593, "val/precision": 0.7190068493150686, "val/recall": 0.34958333333333336, "val/loss": 0.6807083487510681, "eval/loss": 0.7054827809333801, "eval/accuracy": 0.7904191616766467, "eval/precision": 0.7888280616382807, "eval/recall": 0.4195833333333333, "eval/f1": 0.4401612006670373, "eval/runtime": 1.8473, "eval/samples_per_second": 90.403, "eval/steps_per_second": 11.368, "train_runtime": 720.069, "train_samples_per_second": 55.62, "train_steps_per_second": 6.958, "total_flos": 3512627201894400.0, "train_loss": 0.6518971898598586, "label_metrics": {"_type": "table-file", "sha256": "fb54f21b74c81bdfe09d990726bde626188365fd15c24d0320fa0cfd8818d8c0", "size": 510, "artifact_path": "wandb-client-artifact://np41e79drqpsl6vnv742xrthkhw2uo43z1ow750lhphdnv4e7goaqrhhnrbtvfa5t6zfqlqxjxkl6f92elbfnpk88sg5enuxpejillno7aw29d9bj9rzb6fta97acqp6/label_metrics.table.json", "_latest_artifact_path": "wandb-client-artifact://0rvwy80is42ndzl8147hq50ys5t5cdtlttssvntnr8zzndy49ujtunmv826j0xsh17d6ag2g4ez51cw4ehb8r2o6q7sbniz2pnwrtju445bu52drk8z53bfyf872qp4v:latest/label_metrics.table.json", "path": "media/table/label_metrics_210_fb54f21b74c81bdfe09d.table.json", "ncols": 5, "nrows": 5}, "test_predictions": {"_type": "table-file", "sha256": "e5d39c19f456e90244d86d8ae752accd5a78b8e3ee3523f124c0ea5b1f8fdbc1", "size": 86727, "artifact_path": "wandb-client-artifact://qdkmk1q5an7c74rjb5jjoswshhy2ie4mntpjodxgt6whm56v7g47mktpnjhrq5dfj77tjqa6uji31sxr6banvyoykigqn36ecua17slvt0sfj94ianly5i83m4qtf3h7/test_predictions.table.json", "_latest_artifact_path": "wandb-client-artifact://uo4rwx5hfpv7qwcz4wzpaces1agh2rarllhp8y9jry8ly32u6hjnikjunv7obuo5d5rnt0he936kxieo7448ku5xiocmezr5mow6c0bsws6fsbyq9upmh1uh2w35g2lw:latest/test_predictions.table.json", "path": "media/table/test_predictions_211_e5d39c19f456e90244d8.table.json", "ncols": 8, "nrows": 168}, "test-metrics": {"_type": "table-file", "sha256": "e29b32dde2f341498ccf7a5e44b924065fb9da72c1c0293143deb379d0f60ec7", "size": 212, "artifact_path": "wandb-client-artifact://885i54hj132wv8cixgxh6nd37kvt4dfsfvlyi96qbd393fenrlc73eihqlgdzebk9rf9jtfttz1ga1icnhb4rxehm0mnqlpddno5gzus788lg3bn1myy732gws2j3b65/test-metrics.table.json", "_latest_artifact_path": "wandb-client-artifact://kf81vvtn1285zmpmf1ndauzgf63vvwtoyz6cb4sbrtzem5mcqigqmum7lqhlhsdfebdgmgi2y3p3geusng7fk543m0tnwudrrvg2kug6c9zuadz146pfkma280y2d90l:latest/test-metrics.table.json", "path": "media/table/test-metrics_212_e29b32dde2f341498ccf.table.json", "ncols": 5, "nrows": 1}, "test_connective_metrics": {"_type": "table-file", "sha256": "f3fca94aa2e0673c026739c88eae35736ef66857a5fab4a215674dcd76f64a92", "size": 454, "artifact_path": "wandb-client-artifact://xyzepm4pccetesyp3p0dzq15spgzqbcn6sljqfadrfoaxnm903bt264g1dw1q7sj39azz3eckyasozoxq21d5lxkxy35fgbqbi1r98pb21ll6w1rqkkso6hmbjo3cu2q/test_connective_metrics.table.json", "_latest_artifact_path": "wandb-client-artifact://q0q9ch22ei289dejzwcmgzy0734m8joxt5zhyde4kj34re4nugvsef1y6puae52eljr0b0z6pdfu2xx0rc5iwnnbwyno1eh0myl607dou2y767am6cxjf9ut8prrl8wb:latest/test_connective_metrics.table.json", "path": "media/table/test_connective_metrics_213_f3fca94aa2e0673c0267.table.json", "ncols": 6, "nrows": 3}, "Exclude_counts": {"_type": "table-file", "sha256": "b29489d20e57d05bb6aec67be60a99d8dcef8e432ded61216e66508bd510be58", "size": 90, "artifact_path": "wandb-client-artifact://1ipv6ycquyw98ivhw1thp7vkg794u20ffg2adt621zng3a6fjvoxsj2w9w5jag6ehmk5r6dly19zxq6syys98rrylslou0nsp3nod8jeppqqwuqmkfyybxxsk0okdshq/Exclude_counts.table.json", "_latest_artifact_path": "wandb-client-artifact://666xxdeh253js1se6yjcg46rfjkxb3sq45j45zolwzuxost6u0gmumnb0elqdxo8msw8o6oym581f2qhk5kj9g5t9wqtfcwjfe3wb8o429c3yg4kfnmycr1h0g21l0ks:latest/Exclude_counts.table.json", "path": "media/table/Exclude_counts_214_b29489d20e57d05bb6ae.table.json", "ncols": 2, "nrows": 1}, "_wandb": {"runtime": 735}}