{"train/loss": 0.1536, "train/grad_norm": 0.011685999110341072, "train/learning_rate": 3.52549889135255e-05, "train/epoch": 11.0, "train/global_step": 1837, "_timestamp": 1736754118.2804239, "_runtime": 802.0101687908173, "_step": 234, "test/loss": 1.073187232017517, "test/accuracy": 0.8273809523809523, "test/precision": 0.7446428571428572, "test/recall": 0.7050032959789058, "test/f1": 0.6870473887141394, "test/runtime": 1.8761, "test/samples_per_second": 89.548, "test/steps_per_second": 11.194, "epoch": 11.0, "train/f1": 0.9630346116100268, "train/accuracy": 0.9925093632958801, "train/precision": 0.9663852162190342, "train/recall": 0.9597660018203336, "val/f1": 0.7869413919413919, "val/accuracy": 0.8383233532934131, "val/precision": 0.8277450980392157, "val/recall": 0.7908333333333333, "val/loss": 1.2458112239837646, "eval/loss": 0.9153199195861816, "eval/accuracy": 0.8383233532934131, "eval/precision": 0.8518646553530275, "eval/recall": 0.8029166666666667, "eval/f1": 0.8031168831168831, "eval/runtime": 1.86, "eval/samples_per_second": 89.784, "eval/steps_per_second": 11.29, "train_runtime": 794.5631, "train_samples_per_second": 50.405, "train_steps_per_second": 6.305, "total_flos": 3863889922083840.0, "train_loss": 0.2573935289732366, "label_metrics": {"_type": "table-file", "sha256": "5a6259201040f83d5b536f600d4a29c45b76b3f358172b63cce9fcc00ece22cf", "size": 634, "artifact_path": "wandb-client-artifact://h0g7e5zegoem3pb0qrx2atw1lbc3f3etafw71slxkgvbq1wtsw8sf31r1z3egxl1k095ewgko58zmoct8flakf6m91yqpu1fap852pxrwcfof71d5yuuzeovdjqe7013/label_metrics.table.json", "_latest_artifact_path": "wandb-client-artifact://rsuyi0njhrhckzqzvyuxx60t5nnvznkd28ftj4q10fjd5pphgpadkiqh99gn5safqr2fj1qfnhx30vc969ngid3wpbtuep3muaignu5lnc677uvryl2mleq109cnl6vg:latest/label_metrics.table.json", "path": "media/table/label_metrics_230_5a6259201040f83d5b53.table.json", "ncols": 6, "nrows": 5}, "test_predictions": {"_type": "table-file", "sha256": "5bedf35af125c0c30911bc188c4a1ec4e277a812defef95d4e16fb8143631fd8", "size": 75112, "artifact_path": "wandb-client-artifact://kz5ebwenimqa1pkz1o4r3afkdok02aleanwpyf6skr23a2hjouahgr34rvr07u8gn1gds5uu4xqimrmzq5qewj1m7pyodxsngfa2s80589ykis0jl1c5xpc4gt9rkjyk/test_predictions.table.json", "_latest_artifact_path": "wandb-client-artifact://tg1uh4etq7bvdtxq0xk6pqg9zsdhy6w8xj20hhmg8pbnc9ujqhhmved5exqpim58liuo7vvh8b8nh8cc7epr5qydj7k4j5et6syopvtxdk1p204kl2gez74neaxyomn6:latest/test_predictions.table.json", "path": "media/table/test_predictions_231_5bedf35af125c0c30911.table.json", "ncols": 8, "nrows": 168}, "test-metrics": {"_type": "table-file", "sha256": "683ec320864dcea4400e1165ee931fde691685571ea737b9808d7fc88b5b8eaa", "size": 200, "artifact_path": "wandb-client-artifact://v2q3cz8f4pggecouceo5nsa03bupl3a02uz0d46r7jjwicc56e7ax97i71sjn631fk4p3sw7pjamgloliohq3w41ru0n5q2ele019px968jziczkbx36y47m1sg2le0s/test-metrics.table.json", "_latest_artifact_path": "wandb-client-artifact://fucyxyhro5okv18szwe9l1nqeoo7u7hzq1sc48jprtqrb1uqcgraiufihkvzo2jxfi3k87gzsbujdafenpocblwyffbx0o1nul8z9y4eej8qyr5e4zs3oot80zvw8m1r:latest/test-metrics.table.json", "path": "media/table/test-metrics_232_683ec320864dcea4400e.table.json", "ncols": 5, "nrows": 1}, "test_connective_metrics": {"_type": "table-file", "sha256": "551e91eb0c02485667c350ea50772ec6732aaf1c4f4abd2406ba2efa506d81e6", "size": 413, "artifact_path": "wandb-client-artifact://dx4ecybvqq8ql7ku0nkdbaejyj4beo19208rojbh4jgl5sf2c98gt6v3dqvjex3j71aqfru23flo8hh5qvrgftgg9yorp2tacdvmgewy5shgbqlwsiarkwvt5kg2scox/test_connective_metrics.table.json", "_latest_artifact_path": "wandb-client-artifact://3hrndykcip18wf19skhdsb0llv0q4l96i2v4o6gpkfea45clk152v90v5ahwk31q4ijf8gcpotnqdvsx0ea1a9xzgit2fi0qmlyawc70l2lfl1v7l8t5gqtzn2ha52cl:latest/test_connective_metrics.table.json", "path": "media/table/test_connective_metrics_233_551e91eb0c02485667c3.table.json", "ncols": 6, "nrows": 3}, "Exclude_counts": {"_type": "table-file", "sha256": "e1c9680c5dbf27c108a9c47e201f13cfb20008c24fc3198b33ecbe61bb69d2a1", "size": 79, "artifact_path": "wandb-client-artifact://8m6ama29456kwofbv16pwg38psha3zfd4rycakut1688nekanj8ud7z0orrmplx741m7e4i32gnszr7zoq32pqsw588n622f069h79bsvm8xem2f53e3v1z7v27s5ol1/Exclude_counts.table.json", "_latest_artifact_path": "wandb-client-artifact://f1oc12m8v6q2cuztzf9blvozvnkiejrc2fs8vad5jn43qlq16ouqqs7p7rc43u994enb20bvwj5izlo3o1atl5ibv3xd8kpnqxfm2sl8c4x69o2s0e1er83scar62jyf:latest/Exclude_counts.table.json", "path": "media/table/Exclude_counts_234_e1c9680c5dbf27c108a9.table.json", "ncols": 2, "nrows": 1}, "_wandb": {"runtime": 811}}