{"train/loss": 0.0026, "train/grad_norm": 0.015033048577606678, "train/learning_rate": 2.2283813747228384e-05, "train/epoch": 18.0, "train/global_step": 3006, "_timestamp": 1739803157.0860128, "_runtime": 2738.543271780014, "_step": 380, "test/loss": 1.3234822750091553, "test/accuracy": 0.8452380952380952, "test/precision": 0.8390454396861718, "test/recall": 0.7603691496374424, "test/f1": 0.7657968864908815, "test/runtime": 4.4287, "test/samples_per_second": 37.934, "test/steps_per_second": 4.742, "epoch": 18.0, "train/f1": 0.9741137888631022, "train/accuracy": 0.9917602996254682, "train/precision": 0.9942605156037991, "train/recall": 0.955971248349153, "val/f1": 0.5382765737874097, "val/accuracy": 0.8323353293413174, "val/precision": 0.7948148148148149, "val/recall": 0.5558333333333334, "val/loss": 1.0726531744003296, "eval/loss": 0.9748968482017517, "eval/accuracy": 0.8862275449101796, "eval/precision": 0.7586991869918699, "eval/recall": 0.75875, "eval/f1": 0.7393747510951811, "eval/runtime": 4.4005, "eval/samples_per_second": 37.95, "eval/steps_per_second": 4.772, "train_runtime": 2725.5057, "train_samples_per_second": 14.695, "train_steps_per_second": 1.838, "total_flos": 6322842351175680.0, "train_loss": 0.2293959168930422, "label_metrics": {"_type": "table-file", "sha256": "dbaca98ef8cc43315ee6a04953588c51dde3d6c4f1be5f2886c74cb5f7c36be7", "size": 641, "artifact_path": "wandb-client-artifact://x4dxy8q4hron1p80grmwrc0dvogp9a4ua1321ammx8jk7sa4s7yif9j1mzu106khm1dgexv6c45l9r0ydj3xltv08s445b1ti7ny537sbqtxou1eatayjkzyddqoite2/label_metrics.table.json", "_latest_artifact_path": "wandb-client-artifact://qw1xdtisrx0rvoolgdaj7v49m5hzqrp5u5s3v20864lksv6zqmunjqhndz6wkz527ro3evyvae1zobu5ulx52usew6arf5j8bf9blgii5k6g26bdcy3gwrga55sz5rwp:latest/label_metrics.table.json", "path": "media/table/label_metrics_375_dbaca98ef8cc43315ee6.table.json", "ncols": 6, "nrows": 5}, "test_predictions": {"_type": "table-file", "sha256": "2a15e3ac3a02fe1adb1d3418861aa0fae1fb8070a67cfcbfc6a6d3cc812c3d42", "size": 90933, "artifact_path": "wandb-client-artifact://eatc8las5jhtu3gfzjhk0j86s7pcr4zxysgu3tvpzayrjfvy8x10rl3quvolr9ys4zlf7p7bkyisnbjg8vogz0hutp89o7fjg0arhhp5dbig8zrtuib470dxi8ryvr1w/test_predictions.table.json", "_latest_artifact_path": "wandb-client-artifact://ezd9ac4okg57scqyyj46uhnl7f8dc3tdq8b8a3ypea2vthvs9h8vzsokz8g4nif7elznxr2t5erqzk5o4new1ivd8snssnjcpvgfrkem65hog71z7jm6qfon9qdaj3k4:latest/test_predictions.table.json", "path": "media/table/test_predictions_376_2a15e3ac3a02fe1adb1d.table.json", "ncols": 8, "nrows": 168}, "test-metrics": {"_type": "table-file", "sha256": "124c44ec26addd1f7c95ab2490bb50fcc58c754068142fe10612c4961c1acd13", "size": 196, "artifact_path": "wandb-client-artifact://9fcmkxkb9rey15c0gim772u2sktlb0mjepjfcvi432ntz5jge5h002p9cqhf0irshtj28erhlf6pen2cgartffptfm86iimmkf7nn9trpina3gg6w8orqoxmc44czwjp/test-metrics.table.json", "_latest_artifact_path": "wandb-client-artifact://le830zvc1enyyrh984v5gkq0e8dem6yx64vkc4ok6lxzfyws429uep4adxagzh8um1uhkuxfv8m7xyvyoptb2nv38msk56g3ud81zizgbolkmgyjkvku542yyu4q0twb:latest/test-metrics.table.json", "path": "media/table/test-metrics_377_124c44ec26addd1f7c95.table.json", "ncols": 5, "nrows": 1}, "test_connective_metrics": {"_type": "table-file", "sha256": "8fbe2e12dee9732095264eef727c1acfd33d8c558d5103ece493c01961b48c85", "size": 440, "artifact_path": "wandb-client-artifact://b87cqn88kqsmxq1n5jrq0mmoipl1gcsq5797g4ifosy7jqalekcm4gzmonqza8ulynzxpfcbjpxzv030oygyzejcczr2cw8sz3wmtwa7h3iqva1wn6794bgg7w56qgs1/test_connective_metrics.table.json", "_latest_artifact_path": "wandb-client-artifact://09cv06jsfl3yyvik0x5nylfhyruwewflnklbrxd0m7x7ma9gh147pf7k4uldui2khzt1vffukhllusxw8ldn8xg8shxny99b1ujyetxcww4eujf0o98ysjblb40efbyc:latest/test_connective_metrics.table.json", "path": "media/table/test_connective_metrics_378_8fbe2e12dee973209526.table.json", "ncols": 6, "nrows": 3}, "Exclude_counts": {"_type": "table-file", "sha256": "1b351f34479cdfe9bb187a7d7913779d5623e98ab90b705bfa6a94767059f967", "size": 72, "artifact_path": "wandb-client-artifact://zivm7mgdvyahw8tgfa2h62506azvb0zafmu7tqh34oazajub6z7yrr5gaccvhx0up70gjoeut3dit0o1aoemjg6fdryl8klydlz954i3cuojfdn91d3pw3m6c6sbmixl/Exclude_counts.table.json", "_latest_artifact_path": "wandb-client-artifact://xv99sitquo28yfafv9epp3b7uwbofrxa8qyujz7yf44fcf1m0u4n48x495kpf8ltigmjrc5zjqzex7139uncdogratzpd13fxrwkrre2g74kurfge4ip4iefvjawvdnt:latest/Exclude_counts.table.json", "path": "media/table/Exclude_counts_379_1b351f34479cdfe9bb18.table.json", "ncols": 2, "nrows": 1}, "_wandb": {"runtime": 2746}}