epoch,loss,accuracy,precision,recall,f1
,0.065226243641562,0.2574850299401197,0.184818442427138,0.2304166666666666,0.1232575757575757
0.0,0.0286638636788922,0.7485029940119761,0.2667589069526115,0.31375,0.2850088183421516
1.0,0.020057175152316,0.8023952095808383,0.4350119904076738,0.3575,0.3806949806949807
2.0,0.02160205848202734,0.8323353293413174,0.4987000481463649,0.36541666666666667,0.38646169228846394
