{"train/loss": 0.0583, "train/grad_norm": 0.005278233904391527, "train/learning_rate": 3.148558758314856e-05, "train/epoch": 13.0, "train/global_step": 2171, "_timestamp": 1736761673.4986875, "_runtime": 946.8927075862885, "_step": 276, "test/loss": 1.1434091329574585, "test/accuracy": 0.8630952380952381, "test/precision": 0.849020947176685, "test/recall": 0.7796220610854757, "test/f1": 0.7879111265140334, "test/runtime": 1.8821, "test/samples_per_second": 89.263, "test/steps_per_second": 11.158, "epoch": 13.0, "train/f1": 0.9778318507001359, "train/accuracy": 0.9940074906367041, "train/precision": 0.9882758253301571, "train/recall": 0.969289811344143, "val/f1": 0.8569987294001631, "val/accuracy": 0.9221556886227545, "val/precision": 0.9052845528455284, "val/recall": 0.8495833333333334, "val/loss": 0.848548412322998, "eval/loss": 0.7108688354492188, "eval/accuracy": 0.9101796407185628, "eval/precision": 0.9346365576901473, "eval/recall": 0.8716666666666667, "eval/f1": 0.8946766439324909, "eval/runtime": 1.8692, "eval/samples_per_second": 89.341, "eval/steps_per_second": 11.235, "train_runtime": 939.3752, "train_samples_per_second": 42.635, "train_steps_per_second": 5.333, "total_flos": 4566415362462720.0, "train_loss": 0.21635959093378088, "label_metrics": {"_type": "table-file", "sha256": "adbdcf2c2859a560f9cdabb810b3daada6150d71538829ae15fcf23f387e1f29", "size": 639, "artifact_path": "wandb-client-artifact://fxuotdjy93auzrgqoutobgj7a20zktee1eisoud8i5ctla2u3mjke5agzewuo9yi2bq5vvz68fv5dgwb6wjhqygun2gh0npn76f3vnr9w0cw8c3ndxugag9f6gwub7qq/label_metrics.table.json", "_latest_artifact_path": "wandb-client-artifact://wkanpevh2h3e74eu07ellu5z3j3dnvkyuz5v85k22ljjqwz1voc0voxgcql11lvhpymwbvr8uu9ue6vovs0c781vanya6pk7fubk368ktprvp2b0bslvoyk8majibhi0:latest/label_metrics.table.json", "path": "media/table/label_metrics_272_adbdcf2c2859a560f9cd.table.json", "ncols": 6, "nrows": 5}, "test_predictions": {"_type": "table-file", "sha256": "c7e325922160bf6a91bb131a195e10089f0c0960500a24a034fed2439d5530de", "size": 88180, "artifact_path": "wandb-client-artifact://5pax4i1v8qhjgyegl4435blnlas6msbzi0wfb02l55z84mkzu6yg7y3ay8drpomk9enilg2k3dyydb8odqaes8icr5rbkp6becjhmz5qqtw9gdjopgo5si39pxqtgm1q/test_predictions.table.json", "_latest_artifact_path": "wandb-client-artifact://45oaecvcicvojjg2w3uqmjk5gzx8xi3xsilolkk34aosrntjgbkzbsx6swjmllvef3yvudydj6oz2noawq6niayjwtk3fnyij4qdywri3uvfh0lkt2q99kqtetxxinm3:latest/test_predictions.table.json", "path": "media/table/test_predictions_273_c7e325922160bf6a91bb.table.json", "ncols": 8, "nrows": 168}, "test-metrics": {"_type": "table-file", "sha256": "861da6a88be274e606a4f9e71bc6f411fa2ea909416393e67e59002f1fef79eb", "size": 200, "artifact_path": "wandb-client-artifact://n3jq72e54l1b5kromek5cupkaegt03hw6cjoo5zp35iw43ugxc4a5vyiaseug4ww502rrpfuncz9t3amchjx52p9gsa1db43ji7tmjmndw50vqyl8shh5v9htenyj9or/test-metrics.table.json", "_latest_artifact_path": "wandb-client-artifact://z0b4zsrdxv0iuew9g2htx4bm4oejojxukpk6r7l4g4l1jtqchu5b7bnqake91oib4x9drj36p0qt1l8bpgom4r4sbsjnjl00kuhrclhzl19nxrxuux5blusj9ubl4q2x:latest/test-metrics.table.json", "path": "media/table/test-metrics_274_861da6a88be274e606a4.table.json", "ncols": 5, "nrows": 1}, "test_connective_metrics": {"_type": "table-file", "sha256": "9476375f15f1cf964fa8dd7e62ba8ac93f7bbfb846c9f8dac1ea71162f851403", "size": 441, "artifact_path": "wandb-client-artifact://eho4txntogp0213fn9omph91v9dfwhc49d0s6v7qbfvhty4bztkiwjtz2ip2xmuyx7nmo6wwkql4zs4iyb4ry77alf13tpkl9jp9819j99p990k22say5fdwi6swbb2b/test_connective_metrics.table.json", "_latest_artifact_path": "wandb-client-artifact://01h6uxacpgw072h298d8jv2wnpvhebwftf142tfnmlssccbel9r15bt4rtaxydr40wgtt2cahm4nqlu8mb2o7ea2x7fyiysgyerj2p41q6m6n9rczhyhjelinak85csv:latest/test_connective_metrics.table.json", "path": "media/table/test_connective_metrics_275_9476375f15f1cf964fa8.table.json", "ncols": 6, "nrows": 3}, "Exclude_counts": {"_type": "table-file", "sha256": "77258b7129a4391441f72a7439756a1d881e220753ec917f090c57798cc106a7", "size": 79, "artifact_path": "wandb-client-artifact://0tdzz1wwbn0xi945yjon6rzl7k2kjevh4plqjlcx4y901yvzia6g893moho5zo2r4ao0q3q4tfbym1of4zduec7bsupvu4vzmghiuz1421882m7csarsge1y5a959s60/Exclude_counts.table.json", "_latest_artifact_path": "wandb-client-artifact://iw9h2bqrj8wnjyjfatsmddg50qurqu6prv1inpfc1ecm3m0whx2l4rmhkhe8mokz5d075idtf2heg5bs5ts4b1apoifotw5k9uj8u41nrrtjacd4oxx5o4f78nsd6bbc:latest/Exclude_counts.table.json", "path": "media/table/Exclude_counts_276_77258b7129a4391441f7.table.json", "ncols": 2, "nrows": 1}, "_wandb": {"runtime": 955}}