{"train/loss": 0.1598, "train/grad_norm": 0.0597480945289135, "train/learning_rate": 4.0798226164079826e-05, "train/epoch": 8.0, "train/global_step": 1336, "_timestamp": 1739643947.2759683, "_runtime": 1221.0542154312134, "_step": 173, "test/loss": 0.8364993333816528, "test/accuracy": 0.7738095238095238, "test/precision": 0.601207319373703, "test/recall": 0.40446055811909465, "test/f1": 0.37854026393751683, "test/runtime": 4.4239, "test/samples_per_second": 37.976, "test/steps_per_second": 4.747, "epoch": 8.0, "train/f1": 0.7261975370719741, "train/accuracy": 0.9677902621722847, "train/precision": 0.9029559610211841, "train/recall": 0.7385760387683147, "val/f1": 0.34341809819049174, "val/accuracy": 0.688622754491018, "val/precision": 0.5098804177575873, "val/recall": 0.47375, "val/loss": 1.409641146659851, "eval/loss": 0.8698650002479553, "eval/accuracy": 0.7664670658682635, "eval/precision": 0.5952380952380952, "eval/recall": 0.48624999999999996, "eval/f1": 0.398640059127864, "eval/runtime": 4.3968, "eval/samples_per_second": 37.983, "eval/steps_per_second": 4.776, "train_runtime": 1207.8642, "train_samples_per_second": 33.158, "train_steps_per_second": 4.148, "total_flos": 2810152156078080.0, "train_loss": 0.5347411266254808, "label_metrics": {"_type": "table-file", "sha256": "ce3387b17a5da071e5c9ce92bb6ccd4d094a7bb268f38479780429457c3e72f4", "size": 601, "artifact_path": "wandb-client-artifact://d7k1jpw9nyinbpjancb5y6fro8hgcx25iggkq63ypnejunncmohygm62frza7x8t84gv94krsgrzrnambdgzii4520g0iq9t4upn64shvgxhc6vkgqzowda6ghijifc6/label_metrics.table.json", "_latest_artifact_path": "wandb-client-artifact://ypheh64ir9c1ss9ybhnbu92szx63p4kg4rhv0o6ab2hrx334jiwfss2i04fdmh55cjhucwx2dvwj5otppgfw192en1k4z2wc06xaroi0v85s86k8szp5h14939n9vok0:latest/label_metrics.table.json", "path": "media/table/label_metrics_168_ce3387b17a5da071e5c9.table.json", "ncols": 6, "nrows": 5}, "test_predictions": {"_type": "table-file", "sha256": "23f21c30056da4e13b4bd4f5187892c2b08923fe22e64b38a9fb6bd1227dabc5", "size": 62300, "artifact_path": "wandb-client-artifact://30vaf31s5axlr7picoauiz4e51mimf5d116l118kx5ymoeezfs00zhxyelts3lt6vjfahq4gdiq5xba3t4plrzrw1bhslzatu2kpirzyy1tga8jnemqbh871zzrtqsww/test_predictions.table.json", "_latest_artifact_path": "wandb-client-artifact://orpf3ec7f62u3eebjgsgg9mg1fdvdwmuddz9wi6w6cah8qjbqczktwyv5ynkiays8bljzazn9ipv3z81nrfmzaipry3hbzp1qjtxjdcalnsasu2ty2zade2d1hd15v25:latest/test_predictions.table.json", "path": "media/table/test_predictions_169_23f21c30056da4e13b4b.table.json", "ncols": 8, "nrows": 168}, "test-metrics": {"_type": "table-file", "sha256": "ed88503be222e81c4591638a36d3ecc6f9d0fb54669c0f85d973367017878776", "size": 207, "artifact_path": "wandb-client-artifact://rnjto1o4ah6v2ugrmipmberlg78qz5xjtqkjmoc59jflvjhwh8r047vxwvb62lc1ac48cnenmamqutogwm980p25xc9o14jewlk2p2jdat76oxmqu572e3dew2lnvn3h/test-metrics.table.json", "_latest_artifact_path": "wandb-client-artifact://53bp5masfzgdmi9omybx7zdg1n8xz79b37hyg0ggxwfh8kr3wb1djb98sfw2n9ne3p3jughowamsodokvig4y12fvii0h2h1j8hl1dooe6t02adi10r44qz0ib3n468c:latest/test-metrics.table.json", "path": "media/table/test-metrics_170_ed88503be222e81c4591.table.json", "ncols": 5, "nrows": 1}, "test_connective_metrics": {"_type": "table-file", "sha256": "b3e40f8bb57734ed09f187e687de761cccbe83bf4f06718159bd5bebdc842f6c", "size": 446, "artifact_path": "wandb-client-artifact://hxamjeqf3lwky6sv97fqfxhgjs1uapfcu1wuqhh5ddv9xu1x47yhs1kfswojoynoslz052fpyb7e7z0uk45j9rfl1obj2zpyumzq9uei5abzji6fzh5pn3y89qjx1n3u/test_connective_metrics.table.json", "_latest_artifact_path": "wandb-client-artifact://hfm1k3e3g847otog1saddazl8ofsbjmjgvu7t1ljg712xh3x83mghsm5gw814tfacob4hvp2heiuwjqzmay4v36ajj55y295i57tp6uocewytdep62gd345e2fs9wbbf:latest/test_connective_metrics.table.json", "path": "media/table/test_connective_metrics_171_b3e40f8bb57734ed09f1.table.json", "ncols": 6, "nrows": 3}, "Exclude_counts": {"_type": "table-file", "sha256": "92504b126567f736cbedb8586a5e833f3c5632191cd4c7ca2291163d6a06ccb8", "size": 85, "artifact_path": "wandb-client-artifact://hxui0vonq30g5t1famu0spoz0foydyuclkx32wop97wlxzz0xi22k8ru7zer7npgba7li38zyis6yu684b6ie7dxen16qdnit4bylb71viyz7xohhtfxeonxs6ux88e9/Exclude_counts.table.json", "_latest_artifact_path": "wandb-client-artifact://ooa3srk3mf01wzyxirtfdi0oq510n7s8eufqvhhww0wx7c6atzovtm7jtix6i5coxu5i2mmqr5oskit4wt4h18tb1hni6y7xdgln5afat8mtyuignv2q5eecotac0v8t:latest/Exclude_counts.table.json", "path": "media/table/Exclude_counts_172_92504b126567f736cbed.table.json", "ncols": 2, "nrows": 1}, "_wandb": {"runtime": 1230}}