{"train/loss": 0.0308, "train/grad_norm": 0.013600161299109459, "train/learning_rate": 1.2468827930174563e-07, "train/epoch": 15.0, "train/global_step": 2505, "_timestamp": 1735633276.17184, "_runtime": 1076.265951871872, "_step": 316, "test/loss": 1.1431996822357178, "test/accuracy": 0.7678571428571429, "test/precision": 0.7480925578486554, "test/recall": 0.6305735003295979, "test/f1": 0.6407511273493303, "test/runtime": 1.8644, "test/samples_per_second": 90.111, "test/steps_per_second": 11.264, "epoch": 15.0, "train/f1": 0.9777142435865084, "train/accuracy": 0.9940074906367041, "train/precision": 0.9931193263698234, "train/recall": 0.9640096769863842, "val/f1": 0.446690909090909, "val/accuracy": 0.7844311377245509, "val/precision": 0.5550764452938365, "val/recall": 0.48708333333333337, "val/loss": 1.4613630771636963, "eval/loss": 1.015941858291626, "eval/accuracy": 0.8083832335329342, "eval/precision": 0.7111280487804879, "eval/recall": 0.5816666666666667, "eval/f1": 0.5135147774036664, "eval/runtime": 1.8497, "eval/samples_per_second": 90.283, "eval/steps_per_second": 11.353, "train_runtime": 1068.8674, "train_samples_per_second": 18.735, "train_steps_per_second": 2.344, "total_flos": 5268940802841600.0, "train_loss": 0.27154935493213894, "label_metrics": {"_type": "table-file", "sha256": "ae542da1379e55a0448c3665470bbabaac0e0e2354a60e346543df5346f38ba0", "size": 559, "artifact_path": "wandb-client-artifact://vg5jcfai98a38tymsg0m7vznkjlwidybhw8j6rhhripnki9hpac52xeu83fwjkp9c52shay9t6kinwmfe2cefnski1u4wp0f37mpdcmefztz9ms2br0nrca7pqamjtop/label_metrics.table.json", "_latest_artifact_path": "wandb-client-artifact://msvwwmy6cocswenm78n2f2nufos3o07habbar50yituq7zqusvvl5rlgngigh1iv89g1vq40bi8xbcay0qxkcjid3i0c6x2conamhpxrrumaxghp2jx3236ngr1dfw1r:latest/label_metrics.table.json", "path": "media/table/label_metrics_313_ae542da1379e55a0448c.table.json", "ncols": 5, "nrows": 5}, "test_predictions": {"_type": "table-file", "sha256": "5534306833bbde7911e37bc325f82e91dd19efd5a80350e95efb4fd621d36c85", "size": 88304, "artifact_path": "wandb-client-artifact://rhq6oyvodeojygwcfd1snzmb8ub2qbetzmuqv35wtjyg8a4muolto0y35bf6xu1ji52ed2jbwreueemp8siiwihg4r9keq7dlt3mibqzbzfx077n6ri332cpkgoed2oe/test_predictions.table.json", "_latest_artifact_path": "wandb-client-artifact://67es8pekbopkihaexmy084plijc1blziim68fsekb6xwf1u1mpnhyh6nijxt22pxs9z8ksvuiozdrb622croi68peo25ddqbic8tquk424c5b7wlxmc0jukbipfw2auj:latest/test_predictions.table.json", "path": "media/table/test_predictions_314_5534306833bbde7911e3.table.json", "ncols": 7, "nrows": 168}, "test-metrics": {"_type": "table-file", "sha256": "aba740bf0578a012ef6f9176e5334fc33e76925083e107f3238cc55d7c7259f5", "size": 205, "artifact_path": "wandb-client-artifact://kx8uxkamu0p8gvfo3vfwvsdbvq4klgvzhv6o0474d073tycxo6k74npoc8oinnpl7ruham6h64lk35k4opha7sipwmaug5s14xnldw6hlxbj9y6usnfvqyz70s6t7vis/test-metrics.table.json", "_latest_artifact_path": "wandb-client-artifact://wgs526dkjnykmz4kcdzmn6xu467u1cgpu79pe16k67qtjre0jziiqy5cjy2tws1l2dbp3t8gm7tqolhoegh1fq9rrnlt89sj4avtf8gtauml2nsksioq3b9q6ef9n1fa:latest/test-metrics.table.json", "path": "media/table/test-metrics_315_aba740bf0578a012ef6f.table.json", "ncols": 5, "nrows": 1}, "test_connective_metrics": {"_type": "table-file", "sha256": "722086ab9245a7226a6d002e55b59888ade39345d5e09d325c7b824011a323fd", "size": 426, "artifact_path": "wandb-client-artifact://al8bus4r2z9y79ui1x0fyf6lay0ye4pnbdu0jxyoluhh1at1mhke2oqmsnobqw4xh8zeno6geyduet6n2mdv61s744g9ymyeg7it6ey7ovgpc10zvwlexocp6k37zxg9/test_connective_metrics.table.json", "_latest_artifact_path": "wandb-client-artifact://k8tcw3ybngbuna1kmzcov6mgnsma9pcaes04aruinz6w9rxyaceg0j11yzmhhzutnvhw4x8m99xznbeqeav5uvlwxh06byljwcnxn8fc037dxjf2y3sktr77x1hrio72:latest/test_connective_metrics.table.json", "path": "media/table/test_connective_metrics_316_722086ab9245a7226a6d.table.json", "ncols": 6, "nrows": 3}, "_wandb": {"runtime": 1082}}