{"train/loss": 0.0331, "train/grad_norm": 0.7007342576980591, "train/learning_rate": 2.971175166297118e-05, "train/epoch": 14.0, "train/global_step": 2338, "_timestamp": 1739846095.1910727, "_runtime": 2129.2061285972595, "_step": 297, "test/loss": 1.5358495712280273, "test/accuracy": 0.7678571428571429, "test/precision": 0.4902530779753762, "test/recall": 0.3965062623599209, "test/f1": 0.3923333333333333, "test/runtime": 4.4318, "test/samples_per_second": 37.908, "test/steps_per_second": 4.738, "epoch": 14.0, "train/f1": 0.7825066964578257, "train/accuracy": 0.9872659176029962, "train/precision": 0.9791132576451199, "train/recall": 0.7818946802433041, "val/f1": 0.541683813607174, "val/accuracy": 0.8023952095808383, "val/precision": 0.7294799498746867, "val/recall": 0.5475, "val/loss": 1.23240065574646, "eval/loss": 1.1137810945510864, "eval/accuracy": 0.8383233532934131, "eval/precision": 0.7861013986013985, "eval/recall": 0.60875, "eval/f1": 0.6064923582164962, "eval/runtime": 4.4042, "eval/samples_per_second": 37.918, "eval/steps_per_second": 4.768, "train_runtime": 2116.9987, "train_samples_per_second": 18.918, "train_steps_per_second": 2.367, "total_flos": 4917766273136640.0, "train_loss": 0.3214233333601037, "label_metrics": {"_type": "table-file", "sha256": "53ded533a75e57b42ab0e3c2074bf4e92c912d50543a1f1765607c9b2a61d0c2", "size": 530, "artifact_path": "wandb-client-artifact://oge3i36ke6u5g914mnxw3dm41k4wbefi83a8yucyoyn0cspcpl76j4wgykoa0o82ncd2rpm4hscrxcwt8ph5vltk3ystiau551rwoxee6edzb8fwdgf4u9mi6bbxzvzz/label_metrics.table.json", "_latest_artifact_path": "wandb-client-artifact://8w3ui14ot45fcij75i4uufx1is0e5nroefjzljdndikbeas7vdntw24ue5us1dyo0s21sd40hvo15p3g9garj06cpgs0sgkrion8nfpx2cghhok72c0nvx7y2zi1brkg:latest/label_metrics.table.json", "path": "media/table/label_metrics_292_53ded533a75e57b42ab0.table.json", "ncols": 6, "nrows": 5}, "test_predictions": {"_type": "table-file", "sha256": "69112f248197567fb13134c609d86d3f4fdb8af9383d3100a4f087aa3919698b", "size": 75058, "artifact_path": "wandb-client-artifact://33c0u9brqppxfoisnpj4wkpculs6kamgrcwx29orsbndpr84ua8nzzm0qdlhyjclmoy33irm1dnl7akvyxv8nzfjg5a6hd02zlpwz7msdj64p89p0tzusfasbxehxb23/test_predictions.table.json", "_latest_artifact_path": "wandb-client-artifact://9g4rlavrp2178ayf7nud410jv6wapg5b9q74cfzdu1gtvonm1lwtbekvgma25y9ewmh46jz7ev9n956zof6h89ryuq039ttayrw30ltst24bx577n0ozn8r0vdgdjbt9:latest/test_predictions.table.json", "path": "media/table/test_predictions_293_69112f248197567fb131.table.json", "ncols": 8, "nrows": 168}, "test-metrics": {"_type": "table-file", "sha256": "d306d2e1d25d8345c5fe9e7c5fd6cb2648602a2898bf668ce90bd4568461b278", "size": 200, "artifact_path": "wandb-client-artifact://ykjfzgglm76sf3k75yzv9skxz1jufqmao6jnefpw3wla946xoi7f5swn4tkxl6wctm3z6u6mcgjn5ij3ug5jqs1wrqmsbh1rt7u6k3hrnaeb17cr2c5dpliirvp3iq0v/test-metrics.table.json", "_latest_artifact_path": "wandb-client-artifact://m2bl7b94hqxlss5668v5wbcpngfung47xp6q9rgvcpc2qnqdwfewal7dzdnsy55tcgrkatj71vwh5z8nz87sclku6vqk5fwfr3h1fimzwoiwmj1md24go2uwnp87xv2x:latest/test-metrics.table.json", "path": "media/table/test-metrics_294_d306d2e1d25d8345c5fe.table.json", "ncols": 5, "nrows": 1}, "test_connective_metrics": {"_type": "table-file", "sha256": "291dae87fb18e5016b97b3e15bbe7a48a1dbba968c20b80149bbf07d1814a541", "size": 411, "artifact_path": "wandb-client-artifact://z5wtm5kgbmtt3ruzcqe9t8j78fabo9r97ay0iksdxnb9uzlwa3amp9qg3m8z5alcs3v8he2dalehwourku2ar0b0n9coil0is1t1ocn3ulgxudg490bhki3n29bmep4x/test_connective_metrics.table.json", "_latest_artifact_path": "wandb-client-artifact://fo1bxjcn2pmhzcgdx9bidu118wgc7cbd2v25i7bhqm4b78g68bi1lo69tkvp4g9qaywvc6l075tjkqypcgbvmsqkhpt5jcmtnb5qmhgl8783uf1erli6sksq4vxfc863:latest/test_connective_metrics.table.json", "path": "media/table/test_connective_metrics_295_291dae87fb18e5016b97.table.json", "ncols": 6, "nrows": 3}, "Exclude_counts": {"_type": "table-file", "sha256": "e1c9680c5dbf27c108a9c47e201f13cfb20008c24fc3198b33ecbe61bb69d2a1", "size": 79, "artifact_path": "wandb-client-artifact://2yk9y2qm1br15gdlzmv40s3xwjdo13ue47ok2qe4cvugwg3waexu3vjqfk3k08w8d96mv5gylutxdb0hb48iz7hgt0c0jnk0zaf8hn74of99j4541dhrlizi9gpqqpak/Exclude_counts.table.json", "_latest_artifact_path": "wandb-client-artifact://sndsxxrap15ubtw82y9wa3f1racagffi99vd8xg6xw0r4q9mv3u3r64zvmybixbtzcstzwirktmdzmtcqx02k6r8lltuu9g4rnk96yzjtv6a5o7ynkx6l7qu595bijxm:latest/Exclude_counts.table.json", "path": "media/table/Exclude_counts_296_e1c9680c5dbf27c108a9.table.json", "ncols": 2, "nrows": 1}, "_wandb": {"runtime": 2137}}