{"train/loss": 0.1518, "train/grad_norm": 0.025777537375688553, "train/learning_rate": 4.26829268292683e-05, "train/epoch": 7.0, "train/global_step": 1169, "_timestamp": 1739603858.9186068, "_runtime": 1082.6529836654663, "_step": 152, "test/loss": 0.5187315344810486, "test/accuracy": 0.8333333333333334, "test/precision": 0.8354002624671916, "test/recall": 0.5737134695671281, "test/f1": 0.6118988440446601, "test/runtime": 4.4247, "test/samples_per_second": 37.969, "test/steps_per_second": 4.746, "epoch": 7.0, "train/f1": 0.7862036522944524, "train/accuracy": 0.9887640449438202, "train/precision": 0.9850347464084508, "train/recall": 0.7844473730228826, "val/f1": 0.6031003911342895, "val/accuracy": 0.8383233532934131, "val/precision": 0.7785612535612536, "val/recall": 0.6229166666666667, "val/loss": 0.9313424229621887, "eval/loss": 0.5517456531524658, "eval/accuracy": 0.8562874251497006, "eval/precision": 0.8343550106609808, "eval/recall": 0.68875, "eval/f1": 0.6688880871023197, "eval/runtime": 4.3965, "eval/samples_per_second": 37.985, "eval/steps_per_second": 4.777, "train_runtime": 1069.5625, "train_samples_per_second": 37.445, "train_steps_per_second": 4.684, "total_flos": 2458883136568320.0, "train_loss": 0.4344078154789907, "label_metrics": {"_type": "table-file", "sha256": "cf16b4a1bf40f7d6964c78a4b6b7da070dacebab7eb2c952c48810d4bd5b0e71", "size": 589, "artifact_path": "wandb-client-artifact://hk1vpmt6plv7lsglzjcv6vfsz4m8swf2uy099qgolzqxnfdx956dycpvov1naqpnralge50u5ffqj81vwrvvyyo1zhn2f2eaicsxs7pkrcrhphfh28lqy6kh62se26i4/label_metrics.table.json", "_latest_artifact_path": "wandb-client-artifact://m36a44osnwmngit86uccoa2gzh16tkslomh8qncm5gs5pwm54psmh3fgnct9rlfamdzund60lg53t8s9pg0w6e4xhnzcti7qyafdolfpq49s8eo9hwdtkrw3p3imb6jq:latest/label_metrics.table.json", "path": "media/table/label_metrics_147_cf16b4a1bf40f7d6964c.table.json", "ncols": 6, "nrows": 5}, "test_predictions": {"_type": "table-file", "sha256": "e5acc2b802348b51ba356292bdf5800d3e1bba8b14dd1f36044ba73c64723b35", "size": 90447, "artifact_path": "wandb-client-artifact://3dq7snr75h5atun3su2c5jt6dno5otfc91g5dlon8o6z3bixvn31q2bvrasoiyiyav354b4hmxfrqfqh8w3fmtooc0v89jvjqvsc5lsfiqiuks1080bgmzxkpqvjvnjy/test_predictions.table.json", "_latest_artifact_path": "wandb-client-artifact://badygtttnt3l2usg5w9b4ghuulgt7qsuiefsjhfnc7zsrjerlb4fyeso3zzh5dl45ywq2t39bm18j61tcpkoj94ft6338yu29q9cz3ua7i2fvietcuxo3bj1wg32yf11:latest/test_predictions.table.json", "path": "media/table/test_predictions_148_e5acc2b802348b51ba35.table.json", "ncols": 8, "nrows": 168}, "test-metrics": {"_type": "table-file", "sha256": "1535e43a2cf0f87ff8c745e98afaf8d4c7aa4824b7f5e3ab9fef780d8828135f", "size": 194, "artifact_path": "wandb-client-artifact://e2ago0oipqfmcv8h2vssxhs1vydvbn00uizcnqwbu9w1k9p2n7iisca2fb3o5580x9tk8dn0tuapuimx521v3kz4izgithu3l7qqzx91ikvqh202febdhkufjbc65oko/test-metrics.table.json", "_latest_artifact_path": "wandb-client-artifact://dmshgejqud4qewbs4ad2f6ia28jr5byxvyxp3wnyf15mx867186dbbuqmed0bte0ny6xcd15u4ups7efasq3znca9f0qpwhhddt3bygcva88g5fx52kmye7p1cmjivnz:latest/test-metrics.table.json", "path": "media/table/test-metrics_149_1535e43a2cf0f87ff8c7.table.json", "ncols": 5, "nrows": 1}, "test_connective_metrics": {"_type": "table-file", "sha256": "1b498530afef108eb93266d34071570bd927f145a15d6d0c37b262b517ea9ed1", "size": 434, "artifact_path": "wandb-client-artifact://t6xb6905g3dehtmsn3upu8bcpwo19yv35sn6bouj7ly4our0kc0iqchr28dcsyauixgdcgjallo0zlhzqo7riwergqdzgd489b0zd4f6bqo5dybdwlxbokfhwxkdmw56/test_connective_metrics.table.json", "_latest_artifact_path": "wandb-client-artifact://eaz9yvt9ub9c9ju2vzmk1kqbrkl6lucwjh6v3rbf6mdaz0mhuaqml5rfgfajlncac98ouowvw9tjtberji5ei36iyjimjpyfjsb75xk9xwezw1100vhhd7dchpbno7hd:latest/test_connective_metrics.table.json", "path": "media/table/test_connective_metrics_150_1b498530afef108eb932.table.json", "ncols": 6, "nrows": 3}, "Exclude_counts": {"_type": "table-file", "sha256": "082fcc874914d75958d68e780085931cf5c17034575e8b060f4acd16accf2d9e", "size": 71, "artifact_path": "wandb-client-artifact://ls2qppqqqz3ljfuawnzimnb6mprwxiw424iymq64azm6we0x8uk8x14gfzuh1zqld47k4tyfn5v7v1f8lgy8vq01wdr46tm81slva3lcidcv636fp77lst6jaejowl8z/Exclude_counts.table.json", "_latest_artifact_path": "wandb-client-artifact://nl2nwtyunidcjol6qoopoo4ra1psr8b3szfvlgivuh9uyfffxuobsobrarncaowvxdchqj8smww6vcpie2sffa2emla3gxorah8c9yhuv7u2j9e247zkav9fjc6xon6b:latest/Exclude_counts.table.json", "path": "media/table/Exclude_counts_151_082fcc874914d75958d6.table.json", "ncols": 2, "nrows": 1}, "_wandb": {"runtime": 1091}}