{"train/loss": 0.1263, "train/grad_norm": 0.011969109997153282, "train/learning_rate": 3.8913525498891355e-05, "train/epoch": 9.0, "train/global_step": 1503, "_timestamp": 1742957939.3982105, "_runtime": 651.5314335823059, "_step": 194, "test/loss": 1.0871570110321045, "test/accuracy": 0.8392857142857143, "test/precision": 0.8676923076923078, "test/recall": 0.8139573720061524, "test/f1": 0.8139897861474624, "test/runtime": 1.8802, "test/samples_per_second": 89.351, "test/steps_per_second": 11.169, "epoch": 9.0, "train/f1": 0.9772587864703517, "train/accuracy": 0.9932584269662922, "train/precision": 0.988784828500205, "train/recall": 0.9676545497572253, "val/f1": 0.8214939309056956, "val/accuracy": 0.8982035928143712, "val/precision": 0.8697767145135566, "val/recall": 0.8358333333333334, "val/loss": 0.7074375152587891, "eval/loss": 0.690305769443512, "eval/accuracy": 0.8982035928143712, "eval/precision": 0.9264705882352942, "eval/recall": 0.85, "eval/f1": 0.8636904761904762, "eval/runtime": 1.8682, "eval/samples_per_second": 89.391, "eval/steps_per_second": 11.241, "train_runtime": 644.1475, "train_samples_per_second": 62.175, "train_steps_per_second": 7.778, "total_flos": 3161364481704960.0, "train_loss": 0.28866374646719356, "label_metrics": {"_type": "table-file", "sha256": "d35077b1d5ab009a486ec6f2c053e290215d0b19de005d5ffed1f50e54c5580d", "size": 524, "artifact_path": "wandb-client-artifact://qvsoxxaomgoczpx9gvw1ktl5paug29i1a9doop9ksk97uqjfwxpvd8oa7zzd0544tzesxnthyqpbcpa0w5zz8a1crqdcjgalkji0t9rnmho57t5tf5lzizwhe17jfks8/label_metrics.table.json", "_latest_artifact_path": "wandb-client-artifact://o6qpxtu741aq4zt119mceyypcibizqjkr3zs1wzlcfhqc8dp17a1fqjiwjn3drk6plx16lkftmxg85ex4nu5sjua7nywcmd6z56cujvwz7reovwgi4qwoxrm25gqzj00:latest/label_metrics.table.json", "path": "media/table/label_metrics_189_d35077b1d5ab009a486e.table.json", "ncols": 6, "nrows": 5}, "test_predictions": {"_type": "table-file", "sha256": "41c391f73bc8aad1d45f086f6c87586ab52b7a2b0aef3bc55e9776871a28bbda", "size": 87905, "artifact_path": "wandb-client-artifact://1dpwxfjnhdae2kbod6o6x9qabsxdp6kjmvui8g0v2l0eyvreoutbf67w1f0iqjgvx8pugg9c5v8fnqspej2vjroxvblrmez3h0cadx05c8eoyt3zt1iusswajlvt2509/test_predictions.table.json", "_latest_artifact_path": "wandb-client-artifact://grhov2zd4e26gq7i8h77d4a9b9d166jfjx3ij1233mt1z59y4neq10vk3o72mlxu7zds1j721glrvr2nrvkkohvpif9hwq0ylek4v2du466gpxef7gczrhhbz0il7cgo:latest/test_predictions.table.json", "path": "media/table/test_predictions_190_41c391f73bc8aad1d45f.table.json", "ncols": 8, "nrows": 168}, "test-metrics": {"_type": "table-file", "sha256": "90f465c38a01d823ff16ea985c61e79ffa0dfa2ee7047d044dc95df01c66c1bb", "size": 190, "artifact_path": "wandb-client-artifact://yehrdx067yjlxx1dnrd5q83djxv7fe1b6yw35p9d1jpe4hrr0t79ogbm1ojdvhrkts0upe4oa6ry2nfztdwz8fznf6d6ug4f0btf6s5fa6tmtf0n002hikc70bg6tm5a/test-metrics.table.json", "_latest_artifact_path": "wandb-client-artifact://5rnhrglkper7cqm40jm33pbx4oingo1uaqfpldet5btavxcv16lx6yfn1stjd9axaj859asy7rhdp41q8jm47vw2kowmyb37k10zwysakf8xfwhrjahonq9515czz7dj:latest/test-metrics.table.json", "path": "media/table/test-metrics_191_90f465c38a01d823ff16.table.json", "ncols": 5, "nrows": 1}, "test_connective_metrics": {"_type": "table-file", "sha256": "3bde6d9804c18c55ede6da6a3869e2173cd45a515576be892b2daa51421241fb", "size": 420, "artifact_path": "wandb-client-artifact://ls6q5akbvnvisg86vzg2dpvz5aosahqpp33dffnqm3css3k47dskojfxm40xxcj3uwceoy5j9sdz3h6az8oscpsan77hokrnwy99q3aririfm3b7s2pqtdq2i89uwm6u/test_connective_metrics.table.json", "_latest_artifact_path": "wandb-client-artifact://k0nes57y502qbx81fa01fd7vrhijyooo9w137x6sr1bj1toz2e411d9el5ew0l61z9gu5h4velpmtbrr2flor5pqdifawcpq2cfjccc64wqufjcp5b333ee1cw4foxzc:latest/test_connective_metrics.table.json", "path": "media/table/test_connective_metrics_192_3bde6d9804c18c55ede6.table.json", "ncols": 6, "nrows": 3}, "Exclude_counts": {"_type": "table-file", "sha256": "3a3e16eee488be4d9705c81c282778d2e17c222f184cef71ed7ae945012d1110", "size": 66, "artifact_path": "wandb-client-artifact://83ibgz7qoz1pwakxlskij4qcoq2ev44rrqzjfk06j20hvetpxgutwqvxd37vaolc1ertbs3ggweokvku6kkrk9g9deoygi35hlqyktjje9ecrkiuksdwsuobx8ij5p2z/Exclude_counts.table.json", "_latest_artifact_path": "wandb-client-artifact://2l28yyq6qsevi166yw8up7fstwxpsnafgjbmklphliliao7dc67zk95159yd2gypdf4cjwbkst1c6vq372yb9c6hf8vui3ye9elrizcnhota9oks830woxsafk7b3ip3:latest/Exclude_counts.table.json", "path": "media/table/Exclude_counts_193_3a3e16eee488be4d9705.table.json", "ncols": 2, "nrows": 1}, "_wandb": {"runtime": 660}}