{"train/loss": 0.0006, "train/grad_norm": 0.018906136974692345, "train/learning_rate": 0.0, "train/epoch": 10.0, "train/global_step": 1670, "_timestamp": 1735387607.8080068, "_runtime": 736.4483737945557, "_step": 213, "test/loss": 0.9818498492240906, "test/accuracy": 0.8452380952380952, "test/precision": 0.7769249163079867, "test/recall": 0.6696220610854757, "test/f1": 0.7049059829059828, "test/runtime": 1.8531, "test/samples_per_second": 90.661, "test/steps_per_second": 11.333, "epoch": 10.0, "train/f1": 0.9646224551020628, "train/accuracy": 0.9932584269662922, "train/precision": 0.961836151895913, "train/recall": 0.9676545497572253, "val/f1": 0.8762634955406039, "val/accuracy": 0.9041916167664671, "val/precision": 0.9053083923154702, "val/recall": 0.8699999999999999, "val/loss": 0.6130048632621765, "eval/loss": 0.5914530754089355, "eval/accuracy": 0.9041916167664671, "eval/precision": 0.9053083923154702, "eval/recall": 0.8699999999999999, "eval/f1": 0.8762634955406039, "eval/runtime": 1.8388, "eval/samples_per_second": 90.819, "eval/steps_per_second": 11.42, "train_runtime": 728.9014, "train_samples_per_second": 18.315, "train_steps_per_second": 2.291, "total_flos": 3512627201894400.0, "train_loss": 0.2560663094049777, "label_metrics": {"_type": "table-file", "sha256": "dcb0f4d62bff1c0943b1588e905004489a192acf4b1af0d46b74f25d12fb6871", "size": 472, "artifact_path": "wandb-client-artifact://maq2qnsnsad0a84bf1v3tk8vvq5wsc18084tyx94mo19z0ah8vcn1kvo2x8mbpcjpexbfaunp76voicbso6sk9v0imo4dqvheiegnmsrt7ahslk347cwqyg68eyws8pq/label_metrics.table.json", "_latest_artifact_path": "wandb-client-artifact://u5tr1eun27p508i0jighkdnhmhxbm6i5pdozz6zzvfshkcsnbvuy7olmpy4ux4vzc9fg7u59p1o03it29td263hzi69ijz86sojj5l8qpppfe500ivitixg6ulgsvq04:latest/label_metrics.table.json", "path": "media/table/label_metrics_210_dcb0f4d62bff1c0943b1.table.json", "ncols": 5, "nrows": 5}, "test_predictions": {"_type": "table-file", "sha256": "e60cd8b084df50781af1162485d951bdc5b274cf29287e07e036d059734fa6c1", "size": 88238, "artifact_path": "wandb-client-artifact://c8kuolyssq9dwjppi7s0qnzxdwf3jwbkfqmr4kwda5bx48dywtgs2xwhdp4s0dc9ydk6kp6zzk6lm2w6ab63lg2m9xzmg3i7ti7k5bbqhhsg41bitqxvbxv8cgus9t2k/test_predictions.table.json", "_latest_artifact_path": "wandb-client-artifact://setasv80d94peradpj8gd5rc8qhxxdsxe9fcdwlsl1v1fla5um9f9ay3m76fgqc3qp0ow8598w8ijsfnjfqha6xgyf6dvbybyp0jvfyj6h1mxczxwtsfjn7xnfwf9jrz:latest/test_predictions.table.json", "path": "media/table/test_predictions_211_e60cd8b084df50781af1.table.json", "ncols": 7, "nrows": 168}, "test-metrics": {"_type": "table-file", "sha256": "ed1001fb85d0b5117633f39c2efb9bba733e439de16bad25cd4c2d3e552a1444", "size": 196, "artifact_path": "wandb-client-artifact://f93wc3eig1shlbafmajctlrd014k55d6ouvhp0oilu3ul5x8f86v0wepqwxvm5z19zbmhkfycheuqz5o75doz9k2pzhxnomi7ew79x7pe1g18i44gvcl1gnofs2idqyz/test-metrics.table.json", "_latest_artifact_path": "wandb-client-artifact://iboaefrl8tit41v05f59t76gw3dy8q132ngo9h3ccm93wfknz5uum4ord2whjpcrfn963l3kce8wnfcxgza9xe2ye452val52nhto5we7rqgcy8ioi9zhymbybcutjtg:latest/test-metrics.table.json", "path": "media/table/test-metrics_212_ed1001fb85d0b5117633.table.json", "ncols": 5, "nrows": 1}, "test_connective_metrics": {"_type": "table-file", "sha256": "aac5d94844806bd8e9042e23813b3d176bd835b74306ec3d079d16edf7a4914a", "size": 428, "artifact_path": "wandb-client-artifact://gfazxemy8fibf7m7lntrbeswdvjiqa4z9q1a43hdv5pyw1nkn3pkbtpdn5qdrtdd4ih8v6xn5i9d8euyodwyywp1pw16ta3nqla5ug4h2xcdhphycar3e3d1jw2h512c/test_connective_metrics.table.json", "_latest_artifact_path": "wandb-client-artifact://pmygssm9tfmr392ogf9hdsehq64ccl8oqpb4xrgc4bvvcn774c3ywwpve1a2jixaap7qa0668ad6gdy9egnyiisp0na2r94qfccc4qpcozrgfswufkl6607lkcu1ajcy:latest/test_connective_metrics.table.json", "path": "media/table/test_connective_metrics_213_aac5d94844806bd8e904.table.json", "ncols": 6, "nrows": 3}, "_wandb": {"runtime": 742}}