{"train/loss": 0.2902, "train/grad_norm": 0.019228188320994377, "train/learning_rate": 3.8913525498891355e-05, "train/epoch": 9.0, "train/global_step": 1503, "_timestamp": 1739631613.7035756, "_runtime": 1373.7748947143555, "_step": 194, "test/loss": 0.6767789125442505, "test/accuracy": 0.8690476190476191, "test/precision": 0.8361788617886179, "test/recall": 0.6814238628872775, "test/f1": 0.6688720356325991, "test/runtime": 4.4278, "test/samples_per_second": 37.942, "test/steps_per_second": 4.743, "epoch": 9.0, "train/f1": 0.8247325572607556, "train/accuracy": 0.9887640449438202, "train/precision": 0.9715282435521718, "train/recall": 0.8145279065822383, "val/f1": 0.625711492808267, "val/accuracy": 0.874251497005988, "val/precision": 0.7786458333333334, "val/recall": 0.6933333333333334, "val/loss": 0.9611219763755798, "eval/loss": 0.5964305400848389, "eval/accuracy": 0.8802395209580839, "eval/precision": 0.8, "eval/recall": 0.6533333333333333, "eval/f1": 0.6411682539682539, "eval/runtime": 4.3983, "eval/samples_per_second": 37.969, "eval/steps_per_second": 4.775, "train_runtime": 1361.0111, "train_samples_per_second": 29.427, "train_steps_per_second": 3.681, "total_flos": 3161421175587840.0, "train_loss": 0.356390858649977, "label_metrics": {"_type": "table-file", "sha256": "fe198b4db0930302977a15e48a40729cb787f11d3d15d993cb4f46c82aa42e3b", "size": 566, "artifact_path": "wandb-client-artifact://7oq4pg9uwmie1avnh2m3dwoz1o9pd99k0vjrnfhhe4voakx66swdqikwu1ph4oxi76oxoapfdlhgdqtfapo1vyydimtj5tnpbfkpfdqtz87yg6f3ryfsxviz3t63k08h/label_metrics.table.json", "_latest_artifact_path": "wandb-client-artifact://j8eq8ye7pvah91ioxutins0220ef7kgbwsuto4i9pftvcerpoq6ziecm8dvtpxefeyup23fdbl4tg7498d3os8pn6u1qlufwofxa4enuad1bu401h2njwm87hfin6l5s:latest/label_metrics.table.json", "path": "media/table/label_metrics_189_fe198b4db0930302977a.table.json", "ncols": 6, "nrows": 5}, "test_predictions": {"_type": "table-file", "sha256": "ad72f1c468fbca73227943c9b0d691c20fdd9a03bb7dc10d972a9154dbe1ea0e", "size": 90903, "artifact_path": "wandb-client-artifact://axr0muv26pk6tigdwvnrbjkal56pjeqv66bar8up08z55vj8wh0f80anxiyu53te5odl1h88xueo31l8iuptfukqprkl4zx6woapnrociobsr0ouhbowc2wjkzmoak1p/test_predictions.table.json", "_latest_artifact_path": "wandb-client-artifact://lhhimbtgns1ry4iakjzzbd3w4djhgsrr8n5v1p48jn4zfsfab8z8qusqxw0bx4yw3wjzkf5vyd9na2zisllyo9meyw5q89ld6fn98u0cj77x4dbi9qvarob5azcyuwl9:latest/test_predictions.table.json", "path": "media/table/test_predictions_190_ad72f1c468fbca732279.table.json", "ncols": 8, "nrows": 168}, "test-metrics": {"_type": "table-file", "sha256": "29a30a8fdb23a19a4deb73f23f7a799f142d4c596d31acd1bfad4b1a12e7e5ae", "size": 196, "artifact_path": "wandb-client-artifact://1r9ecnql689htr2qy1owlps6qxcxvmnulbhjy5zxsbr40tq1pnfdtwtjkvlmhcei2yah2atfytejk1d9363dgtlqlhcazsttvib6du8ksvr9tnygkf451promg6xse8a/test-metrics.table.json", "_latest_artifact_path": "wandb-client-artifact://4twojihtmzugvqwz17ahyznxn26t8f1xgvu9wcyt6uug8t3brqi87oi35v2cqijyw6wr08mmel1sdkd8fs0xs19q32jn0fk67y6r807a7f9glb9i9bd4mvo19so8kml2:latest/test-metrics.table.json", "path": "media/table/test-metrics_191_29a30a8fdb23a19a4deb.table.json", "ncols": 5, "nrows": 1}, "test_connective_metrics": {"_type": "table-file", "sha256": "ca11cb7f80650407166dd0bb1026c250f39f2ebe17c240f5febdb6e1af9f985e", "size": 421, "artifact_path": "wandb-client-artifact://y20hv4dmvr2arj67eik90ah51tb8jkeppgyj0lwndrrtbf661m9z8w4c59mhafz3rparth2bkceuph4ihbqkpilvth9hxmq0v4yfu24b3p717vgblinist5bg6saico3/test_connective_metrics.table.json", "_latest_artifact_path": "wandb-client-artifact://1vielovdy5zxvx3phld7jaec4o1mqnowajh2cmllapkevsyb1kyb2w9zl477mwn416ty96ge0rap4fysydn15svj3uc35iyl0u1vx5zahdv0lzdl6nm1la3nip3jh8ys:latest/test_connective_metrics.table.json", "path": "media/table/test_connective_metrics_192_ca11cb7f80650407166d.table.json", "ncols": 6, "nrows": 3}, "Exclude_counts": {"_type": "table-file", "sha256": "1b351f34479cdfe9bb187a7d7913779d5623e98ab90b705bfa6a94767059f967", "size": 72, "artifact_path": "wandb-client-artifact://x43rkffbpq4fao25prm5xg3u943vfedon8cwqmbc13lzgfnj1odmv5h86c7qabzt045pfw08zcjlt48k1t94gtvliur8fq933802b7t3zgnpijxafkb3oyyqnnp3x0td/Exclude_counts.table.json", "_latest_artifact_path": "wandb-client-artifact://bj5fh82k8hpq82wzlae66nq4xqx28cfgpgsh7d38f3jlkphyyhjb5xppobeufoc7oni2l48z8dfi2np2uz1hf29m6bw2r7n9ggjxqkczkbv3xt6om0rao170mb8qdddu:latest/Exclude_counts.table.json", "path": "media/table/Exclude_counts_193_1b351f34479cdfe9bb18.table.json", "ncols": 2, "nrows": 1}, "_wandb": {"runtime": 1382}}