{"train/loss": 0.0007, "train/grad_norm": 0.834383487701416, "train/learning_rate": 3.7028824833702884e-05, "train/epoch": 10.0, "train/global_step": 1670, "_timestamp": 1742999498.7473404, "_runtime": 720.8154473304749, "_step": 215, "test/loss": 1.3762894868850708, "test/accuracy": 0.7619047619047619, "test/precision": 0.6511099412125998, "test/recall": 0.5469940672379697, "test/f1": 0.5786086640632095, "test/runtime": 1.8749, "test/samples_per_second": 89.603, "test/steps_per_second": 11.2, "epoch": 10.0, "train/f1": 0.9754431043654048, "train/accuracy": 0.9925093632958801, "train/precision": 0.9924425491589671, "train/recall": 0.9604898329160813, "val/f1": 0.46339854013299425, "val/accuracy": 0.7664670658682635, "val/precision": 0.6269986096628433, "val/recall": 0.5054166666666667, "val/loss": 1.682831883430481, "eval/loss": 1.3409136533737183, "eval/accuracy": 0.7664670658682635, "eval/precision": 0.6343589743589744, "eval/recall": 0.5275, "eval/f1": 0.5517160173160173, "eval/runtime": 1.8634, "eval/samples_per_second": 89.622, "eval/steps_per_second": 11.27, "train_runtime": 712.9838, "train_samples_per_second": 56.172, "train_steps_per_second": 7.027, "total_flos": 3512627201894400.0, "train_loss": 0.3438876896750873, "label_metrics": {"_type": "table-file", "sha256": "71268bef85b5db5d7d04f03d42c6fc7522990d17094b04cc7d52e6e21c130fa7", "size": 666, "artifact_path": "wandb-client-artifact://uirlzsxy11anl46b46bc6dxa2z07l70nr6rokgtkevlnay9vxp2k66tvynskhn1ketvlk2s5hj5zr38jzfkrps3ihzahu7np9e52b3x9pjxlcdx6r8i7hdjdye6qfvo8/label_metrics.table.json", "_latest_artifact_path": "wandb-client-artifact://i1bs2ppx95yt5n2vjr1blhpu14dkvmpsumffffko5h9ifczm1c4jc4zoojlw5aqasa9f67clx86vgq5neqtgwnvo2y6p2sg2zj2aki0gisuuv3eccjv5s37dc6y3txza:latest/label_metrics.table.json", "path": "media/table/label_metrics_210_71268bef85b5db5d7d04.table.json", "ncols": 6, "nrows": 5}, "test_predictions": {"_type": "table-file", "sha256": "c67cb59757165040ecaabb7e065edec67f1e011503692a3aef5bb2518e256e23", "size": 62240, "artifact_path": "wandb-client-artifact://yemqanih6eadieqet5cxn2ud8cvmullh2q4is2gl0ezxjd9xho08cdht7daxsw0q2rwebtmskx3f45j3h2mjcx3kpl2gg5vxps06nlemyvjfk0d3nenlm6xklgqmftg8/test_predictions.table.json", "_latest_artifact_path": "wandb-client-artifact://n5uik8v5ildtj9n53a5do06mtoeje12ke7e7thxe4nh1be87n5jwf3x5sv5qo46oiyzrd5hz024ms2z8ahk9bh54fah049z3jsh432wcc4za58yick2edp9zmskcv730:latest/test_predictions.table.json", "path": "media/table/test_predictions_211_c67cb59757165040ecaa.table.json", "ncols": 8, "nrows": 168}, "test-metrics": {"_type": "table-file", "sha256": "221426d3bed96d1626a40b51e37b84f73c488f7aa95ae3c1059d1b89a88a5b4f", "size": 206, "artifact_path": "wandb-client-artifact://31icxr1fofmu267hxmq1myesn3hva077uv09sqwe56kvi6t8t2clqfxm2fedq147trai4438k071pkkm6xo1jcxxcjq16238fvtuhj9wyfipigiljmo2dzn92m1caqu6/test-metrics.table.json", "_latest_artifact_path": "wandb-client-artifact://2lifp7hfqxl9wnusyb6544fffco9mdfh97iu20s3wzjis1em8owbt60ojtne4s0s8atrgw0h66477441nujbchcy6gja484z0ykgm05rfzzu1ljt29zefarro19ppqn4:latest/test-metrics.table.json", "path": "media/table/test-metrics_212_221426d3bed96d1626a4.table.json", "ncols": 5, "nrows": 1}, "test_connective_metrics": {"_type": "table-file", "sha256": "2ef41a64acad79a75fa98de42bbae90421c0173841381b1d408a599ff73bae87", "size": 461, "artifact_path": "wandb-client-artifact://xrqhaf981ihdr3ut151yv6r80v95p7pz2cuuqrr59s4me4ocfmw09pb7stm9n96vq5n5hfcu6vlv08c0cahpypw3n4zs3efpers5rsc2h9vig93qg5l9p1i3f9soz195/test_connective_metrics.table.json", "_latest_artifact_path": "wandb-client-artifact://4kgugsdgf0c4qgaalgaspu17tbptz33ibmv9jhh2zkt31bpelqwf13z0mwjtsyw9xfdd5qonvdrt698o9j34idp0ow0f6qc2cudi59goljgf6c5rdyu1f2pst9ksqftj:latest/test_connective_metrics.table.json", "path": "media/table/test_connective_metrics_213_2ef41a64acad79a75fa9.table.json", "ncols": 6, "nrows": 3}, "Exclude_counts": {"_type": "table-file", "sha256": "92504b126567f736cbedb8586a5e833f3c5632191cd4c7ca2291163d6a06ccb8", "size": 85, "artifact_path": "wandb-client-artifact://kmod9ci2mwir58nos4aalfuty3pnhv86mbjg2ueme1l925cuytpi6wp775bgn8uzecillxqno1gv09wshdzn1vzx06hyj0ymd1knmydkks2q9jd2z8udcudxq0sqq9mm/Exclude_counts.table.json", "_latest_artifact_path": "wandb-client-artifact://cuvsve8gf0ziahtnchm2vqegpxdgirjflii481vsbfijxl90m74e4738dztugdz3cs9twefr0mkfddhlnjpr3aig1w4mjhtjyxz3qe72ztu44hbebne73qsjeqvzr4k9:latest/Exclude_counts.table.json", "path": "media/table/Exclude_counts_214_92504b126567f736cbed.table.json", "ncols": 2, "nrows": 1}, "_wandb": {"runtime": 729}}