{"train/loss": 0.2885, "train/grad_norm": 0.08109912276268005, "train/learning_rate": 3.8913525498891355e-05, "train/epoch": 9.0, "train/global_step": 1503, "_timestamp": 1736776938.581911, "_runtime": 651.0185081958771, "_step": 193, "test/loss": 1.2023438215255737, "test/accuracy": 0.7678571428571429, "test/precision": 0.6419082125603864, "test/recall": 0.44468907932322566, "test/f1": 0.4500156558437139, "test/runtime": 1.8742, "test/samples_per_second": 89.638, "test/steps_per_second": 11.205, "epoch": 9.0, "train/f1": 0.9305589069799597, "train/accuracy": 0.9820224719101124, "train/precision": 0.9832936955517602, "train/recall": 0.8958855059313775, "val/f1": 0.5257375507375508, "val/accuracy": 0.8143712574850299, "val/precision": 0.7059802158273382, "val/recall": 0.6216666666666667, "val/loss": 0.9593673944473267, "eval/loss": 0.7428621053695679, "eval/accuracy": 0.8502994011976048, "eval/precision": 0.8476455199476782, "eval/recall": 0.6083333333333333, "eval/f1": 0.6158768975342324, "eval/runtime": 1.8615, "eval/samples_per_second": 89.713, "eval/steps_per_second": 11.281, "train_runtime": 643.496, "train_samples_per_second": 62.238, "train_steps_per_second": 7.786, "total_flos": 3161364481704960.0, "train_loss": 0.4197004801399773, "label_metrics": {"_type": "table-file", "sha256": "029bd0d9109257a69d823d5517875b478cd8e6521679b987e374103574ae0b70", "size": 658, "artifact_path": "wandb-client-artifact://7ndscwnw0v4jp0ko9849yfhvq13uxfcb1mm99p4ocddeyo606sgo3ihvyju4uual28216hiqk7t1kf3sirrpwtov8wxs97vberx56jj5xj9g01peh3tbm80obe8r0vpo/label_metrics.table.json", "_latest_artifact_path": "wandb-client-artifact://sqldjtstzgf54kp7f71hhi8tbzo3ut8oawyj7erxvwvuwu352mw8tm4ud1d2r38p3rhgg3czgy9rdpzws3sxtolmyqyy47cxmz1739zkgjegy85o69bnqpz4ycx3qtiw:latest/label_metrics.table.json", "path": "media/table/label_metrics_189_029bd0d9109257a69d82.table.json", "ncols": 6, "nrows": 5}, "test_predictions": {"_type": "table-file", "sha256": "95f4b862c1bf67b7bc95d0f8a9ed155177e1ef03490786677e24ce2fd7c5fdcf", "size": 91319, "artifact_path": "wandb-client-artifact://o4m4hbe8t8lr9hq2gr9l9cfz32c1gdyuy0i259fz646wsmv883f1tq86e08ylfni9b288x5gyi2x8ole9bceuw1jdgvfi0h3hgxwzdtywk5eggfqwzqwvob11kvex2z1/test_predictions.table.json", "_latest_artifact_path": "wandb-client-artifact://2w0a30rll9ekn6iin27rk5u8x6n5rn7snm92bpapugljmyq2r0jqav4xu9t1zrz4arirdzhqw5e4x858o0j48cunfrwmzflhomsg24ghk4wkia3t0xgkwv8s5a5lsjcx:latest/test_predictions.table.json", "path": "media/table/test_predictions_190_95f4b862c1bf67b7bc95.table.json", "ncols": 8, "nrows": 168}, "test-metrics": {"_type": "table-file", "sha256": "1976c778e44f14b8163e164f75007f692552671dbe29ac2a824ac5428563f2f0", "size": 215, "artifact_path": "wandb-client-artifact://f2jbwmm9luyq2wquwfmynliuofnfoqupans9ecr0eht9zb1mtf6cywj6198c8wuys43zsmcsvu9wazv8v9vwdkqdn3pzu22kfqrmcm5qiam2qzpvh960cobkefv97pii/test-metrics.table.json", "_latest_artifact_path": "wandb-client-artifact://9kvni0gzv1gx7iq5ltw0quummtrqpq6kle7zpk5mq3po2tjgx1vnpl0zes84p3v1ujbvv4ydu7jxjc0ebpzbaksggx4al5ync65gp50q4fixwcvoeukeuxqn0dp2f1hy:latest/test-metrics.table.json", "path": "media/table/test-metrics_191_1976c778e44f14b8163e.table.json", "ncols": 5, "nrows": 1}, "test_connective_metrics": {"_type": "table-file", "sha256": "ff928c467d7f1ada5b906ee426b3c2b3f9a0ba707d080f3651a6b6b82565b5b1", "size": 484, "artifact_path": "wandb-client-artifact://k4nnncqytmzyul7mgx66xx1i0fdl09jjp760dkz3kzxl0wxz9g6lr2hblhsh66ywz76ej1qu4bwobvj2ag2e28oktqqrqdln3b9eip6bf708xo5u844dsun4hpz1ezm8/test_connective_metrics.table.json", "_latest_artifact_path": "wandb-client-artifact://a9t8iiiuiqog1clseehg7exwlcjv4q0frez1zwtpln8ufsawbk3c9mio5h3flt7diwrdzjojxmt4j3msgy0c2nvznxltc333j7tfggt0ljdfz2a7xua5j88ebq1wbjci:latest/test_connective_metrics.table.json", "path": "media/table/test_connective_metrics_192_ff928c467d7f1ada5b90.table.json", "ncols": 6, "nrows": 3}, "Exclude_counts": {"_type": "table-file", "sha256": "c34a277c71c512b8edf166c56baf83d9cf5f1d112b0d9e9e2b7fd47129239695", "size": 93, "artifact_path": "wandb-client-artifact://dn3uhgscqi8168h1xy8x46b9il1fzlf7x7e4lvav7yknsp60qbmpwbrjdz64b7pyce3pi03zxkh91k063vdeabk6jsr2jdl8o2j0at2bbcgxunec91v59oze4zmnuwll/Exclude_counts.table.json", "_latest_artifact_path": "wandb-client-artifact://wc91dv1mfsz6gq28kr24qiorej5bvmjl8alx272ckzfjgy3dykvi0ovw2kzlgqpyqmcgtosyb36n7umx7wf6z7mya9fp63a3qtvqb64at22iaejqmzhcoezt3jlkrjxu:latest/Exclude_counts.table.json", "path": "media/table/Exclude_counts_193_c34a277c71c512b8edf1.table.json", "ncols": 2, "nrows": 1}, "_wandb": {"runtime": 659}}