{"train/loss": 0.1706, "train/grad_norm": 0.03369266539812088, "train/learning_rate": 3.52549889135255e-05, "train/epoch": 11.0, "train/global_step": 1837, "_timestamp": 1736749169.062007, "_runtime": 793.3481228351593, "_step": 234, "test/loss": 1.3201360702514648, "test/accuracy": 0.7976190476190477, "test/precision": 0.6986876640419947, "test/recall": 0.5962623599208966, "test/f1": 0.5846441042170294, "test/runtime": 1.8689, "test/samples_per_second": 89.891, "test/steps_per_second": 11.236, "epoch": 11.0, "train/f1": 0.973814170803945, "train/accuracy": 0.9917602996254682, "train/precision": 0.9881714056951528, "train/recall": 0.9612573834084024, "val/f1": 0.5107352630043932, "val/accuracy": 0.8023952095808383, "val/precision": 0.6394566098945661, "val/recall": 0.5579166666666666, "val/loss": 1.3495830297470093, "eval/loss": 1.0504640340805054, "eval/accuracy": 0.8323353293413174, "eval/precision": 0.8669887278582931, "eval/recall": 0.5891666666666666, "eval/f1": 0.630445632798574, "eval/runtime": 1.853, "eval/samples_per_second": 90.126, "eval/steps_per_second": 11.333, "train_runtime": 785.7516, "train_samples_per_second": 50.97, "train_steps_per_second": 6.376, "total_flos": 3863889922083840.0, "train_loss": 0.3343057586118441, "label_metrics": {"_type": "table-file", "sha256": "795106d14b2589defc4a8d380ce3c7c11ad231246a6fa1e059f5ac042a26397b", "size": 617, "artifact_path": "wandb-client-artifact://r46yeu8fr1mpqnelm4q0fp1av3y5qooknffubb41pj1kj8ut2c9xq28qkyz7talu7kvq8sr8qig6lmw8r7tq8k4cdmqr5h4p715hbpcb0nu1hkklrjmnrna20fw52y4j/label_metrics.table.json", "_latest_artifact_path": "wandb-client-artifact://sniyvq47n9kh60arvv3i8nbq7lmc70oxedpseefbmlc7wkd8jnkr1kky9mdcubzfo9dhlsn6qac0ypyiop5m2h5s3wtt4frzxt0l64anlzw6u9ktw7md7ef5lq9yk7x1:latest/label_metrics.table.json", "path": "media/table/label_metrics_230_795106d14b2589defc4a.table.json", "ncols": 6, "nrows": 5}, "test_predictions": {"_type": "table-file", "sha256": "b1c77ec49827b14b7a1855def0d9d66cfbf30a877f16b092f894bfe5769587f1", "size": 53063, "artifact_path": "wandb-client-artifact://x69yx5dhs28z5xcsna1h0959n0x46f7g2mwn4yolomtvbwouaueocobonqt2xeomu0lzpcxmyub5jnhjx6ueidhumqe58sd9dguv4qxwr84mbv4vs591qw3kfv9ubbzi/test_predictions.table.json", "_latest_artifact_path": "wandb-client-artifact://tar8mb8bycs6p99li8c7qpawjig1xi3xctg8446s8ttic7axh48hzorebhqdy1vdycu5jy1a0vsyq3xjjs9eh2irmu5lo0bttppx0fx6d9o4i0ip4m6jkheqzg2ij1uh:latest/test_predictions.table.json", "path": "media/table/test_predictions_231_b1c77ec49827b14b7a18.table.json", "ncols": 8, "nrows": 168}, "test-metrics": {"_type": "table-file", "sha256": "e71747c59ee4c795560dd08f87938c661adaf60e91a6bb780b962d1be241c94b", "size": 205, "artifact_path": "wandb-client-artifact://mju3m5jka40a6bppb04nu4sf8531ingdmk6migdbfl7loyp9wvi916lrom06vytrixnhrwu2ud6ikbtxiy0kahlg3qa5qmmnq4z3cfj8cnd0y6zdholwybg794z5v8vg/test-metrics.table.json", "_latest_artifact_path": "wandb-client-artifact://je5kymqot138vorextst3yi84eqd4vntbr2jt8eanesfxsyypgfb9j2yj4hf80jemabh7eh4jcj63wohjx9gtpb8xapbcei1xrbg7wpqstxewnf3ipjm1ks2elu2cxp7:latest/test-metrics.table.json", "path": "media/table/test-metrics_232_e71747c59ee4c795560d.table.json", "ncols": 5, "nrows": 1}, "test_connective_metrics": {"_type": "table-file", "sha256": "6571d282c590f660949207f7e7aa4980b267b892317c8797454c82fef6faaf42", "size": 442, "artifact_path": "wandb-client-artifact://lpl03fe16mjg99s7hwri2skdhtbveebn2tx2lf3jefobl2mwz4fbin3yqywci1j2lxtn9mchu2snrb2h15tu6u2d7obz73i8wxzet5v7wnoahwkah9pwgkapaxloa7lr/test_connective_metrics.table.json", "_latest_artifact_path": "wandb-client-artifact://ctc0g9iszsg3pro83x749y06eer8oe671ztforob5xaglc5bj43tsyb8prs9rt0c2m4yv0lzupfnhnrjefrlzx24ajbu1xvf6i8e0we2ji2pvcqpsk17mz2ss2zwi5g3:latest/test_connective_metrics.table.json", "path": "media/table/test_connective_metrics_233_6571d282c590f6609492.table.json", "ncols": 6, "nrows": 3}, "Exclude_counts": {"_type": "table-file", "sha256": "e0904507c7a3e3f62f0831416757fbded3c24349ee8ce39d59ff399ee82bffe7", "size": 84, "artifact_path": "wandb-client-artifact://1f9xw85ovp2k3pc90tkmg6wphc6dx4u3ptyv14xmlc82hh0prx6ds4xkdicgc48wgchn5288eij2e5290fwy5xxo3fao695tog0f55oiznxervxv1t2ybjky139vhayt/Exclude_counts.table.json", "_latest_artifact_path": "wandb-client-artifact://3i7845dp5u93te2xanfefh1b5hngt4isxtyhov47b4wampzgk66ovtj6zp6uhzxbfnwmsw5g7yvemwdqz8mi6cq80votbavdriimmenn173woq74p1015bkzcqm7icdu:latest/Exclude_counts.table.json", "path": "media/table/Exclude_counts_234_e0904507c7a3e3f62f08.table.json", "ncols": 2, "nrows": 1}, "_wandb": {"runtime": 800}}