{"epoch": 4, "valid/loss": 0.03034653242476686, "valid/accuracy": 0.718562874251497, "valid/precision": 0.1437125748502994, "valid/recall": 0.2, "valid/f1": 0.1672473867595819, "_timestamp": 1715514890.1503909, "_runtime": 232.2437038421631, "_step": 11, "trains/loss": 0.003476855102996255, "trains/accuracy": 0.750561797752809, "trains/precision": 0.1501123595505618, "trains/recall": 0.2, "trains/f1": 0.17150192554557125, "test-metrics": {"_type": "table-file", "sha256": "97870a27d4bd2a8e156ac846bfa7eabd6701197410a230c7c381a240abfb812b", "size": 199, "artifact_path": "wandb-client-artifact://wz45aredf8v3t9zvahidclmyg6df9pqb7xyvyobik6u5ll63obbrfbiflw70iirmkd5wlvmzjgy7klelmfc274t8upvcfxsi0xt1jh8ibgye4fcrs9voepd0753zit04/test-metrics.table.json", "_latest_artifact_path": "wandb-client-artifact://dmdlba7gcn9gduzagxocztkjtalhsamg3mji49mgtny77d2pd7hktr3wmfn295u6xy12ykrb8bt05fatysg3mq6yzqhem848bnfy3yubiz8qzg2dqjanhriz6n01bml3:latest/test-metrics.table.json", "path": "media/table/test-metrics_11_97870a27d4bd2a8e156a.table.json", "ncols": 6, "nrows": 1}, "_wandb": {"runtime": 232}}