{"train/loss": 0.0596, "train/grad_norm": 0.033746395260095596, "train/learning_rate": 4.0798226164079826e-05, "train/epoch": 8.0, "train/global_step": 1336, "_timestamp": 1742989742.9031732, "_runtime": 579.172146320343, "_step": 173, "test/loss": 0.6289841532707214, "test/accuracy": 0.8690476190476191, "test/precision": 0.8656259292298543, "test/recall": 0.8024544056251373, "test/f1": 0.8134168528944936, "test/runtime": 1.8814, "test/samples_per_second": 89.295, "test/steps_per_second": 11.162, "epoch": 8.0, "train/f1": 0.9751540929067062, "train/accuracy": 0.9925093632958801, "train/precision": 0.9898363245987818, "train/recall": 0.9621748146010631, "val/f1": 0.804531490015361, "val/accuracy": 0.8802395209580839, "val/precision": 0.8213541666666666, "val/recall": 0.79375, "val/loss": 0.8136781454086304, "eval/loss": 0.5205292701721191, "eval/accuracy": 0.8862275449101796, "eval/precision": 0.8804065040650407, "eval/recall": 0.8258333333333333, "eval/f1": 0.8327056190855474, "eval/runtime": 1.8664, "eval/samples_per_second": 89.479, "eval/steps_per_second": 11.252, "train_runtime": 571.8391, "train_samples_per_second": 70.037, "train_steps_per_second": 8.761, "total_flos": 2810101761515520.0, "train_loss": 0.3352018694458167, "label_metrics": {"_type": "table-file", "sha256": "c877c93c6fff2f0d3c0dabc8392a1e7c19b2494c8caa8a9d6a0aceca291d6b03", "size": 582, "artifact_path": "wandb-client-artifact://b51eu233n80d9y7hnwqfl8anoptbsgqlu6w659b8h1r9g5p782mydb5g9wgqvlz9l5n7bfkk0iwpm4lqz5iasx6p8ztxrqnlz07x6y7sc1rtrb1dqmopirsxg25zm80a/label_metrics.table.json", "_latest_artifact_path": "wandb-client-artifact://7tjzg3bewwe4vvmxvtdkhixq00wju08uhseo0w5deknb2ebax6d6xmviq478rg9k7imt1fkdqxe301231w1h3a5bnm9sp8hqmy188b1kewivnrrokvadacwnjvin9psu:latest/label_metrics.table.json", "path": "media/table/label_metrics_168_c877c93c6fff2f0d3c0d.table.json", "ncols": 6, "nrows": 5}, "test_predictions": {"_type": "table-file", "sha256": "91f52ec80fd8c880731d8f771e2d73c615eff7c3fcbdaa9feda2e4cbdb092829", "size": 90963, "artifact_path": "wandb-client-artifact://4vwczpio6fjqtrsfwx53qbfnz5ofhvkhoje9st9xki8n7f2aqosf9ij7ayfr7xcd1kpqc3el19jb6ejb5idhevhp7ev9e5s3p23o0y2us7iv6nsvmu5ujv50krxfjgsp/test_predictions.table.json", "_latest_artifact_path": "wandb-client-artifact://038f1ojl1sil505h61pnonf5fdbdauu2l6tcpoko831t3b9dhlxpsayf5pw53ikwwu3c6p5l2znofj13ewe0m3m8k59zntineebzepf9gqgakfqmwcdasx97bcmifday:latest/test_predictions.table.json", "path": "media/table/test_predictions_169_91f52ec80fd8c880731d.table.json", "ncols": 8, "nrows": 168}, "test-metrics": {"_type": "table-file", "sha256": "0f7714af6bb84220122ad7b2531332dac6bc5318a58068a2b2f1bce598271ad4", "size": 196, "artifact_path": "wandb-client-artifact://z5mnykmlqfaqkurp35k75b10h3ecv4ry62wuwho38yaj703pzupyjjbvq954rsdo123s57id11p68rhyduvetkhmt5a5mnwrshrtoei81ef8oncjwdnlgx2ktf008wmt/test-metrics.table.json", "_latest_artifact_path": "wandb-client-artifact://hppdjf49fijlhorejsbud50s86sz6741pvnrwzhnygqz4actkmb8rt5vt3m4bstv3a33gbu2rffz0vqnnyaiyhcp6zs2t5nr74y85eplnja6fpfjm81rg0k1r6tw6lul:latest/test-metrics.table.json", "path": "media/table/test-metrics_170_0f7714af6bb84220122a.table.json", "ncols": 5, "nrows": 1}, "test_connective_metrics": {"_type": "table-file", "sha256": "41f2610962ca3d51243dac768e0aa3794e27ab478a6d8471fab0d08d06c92114", "size": 439, "artifact_path": "wandb-client-artifact://o7ird7xza0oj2bck9rprong2acj0bxl0c9apg001lr2w9reuc9q79g79r58i523sau2nbk6qtlzeprc1ew25v2y7zuqhewyku5vkvq6b8a7k7206gysf5iozydjq7zkg/test_connective_metrics.table.json", "_latest_artifact_path": "wandb-client-artifact://isarncbdasm46q273wifygd088my9k7c19057hc8l8ad7tli9yliok698yhb9pqi8axg1hp90xzze699h4df855bav0llrzmjz29cddael7m1p9di5fvi8r8kkm4ex67:latest/test_connective_metrics.table.json", "path": "media/table/test_connective_metrics_171_41f2610962ca3d51243d.table.json", "ncols": 6, "nrows": 3}, "Exclude_counts": {"_type": "table-file", "sha256": "1b351f34479cdfe9bb187a7d7913779d5623e98ab90b705bfa6a94767059f967", "size": 72, "artifact_path": "wandb-client-artifact://5s1vozxs7kgge15it3qms9mhgweby0hnnpx9vuvzfe4rspp93rva8bt3st2g5tfqzxj0xnceb5ptq5jum1elg0agqo0dgoov4hlqcg9j0rlvw5d99i680cpg4ynw0m7o/Exclude_counts.table.json", "_latest_artifact_path": "wandb-client-artifact://f7eryvrfp9fkt95nakop4zd1q76mi79ml6gemdvq338q4l7vazt5vzhsz5e94en7nh64d3iobpfcefm8cxwhaw9n8oycsukkxjrpnn8oboswx8ca1nmarluwvsep1khg:latest/Exclude_counts.table.json", "path": "media/table/Exclude_counts_172_1b351f34479cdfe9bb18.table.json", "ncols": 2, "nrows": 1}, "_wandb": {"runtime": 586}}