{"train/loss": 0.1613, "train/grad_norm": 0.0776163786649704, "train/learning_rate": 3.337028824833703e-05, "train/epoch": 12.0, "train/global_step": 2004, "_timestamp": 1739656459.9269753, "_runtime": 1836.1922233104706, "_step": 256, "test/loss": 1.1475251913070679, "test/accuracy": 0.7559523809523809, "test/precision": 0.7387522943612072, "test/recall": 0.5192836739178203, "test/f1": 0.4796856906534326, "test/runtime": 4.4254, "test/samples_per_second": 37.963, "test/steps_per_second": 4.745, "epoch": 12.0, "train/f1": 0.8452112581874017, "train/accuracy": 0.9722846441947566, "train/precision": 0.8651640263563717, "train/recall": 0.8621451058966854, "val/f1": 0.5428193384223918, "val/accuracy": 0.8143712574850299, "val/precision": 0.7910798122065728, "val/recall": 0.505, "val/loss": 0.9262628555297852, "eval/loss": 0.8035772442817688, "eval/accuracy": 0.8383233532934131, "eval/precision": 0.7775735294117647, "eval/recall": 0.61375, "eval/f1": 0.5853766025641025, "eval/runtime": 4.3985, "eval/samples_per_second": 37.968, "eval/steps_per_second": 4.774, "train_runtime": 1823.4272, "train_samples_per_second": 21.964, "train_steps_per_second": 2.748, "total_flos": 4215228234117120.0, "train_loss": 0.44989213201323314, "label_metrics": {"_type": "table-file", "sha256": "989275670b0c4c43ca6065d127d98fb77521a86ca5d7f480557d4b267cba33e2", "size": 659, "artifact_path": "wandb-client-artifact://m59253iow2x5aavpqfcpcidmbkyrav78pofobxex95yicrpzb30a3n5vb29gpagdgvlb6wyujqasn13b6ct01n2cjd0kzdyi829uhbyd27g2l8czfvtshv9z0iu78unj/label_metrics.table.json", "_latest_artifact_path": "wandb-client-artifact://zyu7fucu0o2nt19lrugbk518cbdv0imie3jquk2e47ucjobz5muwsj8syxyrthfd90ag1lfiv0w65t5j9in75r3tandokib4518x2yvqibthb6q9q6544vicdubyrei3:latest/label_metrics.table.json", "path": "media/table/label_metrics_251_989275670b0c4c43ca60.table.json", "ncols": 6, "nrows": 5}, "test_predictions": {"_type": "table-file", "sha256": "8eb97bf6d4dc3c9c1f64e6f1d833bc684bb4a9ffb32f450ae823d6264d97faae", "size": 52955, "artifact_path": "wandb-client-artifact://dutbwutzyao1uzeaznbwk5sujw218ijpcqkdcek4e22u9bcsj62w23tiszxxuuh8z2jawrjcjwbiyeh6ql9063860v35r2xsev77cxy1zcqjdgq289yd35cxb3sr8wqq/test_predictions.table.json", "_latest_artifact_path": "wandb-client-artifact://o262ve19lozkv8mbeac2jr6uvxsj49udasjsqfvy2c4q7p6ypwthzdsalixi0tuh7opnjb6n4wm7r6oyhfkvvbg9fx5ebmkniledktwb352u68h6sluj6gl391yhmmu4:latest/test_predictions.table.json", "path": "media/table/test_predictions_252_8eb97bf6d4dc3c9c1f64.table.json", "ncols": 8, "nrows": 168}, "test-metrics": {"_type": "table-file", "sha256": "67e3d41afaf6bc1aeb8b4d1c6a795801aef767ab45bba3410cd47b9e4f2496e5", "size": 205, "artifact_path": "wandb-client-artifact://9v1jkhmn6z5diwm5go4xa1vlvay40e8gjtbqnl722g3slfhhh7zpoo7gis9bdbavrt9h13cg575wh8dkmcfpgsc8jz047uvv37h2138fvl0svjqe376ys3481ytldmjt/test-metrics.table.json", "_latest_artifact_path": "wandb-client-artifact://x30rl6snbh9xcnohwgwayhiid3yj2xk2fkldnrumsiyk0oko30byewnu6lh3ndggaz3ax06pabaui42w32j18982a58jcw6daeqd3pmgpsmky76eelk0knnzaoo6815r:latest/test-metrics.table.json", "path": "media/table/test-metrics_253_67e3d41afaf6bc1aeb8b.table.json", "ncols": 5, "nrows": 1}, "test_connective_metrics": {"_type": "table-file", "sha256": "f302662ec1ddaeec71f86ca343a350417d3d2751941b7b8fffb8f361e3ae60fd", "size": 453, "artifact_path": "wandb-client-artifact://jpjbexoe8v6tzmb82i22n3mn8ri5iyryvc5xz7jwgughm5si3d0k6zz7vd7tyr13ppxistaoe934mlk2e4oz4udma5rifvqi7fm4dznyosg8rj3jlejjw6mvfwlumwa2/test_connective_metrics.table.json", "_latest_artifact_path": "wandb-client-artifact://0t93m6afpwmhbfvgkh1sy9jn5fzp8uqs3rz04rxj31ywxvwugkervxfm3hns717ja91lx3c7r8ht3e04t44k7irt6jk1ayoc49pea1pkjacjp63cez5g5ojsnfxy79fz:latest/test_connective_metrics.table.json", "path": "media/table/test_connective_metrics_254_f302662ec1ddaeec71f8.table.json", "ncols": 6, "nrows": 3}, "Exclude_counts": {"_type": "table-file", "sha256": "e0904507c7a3e3f62f0831416757fbded3c24349ee8ce39d59ff399ee82bffe7", "size": 84, "artifact_path": "wandb-client-artifact://mu0yjpwbvv17cu125t232hft22jccerxe17r2wxduolo03535h8pikmqvfnrd7iu0l2947pyept5rgntwsbovwh8n6yf6eu14pc23w3994dmsg76acq9d02ei9dbuaqz/Exclude_counts.table.json", "_latest_artifact_path": "wandb-client-artifact://spt8rd6xbe35j5mafr9wdl3ofzoat5g2f5y3zagmixu3mfmwkhe0tpnt9ukr2d94m219ec7d2euajgedsdrrullf7rhu5fsw6nx7iyiubwgae778q2f0p321fb8v54aa:latest/Exclude_counts.table.json", "path": "media/table/Exclude_counts_255_e0904507c7a3e3f62f08.table.json", "ncols": 2, "nrows": 1}, "_wandb": {"runtime": 1845}}