{"train/loss": 0.2638, "train/grad_norm": 0.29162219166755676, "train/learning_rate": 3.8913525498891355e-05, "train/epoch": 9.0, "train/global_step": 1503, "_timestamp": 1739806719.9078963, "_runtime": 1373.509473323822, "_step": 194, "test/loss": 1.0642400979995728, "test/accuracy": 0.8154761904761905, "test/precision": 0.8390497499341932, "test/recall": 0.5588354207866402, "test/f1": 0.5702507593416685, "test/runtime": 4.4252, "test/samples_per_second": 37.964, "test/steps_per_second": 4.746, "epoch": 9.0, "train/f1": 0.7563512765800054, "train/accuracy": 0.9797752808988764, "train/precision": 0.9198831990813661, "train/recall": 0.783986466023493, "val/f1": 0.5618181731187889, "val/accuracy": 0.8203592814371258, "val/precision": 0.6724476372706462, "val/recall": 0.6641666666666667, "val/loss": 0.7382262349128723, "eval/loss": 0.7964508533477783, "eval/accuracy": 0.8562874251497006, "eval/precision": 0.8345899470899472, "eval/recall": 0.6654166666666667, "eval/f1": 0.6564008244807358, "eval/runtime": 4.3971, "eval/samples_per_second": 37.98, "eval/steps_per_second": 4.776, "train_runtime": 1360.7424, "train_samples_per_second": 29.432, "train_steps_per_second": 3.682, "total_flos": 3161421175587840.0, "train_loss": 0.411229488524749, "label_metrics": {"_type": "table-file", "sha256": "aa3cd33b9b21978d8f44d27306955ed49c57dfbdb355a816632fde7f7bdfba88", "size": 569, "artifact_path": "wandb-client-artifact://m97nb9mn1uq5xwq5eum5xc74m2djcu2ki1oxs7joykxfsbgbi9bvjaudqdogv5w3wzoaa5smdo8wd8f7x570dil5vkf2q7j0zq2pxqc8ixg78x9lr970qt7h48njmf0n/label_metrics.table.json", "_latest_artifact_path": "wandb-client-artifact://y79f3hx1xy46n6qftwchawwtng2gx4fa6ybrikh6pkli6dqwjbykpw7rrl2qpjdq2zsshb8z04uqt2bx9gc2vvo4dhj6ohphso83bx1avtfxu61xm41fm9f8uk2nzfzh:latest/label_metrics.table.json", "path": "media/table/label_metrics_189_aa3cd33b9b21978d8f44.table.json", "ncols": 6, "nrows": 5}, "test_predictions": {"_type": "table-file", "sha256": "7d2fe41fd65eb0b4dfc583a4f53f558002f9443a8bb7400b8f24bb0ed6d9b79c", "size": 90939, "artifact_path": "wandb-client-artifact://be27ia8phc3hqopj1xp0z170hmffnt8mb4gklcjqhw5eowby03ab0tcdzfoheuyid60j41qxju1383ptwpahjhmny7nvuhwvzmuqo1uh06ecyarkmhqz353sbvqcmuao/test_predictions.table.json", "_latest_artifact_path": "wandb-client-artifact://h7fh85atl0ifdi03shriziuoc0jyzzwakrc49yf1u0t2e6jszvc02umzefv25vrumvyi87ftgt9txnynyhekj3tf7itwd9yoskhhajei4hen45rnux9xiz4ghi16zg6g:latest/test_predictions.table.json", "path": "media/table/test_predictions_190_7d2fe41fd65eb0b4dfc5.table.json", "ncols": 8, "nrows": 168}, "test-metrics": {"_type": "table-file", "sha256": "94602dd318fb2ca4ed970b3009e64522f5ac884125451438926b234f876a0681", "size": 196, "artifact_path": "wandb-client-artifact://pd0iyzuho3mxxeejdu4jpvohlmnlv9yzta5mxdde6kkbmc02tvmi7hd14itb3eqkckkt1xb8am7jbjpc78jl5he2pl3g8teb4y5l86b9gtckyux0t3v57invb24opmve/test-metrics.table.json", "_latest_artifact_path": "wandb-client-artifact://glj926kfu6ujh3p9oran9mwhydmttpvmdh6fi6forlu3zwhe0u7aqr37js7sc0um8kdx5nuk4obns8yknztla2mjd3ayngw1sckm3x10ee72qty8zkt6ug9cj1b7246h:latest/test-metrics.table.json", "path": "media/table/test-metrics_191_94602dd318fb2ca4ed97.table.json", "ncols": 5, "nrows": 1}, "test_connective_metrics": {"_type": "table-file", "sha256": "70c16404f1604ddef2402ede475bbbcc596669565322455aa94ee48c6a2812e2", "size": 407, "artifact_path": "wandb-client-artifact://53t7ddf1zo0ice61hvf24zlk5pq36vftamsqhyg0q6zz3btg3hqula0tal8wxxph0yd2ez8v33jv41cei8jf6402kqyk28xzxj4teepvxkxa9ikox2jff2lnanzdugk7/test_connective_metrics.table.json", "_latest_artifact_path": "wandb-client-artifact://zajef1q2n4v2fd7ztp04tvhq4fo8efo0ditkno66v968ui9bzms76mnuevej8c14x7zqhoz00bagm8l3t2dvryrn6hf4294r8s1o5a8u1f64rellasw9cxajrgaw3meh:latest/test_connective_metrics.table.json", "path": "media/table/test_connective_metrics_192_70c16404f1604ddef240.table.json", "ncols": 6, "nrows": 3}, "Exclude_counts": {"_type": "table-file", "sha256": "1b351f34479cdfe9bb187a7d7913779d5623e98ab90b705bfa6a94767059f967", "size": 72, "artifact_path": "wandb-client-artifact://rfqzbqkk2hld5ywall06kn314k9tu3fjx5xl2t1eryec05xk6vsj34ub5gqj2x21fkcjlc3fvskuuheiuygf99cv98s9biny5vducdzvioeeyttcp2vbb1rouccdhy61/Exclude_counts.table.json", "_latest_artifact_path": "wandb-client-artifact://mv4r6b985hup6p4effue647dn9wpk0haxvacsxu62i2shl1xxl55e1xa1dvwwnugiwjcb376wn5vl489a8bzrr6w5ev7ihfmege66dj37eaogsnizoq4i3lyqecztt5d:latest/Exclude_counts.table.json", "path": "media/table/Exclude_counts_193_1b351f34479cdfe9bb18.table.json", "ncols": 2, "nrows": 1}, "_wandb": {"runtime": 1384}}