{"test/loss": 1.7156797647476196, "test/accuracy": 0.0, "test/precision": 0.0, "test/recall": 0.0, "test/f1": 0.0, "test/runtime": 0.2441, "test/samples_per_second": 40.965, "test/steps_per_second": 8.193, "_timestamp": 1736695293.3880568, "_runtime": 25.017854690551758, "_step": 23, "epoch": 4.0, "train/f1": 0.0, "train/accuracy": 0.0, "train/precision": 0.0, "train/recall": 0.0, "val/f1": 0.21333333333333332, "val/accuracy": 0.4, "val/precision": 0.275, "val/recall": 0.2708333333333333, "train/loss": null, "val/loss": 1.599637746810913, "eval/loss": 1.602423071861267, "eval/accuracy": 0.4, "eval/precision": 0.3125, "eval/recall": 0.2708333333333333, "eval/f1": 0.22999999999999998, "eval/runtime": 0.2961, "eval/samples_per_second": 33.767, "eval/steps_per_second": 6.753, "train/epoch": 4.0, "train/global_step": 8, "train_runtime": 20.3494, "train_samples_per_second": 14.742, "train_steps_per_second": 2.948, "total_flos": 10524725698560.0, "train_loss": 1.698500633239746, "label_metrics": {"_type": "table-file", "sha256": "d0fa3d4514044cdf6a9e71f37d1b7fbc42896565f9afe4009a546c6073cd0206", "size": 327, "artifact_path": "wandb-client-artifact://hih3xnysypw6b9wjs8w4vc1ofjay1974bne86zwwt2qtri8t7b3nb2js5wm8oprz1ug7l2xe0kuzpoom6v7ct0m8yt0n0cmwk5t3iiafikjolhewmqvkd4vgvm1flcpj/label_metrics.table.json", "_latest_artifact_path": "wandb-client-artifact://awpel4pqtk4sfa3cte65tf5mrbpcd3brjtbmp7onsqp1m4lsrxsdvjs7itzoke58lmmkd83v18rn17mj7k4ie6yulzcccl3tnhkuw66qnz7fdyxx5dgwalg859l1vh5s:latest/label_metrics.table.json", "path": "media/table/label_metrics_19_d0fa3d4514044cdf6a9e.table.json", "ncols": 6, "nrows": 4}, "test_predictions": {"_type": "table-file", "sha256": "9a3c75a25d66f89e6b038ff7bf8a6acf75ffdeeef9290ffe549522ff8827dff0", "size": 4964, "artifact_path": "wandb-client-artifact://k04skqg5cbf28li1l435227z2ukkq3h3hypmvtkl4rtlrjw39cdzlos1f5o194wi4dzbr8dije2c1kwj8di2pmq6rg9m13kxeokqwt7c8aufk96pwwekyjx0781ryv7m/test_predictions.table.json", "_latest_artifact_path": "wandb-client-artifact://rkwt1rpt87jw16386vrwrkx43mcwxsyk25yrepfq1s28r1lpp27mb20euyizytc4otn7b4an21ff48avj8on5u7hnb5erwew0m32559x4y0hhl44rrkjwx37ayf1q984:latest/test_predictions.table.json", "path": "media/table/test_predictions_20_9a3c75a25d66f89e6b03.table.json", "ncols": 8, "nrows": 10}, "test-metrics": {"_type": "table-file", "sha256": "7a0e23bdb900e7860a58ddb09d3747f1ea33fbf4e078a89879ce1718efa23a46", "size": 130, "artifact_path": "wandb-client-artifact://3k9trn922r5z9dsqklpehflscu759c8vgeujjgjoy260f7ldzgzw6ew2to6ipp7y82z3z17cmenmgd0ga03429gzsqgdgw78zi9clbih489kgrgz2zu4xdlm0q2flkyl/test-metrics.table.json", "_latest_artifact_path": "wandb-client-artifact://7qkkcabeomyeubim190lcpgmwpyxyejzkyuvsgehgh8t2j5zwlorh9etcpfubdltl85icdobduiithyxaw3xd8ku45qwncifd8fk40mdbzggae6fd9pxw7fse6xcuwlz:latest/test-metrics.table.json", "path": "media/table/test-metrics_21_7a0e23bdb900e7860a58.table.json", "ncols": 5, "nrows": 1}, "test_connective_metrics": {"_type": "table-file", "sha256": "2460a33ae9e4ea33d9a8d20258d1cf0602079f79ddf1c7b00d711745ae8f9533", "size": 151, "artifact_path": "wandb-client-artifact://4u2e6a9ztli42m4518byb3rvogd8vyhvb8jel9ngfda34yt8yu5rf3vi1g4m9l8fpig0ve9liwtyqdbw9in1mc0y6x1b7tzrxu00o69p8vvuhror3v66xdm9y0bpxeeq/test_connective_metrics.table.json", "_latest_artifact_path": "wandb-client-artifact://j2kh6ymwx7zo94f18usx4ay76cx1gxipfrca9tipamg47cvinq9dto2m3bhkt2wjmrrpga1u6icp4yfyweev85qpzydh31x6o8mmcuwk4rphe1mwakobnixb3s0mzuxi:latest/test_connective_metrics.table.json", "path": "media/table/test_connective_metrics_22_2460a33ae9e4ea33d9a8.table.json", "ncols": 6, "nrows": 1}, "Exclude_counts": {"_type": "table-file", "sha256": "3a3e16eee488be4d9705c81c282778d2e17c222f184cef71ed7ae945012d1110", "size": 66, "artifact_path": "wandb-client-artifact://rr6j41j0x5f3jpv8u5tlc9rapt730vfh6j9pfdi1swu1j01mqu9dij9llt4czwhq3x3rqkl6ea4m7166pug5qstezzv2mvfs6wcilhnvquluuggmucpbjk5i9ume9h0m/Exclude_counts.table.json", "_latest_artifact_path": "wandb-client-artifact://olu7fg3ebhk4jrvpuxxz3bitw1xu3aoldy7w8ffosp99x7i4ehs5ia8vuwm23v38tamo1jdvziab19wh7ot7pky5lbe6f1de8gdjzmkdiamxj0lxxmvz0ns8o2ytreu3:latest/Exclude_counts.table.json", "path": "media/table/Exclude_counts_23_3a3e16eee488be4d9705.table.json", "ncols": 2, "nrows": 1}, "_wandb": {"runtime": 34}}