{"train/loss": 0.0466, "train/grad_norm": 0.014660206623375416, "train/learning_rate": 3.148558758314856e-05, "train/epoch": 13.0, "train/global_step": 2171, "_timestamp": 1738321832.2096925, "_runtime": 932.929696559906, "_step": 276, "test/loss": 1.5244085788726807, "test/accuracy": 0.7380952380952381, "test/precision": 0.6692682926829268, "test/recall": 0.588228960667985, "test/f1": 0.6033032382328157, "test/runtime": 1.8704, "test/samples_per_second": 89.822, "test/steps_per_second": 11.228, "epoch": 13.0, "train/f1": 0.9788362411333704, "train/accuracy": 0.9932584269662922, "train/precision": 0.9660443499153176, "train/recall": 0.9931727793530793, "val/f1": 0.4313757727652465, "val/accuracy": 0.7664670658682635, "val/precision": 0.557948717948718, "val/recall": 0.43583333333333324, "val/loss": 1.5679080486297607, "eval/loss": 1.4504321813583374, "eval/accuracy": 0.7485029940119761, "eval/precision": 0.6220030737704918, "eval/recall": 0.5654166666666667, "eval/f1": 0.4961657660521297, "eval/runtime": 1.8584, "eval/samples_per_second": 89.861, "eval/steps_per_second": 11.3, "train_runtime": 925.5916, "train_samples_per_second": 43.27, "train_steps_per_second": 5.413, "total_flos": 4566415362462720.0, "train_loss": 0.3139836190560696, "label_metrics": {"_type": "table-file", "sha256": "c256cc25e55f657a024dc8a71b1e844afdc4c3aba7852369be6aa9d14dbd360d", "size": 643, "artifact_path": "wandb-client-artifact://rcg9ms1uqffxuijc9yy95ask9psdlkz3eext9vslkjqnfbcxkq68btqupcc61icr355vhccy346cqi43fmocq0lk7xwtj3us1vzdoyb5v9k9dcgbk4k6mo85paz5de1z/label_metrics.table.json", "_latest_artifact_path": "wandb-client-artifact://c93u35xv20beelpy7v9ui9hwcxwkqa86bjyvl1k34msysn3vrkty5otfjkym6c8sotqik3c54wvlzd18oo6yc0bzo4o2jyhr8ux0tziwfg226ih4eevdobluuzsc3mam:latest/label_metrics.table.json", "path": "media/table/label_metrics_272_c256cc25e55f657a024d.table.json", "ncols": 6, "nrows": 5}, "test_predictions": {"_type": "table-file", "sha256": "a1bc94ef593acdd8ec4fc9f25db0cb4353afe8162b892179788a6a1499032ff7", "size": 92427, "artifact_path": "wandb-client-artifact://51ub5yrwoe8ycv1kr1fo1i3pyk3crvkekt5lndek3nuxlpzwgasnobgx99m3zfsngq8i5y55bh4r0p9a25wviw3sh1c27jehuwilq2u4l5ysckrbt3ewm0s5fphgw8vx/test_predictions.table.json", "_latest_artifact_path": "wandb-client-artifact://dg43xrwzwdm9xfnqjoj6m3wtdorp1jr5iywdfj98l9578kkmup6f7h0nmmachq30bt75im8jyyqdwy6cbekd5k3d39ypa5tsopazkviodlamx4n5lgjvt57pz2yhksun:latest/test_predictions.table.json", "path": "media/table/test_predictions_273_a1bc94ef593acdd8ec4f.table.json", "ncols": 8, "nrows": 168}, "test-metrics": {"_type": "table-file", "sha256": "67af88644d918a4088c18dc4b411d93e0b9e3f148940509317bd4ff2d594b160", "size": 204, "artifact_path": "wandb-client-artifact://m4vnub3woplq2hpueuy78z9um9pdftzi0ch16kx2w5m350bafy4q9thk7a7ketylp125ttzxwn6vfay2368dgv8zle10asi0judm9d9fhsha736ngut6gx5kms1hju9b/test-metrics.table.json", "_latest_artifact_path": "wandb-client-artifact://nsi62nvb4ofy5orsggpgo38ez2809jffvrogn54igfvo6isfd2151opdb2j84u8ifb8sl3gcb50cxh92ol3f1xhrg7afbfx1fxcqkv0x99e1qgd2jrnn09mbhdul4qf1:latest/test-metrics.table.json", "path": "media/table/test-metrics_274_67af88644d918a4088c1.table.json", "ncols": 5, "nrows": 1}, "test_connective_metrics": {"_type": "table-file", "sha256": "934facbcd59931727fbf40bbf17c6c213bc3dc212a32f0d33526495562ebe521", "size": 440, "artifact_path": "wandb-client-artifact://jq0kvq42papnrlqb2eh6ki9fwg9rucizgnpo7t15qfsp1fn06k8pityfsjq723j6d6zccr0ryzsxj5w031l8ag120n0orq5l5do27itu5hktsj4t2bsf36x40q8wt4kq/test_connective_metrics.table.json", "_latest_artifact_path": "wandb-client-artifact://bmitieq8hbopwemfkmqonrnc5gi9klm73cy8d20w1d1xum827suierdka2tpam677yqz8tw1j913z5y2jpj4h6dxved6w4e7wv8d8k773at6vpxf8dnqyo7d4cxmwkb7:latest/test_connective_metrics.table.json", "path": "media/table/test_connective_metrics_275_934facbcd59931727fbf.table.json", "ncols": 6, "nrows": 3}, "Exclude_counts": {"_type": "table-file", "sha256": "8b86e7a1588758fbb07bee8a7880f2d3547da30bed57fef68d6c53a42a079412", "size": 81, "artifact_path": "wandb-client-artifact://10lzdnsw9fe8otqwgvn7ni3kw4cbbxgimujftzx4134rbhooalq1nn1hvlal8ynn76de9vzjjprrdmqx1zxfvnc1jie16yjl8h1uln1hw04o8gvvfaujznqqji7mm3wn/Exclude_counts.table.json", "_latest_artifact_path": "wandb-client-artifact://bkjobpmtc3dic5fkjtwd2bst8tuvj1k3si9e8c5ypkwbvrer0lqwyp9uop70yef7fsjccwabjfa41mfv1wdtibpwr7fwl2eat6su0fvjqfdrsb9v19w6xhkdojkj6s0g:latest/Exclude_counts.table.json", "path": "media/table/Exclude_counts_276_8b86e7a1588758fbb07b.table.json", "ncols": 2, "nrows": 1}, "_wandb": {"runtime": 941}}