{"train/loss": 0.3182, "train/grad_norm": 0.35254403948783875, "train/learning_rate": 3.52549889135255e-05, "train/epoch": 11.0, "train/global_step": 1837, "_timestamp": 1739871294.7375705, "_runtime": 1682.8013916015625, "_step": 235, "test/loss": 1.1565325260162354, "test/accuracy": 0.8273809523809523, "test/precision": 0.8109195402298852, "test/recall": 0.6221709514392442, "test/f1": 0.6831042230596394, "test/runtime": 4.431, "test/samples_per_second": 37.915, "test/steps_per_second": 4.739, "epoch": 11.0, "train/f1": 0.9448850870499352, "train/accuracy": 0.9895131086142323, "train/precision": 0.9402100580800221, "train/recall": 0.9520024825839801, "val/f1": 0.5722236516257679, "val/accuracy": 0.844311377245509, "val/precision": 0.6685763888888888, "val/recall": 0.5458333333333334, "val/loss": 1.019516110420227, "eval/loss": 0.80379718542099, "eval/accuracy": 0.8862275449101796, "eval/precision": 0.8824230205278593, "eval/recall": 0.65, "eval/f1": 0.6712168978562422, "eval/runtime": 4.4029, "eval/samples_per_second": 37.929, "eval/steps_per_second": 4.77, "train_runtime": 1670.0798, "train_samples_per_second": 23.981, "train_steps_per_second": 3.0, "total_flos": 3863959214607360.0, "train_loss": 0.29213305798911315, "label_metrics": {"_type": "table-file", "sha256": "b03a322dce34779be0bf2e75d512135091c2fc33eb17b1c9349ce6e6e7127a0a", "size": 622, "artifact_path": "wandb-client-artifact://b4cj783zem30yt62ou7ucmnw9d4q3lu8i21mn4ud1e14w3xvdbu19axdz6fhfrqpkmuirm3pvdjjjisl9e9o1yfdjegy8h5b3bd60trwvxgkq7vr3d9sfacyzmgbp09t/label_metrics.table.json", "_latest_artifact_path": "wandb-client-artifact://y82xgh6r20zkf40t3fo06vk68nbjkey82j6mgxpss71cdtzn4xlrcoefketf18xfhqqu91noebod563vgcmzuyj4x6p3fung03uwk0rro2y2bb1yd6cffef6d4srrk8l:latest/label_metrics.table.json", "path": "media/table/label_metrics_230_b03a322dce34779be0bf.table.json", "ncols": 6, "nrows": 5}, "test_predictions": {"_type": "table-file", "sha256": "1dcf6e3544a609f5df8a135055cb6609649bf905096cb6ad73189096276efa80", "size": 88264, "artifact_path": "wandb-client-artifact://hk6zj5u2ejunyqqcnoq5r2ywlhzk83pn3dr7apqpkw7qg2dt4ki1btry8snnl1p5avvh68yzfh4wkqh27kfnp45bs9ps0794mbyt4cmcwukqefxhj019s181o35zkppk/test_predictions.table.json", "_latest_artifact_path": "wandb-client-artifact://a2gjyncbhrxwmdc9ct2fsew09k8l0idg9sd14z14eynycxh6g4ytqm8v1fkttmpf8jphoy54poemgpk9m9nv55bp2zbadnaaypqb414yosyl7p6ecmnnx6m947p8hhno:latest/test_predictions.table.json", "path": "media/table/test_predictions_231_1dcf6e3544a609f5df8a.table.json", "ncols": 8, "nrows": 168}, "test-metrics": {"_type": "table-file", "sha256": "79f6617576a0d0461aeda483727393824776eab664c25b3c74b4982924a3bfc9", "size": 201, "artifact_path": "wandb-client-artifact://pizj47pgdckxopsz2iqdkhik1iy8xoq2ow1j7gd5nz74odv9myll8uv4lvpq96q8kpo78eg9wx1flputhhofjbqmiy5x16kxw9fgkjjboogn4ftiaqzaste9y9szsypw/test-metrics.table.json", "_latest_artifact_path": "wandb-client-artifact://5vhzwc3ofw7mmsd3uin567ksm225v2ocuykexsdlr7124w58wldccua7qlh1y366zr5z6x8oj3tgyl2z40x4ba6dufp6u62eqnap0c6oxhju76kdpx8wifmgztnuxhox:latest/test-metrics.table.json", "path": "media/table/test-metrics_232_79f6617576a0d0461aed.table.json", "ncols": 5, "nrows": 1}, "test_connective_metrics": {"_type": "table-file", "sha256": "953c81684c16a3476aae47bbf6712b18b28e3fdca3541146a628e05ddab22675", "size": 425, "artifact_path": "wandb-client-artifact://lb6bulu9w2pmxdqjles1650nt3bnstmknebv1k6hruh7bhiyd32kotqv1vy82ph8h0q82puxqxboy6e2acbnyzer06igvkd8mejl3m2pw4ln8n0z3ondkg00kg1gqxdi/test_connective_metrics.table.json", "_latest_artifact_path": "wandb-client-artifact://1pmula9g30kfb35m7in5l8df1vwbfjxqnydlftv3r20hq4lt1vo71lxha88do0lkji664266nfpe04pzsdxzaxwz9rpl6cl8r5t00idwsbmehoczlbd3a2z09i2xgzns:latest/test_connective_metrics.table.json", "path": "media/table/test_connective_metrics_233_953c81684c16a3476aae.table.json", "ncols": 6, "nrows": 3}, "Exclude_counts": {"_type": "table-file", "sha256": "77258b7129a4391441f72a7439756a1d881e220753ec917f090c57798cc106a7", "size": 79, "artifact_path": "wandb-client-artifact://w553iqsxv9qwltuhcl1ngg14n85e3h1gxuveuj9zf3y51366kykosicl6t3u7kmakt39cy0sfdun8xa6f8hti43kb035a6swfhr7xbw9zd3ctij6nsfo6ijpzxjxjiri/Exclude_counts.table.json", "_latest_artifact_path": "wandb-client-artifact://6mqvl579f5jlll2os4nnn4nr0uykkh7ijl8q1cmnsourpjow81uccou2au44ydue0fucn4lwmkhoyamj94l9ds3kgjpxwmlsadecmx2kuhnpio3hs72m3f2un6l6fern:latest/Exclude_counts.table.json", "path": "media/table/Exclude_counts_234_77258b7129a4391441f7.table.json", "ncols": 2, "nrows": 1}, "_wandb": {"runtime": 1690}}