{"train/loss": 0.0879, "train/grad_norm": 0.005398783832788467, "train/learning_rate": 4.26829268292683e-05, "train/epoch": 7.0, "train/global_step": 1169, "_timestamp": 1739591188.45572, "_runtime": 1072.3663778305054, "_step": 152, "test/loss": 0.998046875, "test/accuracy": 0.7678571428571429, "test/precision": 0.6227678571428572, "test/recall": 0.4900703142166556, "test/f1": 0.47920350494208963, "test/runtime": 4.4222, "test/samples_per_second": 37.99, "test/steps_per_second": 4.749, "epoch": 7.0, "train/f1": 0.7724433722569931, "train/accuracy": 0.9842696629213483, "train/precision": 0.9557373171784778, "train/recall": 0.7815889181411348, "val/f1": 0.5326412754984184, "val/accuracy": 0.8323353293413174, "val/precision": 0.7385385808999858, "val/recall": 0.5379166666666666, "val/loss": 1.1509183645248413, "eval/loss": 0.535650908946991, "eval/accuracy": 0.8562874251497006, "eval/precision": 0.7674242424242425, "eval/recall": 0.65125, "eval/f1": 0.5879120879120879, "eval/runtime": 4.3957, "eval/samples_per_second": 37.991, "eval/steps_per_second": 4.777, "train_runtime": 1059.7115, "train_samples_per_second": 37.793, "train_steps_per_second": 4.728, "total_flos": 2458883136568320.0, "train_loss": 0.3744612106761813, "label_metrics": {"_type": "table-file", "sha256": "98d39f5ce14a313fb21435114727a329dae031ca9b837625b02e63415a711a38", "size": 525, "artifact_path": "wandb-client-artifact://npx2uunhv4chib1twum6p07mq53bocw9fagwhr81miy2wla957k3pknaeu2fhb9elkw221mmx6yr08nl3szi3ubjua24i36n0kvwikpnenlqqskg9ui2nqhrybsjgdax/label_metrics.table.json", "_latest_artifact_path": "wandb-client-artifact://6s2txs30wcsxc6h25wvu264l9a3aurvizhpcsnry3dvnwif6tmyk45t7h0neu5dlzblntsbyo8smrkdlu65snb11fgqftojksgov9c727nejzzegz7dbm6vhhkled4uj:latest/label_metrics.table.json", "path": "media/table/label_metrics_147_98d39f5ce14a313fb214.table.json", "ncols": 6, "nrows": 5}, "test_predictions": {"_type": "table-file", "sha256": "add65c7ba2157ff2b281863d5001a6d6a43212d8b1ae50007fbf2ebb6da7395f", "size": 53610, "artifact_path": "wandb-client-artifact://wet9p52jdbjbludzsygzz6kl2b80lsutf42hcimalwwn1pq0bosw9vipbsbj99h6270urprxnn7yigdi38oprsx68a3p9wobtngb4jazuni3tj1b3rlaqxrk8ftqkbvm/test_predictions.table.json", "_latest_artifact_path": "wandb-client-artifact://0usmn5jmba9qwfe852zc09gmz9gvxay44npkidey4dt31gbjxjbfr43hj1m8qd9b1xszzq8oi3fltw8fg2r89tzn0jcyiyhhz04it5akv9w870m5cc0bihtkfaxogalu:latest/test_predictions.table.json", "path": "media/table/test_predictions_148_add65c7ba2157ff2b281.table.json", "ncols": 8, "nrows": 168}, "test-metrics": {"_type": "table-file", "sha256": "10b3db9156723cdf4b1cf21717be2d724a725eae7d2455a6a9407e79601b3cdc", "size": 196, "artifact_path": "wandb-client-artifact://ymtl483etvdwe9ub9q3mg5n20po1yaehs0nhyc2j79qps4qep6ucvhpgqkl2p64e1kmiuhz6vmxig6f5ebez9o9d7yd3e4jm2z18txzu964et5k7q0geluublyx6mxx1/test-metrics.table.json", "_latest_artifact_path": "wandb-client-artifact://chtnl26jfal8bco9f6zitx9b2qor2rzcnmvcw1g2cpdqahruwjpvzsnq9fs1e3cpw6xdfvilw22sch98k7hk2mduzpdmo770491lanskcvgxuk8mgksfe28h5nvy55ql:latest/test-metrics.table.json", "path": "media/table/test-metrics_149_10b3db9156723cdf4b1c.table.json", "ncols": 5, "nrows": 1}, "test_connective_metrics": {"_type": "table-file", "sha256": "faea0e41c5cd7b100e208211d22d109a64d6f5653dc75a136f9e03bbec402e0f", "size": 423, "artifact_path": "wandb-client-artifact://7goxebhr4z1janr9v3x204r9ertveu1qd7mjbfzb3ctp74oozhsiu812yevhlrfufp9n74j1nqekxs8x4t1ljrylapnlh1r9j3wip5lh227wmt54piv31n2m6qes8jpm/test_connective_metrics.table.json", "_latest_artifact_path": "wandb-client-artifact://2cn229rua7o7rdmgoewlb8bwnfttq0q7n02rltf6t0ei57i12439bn67axv8oz9nyvp6ku9ffvuojv622c4kcoad0kyfjob4cbba2udpdn3uigmt64yemmw6lhuc27jp:latest/test_connective_metrics.table.json", "path": "media/table/test_connective_metrics_150_faea0e41c5cd7b100e20.table.json", "ncols": 6, "nrows": 3}, "Exclude_counts": {"_type": "table-file", "sha256": "14b17048af7d70db18371f6d087e4493b63d0c540484cbe27bc06c81be6115b0", "size": 74, "artifact_path": "wandb-client-artifact://f2lrdo5xtd9nxynnbfm204qwny7zwvbg1xcym7ku83qortkc7j46hsliyx6w3mf8lukc5k197hi2wtvwrbdqx9kki42vc3uky74xags7vtgdwb86ofrr8nexei9ixvq1/Exclude_counts.table.json", "_latest_artifact_path": "wandb-client-artifact://9e41yq9njk0exj53xdh9dg7310rr9la05bev9tytywxe3oy715lie03rmx1dmwqfqz8wasgy684ctbljlbdw12ehrczkxoic6r5yxlvujhb7f4ri6b5t7lkd59n3r0jl:latest/Exclude_counts.table.json", "path": "media/table/Exclude_counts_151_14b17048af7d70db1837.table.json", "ncols": 2, "nrows": 1}, "_wandb": {"runtime": 1080}}