{"train/loss": 0.0013, "train/grad_norm": 2.9826064109802246, "train/learning_rate": 4.0798226164079826e-05, "train/epoch": 8.0, "train/global_step": 1336, "_timestamp": 1736770280.011167, "_runtime": 580.1974041461945, "_step": 172, "test/loss": 0.7771836519241333, "test/accuracy": 0.8511904761904762, "test/precision": 0.7636739417989419, "test/recall": 0.6803933201494178, "test/f1": 0.710571006645336, "test/runtime": 1.8786, "test/samples_per_second": 89.426, "test/steps_per_second": 11.178, "epoch": 8.0, "train/f1": 0.9750507497073755, "train/accuracy": 0.9925093632958801, "train/precision": 0.9936809569480871, "train/recall": 0.9583303410318187, "val/f1": 0.7600464576074332, "val/accuracy": 0.8922155688622755, "val/precision": 0.7912698412698413, "val/recall": 0.7558333333333334, "val/loss": 0.5969024896621704, "eval/loss": 0.46758654713630676, "eval/accuracy": 0.9041916167664671, "eval/precision": 0.9063953488372093, "eval/recall": 0.8262499999999999, "eval/f1": 0.8427137119908205, "eval/runtime": 1.8632, "eval/samples_per_second": 89.631, "eval/steps_per_second": 11.271, "train_runtime": 571.8844, "train_samples_per_second": 70.032, "train_steps_per_second": 8.761, "total_flos": 2810101761515520.0, "train_loss": 0.3107116656467837, "label_metrics": {"_type": "table-file", "sha256": "527d7d2f71223ff51153a3dc1fc1cbb0818f9c7a366febd630ecb02d2ba2dc76", "size": 595, "artifact_path": "wandb-client-artifact://ohfg8jw98hntzuq1p3prdl5kg3ikyn73tzs698uijb4m76eaeod7s4x3xg5q33f1cnyqvr30oeccqx5im8sdm5ngvgpkuvshqrh60ziswtqob4ti5fyuq6jil2gj564a/label_metrics.table.json", "_latest_artifact_path": "wandb-client-artifact://yzb5fllsld1cdak7bluxkv665a05rhanpfl1k5hp2zr6ogv0ac4bm7g63n5ubg9g9b7aoseyb5w1a8bjs76q1mpit6d1na4ytkg9gx73y3nqrxh1w58hhwiz727v20lf:latest/label_metrics.table.json", "path": "media/table/label_metrics_168_527d7d2f71223ff51153.table.json", "ncols": 6, "nrows": 5}, "test_predictions": {"_type": "table-file", "sha256": "c7b1e0ffe7206cddbb0cc830dc82a3230bd793851f77a27f1ff227657a2f382a", "size": 89152, "artifact_path": "wandb-client-artifact://vn8fgl06xe0hrx7gi6l5lzd0twld0jsqqtr0d55vfvyyywt0vcw2k53tjzb6v11lx7kw5s2dl9cqmjb6ycpi1acukj53y6zaiv4114thddl85uybly42axyclqwka5dv/test_predictions.table.json", "_latest_artifact_path": "wandb-client-artifact://b23ln58pb0diuftnopcvmn0nu02f97quh6db5opp7i7fy9g0jkh3m5qgpaxut0q7zwtzqyqgohnwly1i3xoaach36mqbg9zphnmaehndke64ao3c6nz1ovgnpkkl39yo:latest/test_predictions.table.json", "path": "media/table/test_predictions_169_c7b1e0ffe7206cddbb0c.table.json", "ncols": 8, "nrows": 168}, "test-metrics": {"_type": "table-file", "sha256": "a92875c8f48adff2a3918ec4fc63439d3f45b2478408d1c1fbe83397e0628c9b", "size": 199, "artifact_path": "wandb-client-artifact://totjsqpspdxz9g9q3cq4ievnd4m48hw3nn2rve306oa85nt2jdzdll5pnocr3s3x7zeu194aw3705iqd9pdfbn1phyowrtkxdqkg3x0p4bgo1tz8sm90bk486o3di4yw/test-metrics.table.json", "_latest_artifact_path": "wandb-client-artifact://ttydn5cwtztd3y7dd5mkx7pmyvbpufvia4c6hi2fkny11agzxcwb33lit72lfas4rfja7wb012t1gf2i39qfy4gxjbejff28cwlmp13r2xetctrcxjyuazxfyq0sluow:latest/test-metrics.table.json", "path": "media/table/test-metrics_170_a92875c8f48adff2a391.table.json", "ncols": 5, "nrows": 1}, "test_connective_metrics": {"_type": "table-file", "sha256": "ed20a70e1f047ff349112d8d56fee06d50757229f1475e04408d297e45201e94", "size": 422, "artifact_path": "wandb-client-artifact://t8v9bqzw4yju2towsprng7l2otcaz8cctpve2ymzv4z92w88nka7p0nq9iw150w808ugll1ph251fs6m6vxgwobf4g3lj6zq0s7hnicaxw3bck7iww90lmr5gzzdg296/test_connective_metrics.table.json", "_latest_artifact_path": "wandb-client-artifact://junkuuhnnqqppt7ndx6sdyo5odti5vjo9ooimbbe4nqtgcty0r6w8w0b5jrbsw4lj0gvtwy77ykc1j78u5linewpuzl4s3qvy1uzi1rx0k2y67fvjsasi8xgacrmppz0:latest/test_connective_metrics.table.json", "path": "media/table/test_connective_metrics_171_ed20a70e1f047ff34911.table.json", "ncols": 6, "nrows": 3}, "Exclude_counts": {"_type": "table-file", "sha256": "1315d459f2edbaf5a26cf162c57611f734e37385686ca35ad763b16ff92f0e5b", "size": 77, "artifact_path": "wandb-client-artifact://97zp8ctadkl42fc2zbyi22qlujm51bkt5klnmrr9v7c3x7rka7hvl7jljjl5kl882xcwdrjkpke9tj7sar6g00kfrxgg9ewbl3g2gwchze8z6v110b2p0onttwxf3dd5/Exclude_counts.table.json", "_latest_artifact_path": "wandb-client-artifact://aher5q7zr6ybqv2giiemgx03hc3bvpd072vfy1phw8gl84ql8izgbcvf46z8zlqbxdc4izpwnhn9wga7e1xucbf3wip8ffcl6iwu8fvaoch46ucqftxxd05nmzm1nsel:latest/Exclude_counts.table.json", "path": "media/table/Exclude_counts_172_1315d459f2edbaf5a26c.table.json", "ncols": 2, "nrows": 1}, "_wandb": {"runtime": 588}}