{"test/loss": 1.6420186758041382, "test/accuracy": 0.3, "test/precision": 0.5625, "test/recall": 0.3, "test/f1": 0.24000000000000005, "test/runtime": 0.1147, "test/samples_per_second": 87.162, "test/steps_per_second": 17.432, "_timestamp": 1721572285.958084, "_runtime": 59.49760603904724, "_step": 131, "epoch": 30.0, "train/f1": 1.0, "train/accuracy": 1.0, "train/precision": 1.0, "train/recall": 1.0, "val/f1": 0.13571428571428573, "val/accuracy": 0.2, "val/precision": 0.21666666666666665, "val/recall": 0.2, "train/loss": 0.7336, "val/loss": 1.6395593881607056, "eval/loss": 1.5930664539337158, "eval/accuracy": 0.3, "eval/precision": 0.3333333333333333, "eval/recall": 0.3, "eval/f1": 0.15, "eval/runtime": 0.116, "eval/samples_per_second": 86.198, "eval/steps_per_second": 17.24, "train/epoch": 30.0, "train/global_step": 60, "train/grad_norm": 10.448659896850586, "train/learning_rate": 6e-06, "train_runtime": 55.1137, "train_samples_per_second": 5.443, "train_steps_per_second": 1.089, "total_flos": 78935442739200.0, "train_loss": 1.2301624615987141, "label_metrics": {"_type": "table-file", "sha256": "70d3bc92cda05fb75c2502a59068d448c5fcc760e9e159844074a7800c37a3b1", "size": 278, "artifact_path": "wandb-client-artifact://y2g78n3uu48ob2owl36ttv53liug1j5ooiy5zkbq220bpniogifpc85fxx3032v8ejh2xka33g2qwfumcwvpdl3gn0e8j7d8qom1vnc4sunu1u7qj5xhlo8azu8bos1n/label_metrics.table.json", "_latest_artifact_path": "wandb-client-artifact://ch3bscejzvks13so6hhmtvynx095nm8yiroaileho9as88bk56qa62wr4io34b2t8vl8831jujtzbkyly4hxbt5wrqs7k2qmg0l68cu2y79yqflaco8wleq22ms50z91:latest/label_metrics.table.json", "path": "media/table/label_metrics_129_70d3bc92cda05fb75c25.table.json", "ncols": 5, "nrows": 4}, "test_predictions": {"_type": "table-file", "sha256": "f7d1f8a04e72e075abb6d6aaf0dbb84111086d5f711ce2ea1f35dacbfe85c794", "size": 4641, "artifact_path": "wandb-client-artifact://wj3gtu8aa2mjc5tg1asctl5xm8h4a2t9p50q04vo4cwwaefm3zqu5nedmlloba6ldt9lwzr4g9vfggr5mdlv5bj80sw1tahz745dvylrcnn5inyr7ua5rq1cvet324ka/test_predictions.table.json", "_latest_artifact_path": "wandb-client-artifact://3qk4w2dfaf7sxm5a3bgvu0hsezddxnpmz3yhyd2yna35lrvov9o78m3sj25wnljqui0drs98i5o2wcshtkygd2kuqkvss98eokszt49ycn9tynjdv1xiyyo25m25qupl:latest/test_predictions.table.json", "path": "media/table/test_predictions_130_f7d1f8a04e72e075abb6.table.json", "ncols": 6, "nrows": 10}, "test-metrics": {"_type": "table-file", "sha256": "ec7801f56c70601654f80da742204bac9974077f4b108c527e1aba8127421d56", "size": 149, "artifact_path": "wandb-client-artifact://5zbc1tk70tl1x31tct0b2o0wipxnm4lx3v5s7tzomduiwj2da98ihjhhnc3q1mdacskqnomhyj1fliecogij6sx1ekx3ssyc652uu2r06b4ne61dipvdu2b4y6m6jtx5/test-metrics.table.json", "_latest_artifact_path": "wandb-client-artifact://6pe2vigv8ixxbs05x4om9gxm6yuyxdz7gdcxxjqbnds7omwgicppswy3aa683nxmj52737t1fd01xqm3heqi4qtulmkvv54vuoo88evh34zcxqccin9o6ozu5tzmg587:latest/test-metrics.table.json", "path": "media/table/test-metrics_131_ec7801f56c70601654f8.table.json", "ncols": 5, "nrows": 1}, "_wandb": {"runtime": 64}}