{"test/loss": 1.5340160131454468, "test/accuracy": 0.4, "test/precision": 0.7777777777777778, "test/recall": 0.4, "test/f1": 0.36666666666666664, "test/runtime": 0.1153, "test/samples_per_second": 86.718, "test/steps_per_second": 17.344, "_timestamp": 1721572188.6143844, "_runtime": 58.601229429244995, "_step": 131, "epoch": 30.0, "train/f1": 1.0, "train/accuracy": 1.0, "train/precision": 1.0, "train/recall": 1.0, "val/f1": 0.18571428571428572, "val/accuracy": 0.3, "val/precision": 0.14166666666666666, "val/recall": 0.3, "train/loss": 0.8829, "val/loss": 1.5999643802642822, "eval/loss": 1.6785619258880615, "eval/accuracy": 0.3, "eval/precision": 0.6, "eval/recall": 0.3, "eval/f1": 0.26666666666666666, "eval/runtime": 0.114, "eval/samples_per_second": 87.701, "eval/steps_per_second": 17.54, "train/epoch": 30.0, "train/global_step": 60, "train/grad_norm": 11.396909713745117, "train/learning_rate": 6e-06, "train_runtime": 54.825, "train_samples_per_second": 5.472, "train_steps_per_second": 1.094, "total_flos": 78935442739200.0, "train_loss": 1.3381717999776204, "label_metrics": {"_type": "table-file", "sha256": "714b83ddf39995ef9873dc4fd47f95f905b43a73ac1a4fc3aeefc55edafb8f81", "size": 306, "artifact_path": "wandb-client-artifact://9f1bntrvvdu3bcdnea9ciobdrerc3czfkyj7ucjn8uvtb4elr8rgt9o9y2ozmrrwyllsegswrglrx4mz6w4cts4e36fnepjqsd9vphw0revo6gvshg4y6lfsdtg4u414/label_metrics.table.json", "_latest_artifact_path": "wandb-client-artifact://f7ct67swx1qiqwnaax1xywqq9k6q1n2m2faajkgz729q4h2k4j0aror2t8kgqkgse99gyng8kezsaar2wxr3cxzfewc4a4mui6ubuzfhnnx150cds6wgis0ie75t1pb7:latest/label_metrics.table.json", "path": "media/table/label_metrics_129_714b83ddf39995ef9873.table.json", "ncols": 5, "nrows": 4}, "test_predictions": {"_type": "table-file", "sha256": "d23d37de666492ad3030e82efef87782ad162c4e47da6fdae01c60d05267fcf5", "size": 4629, "artifact_path": "wandb-client-artifact://o36eksrdd6fs0bquz6e76fkvq9q4b49erb1h7f64i542o9neapy4zmk5n5kzr2f5iv2j28huomu9bxi2imsyu3lrl0ryz6wljc54y7qihit7e7gd8zce6w4xaly0hq29/test_predictions.table.json", "_latest_artifact_path": "wandb-client-artifact://8qer5fppqbyg9pomy7nohr7316d2klj04z4bfgt95jx1f821f4fxoe3rss276wd11ixacuezunwdqtnsutugqgb6qc02k8i5sao8iyj5zx4iwar5f4wgpixl8on5vd9v:latest/test_predictions.table.json", "path": "media/table/test_predictions_130_d23d37de666492ad3030.table.json", "ncols": 6, "nrows": 10}, "test-metrics": {"_type": "table-file", "sha256": "9397c9e64ed4e197157af59ec46fff3e22aacaadad6b7374260abbf749665c69", "size": 161, "artifact_path": "wandb-client-artifact://uvshh9ilky2n0v2hfgwu58m48kfv9vhariys3fka85xsffshrlhmlfl29lrk1gy5lvdhd87c1spu8e2koh4bazsu3odq6ya4ebkcrx0qpqhwgmr5slbu184x0lj8s38i/test-metrics.table.json", "_latest_artifact_path": "wandb-client-artifact://bu82ihqk86qag0h4qd5de4sjyx0c2ffknt71hz0wk6cg0sw9pwfkzsq209qrf75woh06k5967yws3vjrxhq17daqyyur4v0f8dqaq8fnrz1nev4hab0oo0m0xbg08r9y:latest/test-metrics.table.json", "path": "media/table/test-metrics_131_9397c9e64ed4e197157a.table.json", "ncols": 5, "nrows": 1}, "_wandb": {"runtime": 63}}