{"train/loss": 0.0005, "train/grad_norm": 0.006149597465991974, "train/learning_rate": 3.337028824833703e-05, "train/epoch": 12.0, "train/global_step": 2004, "_timestamp": 1742955648.6186645, "_runtime": 866.0347166061401, "_step": 256, "test/loss": 1.134604811668396, "test/accuracy": 0.8392857142857143, "test/precision": 0.7223809523809523, "test/recall": 0.6767897165458142, "test/f1": 0.6789451476793248, "test/runtime": 1.8801, "test/samples_per_second": 89.357, "test/steps_per_second": 11.17, "epoch": 12.0, "train/f1": 0.9746737646299689, "train/accuracy": 0.9902621722846442, "train/precision": 0.9629289966499268, "train/recall": 0.987812072195965, "val/f1": 0.8391208791208792, "val/accuracy": 0.8922155688622755, "val/precision": 0.8821212121212121, "val/recall": 0.8366666666666667, "val/loss": 0.5234368443489075, "eval/loss": 0.5932168960571289, "eval/accuracy": 0.9221556886227545, "eval/precision": 0.8832061068702289, "eval/recall": 0.85625, "eval/f1": 0.8578208638939302, "eval/runtime": 1.8661, "eval/samples_per_second": 89.489, "eval/steps_per_second": 11.253, "train_runtime": 857.8458, "train_samples_per_second": 46.687, "train_steps_per_second": 5.84, "total_flos": 4215152642273280.0, "train_loss": 0.22115772130990682, "label_metrics": {"_type": "table-file", "sha256": "5281fab84aa51ac5e68e349ed2af08c5454a1f02dccec06dcbde1b01b6686084", "size": 554, "artifact_path": "wandb-client-artifact://iefq0eko95wd1jy165jazc9bhgwrc63ntf2e3lwwkf8vcqa0t1x9ke1rw4211nutot8hvva07r8ik6vj0a7ou3padku6a2wwx1n37aundto8j6d19c2bhkpzjcpzk6qj/label_metrics.table.json", "_latest_artifact_path": "wandb-client-artifact://h2wu5vp6vdhzlwfvtmc39mkrdkqtbw4clso6tv43xexu1mi8gcqznwm2ovomvjovkd39o6enyjhkrbbox6b6mewgj3tlw8700q2i55g7kfngbd6pi79kbc5rdug47gql:latest/label_metrics.table.json", "path": "media/table/label_metrics_251_5281fab84aa51ac5e68e.table.json", "ncols": 6, "nrows": 5}, "test_predictions": {"_type": "table-file", "sha256": "df7a0c5237852ac61fa391a9630101197c6553a03c6934ff3248d742ef3ccfe7", "size": 87929, "artifact_path": "wandb-client-artifact://9d7h97i9ej7q3kg6mc35tlh9e4zlrja0pkuqykqohzax6xghvne02tbp7ndlv3oqw2rcv7y3yv7xhnyqs0cah2m8lg6x9za36nqalq8zo7huv1jl1xi03zmig12a11rj/test_predictions.table.json", "_latest_artifact_path": "wandb-client-artifact://v6qcav1du9njo1jes2mkmcf9atd5e2ivquc2o03umvv1bjpx6sbe75rgflevfu0k6khq6lwv6uk09mpnc1er7njf2sg32bxb29f725g6mgwrmgm6g8xifleo2x0vhwjv:latest/test_predictions.table.json", "path": "media/table/test_predictions_252_df7a0c5237852ac61fa3.table.json", "ncols": 8, "nrows": 168}, "test-metrics": {"_type": "table-file", "sha256": "d39efb81869c67994769082b07036808078f13de94317406037413ddf41901b6", "size": 190, "artifact_path": "wandb-client-artifact://tg1z8jxo99aoi7gmveao6fx3u0n8tmpsxtly4zylyzsaw3q4pd1i0eelvhfpj807gf540a1oizuilmisoaa0qz5s0moxk0i63mloc9z9g48w9d7bb72b8xk4ds6lod3f/test-metrics.table.json", "_latest_artifact_path": "wandb-client-artifact://m7mvx3b3xtn4v27ggqpb66lswdlb6f86qc0dsfp2n9xe3lmotdk8idwohelmuczeaze1yarffniqxrnhponutmba1sds97628l9lidf7wsxo59pomzutys78f2xvtvhn:latest/test-metrics.table.json", "path": "media/table/test-metrics_253_d39efb81869c67994769.table.json", "ncols": 5, "nrows": 1}, "test_connective_metrics": {"_type": "table-file", "sha256": "6b19d2cd1f3e44c971704c1360110922f4e27524c22679ff03206a18c813dc80", "size": 422, "artifact_path": "wandb-client-artifact://kw10wnidh575zpjhv2z7y1u07on0xvh2epft05pgv993hx7eifjuqxhxvboib7dweicur1a06e3wylrsvwdguwrn83ax5t64vfy7l31b63v62k218lr0auzib8rrsh3t/test_connective_metrics.table.json", "_latest_artifact_path": "wandb-client-artifact://tzmqas4e1zuam8856by28dn8uoibzgdizdnhltu26o6g1ro6t7gvyusgxeyd334t91r6e86x4tq6yhpeu7ocm1wqge4vqwiuwagkyeqbjvfg310fdllw2pzjen4nrk63:latest/test_connective_metrics.table.json", "path": "media/table/test_connective_metrics_254_6b19d2cd1f3e44c97170.table.json", "ncols": 6, "nrows": 3}, "Exclude_counts": {"_type": "table-file", "sha256": "3a3e16eee488be4d9705c81c282778d2e17c222f184cef71ed7ae945012d1110", "size": 66, "artifact_path": "wandb-client-artifact://vtrdcp6o4hpgzkokhgqghadh7uy9i4aqws608q1uzerylp89u4ozkkbl6u2hftui8fj97rieo00we5srii85fz521qinhlr5ecth685awnd54u4da77glsgta2l0iicc/Exclude_counts.table.json", "_latest_artifact_path": "wandb-client-artifact://6tu3i896ucu13m6m5ip0is0pe3ytowlbbuzhy18lbzkiijup3aq981nep162zzlll6ct729gkokmazy599x3xtlhyw4log5ccyqqg5wfx2g6li5pk3aeypfaqmyx5xq3:latest/Exclude_counts.table.json", "path": "media/table/Exclude_counts_255_3a3e16eee488be4d9705.table.json", "ncols": 2, "nrows": 1}, "_wandb": {"runtime": 875}}