epoch,loss,accuracy,precision,recall,f1
,0.07978748139880952,0.22023809523809523,0.16047117906723815,0.11666666666666665,0.10373610351740477
