epoch,loss,accuracy,precision,recall,f1
,0.07098498173102648,0.20958083832335328,0.16008333333333333,0.12355555555555556,0.08578342080018056
