{"train/loss": 0.7562, "train/grad_norm": 9.076050758361816, "train/learning_rate": 1.6000000000000003e-05, "train/epoch": 1.0, "train/global_step": 167, "_timestamp": 1736407448.3442469, "_runtime": 80.73366379737854, "_step": 27, "test/loss": 0.810025155544281, "test/accuracy": 0.7023809523809523, "test/precision": 0.7139548349739433, "test/recall": 0.23722258844210065, "test/f1": 0.2257175660160735, "test/runtime": 1.868, "test/samples_per_second": 89.936, "test/steps_per_second": 11.242, "epoch": 1.0, "train/f1": 0.22004170089088265, "train/accuracy": 0.7662921348314606, "train/precision": 0.610274445048284, "train/recall": 0.22788001977695985, "val/f1": 0.2390293225480283, "val/accuracy": 0.7604790419161677, "val/precision": 0.7027972027972028, "val/recall": 0.24375, "val/loss": null, "eval/loss": 0.765110194683075, "eval/accuracy": 0.7604790419161677, "eval/precision": 0.7027972027972028, "eval/recall": 0.24375, "eval/f1": 0.2390293225480283, "eval/runtime": 1.8573, "eval/samples_per_second": 89.917, "eval/steps_per_second": 11.307, "train_runtime": 73.2925, "train_samples_per_second": 18.215, "train_steps_per_second": 2.279, "total_flos": 351262720189440.0, "train_loss": 0.941045027293131, "label_metrics": {"_type": "table-file", "sha256": "96b2bbd606648433f4b04299a9bd1e2341f417e1ccd0c0f2aa8351603c4aa12e", "size": 499, "artifact_path": "wandb-client-artifact://kh2s87dxctarnitv1ruo1kq3fzw7aicrz66drc0a7885p6u3j1qy6tinyaxajmdnlnth3z69keaifkba3r9tm3syujmdpe1awtz3sy9ljusjxcq7y3sm6l2obag7monm/label_metrics.table.json", "_latest_artifact_path": "wandb-client-artifact://gmluii9wfykyvqk8tmcs62vcp6e8dj7i48gqrbfuulc1txb3uskxk8p1vk7yfqbisvaspo2oh6h4qa4sc8oq08qyrqvy5z7m3xykqq1d65uw5yzjkpkcxf23pzofxrl2:latest/label_metrics.table.json", "path": "media/table/label_metrics_23_96b2bbd606648433f4b0.table.json", "ncols": 5, "nrows": 5}, "test_predictions": {"_type": "table-file", "sha256": "a0c952d180b6a43310b37d8f6c9da4c945d09f17adae98dfe4f47e7bacd7af29", "size": 48814, "artifact_path": "wandb-client-artifact://v2qyy413yyme1969hgz4ns44ydlrnlxktwqowpkco34o3rl8pqqfr59im0jqpl3qhwsbai9vcp6i8gmx9o22nh690gcux7lmtssgk7gifufcvzdna4v903wg6m9wf70h/test_predictions.table.json", "_latest_artifact_path": "wandb-client-artifact://frp8gkpygjifcsggszl5e3vshol3ucdwz0xoqf3ycrwdhw4d3q22ugn399m0xqujkyx58w1ihpufo12grcby6076x6b8a9gjdotug7f2kxl3gi96isq5um9pbsohc03y:latest/test_predictions.table.json", "path": "media/table/test_predictions_24_a0c952d180b6a43310b3.table.json", "ncols": 7, "nrows": 168}, "test-metrics": {"_type": "table-file", "sha256": "67ad65c6bf569c673b38a0b099bc0c059733890b1c28b6574edf3a3455476d1f", "size": 206, "artifact_path": "wandb-client-artifact://b7orok8153nnv1s5r9u8cu1dl5wds0eh0hrkpyplhh5kqbijucu3tr3buon36kfon6s35ksvr2mt473ckeg3ov0liap1bmhph94oowhd7m7fbt8ty8nfwqipy2vaq79y/test-metrics.table.json", "_latest_artifact_path": "wandb-client-artifact://iv1rgzxx40q6wbzqm332y3o2k2c5e9kgbjkpj9kfvpw7v8kpxedc9v9zl8boxclum6cjaakzbeixrurc8icupnt427ny2p8v3zpisybqfi7vqjsgqz8pzgrzb9m1ax9o:latest/test-metrics.table.json", "path": "media/table/test-metrics_25_67ad65c6bf569c673b38.table.json", "ncols": 5, "nrows": 1}, "test_connective_metrics": {"_type": "table-file", "sha256": "8181be18b5e9817c76a8cefb6d5fcc0e244ca7684e8e8aa49e24bf6da2b8c978", "size": 424, "artifact_path": "wandb-client-artifact://vv1ul4sfucg5tql8n3kypc2pewx4ezmfnzol71qnplw1bvmmph1otiumcv5cuh2rwkfp75po0iux5hkvtqyy7ii77df9dgg5d837osayu0gak42q1pytgfg8uci8gu0a/test_connective_metrics.table.json", "_latest_artifact_path": "wandb-client-artifact://w8na2fcp87w0hcc1pf5hek36mx31rr9zeeas1ohbkdshsk3jnonne7eez8wu4v43mwl7i24krukt2tk0onwt7153u96lthj6x8tnjiulje7olbxbpfsi98st9675jkad:latest/test_connective_metrics.table.json", "path": "media/table/test_connective_metrics_26_8181be18b5e9817c76a8.table.json", "ncols": 6, "nrows": 3}, "exclude_count": 6140, "_wandb": {"runtime": 86}}