{"train/loss": 0.0003, "train/grad_norm": 0.005498097278177738, "train/learning_rate": 1.674057649667406e-05, "train/epoch": 21.0, "train/global_step": 3507, "_timestamp": 1739779124.1031883, "_runtime": 3189.898981332779, "_step": 442, "test/loss": 1.6417566537857056, "test/accuracy": 0.8333333333333334, "test/precision": 0.8209677419354838, "test/recall": 0.7049879147440123, "test/f1": 0.7282387706855792, "test/runtime": 4.4327, "test/samples_per_second": 37.9, "test/steps_per_second": 4.738, "epoch": 21.0, "train/f1": 0.9777142435865084, "train/accuracy": 0.9940074906367041, "train/precision": 0.9931193263698234, "train/recall": 0.9640096769863842, "val/f1": 0.7856913367756742, "val/accuracy": 0.8682634730538922, "val/precision": 0.8116279069767443, "val/recall": 0.7791666666666667, "val/loss": 1.2223880290985107, "eval/loss": 1.168576717376709, "eval/accuracy": 0.8802395209580839, "eval/precision": 0.8608801399825022, "eval/recall": 0.8104166666666668, "eval/f1": 0.8125653500266503, "eval/runtime": 4.4058, "eval/samples_per_second": 37.904, "eval/steps_per_second": 4.766, "train_runtime": 3177.1563, "train_samples_per_second": 12.606, "train_steps_per_second": 1.577, "total_flos": 7376649409704960.0, "train_loss": 0.17353447383265486, "label_metrics": {"_type": "table-file", "sha256": "7c7358223aabb141028ee9dde012d4bc1d2daaba92f086cc01dfb2088870f3d8", "size": 590, "artifact_path": "wandb-client-artifact://7ecwmvbukq0dupwed1sbw5qeo0ztl7gbd64syjf9jde6uzfsps5f16tc88vkme13oo6zi0vl72it12oyh8ds425mdxuckceunka2exs6x0jo60ihgf2u8utmfxhnxioq/label_metrics.table.json", "_latest_artifact_path": "wandb-client-artifact://da7yyvasg6c472tuxvqs26trqvhp7b9g6ve9o99xedfi0nyvemv3aw3okjeilci8zew83uci9v563dqlfmruxwco7vtman4aczai59jxu1dhqsvuee6rx2iyeu73tss1:latest/label_metrics.table.json", "path": "media/table/label_metrics_437_7c7358223aabb141028e.table.json", "ncols": 6, "nrows": 5}, "test_predictions": {"_type": "table-file", "sha256": "a1013e97bc6ef8c9fe9dc71c073e6a5b3589f60e3dacf842c10acf83d5d838b6", "size": 90417, "artifact_path": "wandb-client-artifact://sy4octp5vuu7ou95xtd6734n46kndhduva4g0r2zwoe7c65nl3mh78tbg29dg2e1vu8c1659bb1xwymo2lobd8cga00aak0brtn9qol6bpkyo01mo01juuhp5826x95k/test_predictions.table.json", "_latest_artifact_path": "wandb-client-artifact://53vyig4p4foe2layygdda3ewonxrt7lgm39dddwubwvz0vs7ebz71xe0g27rojjovukvkwejwftadzygpeo2xzgmwydpzwc2m892kfbf95w9b7u51peat80s8w6fvhbw:latest/test_predictions.table.json", "path": "media/table/test_predictions_438_a1013e97bc6ef8c9fe9d.table.json", "ncols": 8, "nrows": 168}, "test-metrics": {"_type": "table-file", "sha256": "676d5cde51c3fb76d7f9957b47a3ed860986521e74154eebec3f37f9993d6614", "size": 194, "artifact_path": "wandb-client-artifact://e7t7ighnnm5n6gun73byc4fmzcg1mrlqzcmx14r8jezscv2te0ftidyo3yqeo7iha2w745kakjyy7ptudzoi427yzlyjrktrn9hxwkw19q915vfeks1c70y5yycfgpt0/test-metrics.table.json", "_latest_artifact_path": "wandb-client-artifact://xqmp4pfepp5pte8xy94eyemnuhtpag5gequi83iwh4y4q59ommn2pv5xy2ofv309uwilpjys228iqdxayo8dj2yy65btqply39451z1imj9x0bookj7a73ndbrckym71:latest/test-metrics.table.json", "path": "media/table/test-metrics_439_676d5cde51c3fb76d7f9.table.json", "ncols": 5, "nrows": 1}, "test_connective_metrics": {"_type": "table-file", "sha256": "f84742edcd02e73ea8e5338760a3f9b0cfde52eecfcc1a10ec5ae82e98bb96f5", "size": 418, "artifact_path": "wandb-client-artifact://p81l9uk2ltxhjua66mb2b0owr10xfllihdlaa50vzmdxlk6tyrmcjl252gh730vvi5bti689tavayfh3qlnndk1vr53g8ivi5xgpyd3e33aon5nqi7q2etwey2en2vqk/test_connective_metrics.table.json", "_latest_artifact_path": "wandb-client-artifact://8sju5nqi72c1cyr2u92ini59td700sidnv07iqok1mlrkzckdkmaz0sbzvsga5kc8yrblic8qbp7an5ds2frf44bshlzbglfpzprtiojxtfcu2j11gso00gj3kdes125:latest/test_connective_metrics.table.json", "path": "media/table/test_connective_metrics_440_f84742edcd02e73ea8e5.table.json", "ncols": 6, "nrows": 3}, "Exclude_counts": {"_type": "table-file", "sha256": "082fcc874914d75958d68e780085931cf5c17034575e8b060f4acd16accf2d9e", "size": 71, "artifact_path": "wandb-client-artifact://vg3zhm1w2jopb9p0prrbeax8khuv7ejljhntr1xt5or7eawpbrtjfhxrmx0ako43bzyhjghr4nl18p9s7g3dk5wygvwd7gbepw2sgmu0gvhrqt8bn1jaii27e6tvh1s9/Exclude_counts.table.json", "_latest_artifact_path": "wandb-client-artifact://dhk7ldgkkopok644labqswrkz2b6f86fx57hkdz44mikox85pcd2d6qn4ol6rlxi3bau01l9eji3vi92ihclz8qdgpejxzfun7r7b5fjqmk7teu5fz1rqfs2mmylgwdr:latest/Exclude_counts.table.json", "path": "media/table/Exclude_counts_441_082fcc874914d75958d6.table.json", "ncols": 2, "nrows": 1}, "_wandb": {"runtime": 3197}}