{"epoch": 11, "valid/loss": 0.03197511334619122, "valid/accuracy": 0.718562874251497, "valid/precision": 0.1437125748502994, "valid/recall": 0.2, "valid/f1": 0.1672473867595819, "_timestamp": 1718459865.2023096, "_runtime": 424.8597445487976, "_step": 24, "trains/loss": 0.003446863429823172, "trains/accuracy": 0.751310861423221, "trains/precision": 0.22571590052750565, "trains/recall": 0.20235309198117526, "trains/f1": 0.17705726564251437, "_wandb": {"runtime": 438}}