{"train/loss": 0.0343, "train/grad_norm": 0.013537068851292133, "train/learning_rate": 1.2468827930174563e-07, "train/epoch": 15.0, "train/global_step": 2505, "_timestamp": 1735952009.6109278, "_runtime": 1087.6699757575989, "_step": 316, "test/loss": 0.9537112712860107, "test/accuracy": 0.8333333333333334, "test/precision": 0.8651785714285716, "test/recall": 0.7367897165458142, "test/f1": 0.7725915925586465, "test/runtime": 1.8645, "test/samples_per_second": 90.102, "test/steps_per_second": 11.263, "epoch": 15.0, "train/f1": 0.9778318507001359, "train/accuracy": 0.9940074906367041, "train/precision": 0.9882758253301571, "train/recall": 0.969289811344143, "val/f1": 0.830143722943723, "val/accuracy": 0.8922155688622755, "val/precision": 0.8952173913043477, "val/recall": 0.81375, "val/loss": 0.8533053994178772, "eval/loss": 0.5979688167572021, "eval/accuracy": 0.8982035928143712, "eval/precision": 0.8980620155038761, "eval/recall": 0.82, "eval/f1": 0.8355708548479633, "eval/runtime": 1.851, "eval/samples_per_second": 90.22, "eval/steps_per_second": 11.345, "train_runtime": 1079.2302, "train_samples_per_second": 18.555, "train_steps_per_second": 2.321, "total_flos": 5268940802841600.0, "train_loss": 0.19667148063769807, "label_metrics": {"_type": "table-file", "sha256": "6712adfb145ef080a6d27824ca8001946d0af7048fb0535a2b222d17a150adc7", "size": 451, "artifact_path": "wandb-client-artifact://r3cjfclvm2d1xfhybd42wtc93ulp6h6moeotp9tlu8xt8mq2w6i1wehf6fgtobgav25941dnavkoveff98s95x9tg3pmtm349v5ra7wvzpqs8obvg004sdfj03y6lvgj/label_metrics.table.json", "_latest_artifact_path": "wandb-client-artifact://f2theduev3zykngx3ynfs5ak1f4fqy3wwq77mk0qbo7q5nzhz0oemmg5c1cvxz2bphzo4t55gmobt43co7zcrlv7lvuqr2bhbg4400txb3gdfz1g3dp3ruhzbd8jpv66:latest/label_metrics.table.json", "path": "media/table/label_metrics_313_6712adfb145ef080a6d2.table.json", "ncols": 5, "nrows": 5}, "test_predictions": {"_type": "table-file", "sha256": "c9e221249eb8c1f75e272161b68a90f15f603bff2bceb6b1620e2653041d82f1", "size": 88076, "artifact_path": "wandb-client-artifact://uhytdvp3id0eflplqecd0gmzimn830o3msvd7flce379zepho2vus3gk2oticiy6wyf8bo7mglx5zum7pkr05gvqck1vkst12mpkxr843rapbnkg0x88hvwdnly0zut6/test_predictions.table.json", "_latest_artifact_path": "wandb-client-artifact://td28omwly1zr30nruj79j0s9ic8bajv0i0pgvk1diw8upqggz39an8zruveg5jq1mk8i3awxs4if48f6459l96oamjy4wzop4p2kxupt58gri7qmtzf56ltutl7juasg:latest/test_predictions.table.json", "path": "media/table/test_predictions_314_c9e221249eb8c1f75e27.table.json", "ncols": 7, "nrows": 168}, "test-metrics": {"_type": "table-file", "sha256": "42bb086894b5f2ebde1f7d8a72bbe6fb84338641973c2e809f2599cdfedcdf26", "size": 194, "artifact_path": "wandb-client-artifact://akfc7hrj3xhmvsi703amjifgh7spkweohpouyisx9o90x5g6mpf5u1hkmvtijdfk9wbytcwtghzjm6gxxkwh8ft3twxy78swk7j0r1dp7wn7ncpkn0znhrnv4emo5q4s/test-metrics.table.json", "_latest_artifact_path": "wandb-client-artifact://kjymir79piynfioons5nck259apstrg3d3jkfai82ea4xoi599rto0tn08l6rvpa92uvgdu0wqvffq17lw4qd75sd1il3txlq5u51emrv9nplxrlrtq80w969vha2pdx:latest/test-metrics.table.json", "path": "media/table/test-metrics_315_42bb086894b5f2ebde1f.table.json", "ncols": 5, "nrows": 1}, "test_connective_metrics": {"_type": "table-file", "sha256": "82afaf3376bb2d19b668ba6bbe08827c5f19c8b0c6a2d5db439fa55a0841ae56", "size": 421, "artifact_path": "wandb-client-artifact://fa8uk6pu9mg475l737cjxz2nixowd5w9tk728r4l618ykzupstjrc3kusnuu82vue1h9p4zhq4iabvdql70g8fyhjvry4hpri8piykvkbfnkgt31jxrno60p2p9m4bzs/test_connective_metrics.table.json", "_latest_artifact_path": "wandb-client-artifact://p0nk3z4d3075mzt23idwwmgppbmqydz9zm7z0h3w6st2qmf50df96sj6p4fx709756t6b707mrx7cp1urliyw7isiiuhpp7wjz4gpel4b9l47olyf21vcwljbt61ls2n:latest/test_connective_metrics.table.json", "path": "media/table/test_connective_metrics_316_82afaf3376bb2d19b668.table.json", "ncols": 6, "nrows": 3}, "_wandb": {"runtime": 1093}}