{"train/loss": 0.7502, "train/grad_norm": 10.102242469787598, "train/learning_rate": 1.6000000000000003e-05, "train/epoch": 1.0, "train/global_step": 167, "_timestamp": 1736581777.7618592, "_runtime": 96.13042306900024, "_step": 27, "test/loss": 0.811922550201416, "test/accuracy": 0.6607142857142857, "test/precision": 0.6607142857142857, "test/recall": 0.2, "test/f1": 0.15913978494623654, "test/runtime": 1.8389, "test/samples_per_second": 91.357, "test/steps_per_second": 11.42, "epoch": 1.0, "train/f1": 0.18802840793431796, "train/accuracy": 0.7573033707865169, "train/precision": 0.8281132075471698, "train/recall": 0.20825688073394497, "val/f1": 0.17995337995337995, "val/accuracy": 0.7245508982035929, "val/precision": 0.8614457831325302, "val/recall": 0.20625, "val/loss": null, "eval/loss": 0.8067799806594849, "eval/accuracy": 0.7245508982035929, "eval/precision": 0.8614457831325302, "eval/recall": 0.20625, "eval/f1": 0.17995337995337995, "eval/runtime": 1.8257, "eval/samples_per_second": 91.471, "eval/steps_per_second": 11.502, "train_runtime": 89.0019, "train_samples_per_second": 15.0, "train_steps_per_second": 1.876, "total_flos": 351262720189440.0, "train_loss": 0.9854260975729205, "label_metrics": {"_type": "table-file", "sha256": "c2e40aed0a9ab236f288dee06baf78785d18ba5f824b11ac4e2b29675a57d602", "size": 390, "artifact_path": "wandb-client-artifact://prtd9twvks1arkbq83f6uchhqnup6171z2lh4jb8yhqox6wvf2fewmaclfa7ujr9wuzplg4i5f46vihgp3wd0zj1h3ima4satlwu280aozy4kekeqil52n9iy0njoo6r/label_metrics.table.json", "_latest_artifact_path": "wandb-client-artifact://xsrrrlqiyb71mbe576wqoepbl2fzedd5p2auuevhremniz8vd8xqfkr8f5d6vclen049p7p1l3f2c2xe94v0zn26doskveg7xunotho4xlqcy2urtho7nmt8avsr1cv2:latest/label_metrics.table.json", "path": "media/table/label_metrics_23_c2e40aed0a9ab236f288.table.json", "ncols": 5, "nrows": 5}, "test_predictions": {"_type": "table-file", "sha256": "b0f6e25afb8d189b726ea32bab2ec86da53115a0c90b97b6da417db2b1d54fc1", "size": 55148, "artifact_path": "wandb-client-artifact://8olz21pga3pf9k64595mie6g5iskt3rb13jtjq5yme7xylzis0b83ne2ufcm825m5oh3alx1ndvekb5t3nkx0s2vwyt9ihzfu77kpo6t34fqqtdumtvkv8gifhg2mgls/test_predictions.table.json", "_latest_artifact_path": "wandb-client-artifact://18o675zjavm7l69nlc6j6yqy4394n7cq44qfzfzm1mn9b3tf060x8u1kt2nwxkghf7mtfy1mxh2s5r2045t8dxd9wojmjiznvn7rxkhttubj68vvdvrov1evuyr41viq:latest/test_predictions.table.json", "path": "media/table/test_predictions_24_b0f6e25afb8d189b726e.table.json", "ncols": 8, "nrows": 168}, "test-metrics": {"_type": "table-file", "sha256": "2a3a8404bd913aa8f53c56402548d935b59508e5c314316e18df081bb2065247", "size": 181, "artifact_path": "wandb-client-artifact://q59yiyw2xfyeb540ll7ldhmelz0uefyn81kwbm178qsz8u57l2ntvsmk8c5xrvg8yq3l4vi8hzm7n7u1ceh2hnjty8ax003wak7tvdb5xejsf9wq33smw3gii68rid8h/test-metrics.table.json", "_latest_artifact_path": "wandb-client-artifact://zv7t2nancitoxi4i5ex1pjd31o2g3tr89aegqcnl545dvcinmqho0cf8b57lsdy1bjc2nazbf7jqeaih1nheh0zgpi21jmcz88n8momt9nzw39bfqgp2zzk41gwe021v:latest/test-metrics.table.json", "path": "media/table/test-metrics_25_2a3a8404bd913aa8f53c.table.json", "ncols": 5, "nrows": 1}, "test_connective_metrics": {"_type": "table-file", "sha256": "fbce09031d7eafdacba0c5f23fd67746dabdd3ebbd094bbb4ff8e6cb384c1535", "size": 358, "artifact_path": "wandb-client-artifact://9rtzg1wwedvze4dc3gsg73sao8ebog3hva87c6peqh5j8g3m47f6ty23pd66xcyjdrirktyj9y7jiaq51y2jca8pu30swwy0mgnm5sp0d7f8ot5ycslay71xq41koqnx/test_connective_metrics.table.json", "_latest_artifact_path": "wandb-client-artifact://dpwhzwgp3oxdn4hefauqcxv0fix27mix3fhz31jkn1eu4u72vg7wka0vk7m0eh6b0s544682g7im95i5iw8o8di06ap527ewqjcrspau19s0gxcm0sihk9a34lx9y0yn:latest/test_connective_metrics.table.json", "path": "media/table/test_connective_metrics_26_fbce09031d7eafdacba0.table.json", "ncols": 6, "nrows": 3}, "Exclude_counts": {"_type": "table-file", "sha256": "082e09b377b6c6c440649c55ec48ebcd84406d435dbf3ef765c34321688ba72b", "size": 71, "artifact_path": "wandb-client-artifact://7t6lkook2jfrs4p29jlgms3jf9ppv7r7dgzrwwdmkg9y2enb664fv5ojsogwjrsj5dyik7zclsvyf5aoynh2wq1xl1vv4ba3z76mznfjl00omeq27bltgd9s65ro3ato/Exclude_counts.table.json", "_latest_artifact_path": "wandb-client-artifact://uja8q46b5mpou7krsuzfpmx9ixctv2bqahond2hjgn6qurwm8yzp8ai11x21isolnzuv6798fxngme177qlh8mbp7xs4vxzg2kz9h4i5zzua5xgzr4w0h9bkvyp581oe:latest/Exclude_counts.table.json", "path": "media/table/Exclude_counts_27_082e09b377b6c6c44064.table.json", "ncols": 2, "nrows": 1}, "_wandb": {"runtime": 104}}