{"train/loss": 0.1271, "train/grad_norm": 0.013505232520401478, "train/learning_rate": 3.52549889135255e-05, "train/epoch": 11.0, "train/global_step": 1837, "_timestamp": 1739186270.0901914, "_runtime": 793.8471384048462, "_step": 235, "test/loss": 1.3575657606124878, "test/accuracy": 0.8095238095238095, "test/precision": 0.6719677692960137, "test/recall": 0.5588354207866402, "test/f1": 0.5894089867351899, "test/runtime": 1.8746, "test/samples_per_second": 89.618, "test/steps_per_second": 11.202, "epoch": 11.0, "train/f1": 0.9776065551549546, "train/accuracy": 0.9940074906367041, "train/precision": 0.996972294672333, "train/recall": 0.96016520341714, "val/f1": 0.5789403085177733, "val/accuracy": 0.8622754491017964, "val/precision": 0.7685897435897436, "val/recall": 0.5595833333333333, "val/loss": 0.824421226978302, "eval/loss": 0.8920125365257263, "eval/accuracy": 0.874251497005988, "eval/precision": 0.738982070561018, "eval/recall": 0.5862499999999999, "eval/f1": 0.6452350048751848, "eval/runtime": 1.8705, "eval/samples_per_second": 89.281, "eval/steps_per_second": 11.227, "train_runtime": 786.3359, "train_samples_per_second": 50.932, "train_steps_per_second": 6.371, "total_flos": 3863889922083840.0, "train_loss": 0.2557624799772797, "label_metrics": {"_type": "table-file", "sha256": "b6b84d8b937ceb661520cd5629218db0db490088aa475fbe47a527091b59768a", "size": 605, "artifact_path": "wandb-client-artifact://rlotbeor0x6qyk0e49kuruiyfderrrpqoowb1jshznohy526tqreoj6juhf5jfwm5niztkczgt4sx0s6fyz8v0f0i4np8fbl2xuntp9q6mfqifmtjja5rqkv4eaxt839/label_metrics.table.json", "_latest_artifact_path": "wandb-client-artifact://mdo69pe7dg3qs3vqkzf6w1ugw1d9l44gw8n2kpj78pg8whlko8d1eocmvq6b26634d7126pfcjo7lkq4na6giko0jmpa3jmhkm1xxup0wfrfkalbfmz6cxcx0nk9x9a9:latest/label_metrics.table.json", "path": "media/table/label_metrics_230_b6b84d8b937ceb661520.table.json", "ncols": 6, "nrows": 5}, "test_predictions": {"_type": "table-file", "sha256": "72a691d5afe66a4ee70a36d7cefb04cb206315dbddbf8f82f5e12239eab40323", "size": 87208, "artifact_path": "wandb-client-artifact://4vfe4ad1zdkt8236hmjk4fnpaw6s8nlx92gfinuyom38mm2qd7pnxn7bzzng4yumrijqnwjxq7gbg2yfpfl4y8v1vbj4j7kzqhokzf3veq72jsix0odtfidgcfscjgzi/test_predictions.table.json", "_latest_artifact_path": "wandb-client-artifact://1rorml405rdkqg9f8bt4l6mpah3cxuixafzdc833yxgntamvea2ozuppoiya9nze5cn8o2kdsqbnxpj7ugus9dzq1p9te5jdqegja6jy0mb3it3pdczwi6xysnsow0d3:latest/test_predictions.table.json", "path": "media/table/test_predictions_231_72a691d5afe66a4ee70a.table.json", "ncols": 8, "nrows": 168}, "test-metrics": {"_type": "table-file", "sha256": "c2ae8dd7a347140d0d79a6654ef1acadaeac5ddac70a18d4fca370617e3a644c", "size": 203, "artifact_path": "wandb-client-artifact://yx6ac3tqjd80hdev9r5xohpimbr5t29htewcgsu4gk9krlzc2m8wg9tox2eyn9wsed3dbpw2ljjotfxiexh8mshf4yi8lf1r63bsy6mbfxpaneucir55wtkv7u8sbavu/test-metrics.table.json", "_latest_artifact_path": "wandb-client-artifact://nf8newqpcu2ks8ykyida0wugoiejmxmhz80pev5wx9pytulvvfwrthjda6kjw09fi35a5jarpqk42bczrgu6oy7ktkew1t817apqqa0jnoiuvufxksisomhw67epdflz:latest/test-metrics.table.json", "path": "media/table/test-metrics_232_c2ae8dd7a347140d0d79.table.json", "ncols": 5, "nrows": 1}, "test_connective_metrics": {"_type": "table-file", "sha256": "c5ebb56d0d02c8b39d90d4a96420be78abcef9a8c67f80de932c8304c0df9f3d", "size": 429, "artifact_path": "wandb-client-artifact://j6155t1esbk07verkfewmkeup55zsjtho8oo3tr0ohrbb2jly4pye2hg58i07jgc73xlvt8trz927wkefgkxsdksvcqnibb1zw4osgcflnresnxvza75zf2zjg8ye1ob/test_connective_metrics.table.json", "_latest_artifact_path": "wandb-client-artifact://ifiv8ixiyeg8kn8cx2hpiywft5psf5ierklybb2d7t0p5b6jtzmq8emlivnqfm79oxhkfak6pwmbh3hlyjkjymtjg54khjda70ewjcqvdjuhrbyc7jtrkr3pfrxyiavo:latest/test_connective_metrics.table.json", "path": "media/table/test_connective_metrics_233_c5ebb56d0d02c8b39d90.table.json", "ncols": 6, "nrows": 3}, "Exclude_counts": {"_type": "table-file", "sha256": "6a8a1ea1ccd697d47f0c56a676e452fb8c04276f0576a0b370e91984b692f598", "size": 81, "artifact_path": "wandb-client-artifact://kmprr3fp134smzxdxnb4ngzun4044j70bugciwbp2u3g08offwufpq1uerzqlmlr16hkl8a4m37vw1n1a10o96tbq2uqvdcpjo8um4yvbjen5g6oowjadriktp5dq87z/Exclude_counts.table.json", "_latest_artifact_path": "wandb-client-artifact://ga0com31r0n6r0zpwl4a8i08x4wlg7xwulk9fryfujivm69c87039y05jwh31xlo2uqhumruichq594sjsn7mmm7rv7tefs0y144bhjvusk276fekacfqcco9g0k742j:latest/Exclude_counts.table.json", "path": "media/table/Exclude_counts_234_6a8a1ea1ccd697d47f0c.table.json", "ncols": 2, "nrows": 1}, "_wandb": {"runtime": 802}}