{"train/loss": 0.0697, "train/grad_norm": 0.009699882008135319, "train/learning_rate": 2.5942350332594233e-05, "train/epoch": 16.0, "train/global_step": 2672, "_timestamp": 1738318955.9145756, "_runtime": 1146.9118704795837, "_step": 338, "test/loss": 1.851386308670044, "test/accuracy": 0.7321428571428571, "test/precision": 0.6565674603174603, "test/recall": 0.5349088112502747, "test/f1": 0.5736148199526039, "test/runtime": 1.8679, "test/samples_per_second": 89.941, "test/steps_per_second": 11.243, "epoch": 16.0, "train/f1": 0.9777065025555134, "train/accuracy": 0.9940074906367041, "train/precision": 0.9938492063492064, "train/recall": 0.9632918465921267, "val/f1": 0.4278216123499142, "val/accuracy": 0.7724550898203593, "val/precision": 0.6166666666666667, "val/recall": 0.41, "val/loss": 1.908854365348816, "eval/loss": 1.540109395980835, "eval/accuracy": 0.8023952095808383, "eval/precision": 0.7113787375415281, "eval/recall": 0.6287499999999999, "eval/f1": 0.6054561101549052, "eval/runtime": 1.8568, "eval/samples_per_second": 89.938, "eval/steps_per_second": 11.31, "train_runtime": 1139.6001, "train_samples_per_second": 35.144, "train_steps_per_second": 4.396, "total_flos": 5620203523031040.0, "train_loss": 0.26526353547772535, "label_metrics": {"_type": "table-file", "sha256": "bc5e12efb81841867a9fd81f05f3205a7834f9e69abb0c0b09bdf15a75feb7f5", "size": 637, "artifact_path": "wandb-client-artifact://nyyr0uvqkfo8zocgnjv19gy2hamodt5wq0tra4foxnu0rt900a83u6fg65s0k0400g4fdogsc7uepzcogbgofastysqe62cc7z8ash4v9s5e44efio0ctme7gevlxv6f/label_metrics.table.json", "_latest_artifact_path": "wandb-client-artifact://062ph397atjhmio7pkkj9fm9sjq8y6skvzndqrq1orcdqit2cr2h61ri2w5grdpqxaathw549hfnzvfsx9j3636nu9zaseanpqln6kwng7ede8c3rlqz12zb76zpu1ej:latest/label_metrics.table.json", "path": "media/table/label_metrics_334_bc5e12efb81841867a9f.table.json", "ncols": 6, "nrows": 5}, "test_predictions": {"_type": "table-file", "sha256": "c43ff50f616535ebb2a93172015c5de47065c4e2bf0b985827eeb6f0e0121552", "size": 92481, "artifact_path": "wandb-client-artifact://ishhuvecqfd9qa7elus5vf68eqg2qlwtkoqndsr9uasarlvzekm2u8n9cx9wy671p3udegrtkx7emotc4ndj2ftdf2j3613850sfqocy3ogt3hx6om13t3ent96f3g8a/test_predictions.table.json", "_latest_artifact_path": "wandb-client-artifact://ciedvkutmcqmdw3ysu716t1it8vxohf0m78cnfchk5wrrpkfyjzpozj412ohuc4tbwed989zgztfscdwrrgbhz3kc09nfo1vkavhynw7gz4cj55dl2plg383jhltfqdw:latest/test_predictions.table.json", "path": "media/table/test_predictions_335_c43ff50f616535ebb2a9.table.json", "ncols": 8, "nrows": 168}, "test-metrics": {"_type": "table-file", "sha256": "90266a856cd6291c8129d3b99d29b809030210f8611ceb86e41e20cbab74a490", "size": 205, "artifact_path": "wandb-client-artifact://pvudpjjocbj0ozgg4o500jhfm0dlrqep46q8swozvwj5qktdzw4ha63msloz26oips2d7qwtzk18hb89a340l6iz916o5s61ognjhu80wvej0gem1ot3m903zkpi6w1p/test-metrics.table.json", "_latest_artifact_path": "wandb-client-artifact://nffz3hzucixl5jjuf8jq4lrjy4s5biu598oca9x4e0j0wv0r6h1o7w3pywet6opmjriqr9nlfzw91zhfcb3hkh20ce5igdtpv2gs2imkvkvq4b075ljerp59b2c27uih:latest/test-metrics.table.json", "path": "media/table/test-metrics_336_90266a856cd6291c8129.table.json", "ncols": 5, "nrows": 1}, "test_connective_metrics": {"_type": "table-file", "sha256": "2a14573a49fac8e6f2e8fb0a12ed04f5faa462321ebe6b64bfc1f9a167696a52", "size": 423, "artifact_path": "wandb-client-artifact://3lozy2jawj1ubsq95he376ptnils439d775sa7zm4pd2k0zajyksvgr9m2ztjnugbjxfxgtgxotyt1jr6379c6fogwghysj4j6g2vno799ddql8wveobr79gogd66szj/test_connective_metrics.table.json", "_latest_artifact_path": "wandb-client-artifact://1i4v3d06kztejuku7tgvxt5r26h51v8yqtlrcx8zo2pfeaxgxkt36trdja2m4vnzkpaz8bxw0rcybe9byp68harxxy8dvlqgmoelb30zuwqqdft61148vmx8tb7d1y1d:latest/test_connective_metrics.table.json", "path": "media/table/test_connective_metrics_337_2a14573a49fac8e6f2e8.table.json", "ncols": 6, "nrows": 3}, "Exclude_counts": {"_type": "table-file", "sha256": "8b86e7a1588758fbb07bee8a7880f2d3547da30bed57fef68d6c53a42a079412", "size": 81, "artifact_path": "wandb-client-artifact://gdy6yv4b4pe6lgmttx0nhtzt3rg5dyihnphol84ohs93it6l6vxy69xypak9ky4rnse76666m3v5axmr8ocjdwd3aeavaxa9qg9ok7nszosvta7ny43iabjm2pbt53mg/Exclude_counts.table.json", "_latest_artifact_path": "wandb-client-artifact://8v2yods25lwsdr6wxs6maavnkkorfnf6gf8jsui0em2z69orq6mi4v1t39xnqdem0j8czlfod0oeiswqx6l2w9q4zx2sw6utxvtay3br2qrxbalt798x11shdtezd53y:latest/Exclude_counts.table.json", "path": "media/table/Exclude_counts_338_8b86e7a1588758fbb07b.table.json", "ncols": 2, "nrows": 1}, "_wandb": {"runtime": 1155}}