epoch,loss,accuracy,precision,recall,f1
,0.0652191731744183,0.2574850299401197,0.184818442427138,0.2304166666666666,0.1232575757575757
0.0,0.0575704067767023,0.5808383233532934,0.2197058823529412,0.1708333333333333,0.1700591216216216
1.0,0.049339798396219,0.7065868263473054,0.143030303030303,0.1966666666666666,0.1656140350877193
2.0,0.0455329589501112,0.718562874251497,0.1437125748502994,0.2,0.1672473867595819
3.0,0.043474573575094,0.718562874251497,0.1437125748502994,0.2,0.1672473867595819
4.0,0.042910275345077055,0.718562874251497,0.1437125748502994,0.2,0.1672473867595819
