{"train/loss": 0.0005, "train/grad_norm": 0.007406921125948429, "train/learning_rate": 0.0, "train/epoch": 10.0, "train/global_step": 1670, "_timestamp": 1735274896.5456696, "_runtime": 736.4797716140747, "_step": 213, "test/loss": 1.3542165756225586, "test/accuracy": 0.7976190476190477, "test/precision": 0.6857142857142857, "test/recall": 0.6580246099758295, "test/f1": 0.6607024075452965, "test/runtime": 1.8498, "test/samples_per_second": 90.821, "test/steps_per_second": 11.353, "epoch": 10.0, "train/f1": 0.9962103761807655, "train/accuracy": 0.9977528089887641, "train/precision": 0.9938300505464686, "train/recall": 0.9986833672105331, "val/f1": 0.7219216757741347, "val/accuracy": 0.8323353293413174, "val/precision": 0.7458045977011494, "val/recall": 0.7691666666666667, "val/loss": 0.9849162697792053, "eval/loss": 0.9849162697792053, "eval/accuracy": 0.8323353293413174, "eval/precision": 0.7458045977011494, "eval/recall": 0.7691666666666667, "eval/f1": 0.7219216757741347, "eval/runtime": 1.8372, "eval/samples_per_second": 90.899, "eval/steps_per_second": 11.43, "train_runtime": 729.3706, "train_samples_per_second": 18.303, "train_steps_per_second": 2.29, "total_flos": 3512627201894400.0, "train_loss": 0.22411776625740895, "label_metrics": {"_type": "table-file", "sha256": "14248b647b05f2e7b37cf2f3be5c8c01ec5c1b505bf0e2120dae4eeebfee17c2", "size": 483, "artifact_path": "wandb-client-artifact://2ntmpfzz4gi6wrpm6dsnu72yx165k422y4neth0n3viaoisxa3ym425nzbcitpw4qv2vvzu5kejdws2abb9fo30i7nwel3dxlbj2mf35b8wmcwlnrcz2rxr4u7rwqtvk/label_metrics.table.json", "_latest_artifact_path": "wandb-client-artifact://a2la74kkunvavfd3f05nwxiqqofqjtzdo4c4ch55a5qnuwtjxcjj4hwynrpxcaai0pzcdht7252djd8itxhr74oyqjnxe4byuy3puiz5bz7lzbn8guc6p2sdwvituy68:latest/label_metrics.table.json", "path": "media/table/label_metrics_210_14248b647b05f2e7b37c.table.json", "ncols": 5, "nrows": 5}, "test_predictions": {"_type": "table-file", "sha256": "1770a30f6c9a60d8e70b692543b05b61a4d2261c6e383fc745b3a62258e58bce", "size": 51041, "artifact_path": "wandb-client-artifact://s6iwwo1s1o2zgeki4j6tbalv7s2hdb3p5i9kmp4k5dv8pyep65mgklajtavg74ylsrlhg416if6glnj2vjfhlhnrec9l1qiixl1hli33wqel0munu0fj55249ibvjuz9/test_predictions.table.json", "_latest_artifact_path": "wandb-client-artifact://zrc3ot1mgecdiouap6gow3x8jfuyqxynmzzm0ddlsxdijy1l4wut5frism4ka6wuh60z3ynvvk7mqf1t7wcc5oesub5kvyfqqapg8xm13xuen12n9rrsklgogiucckp3:latest/test_predictions.table.json", "path": "media/table/test_predictions_211_1770a30f6c9a60d8e70b.table.json", "ncols": 7, "nrows": 168}, "test-metrics": {"_type": "table-file", "sha256": "030a52924d5b533a0d4d0df1d853d579a1bc7ab282e873a9336d50573e32b3e2", "size": 195, "artifact_path": "wandb-client-artifact://afqgrglco03sk31w3gjlkaiqnpn8gdsmgb9rl14t1fvaxfttc9w0yea22n9r6diylen7vyw3dm6wgfxsfyoa4byst7tbrvwyvq5o07pjl54x096aqckyovm5jlj5m6s5/test-metrics.table.json", "_latest_artifact_path": "wandb-client-artifact://4evvgse53z05wzyfiip752ocgz43gx2g201lc3dkunsyucajaw13ql5du9nfvrk9rm727vayytckbehkly7rdhizwyxqai4633ye0z3qaycoju4kgbrzc7bwsreyk62t:latest/test-metrics.table.json", "path": "media/table/test-metrics_212_030a52924d5b533a0d4d.table.json", "ncols": 5, "nrows": 1}, "test_connective_metrics": {"_type": "table-file", "sha256": "5cec21f2c49d75cb0825922c680ba28fc929c4d793b133df163b00e633e0078b", "size": 360, "artifact_path": "wandb-client-artifact://f70t4lj83gkj2bp1x4hxr3bycr1etb6k23frdposumwa836r4ub1qjlj50fvkw2k433g8dx5xv2l1bjfddszexbr8hrnk5aow3491swu7bz5kc19alsjc7e77uc8xq0t/test_connective_metrics.table.json", "_latest_artifact_path": "wandb-client-artifact://z0mbk72n0936fuli8ajscrbyyqwdtk6b2ntpfedj5ozhmnc3f1265ntf332seh4zpfqw4wo61mgk8u8ivsok18dknlcj7roqfk6wp7pctulja0f0j4ob1vwzludt0ssj:latest/test_connective_metrics.table.json", "path": "media/table/test_connective_metrics_213_5cec21f2c49d75cb0825.table.json", "ncols": 5, "nrows": 3}, "_wandb": {"runtime": 743}}