{"test/loss": 1.5658433437347412, "test/accuracy": 0.4, "test/precision": 0.16666666666666666, "test/recall": 0.25, "test/f1": 0.16666666666666666, "test/runtime": 0.2505, "test/samples_per_second": 39.917, "test/steps_per_second": 7.983, "_timestamp": 1735973661.9639006, "_runtime": 16.750784635543823, "_step": 22, "epoch": 4.0, "train/f1": 0.13333333333333333, "train/accuracy": 0.4, "train/precision": 0.19047619047619047, "train/recall": 0.2, "val/f1": 0.19090909090909092, "val/accuracy": 0.3, "val/precision": 0.6111111111111112, "val/recall": 0.3125, "train/loss": null, "val/loss": 1.672054648399353, "eval/loss": 1.6738884449005127, "eval/accuracy": 0.3, "eval/precision": 0.6111111111111112, "eval/recall": 0.3125, "eval/f1": 0.19090909090909092, "eval/runtime": 0.2989, "eval/samples_per_second": 33.461, "eval/steps_per_second": 6.692, "train/epoch": 4.0, "train/global_step": 8, "train_runtime": 12.5332, "train_samples_per_second": 23.936, "train_steps_per_second": 4.787, "total_flos": 10524725698560.0, "train_loss": 1.6990604400634766, "label_metrics": {"_type": "table-file", "sha256": "2c16f22618b3ee7d4ca3575686a9a2a8d2bf2630af875e6cfeb536dd3c0874a5", "size": 311, "artifact_path": "wandb-client-artifact://nvtztrn5qgur7agnrbtxiafvq4ogcbk11msychnkytmtiq4zq6fymq2fk8pm7s1u4ql3gooagpahml16xzbzmfglbxrevdnaqx3wwen2e9a3uexshyr82vltraa4s3m0/label_metrics.table.json", "_latest_artifact_path": "wandb-client-artifact://pvujg6tq5ejmjzoy3z5j7mpn0xjl9shdci46dhedfqykifjhnch3yg6zblghtfqlbkk9bnigzlaobyyxxnly856xrj5tmyl7oniidq9e97d9wcs0yitofv8hps046hpt:latest/label_metrics.table.json", "path": "media/table/label_metrics_19_2c16f22618b3ee7d4ca3.table.json", "ncols": 5, "nrows": 4}, "test_predictions": {"_type": "table-file", "sha256": "106b5da87848bb0716d7f0fd8099365a823e087683f3bd6ea0ba52d679252c80", "size": 4761, "artifact_path": "wandb-client-artifact://hle0jklkoa7kwl6pifrqfyrdn1k0ynn4rexvynt0x4qj8w160wjx5vv1ad015qytgmlga1s10ptzcn0f93hg0509kxox7mius4iccqjsqqzuk57czqfwot2s28f8m1sj/test_predictions.table.json", "_latest_artifact_path": "wandb-client-artifact://a1d01adxi3a5oqagnm3g7gkch30kft6mbhjiuqq33vgr1rh117ln09z6i5g1g5bgzudbsd9f1hu60mgwz1ucdoxk74xjlfmcpdzgvlbq8n52wsua3zdpcj9a5fvaafh8:latest/test_predictions.table.json", "path": "media/table/test_predictions_20_106b5da87848bb0716d7.table.json", "ncols": 7, "nrows": 10}, "test-metrics": {"_type": "table-file", "sha256": "85a0e395502b764b18a5ef2c2e552596aa9db4b49a02d4e961dac406e1e96fde", "size": 167, "artifact_path": "wandb-client-artifact://62hs9bwoalhj3a6bc53bbivjoakfwuyh5a86l76bt3ceppyow47yrirkk82ry342lrvu1hv12sncj2lr4wkce03id4vgee40we3nsovc3h9yuz79poil4lsazu2zxx4n/test-metrics.table.json", "_latest_artifact_path": "wandb-client-artifact://tbukgfmtbutase0uw3vt3048gxzbw7j2wz4h6su08ekjgojdavzqtha4av3k6vjhyln9d5rwodtxg7tgkaoqfutsakionyg1l4kj92dosxrp2ibtjc4jibwcx7ce457y:latest/test-metrics.table.json", "path": "media/table/test-metrics_21_85a0e395502b764b18a5.table.json", "ncols": 5, "nrows": 1}, "test_connective_metrics": {"_type": "table-file", "sha256": "1ebda60c616d4b2a1e84a84d3bf50dce6853e6c6a63fae1490e77679a776ce37", "size": 188, "artifact_path": "wandb-client-artifact://g5qlxhpbtgw0zx6z35fxcss6s2o0o5m7jf8u7fjl65vs887zmx0ek95c3bly1dfz5jd6d2dxaczn7bb71966oeu97uwa2w022yda9883qim8zo7kdkpivk9gij1455m0/test_connective_metrics.table.json", "_latest_artifact_path": "wandb-client-artifact://8zhi0aggczx2ipmuiudxr8kopc1wrqd34ap2wnwry6xqoi23lj8yznratyvod2phj3cqcmfj6acnj2iyugmgyz0ilzu8bkapp8tkjxseiwrik6ccakz0bdm07ks2evyd:latest/test_connective_metrics.table.json", "path": "media/table/test_connective_metrics_22_1ebda60c616d4b2a1e84.table.json", "ncols": 6, "nrows": 1}, "_wandb": {"runtime": 23}}