{"train/loss": 0.192, "train/grad_norm": 0.026654032990336418, "train/learning_rate": 3.8913525498891355e-05, "train/epoch": 9.0, "train/global_step": 1503, "_timestamp": 1739862814.3379555, "_runtime": 1384.6397264003754, "_step": 194, "test/loss": 0.9095140099525452, "test/accuracy": 0.8214285714285714, "test/precision": 0.7667050691244239, "test/recall": 0.5519116677653264, "test/f1": 0.5578340365682137, "test/runtime": 4.4413, "test/samples_per_second": 37.827, "test/steps_per_second": 4.728, "epoch": 9.0, "train/f1": 0.7666060413056995, "train/accuracy": 0.9820224719101124, "train/precision": 0.941403884926725, "train/recall": 0.7829062874352113, "val/f1": 0.5846237970253718, "val/accuracy": 0.8682634730538922, "val/precision": 0.7477824692327835, "val/recall": 0.6129166666666667, "val/loss": 0.7425054907798767, "eval/loss": 0.7383432984352112, "eval/accuracy": 0.8622754491017964, "eval/precision": 0.7692350956130484, "eval/recall": 0.6666666666666667, "eval/f1": 0.6295681511470985, "eval/runtime": 4.4128, "eval/samples_per_second": 37.844, "eval/steps_per_second": 4.759, "train_runtime": 1371.927, "train_samples_per_second": 29.193, "train_steps_per_second": 3.652, "total_flos": 3161421175587840.0, "train_loss": 0.40666696635221766, "label_metrics": {"_type": "table-file", "sha256": "c922a2937c7e852e421a292eb0dec77bcd801d037c9d6d65538ca45242739cae", "size": 592, "artifact_path": "wandb-client-artifact://k0co3gdms79241b7pi317kkrvd9qm9v6x2wyiizh9dfpdfpfisd70g3pupp94fsjgykyreacgfb26fdvihpyvurasbgf0b5jwr4h7j51psyas940q210nte2rdgofazg/label_metrics.table.json", "_latest_artifact_path": "wandb-client-artifact://8qfzspqa51fvijgqdatbese80xn48qwu6nsgo3oiqfd37ubbgnack0qw7tzsbo8qwtua24m1jh0bf2vhnt9iulmmo41irmp45g6o8xg06l6nxrwzbmja3srje0zihf0h:latest/label_metrics.table.json", "path": "media/table/label_metrics_189_c922a2937c7e852e421a.table.json", "ncols": 6, "nrows": 5}, "test_predictions": {"_type": "table-file", "sha256": "4f44a63b764505cb7f2aad06040beed55ec65ec79dce74c7263773063ed4f6bc", "size": 88186, "artifact_path": "wandb-client-artifact://k2rilam067bsn974r7dymo0ziecr5aoomts50c0rbqhk0oivee8bth3tzb1z2zdyx4x8afj8lvv1puqs9aqwnt7cun8320lya2mm8e41dzz3vdpiffvqnsqiibs1fq7v/test_predictions.table.json", "_latest_artifact_path": "wandb-client-artifact://u5s01iuu0r4kl7bq7cwa071knvgazjaljrp3q2flxcmw7yjqrtbwuyaubfdxxprg18yii2v73h2r4fpke1bmnkmo60dipafe13j8incsygc3ylsoeusy46pf9ithzmgt:latest/test_predictions.table.json", "path": "media/table/test_predictions_190_4f44a63b764505cb7f2a.table.json", "ncols": 8, "nrows": 168}, "test-metrics": {"_type": "table-file", "sha256": "766d31dca64760d034d8d10c4082cb3330df953bcc4436562d9d8a3549a444a0", "size": 201, "artifact_path": "wandb-client-artifact://u1nxt0l2zsg4j9al7t20nnzakkevonh1k1x1ys5uffgxxvybt248jmosdp41jwx2e27bb664f0r50ydtj8l9bsi6frxtbyaigpajay9zmog01k5ms8z5vlcl52eehys3/test-metrics.table.json", "_latest_artifact_path": "wandb-client-artifact://ni2ry245sbe1j19tbl52lv3dl5345tye9ccek9eja3jypo313yk95px791wg18zbrod85ozb7yh7ho8cpvilyivul7iu799tpwyyt2tivargb7q3r3cl7eije0fa5gyv:latest/test-metrics.table.json", "path": "media/table/test-metrics_191_766d31dca64760d034d8.table.json", "ncols": 5, "nrows": 1}, "test_connective_metrics": {"_type": "table-file", "sha256": "8c537e514fd7b1eb8940b0455526d99ac4470e00e64dca586c347f48a367df44", "size": 445, "artifact_path": "wandb-client-artifact://zsfu0uxw5unytjfn17bvyy76ht2npcqitmjt1r7buhi6fqpp1r1p37mrtu3sepjn2t6kchx5200vir6w05lm0yde5ci5wgm1y7y4szpxgy7j9f9hmbjjutpa9qtgu0tg/test_connective_metrics.table.json", "_latest_artifact_path": "wandb-client-artifact://5scj5mxt3yvvp7oc74agbsjf5k4n5j8ieb5s1e5cttas2d7qsi5gjo72kb9l4e0ojme7yzasexubhvxoijzpbu1xdirpahqb7lxjyy2yfmzjoj5hupsocwlw5vfa1x5w:latest/test_connective_metrics.table.json", "path": "media/table/test_connective_metrics_192_8c537e514fd7b1eb8940.table.json", "ncols": 6, "nrows": 3}, "Exclude_counts": {"_type": "table-file", "sha256": "77258b7129a4391441f72a7439756a1d881e220753ec917f090c57798cc106a7", "size": 79, "artifact_path": "wandb-client-artifact://8emlydwbwpp1tgr4ig3tomh3c3xbwjcqxpeewfqsfptddvut700ejrkhqau8ohn5xg83osc13qjk4u541kfrar6zb3a9y1r5j0xrs2w5v4o4dj439bmofu68ohz7x6a5/Exclude_counts.table.json", "_latest_artifact_path": "wandb-client-artifact://efpk6sb5fev0d6voldg8iza7yev1gb6dnjb2oyb2pe3gkmqjgwh845s8meogoq38rv1woz8hvrgmref3pxh8scqdhv7jm4zifb3j399h2rupkuj3utvgu08ey3k1oooi:latest/Exclude_counts.table.json", "path": "media/table/Exclude_counts_193_77258b7129a4391441f7.table.json", "ncols": 2, "nrows": 1}, "_wandb": {"runtime": 1392}}