epoch,loss,accuracy,precision,recall,f1
,0.07554955709548224,0.23214285714285715,0.17151515151515154,0.26666666666666666,0.10204124801692224
