{"train/loss": 0.2963, "train/grad_norm": 0.11051324754953384, "train/learning_rate": 4.26829268292683e-05, "train/epoch": 7.0, "train/global_step": 1169, "_timestamp": 1739807813.8677392, "_runtime": 1070.5477752685547, "_step": 152, "test/loss": 0.4668213427066803, "test/accuracy": 0.8690476190476191, "test/precision": 0.8175235966219573, "test/recall": 0.6063019116677653, "test/f1": 0.6256393855535486, "test/runtime": 4.4242, "test/samples_per_second": 37.973, "test/steps_per_second": 4.747, "epoch": 7.0, "train/f1": 0.7757066439852239, "train/accuracy": 0.9857677902621723, "train/precision": 0.9569644609521201, "train/recall": 0.787493443398514, "val/f1": 0.6237934073682355, "val/accuracy": 0.874251497005988, "val/precision": 0.754473886328725, "val/recall": 0.6791666666666667, "val/loss": 0.7748231291770935, "eval/loss": 0.46325358748435974, "eval/accuracy": 0.874251497005988, "eval/precision": 0.8152388547125389, "eval/recall": 0.6425, "eval/f1": 0.6414632256064481, "eval/runtime": 4.3971, "eval/samples_per_second": 37.98, "eval/steps_per_second": 4.776, "train_runtime": 1058.0849, "train_samples_per_second": 37.851, "train_steps_per_second": 4.735, "total_flos": 2458883136568320.0, "train_loss": 0.4522147722354269, "label_metrics": {"_type": "table-file", "sha256": "d3de3bfc5a498c8feb328821dc114332c24c6d6e90e49f018bc3ec3ae4ba648b", "size": 579, "artifact_path": "wandb-client-artifact://ccxkoo8cnei0y67utfsalhgu2ms96joy8ipcxiaiam0i00pybbyxzkwny78lbbqd8lxv83czvx0pwzxlt2m59mq8dt5l8tz5ga31bqw0vo4x9m07d9b8sjuqjlj09xib/label_metrics.table.json", "_latest_artifact_path": "wandb-client-artifact://xducb49dpkcufo78c96eygc17zzvf0i9m5ladvimxjkv3zodsr2os0j2lheotypq6kz4u35hwla7q3akk2meh41tj4glnzpn5jhr9ux54xmaivkk2k6sbva36hnc6esz:latest/label_metrics.table.json", "path": "media/table/label_metrics_147_d3de3bfc5a498c8feb32.table.json", "ncols": 6, "nrows": 5}, "test_predictions": {"_type": "table-file", "sha256": "0e3b72820dab19b666efb74fce9e56731ba5f9e8c4909673db3f040db578fc91", "size": 90945, "artifact_path": "wandb-client-artifact://1ihe90kc8bddnb00tlq5o4ma9klvuum58yanc8eual55c3yq8ukiu9lxn4rg51zj4r01exm4h3hi8fnd8sss7ipzjzkpe6t0a8u9zy0jv6zegk9f6kwg4o49hazl157z/test_predictions.table.json", "_latest_artifact_path": "wandb-client-artifact://4crszg9yke1ikt7tqo98qnujgxf6hbd7uxmdy96vjq2byb6r8szimhp6h5m1dfdkr2pg8xgy8sestdsrmxu7hqwzohf4ww8sjliop5klegeskx5drqknvs0ni2o2d1no:latest/test_predictions.table.json", "path": "media/table/test_predictions_148_0e3b72820dab19b666ef.table.json", "ncols": 8, "nrows": 168}, "test-metrics": {"_type": "table-file", "sha256": "df6bbe5cb8313821b72a9223c0968188cb0032ab16d8c399884fcc5e94e0e941", "size": 196, "artifact_path": "wandb-client-artifact://7yrpaaeknv8b41p0q8hc3cuu3an6egaonfzxmegi5xmjt8g87yvjq9exapkygr6jkeuw8mszt1mzzne9qq8g6tarv1pj3vyzln1z74g0yxlvanzjy4zus1ba0kj35grb/test-metrics.table.json", "_latest_artifact_path": "wandb-client-artifact://w8lpe97cczeuyhie7fw7vmid3jq4pncanzrvv6agwgaskmq3a9d5s0ye3ic4aozxlz2zg4ts4j2q12daecsxabyccww5wptjkq0rhkqh3vvsuop1y5xaw56h5yycv8li:latest/test-metrics.table.json", "path": "media/table/test-metrics_149_df6bbe5cb8313821b72a.table.json", "ncols": 5, "nrows": 1}, "test_connective_metrics": {"_type": "table-file", "sha256": "d16bec1e416c2486a0b83f88ac44f63d07af450027dd986f4ca5147fc4fcc474", "size": 427, "artifact_path": "wandb-client-artifact://ti4336lzxki4lk99qxv0s4dxj7ihzyxko9xfvd3d4ntsf2injlz73doj9vzjfoi0i9av7ev8kc6spda16omitvrddwwo5y8yx3zmhlh68fzhzczcdn2pu2zammkbej0o/test_connective_metrics.table.json", "_latest_artifact_path": "wandb-client-artifact://1p1bbsi85zw398midthghwlgqos6c7ykfp06zjfrn1l94t1zqvb6ntylrfoavit2j81goy1mesdj8fqicl53b55z9tlj5jped1n1tf8o4b01fi9g2agfpcbfeuaun0rt:latest/test_connective_metrics.table.json", "path": "media/table/test_connective_metrics_150_d16bec1e416c2486a0b8.table.json", "ncols": 6, "nrows": 3}, "Exclude_counts": {"_type": "table-file", "sha256": "1b351f34479cdfe9bb187a7d7913779d5623e98ab90b705bfa6a94767059f967", "size": 72, "artifact_path": "wandb-client-artifact://f3i5b79v1thjcn05e4ol23cnonofs2mhoamyp2k6ktjuyq1paxdebyxjc37z2c2k5qjfcpcmfuxfqyoaq5p6spj3x2uu2lm4w8t7x16u3b1vphgh0tb942es67pam4f0/Exclude_counts.table.json", "_latest_artifact_path": "wandb-client-artifact://8i6ur6145m7wecydz7mfp9htyiy2e11ygow0l5jm8hwv69poknscud4i16gzngp7sksoy29cxk13cqacp8c41ju4l7fqpn40q4e6nqzifo25q4qlt7e2peilzwb2m9g0:latest/Exclude_counts.table.json", "path": "media/table/Exclude_counts_151_1b351f34479cdfe9bb18.table.json", "ncols": 2, "nrows": 1}, "_wandb": {"runtime": 1083}}