{"train/loss": 0.1454, "train/grad_norm": 0.016836993396282196, "train/learning_rate": 3.8913525498891355e-05, "train/epoch": 9.0, "train/global_step": 1503, "_timestamp": 1736797689.7572293, "_runtime": 653.8690042495728, "_step": 193, "test/loss": 0.909031093120575, "test/accuracy": 0.8452380952380952, "test/precision": 0.7569458128078818, "test/recall": 0.6816677653263019, "test/f1": 0.7027546714888486, "test/runtime": 1.8801, "test/samples_per_second": 89.355, "test/steps_per_second": 11.169, "epoch": 9.0, "train/f1": 0.9770238568949967, "train/accuracy": 0.9932584269662922, "train/precision": 0.998219584569733, "train/recall": 0.9578121114359647, "val/f1": 0.78497425997426, "val/accuracy": 0.8682634730538922, "val/precision": 0.9087230215827338, "val/recall": 0.7420833333333333, "val/loss": 0.6805040240287781, "eval/loss": 0.6750456094741821, "eval/accuracy": 0.8802395209580839, "eval/precision": 0.8738971807628524, "eval/recall": 0.7966666666666666, "eval/f1": 0.7971601049868766, "eval/runtime": 1.8677, "eval/samples_per_second": 89.416, "eval/steps_per_second": 11.244, "train_runtime": 646.3032, "train_samples_per_second": 61.968, "train_steps_per_second": 7.752, "total_flos": 3161364481704960.0, "train_loss": 0.27456088070150436, "label_metrics": {"_type": "table-file", "sha256": "accd237216d55571f40d7cc2779c8c8f245b33f66b282b73e0218aa6e5bae080", "size": 649, "artifact_path": "wandb-client-artifact://cwgljaws2mf9z4zkrkoh4ld5207iw5z79yyah56yyvo48zbyakhp6ieu4kez592ocutigx7q108avp8zo6hgdwe8s6s2xjudzm6m17gizdgrcz5p1zsdb0wsagf1qsfq/label_metrics.table.json", "_latest_artifact_path": "wandb-client-artifact://1svorelumh356a6v2raa9siiybwtlwmeyvkzbogwxhok4h591hcbu31tskmklz105ymj009hge4xd4bqe3801g5wcdes18epd3u3z7ckpbcocfi3u6ng9w40ion9jisf:latest/label_metrics.table.json", "path": "media/table/label_metrics_189_accd237216d55571f40d.table.json", "ncols": 6, "nrows": 5}, "test_predictions": {"_type": "table-file", "sha256": "dd4cdd0a63afe839f283bb8d9d9caf05bd0012307e15459ae483b78b080afb3b", "size": 91810, "artifact_path": "wandb-client-artifact://jkk0aojahgun16k4ffmgx9log3w11lxzh7xn3s7gu58vydzgbpmkrvsiuthdo8i3xhj2pcvxobub1ir81mvoc9kqh04a8df8m9i1nyi3xmsym3kb5ksjl6zyjvzlrcph/test_predictions.table.json", "_latest_artifact_path": "wandb-client-artifact://4771rh5pw4q9p56f6jldmw4xukyj4pilt1atpwaw18vo1yflv2mwpp2x4s6815mwobf3zlgj0co4hgzk14i3pvvfijizg0l4ahyt2xxi6ju2j1v500blgmnrwh9eb2lr:latest/test_predictions.table.json", "path": "media/table/test_predictions_190_dd4cdd0a63afe839f283.table.json", "ncols": 8, "nrows": 168}, "test-metrics": {"_type": "table-file", "sha256": "966b4ce0860fb93630c39fa300e49a8807ac5f49d6bcd80a9192df1227bb7df1", "size": 212, "artifact_path": "wandb-client-artifact://6z13wydq8snj5y68lj8pm32pc7qcc03rw08usqbr0a4k7tn4ytp7t9fkhva5xbv4fdy2o7nvn8rbcnn03fzxxjsgot62tvrbwo8u6p0jy2y3z8prkj3g20svbh1vjpzb/test-metrics.table.json", "_latest_artifact_path": "wandb-client-artifact://535i0b0ghzaefpqmdn0n39kixymwakwqbimo6zayrxzkustbduosxd750xecsvevo1f8h5yeg370q3wi6ysyr7kug2y66ocd22c14rwcd6xalthfrj9kh38fi3q5lzga:latest/test-metrics.table.json", "path": "media/table/test-metrics_191_966b4ce0860fb93630c3.table.json", "ncols": 5, "nrows": 1}, "test_connective_metrics": {"_type": "table-file", "sha256": "2c54520e307560100d6e67d2122e0e198757f7c10385ec006e2d98a1a1b6ee85", "size": 474, "artifact_path": "wandb-client-artifact://yvsb6qkz4im2wqv5i4gtpgv754h0njixfupv4q9z741ovci06t7x2cuu5lsuowqy110pnr8eaty92ymdllk21oetcpq4b9w50e0dosufahjnctnfsgeldez5zjmle33f/test_connective_metrics.table.json", "_latest_artifact_path": "wandb-client-artifact://7thpjv9nmo4o98pknts6vnxsxoe7ibz3n2dw4zsz2q0o4y9yy42r36mxmqai2uh7vny9hlg2agy8oqgvu2wm46idrb9noxkothtptd95wvqdi1ndkcbskw8j2cjwhdx8:latest/test_connective_metrics.table.json", "path": "media/table/test_connective_metrics_192_2c54520e307560100d6e.table.json", "ncols": 6, "nrows": 3}, "Exclude_counts": {"_type": "table-file", "sha256": "25a1c51bc7d78f8f0c485181ff588729b74bed10d613faf3814f153d95fa71a3", "size": 90, "artifact_path": "wandb-client-artifact://6vi4av8eciir9rkrbwmtyjrlvfsyf3wujonigkeq3wbpsyczvchj2e6c9u3wf4nnrckjcvc5gvwxx6z5mknfv9fexrlleowck71rhgzh0nbki6ee0ry5px7nvnqdtmv6/Exclude_counts.table.json", "_latest_artifact_path": "wandb-client-artifact://s89rl6aggejbor6e3ejyf5cszkkncnmsd8x5ca7p3ldrieo6xwrs6cwfhcgpwzm4qz14nw64gzikj8sbt2p8mkg9orgrkww44ui9v72pt4cfb9kzpq3drns55brfg5o8:latest/Exclude_counts.table.json", "path": "media/table/Exclude_counts_193_25a1c51bc7d78f8f0c48.table.json", "ncols": 2, "nrows": 1}, "_wandb": {"runtime": 663}}