{"results": {"_type": "table-file", "sha256": "edca5e744930ac9af974cf0f13c51854b716d658cf6dd86cee89b2d8c48756af", "size": 130565, "artifact_path": "wandb-client-artifact://2jjzglrs5rx8qz5jf9295t3p37zl5knyypl8ezqsu7hmzdygedwcs7fe6kr76ssnph8xu4f71ny3ssc7ts41erojxajzwy2zkbg82v4s33h6hf6eh44045mals66kfhy/results.table.json", "_latest_artifact_path": "wandb-client-artifact://dvdn3wl12rcfmbummmakbb8mxvov3qeovd7l828cndw976b6cxv9sneeb41872f2ow3l7dc1j5p435w8nsazpsawl7699qtaj0pfypi7pfer3unck0ni4n3gqveb3n85:latest/results.table.json", "path": "media/table/results_11_edca5e744930ac9af974.table.json", "ncols": 3, "nrows": 168}, "_timestamp": 1715479152.8257143, "_runtime": 165.24209427833557, "_step": 14, "\u9006\u63a5\u30fb\u8b72\u6b69": {"precision": 0.5681818181818182, "recall": 0.6097560975609756, "f1-score": 0.5882352941176471, "support": 41}, "\u540c\u6642\u9032\u884c": {"precision": 0.8145161290322581, "recall": 0.9099099099099099, "f1-score": 0.8595744680851065, "support": 111}, "\u6642\u9593": {"precision": 0.0, "recall": 0.0, "f1-score": 0.0, "support": 2}, "\u5834\u6240": {"precision": 0.0, "recall": 0.0, "f1-score": 0.0, "support": 4}, "\u305d\u306e\u4ed6": {"precision": 0.0, "recall": 0.0, "f1-score": 0.0, "support": 10}, "accuracy": 0.75, "macro avg": {"precision": 0.27653958944281526, "recall": 0.30393320149417713, "f1-score": 0.2895619524405507, "support": 168}, "weighted avg": {"precision": 0.6768258623097333, "recall": 0.75, "f1-score": 0.711490553668276, "support": 168}, "valid/loss": 0.0309283769059324, "valid/accuracy": 0.7844311377245509, "valid/precision": 0.28033294618660476, "valid/recall": 0.31916666666666665, "valid/f1": 0.29778371756320304, "trains/loss": 0.0018397412943036368, "trains/accuracy": 0.800749063670412, "trains/precision": 0.27464486862913745, "trains/recall": 0.3095625263234998, "trains/f1": 0.29063758940643825, "test-metrics": {"_type": "table-file", "sha256": "5e70594a9eb9a0b37da839143d56c631434b06963c0d9589c529bf03e39fd06f", "size": 201, "artifact_path": "wandb-client-artifact://vrv8mi1lqrq4fy0wusitfz13mv78dczducj0a2ijh1wumecgs5c34xltlkvx7l66cet5v50j4653ibmn8hk3ajs4k9vbwsuol0h9wqsdic0mlqetgq1ykamhxs7a0yfs/test-metrics.table.json", "_latest_artifact_path": "wandb-client-artifact://h6otq8em24l4wsx67e6vy58pkp5idpp2cfoj6u7yjpbsfhhcm7zactuoy9oun60uyevdrfmc7akfkjvdwv5g7gpqpnsg6kxljh5k574y24ltb28159a85a2x6540dz2t:latest/test-metrics.table.json", "path": "media/table/test-metrics_13_5e70594a9eb9a0b37da8.table.json", "ncols": 6, "nrows": 1}, "save_directory(best f1 for valid)": "./models/cl-tohoku_bert-base-japanese-v3_2024-05-12 10:56:31.171510+09:00", "_wandb": {"runtime": 170}}