{"train/loss": 0.6623, "train/grad_norm": 8.011884689331055, "train/learning_rate": 1.6000000000000003e-05, "train/epoch": 1.0, "train/global_step": 167, "_timestamp": 1735983109.906404, "_runtime": 80.88874697685242, "_step": 26, "test/loss": 0.698291003704071, "test/accuracy": 0.7619047619047619, "test/precision": 0.7395833333333334, "test/recall": 0.28292682926829266, "test/f1": 0.27873303167420815, "test/runtime": 1.8713, "test/samples_per_second": 89.779, "test/steps_per_second": 11.222, "epoch": 1.0, "train/f1": 0.2749774220191276, "train/accuracy": 0.8082397003745319, "train/precision": 0.7224074074074074, "train/recall": 0.2749491842004065, "val/f1": 0.26800964675840544, "val/accuracy": 0.7784431137724551, "val/precision": 0.6898238747553815, "val/recall": 0.27166666666666667, "val/loss": null, "eval/loss": 0.7047082781791687, "eval/accuracy": 0.7784431137724551, "eval/precision": 0.6898238747553815, "eval/recall": 0.27166666666666667, "eval/f1": 0.26800964675840544, "eval/runtime": 1.8557, "eval/samples_per_second": 89.994, "eval/steps_per_second": 11.317, "train_runtime": 73.0303, "train_samples_per_second": 18.28, "train_steps_per_second": 2.287, "total_flos": 351262720189440.0, "train_loss": 0.9688271790921331, "label_metrics": {"_type": "table-file", "sha256": "804e6cee32310d139374990825cd44ef8778f890ca3accef876f36414a2ff838", "size": 440, "artifact_path": "wandb-client-artifact://bo03ub3ycm6rsoamhaidp1f9w1cz44mevjopvyjmehtlsygxhrlxgs74gw6ucpn8h309qms4ugq9hjtr4mgf460m8fc28gil7rlk3ho750rbyi9ygng3hm9wt8x7hsh3/label_metrics.table.json", "_latest_artifact_path": "wandb-client-artifact://w4hgcio2kvp2jz8z1pihy8ztskszn4547v0l1jctxgl2pfrstna3vlurqepak0uv2sseslvcbyudk8rv93syj7a3k8c06ei1yvfos3vyi1ptgaeklw9lcfji3ndblgc1:latest/label_metrics.table.json", "path": "media/table/label_metrics_23_804e6cee32310d139374.table.json", "ncols": 5, "nrows": 5}, "test_predictions": {"_type": "table-file", "sha256": "dc0f3abf1811028cdabcd5f2834961568467dcab1b005d10564ddd17fd22a8a5", "size": 88280, "artifact_path": "wandb-client-artifact://zm0udrs4by18f5xlcpip01qtrmufhs0jvz500sxj0my2w6rlvwqmlejnl8yiiek64us6mqpbfntcax3og1epuywvvo6na0kzacv8q8p8d4fyowiw8iuo8t8j9j61z6i8/test_predictions.table.json", "_latest_artifact_path": "wandb-client-artifact://xktckdiypzog699c11swo7czhgmj20oe3qrzkrd58jd479tfx5997n2na5p3n63c4gjfo4bkzlejyy02t5rvhafl7y54ae5jmn0eehpqtdx5mbi0wciajehynycjtlmk:latest/test_predictions.table.json", "path": "media/table/test_predictions_24_dc0f3abf1811028cdabc.table.json", "ncols": 7, "nrows": 168}, "test-metrics": {"_type": "table-file", "sha256": "1b2833facd3dd084b8253b68712faeb75d14bdeb23c5975a0d60cfe73c830c3c", "size": 198, "artifact_path": "wandb-client-artifact://j0y7g15vp44zy6x3sp7wlfq3gl8daaf95mw3h8u830goiccr2qb60413cx1nfk9c5u4mwomgvl5wqvhjdp4qcjykyaxyprubbm05e1fap8da57qycw4zt8787jviju6k/test-metrics.table.json", "_latest_artifact_path": "wandb-client-artifact://x8jfp3296xrieztp3pf1jtfn86vysl03xf5i3uccbcrgme34tyfb5vuba2dzo21tgumsppl5332mhamn5k60pp19ryoonby6s01ussdtwbokzg6ahsigvhxp53qwtl9x:latest/test-metrics.table.json", "path": "media/table/test-metrics_25_1b2833facd3dd084b825.table.json", "ncols": 5, "nrows": 1}, "test_connective_metrics": {"_type": "table-file", "sha256": "8ee186ad29242c2c08d50412cd182ae6a2324cbceb18e8f47becb4faaf706ff0", "size": 412, "artifact_path": "wandb-client-artifact://87fnu8mnaot1qi348frfyj7ax6t4qrr36k81hnte8o7c6p3n49m4y1sybno8kikzo8nhyug53kuhw418o7mto2komif59ad0i44ad55sy4bv2ifjbqns913nk078mk90/test_connective_metrics.table.json", "_latest_artifact_path": "wandb-client-artifact://bnpv05i0v11hgc9uf16pgj8qsmalk1vclpz5u2mu8xgfb0g9fc74h8tm0e9vafx0ca8i1gj2gughg01mzvy7uc697gvmjrd7krmuml6fghmi02iltns76c6guvajyewz:latest/test_connective_metrics.table.json", "path": "media/table/test_connective_metrics_26_8ee186ad29242c2c08d5.table.json", "ncols": 6, "nrows": 3}, "_wandb": {"runtime": 86}}