{"test/loss": 1.7077029943466187, "test/accuracy": 0.2, "test/precision": 0.09523809523809523, "test/recall": 0.25, "test/f1": 0.08888888888888888, "test/runtime": 0.1143, "test/samples_per_second": 87.467, "test/steps_per_second": 17.493, "_timestamp": 1736581358.241538, "_runtime": 8.486709117889404, "_step": 11, "epoch": 1.0, "train/f1": 0.13714285714285715, "train/accuracy": 0.2, "train/precision": 0.16666666666666666, "train/recall": 0.3333333333333333, "val/f1": 0.36666666666666664, "val/accuracy": 0.4, "val/precision": 0.475, "val/recall": 0.47916666666666663, "train/loss": null, "val/loss": null, "eval/loss": 1.576996088027954, "eval/accuracy": 0.4, "eval/precision": 0.475, "eval/recall": 0.47916666666666663, "eval/f1": 0.36666666666666664, "eval/runtime": 0.1129, "eval/samples_per_second": 88.538, "eval/steps_per_second": 17.708, "train/epoch": 1.0, "train/global_step": 2, "train_runtime": 3.8875, "train_samples_per_second": 2.572, "train_steps_per_second": 0.514, "total_flos": 2631181424640.0, "train_loss": 1.7036211490631104, "label_metrics": {"_type": "table-file", "sha256": "de5e7285e8b24f6dd09927460423cd9ab921c7faefdb03296231b2af2596e009", "size": 334, "artifact_path": "wandb-client-artifact://7gbrnmp6dafkr5d8dxgm0l339q1bb6x3sjhdg2at4rbx3ryg75clw9hx0mzbdinej2eww6ysda7vqogq0ng5nm4ci6nl7ja23on4drjt5e4002q8boau4hdzmqgv3fkh/label_metrics.table.json", "_latest_artifact_path": "wandb-client-artifact://a2i2dj4ysvlp9vql3av6hlb6e3nt6rp0deqdx0tnfhtngxxh92datnibcb6mfp93noql62fbu9v8xi8c5cn7jm7vmfm4ielu6k2itf1i3zinq441k93ph6ss741kl90l:latest/label_metrics.table.json", "path": "media/table/label_metrics_7_de5e7285e8b24f6dd099.table.json", "ncols": 5, "nrows": 4}, "test_predictions": {"_type": "table-file", "sha256": "b0d6d25b7ce3812aae35c52980f7841b17404f7aadce225e13887e14ff820b52", "size": 4982, "artifact_path": "wandb-client-artifact://8ocxd3bcer4pmp7prvgmwh38olb7y6eot4ehp9lda19xylvf5kz3q5lpjpan6jdati46rlvc2bbnnbktzzxrvt3gti2kj8w8tadi4rik85sv0kyogsbbzdlyasjc4jc1/test_predictions.table.json", "_latest_artifact_path": "wandb-client-artifact://i4gd3l584g0ikpd1wy0wkj9ka6ry9k7nfw9yirt2g528pau5ot9mcf141w6hgdtqca9xggi0hddvsk3ki6f3sipe6obk7yxx1txe96dbhpxehs3yk6xx2y61y0dxnhk9:latest/test_predictions.table.json", "path": "media/table/test_predictions_8_b0d6d25b7ce3812aae35.table.json", "ncols": 8, "nrows": 10}, "test-metrics": {"_type": "table-file", "sha256": "1f4479076c08416cf10404fae2c65d4a661e86d7e69bec37f83fe580b7d522a1", "size": 169, "artifact_path": "wandb-client-artifact://r988jw2v2w3x5e4qrjpgyg9oylveoph4go6khp3gpjdolsj69j4snxf9xnrz3ttykxwo2y62cm9vgf8yzzujdv8fvvq9lcomyvu1av93v7vtjxfda67fgzk39f5jozpf/test-metrics.table.json", "_latest_artifact_path": "wandb-client-artifact://9zm0ms4c8zerbqney47yvvshqmgv70vfb5wmfk8ol26efkg8vrqwd21vupfb4ker5woafrvodbac9djx8v2xvgz8zmq6893mpama6ado784ffghmi8dwkcynqxlmkz92:latest/test-metrics.table.json", "path": "media/table/test-metrics_9_1f4479076c08416cf104.table.json", "ncols": 5, "nrows": 1}, "test_connective_metrics": {"_type": "table-file", "sha256": "55ebd136f881ad1f24eb1b9a16791ea0bcaa90c376d10fbdf3db489637e8fb7c", "size": 190, "artifact_path": "wandb-client-artifact://7jiyo3ha5x9uycu74a0wbs0oj5l9x2qz90a41ya5v42a1gu1muhfedak8kgn2ivki23z0w7wl82gn9d5fbsbxdafstk3b2s4iavcrhym0luwhcxesj74xzumv7b615h4/test_connective_metrics.table.json", "_latest_artifact_path": "wandb-client-artifact://2wyhuu5e84yq8fl8m3b2m0yxj8nychd7o09st7sfutilb35luf9587frzvr8hdvzssokgqkpycv7vurbdw3mlqtet1inn4yvclifv1ybhvivuecq4rc1cl0t61x5zsay:latest/test_connective_metrics.table.json", "path": "media/table/test_connective_metrics_10_55ebd136f881ad1f24eb.table.json", "ncols": 6, "nrows": 1}, "Exclude_counts": {"_type": "table-file", "sha256": "1527a428532af1a2d1ff937f567b9078014861025771f48075c194c81ff6a2cc", "size": 72, "artifact_path": "wandb-client-artifact://ztlmmwjx61fb0ime31w25gr8s6tuyemu0srtq0as275k0bwkyrb70g81ayevijw7yh35bz70n2in447amw0ea2cuhyelrldtt9lz4ipyxmv4ptgvllulgsm3zmk47719/Exclude_counts.table.json", "_latest_artifact_path": "wandb-client-artifact://pd7nz5zc3jk2wmq93elfekncpdo64po6ykqhp37w4sn7szkparmh7qpbslglploalczd5dqmagcus8nulc6icz47wc000obp4bcia3jql2l79yj0b0i5n3vu7z9lz551:latest/Exclude_counts.table.json", "path": "media/table/Exclude_counts_11_1527a428532af1a2d1ff.table.json", "ncols": 2, "nrows": 1}, "_wandb": {"runtime": 16}}